allele	gene_family	whitelisted_taxa	product_name	scope	type	subtype	class	subclass	refseq_protein_accession	refseq_nucleotide_accession	curated_refseq_start	genbank_protein_accession	genbank_nucleotide_accession	genbank_strand	genbank_start	genbank_stop	refseq_strand	refseq_start	refseq_stop	pubmed_reference	blacklisted_taxa	synonyms	hierarchy_node	db_version
adeL_G27R	adeL	Acinetobacter_baumannii	multidrug efflux transcriptional repressor AdeL	core	AMR	POINT	TETRACYCLINE	TIGECYCLINE	WP_002000718.1	NZ_CP091335.1	No	UMO35973.1	CP091335.1	+	73589	74620	+	73589	74620	35704614				2026-08-07.1
baeR_S104N	baeR	Acinetobacter_baumannii	envelope stress response regulator BaeR	core	AMR	POINT	BETA-LACTAM	CEFIDEROCOL	WP_000680577.1	NZ_CP059041.1	No	QNT80661.1	CP059041.1	-	3214091	3214777	-	3214091	3214777	37345941				2026-08-07.1
baeS_D89V	baeS	Acinetobacter_baumannii	two-component system sensor histidine kinase BaeS	core	AMR	POINT	BETA-LACTAM	CEFIDEROCOL	WP_005119692.1	NZ_CP059041.1	No	QNT80662.1	CP059041.1	-	3214797	3216455	-	3214797	3216455	37345941				2026-08-07.1
ftsI_A515V	ftsI	Acinetobacter_baumannii	penicillin-binding protein PBP3 FtsI	core	AMR	POINT	BETA-LACTAM	CARBAPENEM/SULBACTAM-DURLOBACTAM	WP_000227936.1		No	AEK25668.1	JF745999.1	+	1	1833				29547094,31988095,35127562,35618210				2026-08-07.1
ftsI_T526S	ftsI	Acinetobacter_baumannii	penicillin-binding protein PBP3 FtsI	core	AMR	POINT	BETA-LACTAM	SULBACTAM-DURLOBACTAM	WP_000227936.1		No	AEK25668.1	JF745999.1	+	1	1833				31988095,35127562,35618210				2026-08-07.1
gyrA_G79C	gyrA	Acinetobacter_baumannii	DNA gyrase subunit A GyrA	core	AMR	POINT	QUINOLONE	QUINOLONE	WP_000116450.1	NZ_CP010781.1	No	AJF82744.1	CP010781.1	-	2990041	2992755	-	2990041	2992755	15282231				2026-08-07.1
gyrA_S81L	gyrA	Acinetobacter_baumannii	DNA gyrase subunit A GyrA	core	AMR	POINT	QUINOLONE	QUINOLONE	WP_000116450.1	NZ_CP010781.1	No	AJF82744.1	CP010781.1	-	2990041	2992755	-	2990041	2992755	15282231				2026-08-07.1
lpxA_G68D	lpxA	Acinetobacter_baumannii	acyl-ACP--UDP-N-acetylglucosamine O-acyltransferase LpxA	core	AMR	POINT	COLISTIN	COLISTIN	WP_000064875.1	NZ_CP010781.1	No	AJF82049.1	CP010781.1	-	2255675	2256463	-	2255675	2256463	20855724				2026-08-07.1
lpxA_Q72K	lpxA	Acinetobacter_baumannii	acyl-ACP--UDP-N-acetylglucosamine O-acyltransferase LpxA	core	AMR	POINT	COLISTIN	COLISTIN	WP_000064875.1	NZ_CP010781.1	No	AJF82049.1	CP010781.1	-	2255675	2256463	-	2255675	2256463	20855724				2026-08-07.1
lpxA_H159D	lpxA	Acinetobacter_baumannii	acyl-ACP--UDP-N-acetylglucosamine O-acyltransferase LpxA	core	AMR	POINT	COLISTIN	COLISTIN	WP_000064875.1	NZ_CP010781.1	No	AJF82049.1	CP010781.1	-	2255675	2256463	-	2255675	2256463	20855724				2026-08-07.1
lpxA_D233Ter	lpxA	Acinetobacter_baumannii	acyl-ACP--UDP-N-acetylglucosamine O-acyltransferase LpxA	core	AMR	POINT	COLISTIN	COLISTIN	WP_000064875.1	NZ_CP010781.1	No	AJF82049.1	CP010781.1	-	2255675	2256463	-	2255675	2256463	20855724				2026-08-07.1
lpxC_P30L	lpxC	Acinetobacter_baumannii	UDP-3-O-acyl-N-acetylglucosamine deacetylase LpxC	core	AMR	POINT	COLISTIN	COLISTIN	WP_000240700.1	NZ_CP010781.1	No	AJF83452.1	CP010781.1	-	3758032	3758934	-	3758032	3758934	20855724				2026-08-07.1
parC_S84F	parC	Acinetobacter_baumannii	DNA topoisomerase IV subunit A ParC	core	AMR	POINT	QUINOLONE	QUINOLONE	WP_000202259.1	NC_023028.1	No	AHB92967.1	CP006768.1	-	3518446	3520665	-	3518446	3520665	24159468				2026-08-07.1
parC_S84L	parC	Acinetobacter_baumannii	DNA topoisomerase IV subunit A ParC	core	AMR	POINT	QUINOLONE	QUINOLONE	WP_000202259.1	NC_023028.1	No	AHB92967.1	CP006768.1	-	3518446	3520665	-	3518446	3520665	27175500				2026-08-07.1
parC_S84W	parC	Acinetobacter_baumannii	DNA topoisomerase IV subunit A ParC	core	AMR	POINT	QUINOLONE	QUINOLONE	WP_000202259.1	NC_023028.1	No	AHB92967.1	CP006768.1	-	3518446	3520665	-	3518446	3520665	24159468				2026-08-07.1
parC_E88K	parC	Acinetobacter_baumannii	DNA topoisomerase IV subunit A ParC	core	AMR	POINT	QUINOLONE	QUINOLONE	WP_000202259.1	NC_023028.1	No	AHB92967.1	CP006768.1	-	3518446	3520665	-	3518446	3520665	24159468				2026-08-07.1
pmrA_E8D	pmrA	Acinetobacter_baumannii	two-component system response regulator PmrA	core	AMR	POINT	COLISTIN	COLISTIN	WP_000161505.1	NC_009085.1	No	ABO13164.2	CP000521.1	-	3191264	3191938	-	3191264	3191938	23812239				2026-08-07.1
pmrA_M12I	pmrA	Acinetobacter_baumannii	two-component system response regulator PmrA	core	AMR	POINT	COLISTIN	COLISTIN	WP_000161505.1	NC_009085.1	No	ABO13164.2	CP000521.1	-	3191264	3191938	-	3191264	3191938	21646482				2026-08-07.1
pmrB_S17R	pmrB	Acinetobacter_baumannii	two-component system sensor histidine kinase PmrB	core	AMR	POINT	COLISTIN	COLISTIN	WP_000559382.1		No	ADK46845.1	HM134922.1	+	2317	3651				23812239				2026-08-07.1
pmrB_I164F	pmrB	Acinetobacter_baumannii	two-component system sensor histidine kinase PmrB	core	AMR	POINT	COLISTIN	COLISTIN	WP_000559382.1		No	ADK46845.1	HM134922.1	+	2317	3651				21497062				2026-08-07.1
pmrB_L168K	pmrB	Acinetobacter_baumannii	two-component system sensor histidine kinase PmrB	core	AMR	POINT	COLISTIN	COLISTIN	WP_000559382.1		No	ADK46845.1	HM134922.1	+	2317	3651				32058026				2026-08-07.1
pmrB_P170L	pmrB	Acinetobacter_baumannii	two-component system sensor histidine kinase PmrB	core	AMR	POINT	COLISTIN	COLISTIN	WP_000559382.1		No	ADK46845.1	HM134922.1	+	2317	3651				24247145				2026-08-07.1
pmrB_A226T	pmrB	Acinetobacter_baumannii	two-component system sensor histidine kinase PmrB	core	AMR	POINT	COLISTIN	COLISTIN	WP_000559382.1		No	ADK46845.1	HM134922.1	+	2317	3651				21497062,34609499				2026-08-07.1
pmrB_A227V	pmrB	Acinetobacter_baumannii	two-component system sensor histidine kinase PmrB	core	AMR	POINT	COLISTIN	COLISTIN	WP_000559382.1		No	ADK46845.1	HM134922.1	+	2317	3651				19528270,21497062,24809861				2026-08-07.1
pmrB_R231L	pmrB	Acinetobacter_baumannii	two-component system sensor histidine kinase PmrB	core	AMR	POINT	COLISTIN	COLISTIN	WP_000559382.1		No	ADK46845.1	HM134922.1	+	2317	3651				21646482				2026-08-07.1
pmrB_T232I	pmrB	Acinetobacter_baumannii	two-component system sensor histidine kinase PmrB	core	AMR	POINT	COLISTIN	COLISTIN	WP_000559382.1		No	ADK46845.1	HM134922.1	+	2317	3651				23812239				2026-08-07.1
pmrB_P233S	pmrB	Acinetobacter_baumannii	two-component system sensor histidine kinase PmrB	core	AMR	POINT	COLISTIN	COLISTIN	WP_000559382.1		No	ADK46845.1	HM134922.1	+	2317	3651				21497062,24809861				2026-08-07.1
pmrB_P233T	pmrB	Acinetobacter_baumannii	two-component system sensor histidine kinase PmrB	core	AMR	POINT	COLISTIN	COLISTIN	WP_000559382.1		No	ADK46845.1	HM134922.1	+	2317	3651				19528270,32058026				2026-08-07.1
pmrB_T235I	pmrB	Acinetobacter_baumannii	two-component system sensor histidine kinase PmrB	core	AMR	POINT	COLISTIN	COLISTIN	WP_000559382.1		No	ADK46845.1	HM134922.1	+	2317	3651				21497062,21646482				2026-08-07.1
pmrB_R263L	pmrB	Acinetobacter_baumannii	two-component system sensor histidine kinase PmrB	core	AMR	POINT	COLISTIN	COLISTIN	WP_000559382.1		No	ADK46845.1	HM134922.1	+	2317	3651				23812239				2026-08-07.1
pmrB_Q270P	pmrB	Acinetobacter_baumannii	two-component system sensor histidine kinase PmrB	core	AMR	POINT	COLISTIN	COLISTIN	WP_000559382.1		No	ADK46845.1	HM134922.1	+	2317	3651				21497062				2026-08-07.1
pmrB_E301G	pmrB	Acinetobacter_baumannii	two-component system sensor histidine kinase PmrB	core	AMR	POINT	COLISTIN	COLISTIN	WP_000559382.1		No	ADK46845.1	HM134922.1	+	2317	3651				32058026				2026-08-07.1
pmrB_G315D	pmrB	Acinetobacter_baumannii	two-component system sensor histidine kinase PmrB	core	AMR	POINT	COLISTIN	COLISTIN	WP_000559382.1		No	ADK46845.1	HM134922.1	+	2317	3651				21646482				2026-08-07.1
pmrC_R125P	pmrC	Acinetobacter_baumannii	phosphoethanolamine--lipid A transferase PmrC	core	AMR	POINT	COLISTIN	COLISTIN	WP_031946942.1	NZ_CP026761.1	No	AVF06215.1	CP026761.1	-	177488	179137	-	177488	179137	34609499				2026-08-07.1
rpoB_S583L	rpoB	Acinetobacter_baumannii	DNA-directed RNA polymerase subunit beta RpoB	core	AMR	POINT	RIFAMYCIN	RIFAMPIN	WP_000331899.1	NZ_MTQI01000102.1	No	OUJ96477.1	MTQI01000102.1	-	3035	7123	-	3035	7123	29127051				2026-08-07.1
rpsJ_V57I	rpsJ	Acinetobacter_baumannii	30S ribosomal protein S10	core	AMR	POINT	TETRACYCLINE	TIGECYCLINE	WP_000070912.1	NC_009085.1	No	ABO13478.1	CP000521.1	-	3559290	3559601	-	3559290	3559601	26124155,26488727				2026-08-07.1
rpsJ_V57L	rpsJ	Acinetobacter_baumannii	30S ribosomal protein S10	core	AMR	POINT	TETRACYCLINE	TIGECYCLINE	WP_000070912.1	NC_009085.1	No	ABO13478.1	CP000521.1	-	3559290	3559601	-	3559290	3559601	26488727				2026-08-07.1
ampD_A18E	ampD	Burkholderia_cepacia	1,6-anhydro-N-acetylmuramyl-L-alanine amidase AmpD	core	AMR	POINT	BETA-LACTAM	CEPHALOSPORIN	WP_006490721.1	NC_011000.1	No	CAR53753.1	AM747720.1	-	3758667	3759257	-	3758667	3759257	26416862				2026-08-07.1
ampD_L37F	ampD	Burkholderia_cepacia	1,6-anhydro-N-acetylmuramyl-L-alanine amidase AmpD	core	AMR	POINT	BETA-LACTAM	CEPHALOSPORIN	WP_006490721.1	NC_011000.1	No	CAR53753.1	AM747720.1	-	3758667	3759257	-	3758667	3759257	26416862				2026-08-07.1
ampD_V39A	ampD	Burkholderia_cepacia	1,6-anhydro-N-acetylmuramyl-L-alanine amidase AmpD	core	AMR	POINT	BETA-LACTAM	CEPHALOSPORIN	WP_006490721.1	NC_011000.1	No	CAR53753.1	AM747720.1	-	3758667	3759257	-	3758667	3759257	26416862				2026-08-07.1
ampD_S44G	ampD	Burkholderia_cepacia	1,6-anhydro-N-acetylmuramyl-L-alanine amidase AmpD	core	AMR	POINT	BETA-LACTAM	CEPHALOSPORIN	WP_006490721.1	NC_011000.1	No	CAR53753.1	AM747720.1	-	3758667	3759257	-	3758667	3759257	26416862				2026-08-07.1
ampD_P46T	ampD	Burkholderia_cepacia	1,6-anhydro-N-acetylmuramyl-L-alanine amidase AmpD	core	AMR	POINT	BETA-LACTAM	CEPHALOSPORIN	WP_006490721.1	NC_011000.1	No	CAR53753.1	AM747720.1	-	3758667	3759257	-	3758667	3759257	26416862				2026-08-07.1
ampD_L63P	ampD	Burkholderia_cepacia	1,6-anhydro-N-acetylmuramyl-L-alanine amidase AmpD	core	AMR	POINT	BETA-LACTAM	CEPHALOSPORIN	WP_006490721.1	NC_011000.1	No	CAR53753.1	AM747720.1	-	3758667	3759257	-	3758667	3759257	26416862				2026-08-07.1
ampD_H68Y	ampD	Burkholderia_cepacia	1,6-anhydro-N-acetylmuramyl-L-alanine amidase AmpD	core	AMR	POINT	BETA-LACTAM	CEPHALOSPORIN	WP_006490721.1	NC_011000.1	No	CAR53753.1	AM747720.1	-	3758667	3759257	-	3758667	3759257	26416862				2026-08-07.1
ampD_H74P	ampD	Burkholderia_cepacia	1,6-anhydro-N-acetylmuramyl-L-alanine amidase AmpD	core	AMR	POINT	BETA-LACTAM	CEPHALOSPORIN	WP_006490721.1	NC_011000.1	No	CAR53753.1	AM747720.1	-	3758667	3759257	-	3758667	3759257	26416862				2026-08-07.1
ampD_L75P	ampD	Burkholderia_cepacia	1,6-anhydro-N-acetylmuramyl-L-alanine amidase AmpD	core	AMR	POINT	BETA-LACTAM	CEPHALOSPORIN	WP_006490721.1	NC_011000.1	No	CAR53753.1	AM747720.1	-	3758667	3759257	-	3758667	3759257	26416862				2026-08-07.1
ampD_R79G	ampD	Burkholderia_cepacia	1,6-anhydro-N-acetylmuramyl-L-alanine amidase AmpD	core	AMR	POINT	BETA-LACTAM	CEPHALOSPORIN	WP_006490721.1	NC_011000.1	No	CAR53753.1	AM747720.1	-	3758667	3759257	-	3758667	3759257	26416862				2026-08-07.1
ampD_S81P	ampD	Burkholderia_cepacia	1,6-anhydro-N-acetylmuramyl-L-alanine amidase AmpD	core	AMR	POINT	BETA-LACTAM	CEPHALOSPORIN	WP_006490721.1	NC_011000.1	No	CAR53753.1	AM747720.1	-	3758667	3759257	-	3758667	3759257	26416862				2026-08-07.1
ampD_S120L	ampD	Burkholderia_cepacia	1,6-anhydro-N-acetylmuramyl-L-alanine amidase AmpD	core	AMR	POINT	BETA-LACTAM	CEPHALOSPORIN	WP_006490721.1	NC_011000.1	No	CAR53753.1	AM747720.1	-	3758667	3759257	-	3758667	3759257	26416862				2026-08-07.1
ampD_I121S	ampD	Burkholderia_cepacia	1,6-anhydro-N-acetylmuramyl-L-alanine amidase AmpD	core	AMR	POINT	BETA-LACTAM	CEPHALOSPORIN	WP_006490721.1	NC_011000.1	No	CAR53753.1	AM747720.1	-	3758667	3759257	-	3758667	3759257	26416862				2026-08-07.1
ampD_R167S	ampD	Burkholderia_cepacia	1,6-anhydro-N-acetylmuramyl-L-alanine amidase AmpD	core	AMR	POINT	BETA-LACTAM	CEPHALOSPORIN	WP_006490721.1	NC_011000.1	No	CAR53753.1	AM747720.1	-	3758667	3759257	-	3758667	3759257	26416862				2026-08-07.1
ampD_F191C	ampD	Burkholderia_cepacia	1,6-anhydro-N-acetylmuramyl-L-alanine amidase AmpD	core	AMR	POINT	BETA-LACTAM	CEPHALOSPORIN	WP_006490721.1	NC_011000.1	No	CAR53753.1	AM747720.1	-	3758667	3759257	-	3758667	3759257	26416862				2026-08-07.1
amrR_L142P	amrR	Burkholderia_cepacia	TetR family transcriptional regulator AmrR	core	AMR	POINT	AMINOGLYCOSIDE	AMIKACIN/GENTAMICIN/KANAMYCIN/TOBRAMYCIN	WP_077233793.1	NZ_MUVJ01000093.1	No	ONZ00720.1	MUVJ01000093.1	+	7138	7785	+	7138	7785	24393536				2026-08-07.1
amrR_S174P	amrR	Burkholderia_cepacia	TetR family transcriptional regulator AmrR	core	AMR	POINT	BETA-LACTAM/PHENICOL/QUINOLONE	CHLORAMPHENICOL/MEROPENEM/QUINOLONE	WP_077233793.1	NZ_MUVJ01000093.1	No	ONZ00720.1	MUVJ01000093.1	+	7138	7785	+	7138	7785	25153194				2026-08-07.1
gyrA_G81D	gyrA	Burkholderia_cepacia	DNA gyrase subunit A GyrA	core	AMR	POINT	QUINOLONE	QUINOLONE	WP_006764872.1	NZ_CP009795.1	No	AJY14066.1	CP009795.1	-	2298743	2301346	-	2298743	2301346	25153194				2026-08-07.1
gyrA_T83I	gyrA	Burkholderia_cepacia	DNA gyrase subunit A GyrA	core	AMR	POINT	QUINOLONE	QUINOLONE	WP_006764872.1	NZ_CP009795.1	No	AJY14066.1	CP009795.1	-	2298743	2301346	-	2298743	2301346	25153194				2026-08-07.1
gyrA_D87H	gyrA	Burkholderia_cepacia	DNA gyrase subunit A GyrA	core	AMR	POINT	QUINOLONE	QUINOLONE	WP_006764872.1	NZ_CP009795.1	No	AJY14066.1	CP009795.1	-	2298743	2301346	-	2298743	2301346	25153194				2026-08-07.1
penR_V151E	penR	Burkholderia_cepacia	beta-lactamase transcriptional regulator PenR	core	AMR	POINT	BETA-LACTAM	CARBAPENEM	WP_012339638.1	NC_010515.1	No	ACA94484.1	CP000959.1	-	2483123	2484013	-	2483123	2484013	37662974				2026-08-07.1
amrR_E21D	amrR	Burkholderia_pseudomallei	TetR family transcriptional regulator AmrR	core	AMR	POINT	BETA-LACTAM	CARBAPENEM	WP_004193055.1	NC_006350.1	No	CAH35804.1	BX571965.1	+	2152309	2152980	+	2152309	2152980	29394337				2026-08-07.1
amrR_G30D	amrR	Burkholderia_pseudomallei	TetR family transcriptional regulator AmrR	core	AMR	POINT	BETA-LACTAM	CARBAPENEM	WP_004193055.1	NC_006350.1	No	CAH35804.1	BX571965.1	+	2152309	2152980	+	2152309	2152980	29394337				2026-08-07.1
amrR_A47T	amrR	Burkholderia_pseudomallei	TetR family transcriptional regulator AmrR	core	AMR	POINT	BETA-LACTAM	CARBAPENEM	WP_004193055.1	NC_006350.1	No	CAH35804.1	BX571965.1	+	2152309	2152980	+	2152309	2152980	33285499				2026-08-07.1
amrR_VAVC60del	amrR	Burkholderia_pseudomallei	TetR family transcriptional regulator AmrR	core	AMR	POINT	BETA-LACTAM	CARBAPENEM	WP_004193055.1	NC_006350.1	No	CAH35804.1	BX571965.1	+	2152309	2152980	+	2152309	2152980	29394337				2026-08-07.1
amrR_L132P	amrR	Burkholderia_pseudomallei	TetR family transcriptional regulator AmrR	core	AMR	POINT	BETA-LACTAM	CARBAPENEM	WP_004193055.1	NC_006350.1	No	CAH35804.1	BX571965.1	+	2152309	2152980	+	2152309	2152980	29394337				2026-08-07.1
amrR_ASLD153del	amrR	Burkholderia_pseudomallei	TetR family transcriptional regulator AmrR	core	AMR	POINT	BETA-LACTAM	CARBAPENEM	WP_004193055.1	NC_006350.1	No	CAH35804.1	BX571965.1	+	2152309	2152980	+	2152309	2152980	29394337				2026-08-07.1
amrR_S166P	amrR	Burkholderia_pseudomallei	TetR family transcriptional regulator AmrR	core	AMR	POINT	BETA-LACTAM	CARBAPENEM	WP_004193055.1	NC_006350.1	No	CAH35804.1	BX571965.1	+	2152309	2152980	+	2152309	2152980	29394337				2026-08-07.1
amrR_E190Ter	amrR	Burkholderia_pseudomallei	TetR family transcriptional regulator AmrR	core	AMR	POINT	BETA-LACTAM	MEROPENEM	WP_004193055.1	NC_006350.1	No	CAH35804.1	BX571965.1	+	2152309	2152980	+	2152309	2152980	29394337				2026-08-07.1
	amrR	Burkholderia_pseudomallei	Burkholderia pseudomallei TetR family transcriptional regulator AmrR	core	AMR	POINT_DISRUPT	BETA-LACTAM	MEROPENEM	WP_004193055.1		No	CAH35804.1	BX571965.1	+	2152309	2152980							amrR	2026-08-07.1
bpeR_D176A	bpeR	Burkholderia_pseudomallei	TetR family transcriptional regulator BpeR	core	AMR	POINT	BETA-LACTAM	CARBAPENEM	WP_004526226.1	NC_006350.1	No	CAH34804.1	BX571965.1	-	941844	942479	-	941844	942479	29394337				2026-08-07.1
bpeT_T314AfsTer16	bpeT	Burkholderia_pseudomallei	efflux pump transcriptional regulator BpeT	core	AMR	POINT	TRIMETHOPRIM-SULFAMETHOXAZOLE	TRIMETHOPRIM-SULFAMETHOXAZOLE	WP_004188318.1	NC_006351.1	No	CAH37738.1	BX571966.1	-	388854	389858	-	388854	389858	30256166				2026-08-07.1
dut_G91A	dut	Burkholderia_pseudomallei	dUTP diphosphatase Dut	core	AMR	POINT	TRIMETHOPRIM-SULFAMETHOXAZOLE	TRIMETHOPRIM-SULFAMETHOXAZOLE	WP_004186718.1	NC_006350.1	No	CAH34897.1	BX571965.1	-	1054042	1054488	-	1054042	1054488	29394337				2026-08-07.1
gyrA_Y77S	gyrA	Burkholderia_pseudomallei	DNA gyrase subunit A GyrA	core	AMR	POINT	QUINOLONE	QUINOLONE	WP_004527513.1	NC_006350.1	No	CAH36528.1	BX571965.1	-	3036533	3039133	-	3036533	3039133	28400528				2026-08-07.1
gyrA_G81C	gyrA	Burkholderia_pseudomallei	DNA gyrase subunit A GyrA	core	AMR	POINT	QUINOLONE	QUINOLONE	WP_004527513.1	NC_006350.1	No	CAH36528.1	BX571965.1	-	3036533	3039133	-	3036533	3039133	19121669				2026-08-07.1
gyrA_T83I	gyrA	Burkholderia_pseudomallei	DNA gyrase subunit A GyrA	core	AMR	POINT	QUINOLONE	QUINOLONE	WP_004527513.1	NC_006350.1	No	CAH36528.1	BX571965.1	-	3036533	3039133	-	3036533	3039133	19121669				2026-08-07.1
gyrA_D87Y	gyrA	Burkholderia_pseudomallei	DNA gyrase subunit A GyrA	core	AMR	POINT	QUINOLONE	QUINOLONE	WP_004527513.1	NC_006350.1	No	CAH36528.1	BX571965.1	-	3036533	3039133	-	3036533	3039133	19121669				2026-08-07.1
yciV_DALAALG107del	yciV	Burkholderia_pseudomallei	PHP domain-containing protein YciV	core	AMR	POINT	TRIMETHOPRIM-SULFAMETHOXAZOLE	TRIMETHOPRIM-SULFAMETHOXAZOLE	WP_004193008.1	NC_006348.1	No	AAU47794.1	CP000010.1	-	1752457	1753287	-	1752457	1753287	29394337				2026-08-07.1
cmeR_G86A	cmeR	Campylobacter	multidrug efflux system transcriptional regulator CmeR	core	AMR	POINT	MACROLIDE	MACROLIDE	WP_002843095.1		No	EAH9016342.1	AABKSW010000043.1	+	8232	8864								2026-08-07.1
gyrA_A70T	gyrA	Campylobacter	DNA gyrase subunit A GyrA	core	AMR	POINT	QUINOLONE	QUINOLONE	WP_002857904.1	NC_002163.1	No	CAL35145.1	AL111168.1	-	957631	960222	-	957631	960222	8384814				2026-08-07.1
gyrA_D85Y	gyrA	Campylobacter	DNA gyrase subunit A GyrA	core	AMR	POINT	QUINOLONE	QUINOLONE	WP_002857904.1	NC_002163.1	No	CAL35145.1	AL111168.1	-	957631	960222	-	957631	960222	18031331				2026-08-07.1
gyrA_T86A	gyrA	Campylobacter	DNA gyrase subunit A GyrA	core	AMR	POINT	QUINOLONE	QUINOLONE	WP_002779062.1	NZ_CP011015.1	No	AJW58405.1	CP011015.1	-	972336	974903	-	972336	974903					2026-08-07.1
gyrA_T86A	gyrA	Campylobacter	DNA gyrase subunit A GyrA	core	AMR	POINT	QUINOLONE	QUINOLONE	WP_002857904.1	NC_002163.1	No	CAL35145.1	AL111168.1	-	957631	960222	-	957631	960222					2026-08-07.1
gyrA_T86I	gyrA	Campylobacter	DNA gyrase subunit A GyrA	core	AMR	POINT	QUINOLONE	QUINOLONE	WP_002779062.1	NZ_CP011015.1	No	AJW58405.1	CP011015.1	-	972336	974903	-	972336	974903	8384814,12121947,12493783,15078520,16553723,39296292				2026-08-07.1
gyrA_T86I	gyrA	Campylobacter	DNA gyrase subunit A GyrA	core	AMR	POINT	QUINOLONE	QUINOLONE	WP_002857904.1	NC_002163.1	No	CAL35145.1	AL111168.1	-	957631	960222	-	957631	960222	8384814,12121947,12493783,15078520,16553723,39296292				2026-08-07.1
gyrA_T86K	gyrA	Campylobacter	DNA gyrase subunit A GyrA	core	AMR	POINT	QUINOLONE	QUINOLONE	WP_002779062.1	NZ_CP011015.1	No	AJW58405.1	CP011015.1	-	972336	974903	-	972336	974903					2026-08-07.1
gyrA_T86K	gyrA	Campylobacter	DNA gyrase subunit A GyrA	core	AMR	POINT	QUINOLONE	QUINOLONE	WP_002857904.1	NC_002163.1	No	CAL35145.1	AL111168.1	-	957631	960222	-	957631	960222					2026-08-07.1
gyrA_T86V	gyrA	Campylobacter	DNA gyrase subunit A GyrA	core	AMR	POINT	QUINOLONE	QUINOLONE	WP_002779062.1	NZ_CP011015.1	No	AJW58405.1	CP011015.1	-	972336	974903	-	972336	974903					2026-08-07.1
gyrA_T86V	gyrA	Campylobacter	DNA gyrase subunit A GyrA	core	AMR	POINT	QUINOLONE	QUINOLONE	WP_002857904.1	NC_002163.1	No	CAL35145.1	AL111168.1	-	957631	960222	-	957631	960222					2026-08-07.1
gyrA_D90A	gyrA	Campylobacter	DNA gyrase subunit A GyrA	core	AMR	POINT	QUINOLONE	QUINOLONE	WP_002857904.1	NC_002163.1	No	CAL35145.1	AL111168.1	-	957631	960222	-	957631	960222	8384814				2026-08-07.1
gyrA_D90N	gyrA	Campylobacter	DNA gyrase subunit A GyrA	core	AMR	POINT	QUINOLONE	QUINOLONE	WP_002857904.1	NC_002163.1	No	CAL35145.1	AL111168.1	-	957631	960222	-	957631	960222					2026-08-07.1
gyrA_D90T	gyrA	Campylobacter	DNA gyrase subunit A GyrA	core	AMR	POINT	QUINOLONE	QUINOLONE	WP_002857904.1	NC_002163.1	No	CAL35145.1	AL111168.1	-	957631	960222	-	957631	960222	8384814				2026-08-07.1
gyrA_D90Y	gyrA	Campylobacter	DNA gyrase subunit A GyrA	core	AMR	POINT	QUINOLONE	QUINOLONE	WP_002779062.1	NZ_CP011015.1	No	AJW58405.1	CP011015.1	-	972336	974903	-	972336	974903					2026-08-07.1
gyrA_D90Y	gyrA	Campylobacter	DNA gyrase subunit A GyrA	core	AMR	POINT	QUINOLONE	QUINOLONE	WP_002857904.1	NC_002163.1	No	CAL35145.1	AL111168.1	-	957631	960222	-	957631	960222					2026-08-07.1
gyrA_P104S	gyrA	Campylobacter	DNA gyrase subunit A GyrA	core	AMR	POINT	QUINOLONE	QUINOLONE	WP_002779062.1	NZ_CP011015.1	No	AJW58405.1	CP011015.1	-	972336	974903	-	972336	974903	12121947,12493783,15078520,16553723				2026-08-07.1
gyrA_P104S	gyrA	Campylobacter	DNA gyrase subunit A GyrA	core	AMR	POINT	QUINOLONE	QUINOLONE	WP_002857904.1	NC_002163.1	No	CAL35145.1	AL111168.1	-	957631	960222	-	957631	960222	12121947,12493783,15078520,16553723				2026-08-07.1
porA_G56D	porA	Campylobacter	group 2 major outer membrane porin protein PorA	core	AMR	POINT	BETA-LACTAM	CARBAPENEM	WP_052796726.1		No	EDP3189702.1	AANKQG010000011.1	+	15250	16545				37358443				2026-08-07.1
porA_N138ND	porA	Campylobacter	group 2 major outer membrane porin protein PorA	core	AMR	POINT	BETA-LACTAM	CARBAPENEM	WP_052796726.1		No	EDP3189702.1	AANKQG010000011.1	+	15250	16545				37358443				2026-08-07.1
rplD_G74D	rplD	Campylobacter	50S ribosomal protein L4	core	AMR	POINT	MACROLIDE	ERYTHROMYCIN/TYLOSIN	WP_002851146.1		No	ACJ72980.1	FJ464806.1	+	1	612				8779354,16940070				2026-08-07.1
rplV_A84D	rplV	Campylobacter	50S ribosomal protein L22	core	AMR	POINT	MACROLIDE	MACROLIDE	WP_002779996.1	NZ_CP011015.1	No	AJW59082.1	CP011015.1	-	1631357	1631764	-	1631357	1631764					2026-08-07.1
rplV_A84D	rplV	Campylobacter	50S ribosomal protein L22	core	AMR	POINT	MACROLIDE	MACROLIDE	WP_002851214.1	NC_002163.1	No	CAL35796.1	AL111168.1	-	1617358	1617783	-	1617358	1617783					2026-08-07.1
rplV_R85RARAR	rplV	Campylobacter	50S ribosomal protein L22	core	AMR	POINT	MACROLIDE	ERYTHROMYCIN/TYLOSIN	WP_002779996.1	NZ_CP011015.1	No	AJW59082.1	CP011015.1	-	1631357	1631764	-	1631357	1631764	16940070				2026-08-07.1
rplV_R85RARAR	rplV	Campylobacter	50S ribosomal protein L22	core	AMR	POINT	MACROLIDE	ERYTHROMYCIN/TYLOSIN	WP_002851214.1	NC_002163.1	No	CAL35796.1	AL111168.1	-	1617358	1617783	-	1617358	1617783	16940070				2026-08-07.1
rplV_G86E	rplV	Campylobacter	50S ribosomal protein L22	core	AMR	POINT	MACROLIDE	MACROLIDE	WP_002779996.1	NZ_CP011015.1	No	AJW59082.1	CP011015.1	-	1631357	1631764	-	1631357	1631764					2026-08-07.1
rplV_G86E	rplV	Campylobacter	50S ribosomal protein L22	core	AMR	POINT	MACROLIDE	MACROLIDE	WP_002851214.1	NC_002163.1	No	CAL35796.1	AL111168.1	-	1617358	1617783	-	1617358	1617783					2026-08-07.1
rplV_G86V	rplV	Campylobacter	50S ribosomal protein L22	core	AMR	POINT	MACROLIDE	MACROLIDE	WP_002779996.1	NZ_CP011015.1	No	AJW59082.1	CP011015.1	-	1631357	1631764	-	1631357	1631764					2026-08-07.1
rplV_G86V	rplV	Campylobacter	50S ribosomal protein L22	core	AMR	POINT	MACROLIDE	MACROLIDE	WP_002851214.1	NC_002163.1	No	CAL35796.1	AL111168.1	-	1617358	1617783	-	1617358	1617783					2026-08-07.1
rplV_A88E	rplV	Campylobacter	50S ribosomal protein L22	core	AMR	POINT	MACROLIDE	MACROLIDE	WP_002779996.1	NZ_CP011015.1	No	AJW59082.1	CP011015.1	-	1631357	1631764	-	1631357	1631764					2026-08-07.1
rplV_A88E	rplV	Campylobacter	50S ribosomal protein L22	core	AMR	POINT	MACROLIDE	MACROLIDE	WP_002851214.1	NC_002163.1	No	CAL35796.1	AL111168.1	-	1617358	1617783	-	1617358	1617783					2026-08-07.1
rplV_H97HTSH	rplV	Campylobacter	50S ribosomal protein L22	core	AMR	POINT	MACROLIDE	ERYTHROMYCIN/TYLOSIN	WP_002779996.1	NZ_CP011015.1	No	AJW59082.1	CP011015.1	-	1631357	1631764	-	1631357	1631764	16940070				2026-08-07.1
rplV_H97HTSH	rplV	Campylobacter	50S ribosomal protein L22	core	AMR	POINT	MACROLIDE	ERYTHROMYCIN/TYLOSIN	WP_002851214.1	NC_002163.1	No	CAL35796.1	AL111168.1	-	1617358	1617783	-	1617358	1617783	16940070				2026-08-07.1
rplV_A103C	rplV	Campylobacter	50S ribosomal protein L22	core	AMR	POINT	MACROLIDE	ERYTHROMYCIN	WP_002851214.1	NC_002163.1	No	CAL35796.1	AL111168.1	-	1617358	1617783	-	1617358	1617783					2026-08-07.1
rplV_A103V	rplV	Campylobacter	50S ribosomal protein L22	core	AMR	POINT	MACROLIDE	MACROLIDE	WP_002779996.1	NZ_CP011015.1	No	AJW59082.1	CP011015.1	-	1631357	1631764	-	1631357	1631764					2026-08-07.1
rplV_A103V	rplV	Campylobacter	50S ribosomal protein L22	core	AMR	POINT	MACROLIDE	MACROLIDE	WP_002851214.1	NC_002163.1	No	CAL35796.1	AL111168.1	-	1617358	1617783	-	1617358	1617783					2026-08-07.1
rpsL_K43R	rpsL	Campylobacter	30S ribosomal protein S12	core	AMR	POINT	AMINOGLYCOSIDE	STREPTOMYCIN	WP_057042458.1		No	EAI0845362.1	AABMHE010000010.1	-	9906	10292								2026-08-07.1
rpsL_K88E	rpsL	Campylobacter	30S ribosomal protein S12	core	AMR	POINT	AMINOGLYCOSIDE	STREPTOMYCIN	WP_057042458.1		No	EAI0845362.1	AABMHE010000010.1	-	9906	10292								2026-08-07.1
rpsL_K88Q	rpsL	Campylobacter	30S ribosomal protein S12	core	AMR	POINT	AMINOGLYCOSIDE	STREPTOMYCIN	WP_057042458.1		No	EAI0845362.1	AABMHE010000010.1	-	9906	10292								2026-08-07.1
rpsL_K88R	rpsL	Campylobacter	30S ribosomal protein S12	core	AMR	POINT	AMINOGLYCOSIDE	STREPTOMYCIN	WP_057042458.1		No	EAI0845362.1	AABMHE010000010.1	-	9906	10292								2026-08-07.1
gyrA_T83I	gyrA	Citrobacter_freundii	DNA gyrase subunit A GyrA	core	AMR	POINT	QUINOLONE	QUINOLONE	WP_003027598.1	NZ_CP049015.1	No	QIH69907.1	CP049015.1	-	3305886	3308522	-	3305886	3308522	9756773				2026-08-07.1
gyrA_D87G	gyrA	Citrobacter_freundii	DNA gyrase subunit A GyrA	core	AMR	POINT	QUINOLONE	QUINOLONE	WP_003027598.1	NZ_CP049015.1	No	QIH69907.1	CP049015.1	-	3305886	3308522	-	3305886	3308522	9756773				2026-08-07.1
dacS_V183A	dacS	Clostridioides_difficile	two-component sensor histidine kinase DacS	core	AMR	POINT	GLYCOPEPTIDE	VANCOMYCIN	WP_012816446.1	NC_013316.1	No	CBE07524.1	FN545816.1	-	4084867	4086021	-	4084867	4086021	38598696				2026-08-07.1
dacS_E238D	dacS	Clostridioides_difficile	two-component sensor histidine kinase DacS	core	AMR	POINT	GLYCOPEPTIDE	VANCOMYCIN	WP_012816446.1	NC_013316.1	No	CBE07524.1	FN545816.1	-	4084867	4086021	-	4084867	4086021	38598696				2026-08-07.1
gyrA_D71G	gyrA	Clostridioides_difficile	DNA gyrase subunit A GyrA	core	AMR	POINT	QUINOLONE	QUINOLONE	WP_003429305.1	NC_009089.1	No	CAJ66820.1	AM180355.1	+	6066	8492	+	6066	8492	22508299				2026-08-07.1
gyrA_D71V	gyrA	Clostridioides_difficile	DNA gyrase subunit A GyrA	core	AMR	POINT	QUINOLONE	QUINOLONE	WP_003429305.1	NC_009089.1	No	CAJ66820.1	AM180355.1	+	6066	8492	+	6066	8492	22508299				2026-08-07.1
gyrA_D81N	gyrA	Clostridioides_difficile	DNA gyrase subunit A GyrA	core	AMR	POINT	QUINOLONE	QUINOLONE	WP_003429305.1	NC_009089.1	No	CAJ66820.1	AM180355.1	+	6066	8492	+	6066	8492	22508299				2026-08-07.1
gyrA_T82A	gyrA	Clostridioides_difficile	DNA gyrase subunit A GyrA	core	AMR	POINT	QUINOLONE	QUINOLONE	WP_003429305.1	NC_009089.1	No	CAJ66820.1	AM180355.1	+	6066	8492	+	6066	8492	22508299				2026-08-07.1
gyrA_T82I	gyrA	Clostridioides_difficile	DNA gyrase subunit A GyrA	core	AMR	POINT	QUINOLONE	QUINOLONE	WP_003429305.1	NC_009089.1	No	CAJ66820.1	AM180355.1	+	6066	8492	+	6066	8492	12384345,19818865				2026-08-07.1
gyrA_T82V	gyrA	Clostridioides_difficile	DNA gyrase subunit A GyrA	core	AMR	POINT	QUINOLONE	QUINOLONE	WP_003429305.1	NC_009089.1	No	CAJ66820.1	AM180355.1	+	6066	8492	+	6066	8492	11451695				2026-08-07.1
gyrA_A118S	gyrA	Clostridioides_difficile	DNA gyrase subunit A GyrA	core	AMR	POINT	QUINOLONE	QUINOLONE	WP_003429305.1	NC_009089.1	No	CAJ66820.1	AM180355.1	+	6066	8492	+	6066	8492	19364867				2026-08-07.1
gyrA_A118T	gyrA	Clostridioides_difficile	DNA gyrase subunit A GyrA	core	AMR	POINT	QUINOLONE	QUINOLONE	WP_003429305.1	NC_009089.1	No	CAJ66820.1	AM180355.1	+	6066	8492	+	6066	8492	12384345,19818865				2026-08-07.1
gyrA_A384D	gyrA	Clostridioides_difficile	DNA gyrase subunit A GyrA	core	AMR	POINT	QUINOLONE	QUINOLONE	WP_003429305.1	NC_009089.1	No	CAJ66820.1	AM180355.1	+	6066	8492	+	6066	8492	27842877				2026-08-07.1
gyrB_V130I	gyrB	Clostridioides_difficile	DNA topoisomerase (ATP-hydrolyzing) subunit B GyrB	core	AMR	POINT	QUINOLONE	QUINOLONE	WP_003434229.1	NC_009089.1	No	CAJ66819.1	AM180355.1	+	4145	6046	+	4145	6046	27842877				2026-08-07.1
gyrB_I139R	gyrB	Clostridioides_difficile	DNA topoisomerase (ATP-hydrolyzing) subunit B GyrB	core	AMR	POINT	QUINOLONE	QUINOLONE	WP_003434229.1	NC_009089.1	No	CAJ66819.1	AM180355.1	+	4145	6046	+	4145	6046	27842877				2026-08-07.1
gyrB_S366A	gyrB	Clostridioides_difficile	DNA topoisomerase (ATP-hydrolyzing) subunit B GyrB	core	AMR	POINT	QUINOLONE	QUINOLONE	WP_003434229.1	NC_009089.1	No	CAJ66819.1	AM180355.1	+	4145	6046	+	4145	6046	27842877				2026-08-07.1
gyrB_S366V	gyrB	Clostridioides_difficile	DNA topoisomerase (ATP-hydrolyzing) subunit B GyrB	core	AMR	POINT	QUINOLONE	QUINOLONE	WP_003434229.1	NC_009089.1	No	CAJ66819.1	AM180355.1	+	4145	6046	+	4145	6046	27842877				2026-08-07.1
gyrB_R377G	gyrB	Clostridioides_difficile	DNA topoisomerase (ATP-hydrolyzing) subunit B GyrB	core	AMR	POINT	QUINOLONE	QUINOLONE	WP_003434229.1	NC_009089.1	No	CAJ66819.1	AM180355.1	+	4145	6046	+	4145	6046	22508299				2026-08-07.1
gyrB_S416A	gyrB	Clostridioides_difficile	DNA topoisomerase (ATP-hydrolyzing) subunit B GyrB	core	AMR	POINT	QUINOLONE	QUINOLONE	WP_003434229.1	NC_009089.1	No	CAJ66819.1	AM180355.1	+	4145	6046	+	4145	6046	18480338,22508299				2026-08-07.1
gyrB_D426N	gyrB	Clostridioides_difficile	DNA topoisomerase (ATP-hydrolyzing) subunit B GyrB	core	AMR	POINT	QUINOLONE	QUINOLONE	WP_003434229.1	NC_009089.1	No	CAJ66819.1	AM180355.1	+	4145	6046	+	4145	6046	12384345,19818865				2026-08-07.1
gyrB_D426V	gyrB	Clostridioides_difficile	DNA topoisomerase (ATP-hydrolyzing) subunit B GyrB	core	AMR	POINT	QUINOLONE	QUINOLONE	WP_003434229.1	NC_009089.1	No	CAJ66819.1	AM180355.1	+	4145	6046	+	4145	6046	18480338				2026-08-07.1
gyrB_R447K	gyrB	Clostridioides_difficile	DNA topoisomerase (ATP-hydrolyzing) subunit B GyrB	core	AMR	POINT	QUINOLONE	QUINOLONE	WP_003434229.1	NC_009089.1	No	CAJ66819.1	AM180355.1	+	4145	6046	+	4145	6046	18480338,19818865				2026-08-07.1
gyrB_R447L	gyrB	Clostridioides_difficile	DNA topoisomerase (ATP-hydrolyzing) subunit B GyrB	core	AMR	POINT	QUINOLONE	QUINOLONE	WP_003434229.1	NC_009089.1	No	CAJ66819.1	AM180355.1	+	4145	6046	+	4145	6046	12384345,19818865				2026-08-07.1
gyrB_E466K	gyrB	Clostridioides_difficile	DNA topoisomerase (ATP-hydrolyzing) subunit B GyrB	core	AMR	POINT	QUINOLONE	QUINOLONE	WP_003434229.1	NC_009089.1	No	CAJ66819.1	AM180355.1	+	4145	6046	+	4145	6046	19818865				2026-08-07.1
gyrB_E466V	gyrB	Clostridioides_difficile	DNA topoisomerase (ATP-hydrolyzing) subunit B GyrB	core	AMR	POINT	QUINOLONE	QUINOLONE	WP_003434229.1	NC_009089.1	No	CAJ66819.1	AM180355.1	+	4145	6046	+	4145	6046	20226332				2026-08-07.1
mreE_M496V	mreE	Clostridioides_difficile	penicillin-binding protein MreE	core	AMR	POINT	BETA-LACTAM	CEPHALOSPORIN	WP_016729515.1	NZ_CP049958.1	No	QOX87941.1	CP049958.1	-	2875200	2878178	-	2875200	2878178	37961251				2026-08-07.1
mreE_V497L	mreE	Clostridioides_difficile	penicillin-binding protein MreE	core	AMR	POINT	BETA-LACTAM	CEPHALOSPORIN	WP_016729515.1	NZ_CP049958.1	No	QOX87941.1	CP049958.1	-	2875200	2878178	-	2875200	2878178	37961251				2026-08-07.1
mreE_A694T	mreE	Clostridioides_difficile	penicillin-binding protein MreE	core	AMR	POINT	BETA-LACTAM	CEPHALOSPORIN	WP_016729515.1	NZ_CP049958.1	No	QOX87941.1	CP049958.1	-	2875200	2878178	-	2875200	2878178	37961251				2026-08-07.1
mreE_A694V	mreE	Clostridioides_difficile	penicillin-binding protein MreE	core	AMR	POINT	BETA-LACTAM	CEPHALOSPORIN	WP_016729515.1	NZ_CP049958.1	No	QOX87941.1	CP049958.1	-	2875200	2878178	-	2875200	2878178	37961251				2026-08-07.1
mreE_Y721C	mreE	Clostridioides_difficile	penicillin-binding protein MreE	core	AMR	POINT	BETA-LACTAM	CEPHALOSPORIN	WP_016729515.1	NZ_CP049958.1	No	QOX87941.1	CP049958.1	-	2875200	2878178	-	2875200	2878178	37961251				2026-08-07.1
mreE_Y721S	mreE	Clostridioides_difficile	penicillin-binding protein MreE	core	AMR	POINT	BETA-LACTAM	CEPHALOSPORIN	WP_016729515.1	NZ_CP049958.1	No	QOX87941.1	CP049958.1	-	2875200	2878178	-	2875200	2878178	37961251				2026-08-07.1
mreE_A778V	mreE	Clostridioides_difficile	penicillin-binding protein MreE	core	AMR	POINT	BETA-LACTAM	CEPHALOSPORIN	WP_016729515.1	NZ_CP049958.1	No	QOX87941.1	CP049958.1	-	2875200	2878178	-	2875200	2878178	37961251				2026-08-07.1
mreE_A795L	mreE	Clostridioides_difficile	penicillin-binding protein MreE	core	AMR	POINT	BETA-LACTAM	CEPHALOSPORIN	WP_016729515.1	NZ_CP049958.1	No	QOX87941.1	CP049958.1	-	2875200	2878178	-	2875200	2878178	37961251				2026-08-07.1
mreE_A795V	mreE	Clostridioides_difficile	penicillin-binding protein MreE	core	AMR	POINT	BETA-LACTAM	CEPHALOSPORIN	WP_016729515.1	NZ_CP049958.1	No	QOX87941.1	CP049958.1	-	2875200	2878178	-	2875200	2878178	37961251				2026-08-07.1
murG_P107L	murG	Clostridioides_difficile	undecaprenyldiphospho-muramoylpentapeptide beta-N-acetylglucosaminyltransferase MurG	core	AMR	POINT	GLYCOPEPTIDE	VANCOMYCIN	WP_011861625.1	NC_009089.1	No	CAJ69537.1	AM180355.1	-	3058332	3059561	-	3058332	3059561	23887866				2026-08-07.1
rpoB_S488P	rpoB	Clostridioides_difficile	DNA-directed RNA polymerase subunit beta RpoB	core	AMR	POINT	RIFAMYCIN	RIFAMYCIN	WP_003436174.1	NC_009089.1	No	CAJ66881.1	AM180355.1	+	90160	93876	+	90160	93876	21998414				2026-08-07.1
rpoB_S488Y	rpoB	Clostridioides_difficile	DNA-directed RNA polymerase subunit beta RpoB	core	AMR	POINT	RIFAMYCIN	RIFAXIMIN	WP_003436174.1	NC_009089.1	No	CAJ66881.1	AM180355.1	+	90160	93876	+	90160	93876	27381389				2026-08-07.1
rpoB_Q489L	rpoB	Clostridioides_difficile	DNA-directed RNA polymerase subunit beta RpoB	core	AMR	POINT	RIFAMYCIN	RIFAXIMIN	WP_003436174.1	NC_009089.1	No	CAJ66881.1	AM180355.1	+	90160	93876	+	90160	93876	27381389				2026-08-07.1
rpoB_D492N	rpoB	Clostridioides_difficile	DNA-directed RNA polymerase subunit beta RpoB	core	AMR	POINT	RIFAMYCIN	RIFAXIMIN	WP_003436174.1	NC_009089.1	No	CAJ66881.1	AM180355.1	+	90160	93876	+	90160	93876	22361457				2026-08-07.1
rpoB_D492V	rpoB	Clostridioides_difficile	DNA-directed RNA polymerase subunit beta RpoB	core	AMR	POINT	RIFAMYCIN	RIFAXIMIN	WP_003436174.1	NC_009089.1	No	CAJ66881.1	AM180355.1	+	90160	93876	+	90160	93876	22361457				2026-08-07.1
rpoB_D492Y	rpoB	Clostridioides_difficile	DNA-directed RNA polymerase subunit beta RpoB	core	AMR	POINT	RIFAMYCIN	RIFAXIMIN	WP_003436174.1	NC_009089.1	No	CAJ66881.1	AM180355.1	+	90160	93876	+	90160	93876	27381389				2026-08-07.1
rpoB_P496S	rpoB	Clostridioides_difficile	DNA-directed RNA polymerase subunit beta RpoB	core	AMR	POINT	RIFAMYCIN	RIFAMYCIN	WP_003436174.1	NC_009089.1	No	CAJ66881.1	AM180355.1	+	90160	93876	+	90160	93876	22908175				2026-08-07.1
rpoB_H502L	rpoB	Clostridioides_difficile	DNA-directed RNA polymerase subunit beta RpoB	core	AMR	POINT	RIFAMYCIN	RIFAXIMIN	WP_003436174.1	NC_009089.1	No	CAJ66881.1	AM180355.1	+	90160	93876	+	90160	93876	22361457				2026-08-07.1
rpoB_H502N	rpoB	Clostridioides_difficile	DNA-directed RNA polymerase subunit beta RpoB	core	AMR	POINT	RIFAMYCIN	RIFAMPIN	WP_003436174.1	NC_009089.1	No	CAJ66881.1	AM180355.1	+	90160	93876	+	90160	93876	19140738				2026-08-07.1
rpoB_H502R	rpoB	Clostridioides_difficile	DNA-directed RNA polymerase subunit beta RpoB	core	AMR	POINT	RIFAMYCIN	RIFAXIMIN	WP_003436174.1	NC_009089.1	No	CAJ66881.1	AM180355.1	+	90160	93876	+	90160	93876	27381389				2026-08-07.1
rpoB_H502Y	rpoB	Clostridioides_difficile	DNA-directed RNA polymerase subunit beta RpoB	core	AMR	POINT	RIFAMYCIN	RIFAXIMIN	WP_003436174.1	NC_009089.1	No	CAJ66881.1	AM180355.1	+	90160	93876	+	90160	93876	22361457				2026-08-07.1
rpoB_R505K	rpoB	Clostridioides_difficile	DNA-directed RNA polymerase subunit beta RpoB	core	AMR	POINT	RIFAMYCIN	RIFAMPIN	WP_003436174.1	NC_009089.1	No	CAJ66881.1	AM180355.1	+	90160	93876	+	90160	93876	19140738				2026-08-07.1
rpoB_R505L	rpoB	Clostridioides_difficile	DNA-directed RNA polymerase subunit beta RpoB	core	AMR	POINT	RIFAMYCIN	RIFAXIMIN	WP_003436174.1	NC_009089.1	No	CAJ66881.1	AM180355.1	+	90160	93876	+	90160	93876	27381389				2026-08-07.1
rpoB_S507L	rpoB	Clostridioides_difficile	DNA-directed RNA polymerase subunit beta RpoB	core	AMR	POINT	RIFAMYCIN	RIFAXIMIN	WP_003436174.1	NC_009089.1	No	CAJ66881.1	AM180355.1	+	90160	93876	+	90160	93876	27381389				2026-08-07.1
rpoB_G510R	rpoB	Clostridioides_difficile	DNA-directed RNA polymerase subunit beta RpoB	core	AMR	POINT	RIFAMYCIN	RIFAXIMIN	WP_003436174.1	NC_009089.1	No	CAJ66881.1	AM180355.1	+	90160	93876	+	90160	93876	27381389				2026-08-07.1
rpoB_S550F	rpoB	Clostridioides_difficile	DNA-directed RNA polymerase subunit beta RpoB	core	AMR	POINT	RIFAMYCIN	RIFAXIMIN	WP_003436174.1	NC_009089.1	No	CAJ66881.1	AM180355.1	+	90160	93876	+	90160	93876	22361457				2026-08-07.1
rpoB_S550Y	rpoB	Clostridioides_difficile	DNA-directed RNA polymerase subunit beta RpoB	core	AMR	POINT	RIFAMYCIN	RIFAXIMIN	WP_003436174.1	NC_009089.1	No	CAJ66881.1	AM180355.1	+	90160	93876	+	90160	93876	22361457				2026-08-07.1
rpoB_L584F	rpoB	Clostridioides_difficile	DNA-directed RNA polymerase subunit beta RpoB	core	AMR	POINT	RIFAMYCIN	RIFAXIMIN	WP_003436174.1	NC_009089.1	No	CAJ66881.1	AM180355.1	+	90160	93876	+	90160	93876	27381389				2026-08-07.1
rpoB_Q1074K	rpoB	Clostridioides_difficile	DNA-directed RNA polymerase subunit beta RpoB	core	AMR	POINT	MACROLIDE	FIDAXOMICIN	WP_003436174.1	NC_009089.1	No	CAJ66881.1	AM180355.1	+	90160	93876	+	90160	93876	29253242,38598696				2026-08-07.1
rpoB_Q1074R	rpoB	Clostridioides_difficile	DNA-directed RNA polymerase subunit beta RpoB	core	AMR	POINT	MACROLIDE	FIDAXOMICIN	WP_003436174.1	NC_009089.1	No	CAJ66881.1	AM180355.1	+	90160	93876	+	90160	93876	23887866,38598696				2026-08-07.1
rpoB_V1143D	rpoB	Clostridioides_difficile	DNA-directed RNA polymerase subunit beta RpoB	core	AMR	POINT	MACROLIDE	FIDAXOMICIN	WP_003436174.1	NC_009089.1	No	CAJ66881.1	AM180355.1	+	90160	93876	+	90160	93876	30247587				2026-08-07.1
rpoB_V1143F	rpoB	Clostridioides_difficile	DNA-directed RNA polymerase subunit beta RpoB	core	AMR	POINT	MACROLIDE	FIDAXOMICIN	WP_003436174.1	NC_009089.1	No	CAJ66881.1	AM180355.1	+	90160	93876	+	90160	93876	29253242,38598696				2026-08-07.1
rpoB_V1143G	rpoB	Clostridioides_difficile	DNA-directed RNA polymerase subunit beta RpoB	core	AMR	POINT	MACROLIDE	FIDAXOMICIN	WP_003436174.1	NC_009089.1	No	CAJ66881.1	AM180355.1	+	90160	93876	+	90160	93876	37352110				2026-08-07.1
rpoB_V1143L	rpoB	Clostridioides_difficile	DNA-directed RNA polymerase subunit beta RpoB	core	AMR	POINT	MACROLIDE	FIDAXOMICIN	WP_003436174.1	NC_009089.1	No	CAJ66881.1	AM180355.1	+	90160	93876	+	90160	93876	31527041				2026-08-07.1
rpoC_R89G	rpoC	Clostridioides_difficile	DNA-directed RNA polymerase subunit beta RpoC	core	AMR	POINT	MACROLIDE	FIDAXOMICIN	WP_003429485.1	NC_009089.1	No	CAJ66882.1	AM180355.1	+	93918	97403	+	93918	97403	26834162				2026-08-07.1
rpoC_R89K	rpoC	Clostridioides_difficile	DNA-directed RNA polymerase subunit beta RpoC	core	AMR	POINT	MACROLIDE	FIDAXOMICIN	WP_003429485.1	NC_009089.1	No	CAJ66882.1	AM180355.1	+	93918	97403	+	93918	97403	42080560				2026-08-07.1
rpoC_D237Y	rpoC	Clostridioides_difficile	DNA-directed RNA polymerase subunit beta RpoC	core	AMR	POINT	MACROLIDE	FIDAXOMICIN	WP_003429485.1	NC_009089.1	No	CAJ66882.1	AM180355.1	+	93918	97403	+	93918	97403	26834162				2026-08-07.1
rpoC_D245Y	rpoC	Clostridioides_difficile	DNA-directed RNA polymerase subunit beta RpoC	core	AMR	POINT	GLYCOPEPTIDE	VANCOMYCIN	WP_003429485.1	NC_009089.1	No	CAJ66882.1	AM180355.1	+	93918	97403	+	93918	97403	23887866				2026-08-07.1
rpoC_Q781R	rpoC	Clostridioides_difficile	DNA-directed RNA polymerase subunit beta RpoC	core	AMR	POINT	MACROLIDE	FIDAXOMICIN	WP_003429485.1	NC_009089.1	No	CAJ66882.1	AM180355.1	+	93918	97403	+	93918	97403	21349983				2026-08-07.1
rpoC_D1127E	rpoC	Clostridioides_difficile	DNA-directed RNA polymerase subunit beta RpoC	core	AMR	POINT	MACROLIDE	FIDAXOMICIN	WP_003429485.1	NC_009089.1	No	CAJ66882.1	AM180355.1	+	93918	97403	+	93918	97403	21349983				2026-08-07.1
vanR-Cd_T115A	vanR-Cd	Clostridioides_difficile	vancomycin resistance response regulator transcription factor VanR-Cd	core	AMR	POINT	GLYCOPEPTIDE	VANCOMYCIN	WP_003436401.1	NZ_CP011847.1	No	AXB64454.1	CP011847.1	+	1787588	1788289	+	1787588	1788289	31873741,37125917				2026-08-07.1
vanS-Cd_S333F	vanS-Cd	Clostridioides_difficile	VanG-Cd-type vancomycin resistance histidine kinase VanS	core	AMR	POINT	GLYCOPEPTIDE	VANCOMYCIN	WP_011861275.1	NZ_CP011847.1	No	AXB64455.1	CP011847.1	+	1788279	1789421	+	1788279	1789421	31873741				2026-08-07.1
vanS-Cd_R334H	vanS-Cd	Clostridioides_difficile	VanG-Cd-type vancomycin resistance histidine kinase VanS	core	AMR	POINT	GLYCOPEPTIDE	VANCOMYCIN	WP_011861275.1	NZ_CP011847.1	No	AXB64455.1	CP011847.1	+	1788279	1789421	+	1788279	1789421	38598696				2026-08-07.1
vanS-Cd_R334L	vanS-Cd	Clostridioides_difficile	VanG-Cd-type vancomycin resistance histidine kinase VanS	core	AMR	POINT	GLYCOPEPTIDE	VANCOMYCIN	WP_011861275.1	NZ_CP011847.1	No	AXB64455.1	CP011847.1	+	1788279	1789421	+	1788279	1789421	31873741				2026-08-07.1
vanS-Cd_G339D	vanS-Cd	Clostridioides_difficile	VanG-Cd-type vancomycin resistance histidine kinase VanS	core	AMR	POINT	GLYCOPEPTIDE	VANCOMYCIN	WP_011861275.1	NZ_CP011847.1	No	AXB64455.1	CP011847.1	+	1788279	1789421	+	1788279	1789421	31873741,38598696				2026-08-07.1
vanS-Cd_T369I	vanS-Cd	Clostridioides_difficile	VanG-Cd-type vancomycin resistance histidine kinase VanS	core	AMR	POINT	GLYCOPEPTIDE	VANCOMYCIN	WP_011861275.1	NZ_CP011847.1	No	AXB64455.1	CP011847.1	+	1788279	1789421	+	1788279	1789421	31873741,38598696				2026-08-07.1
gyrA_S89F	gyrA	Corynebacterium_diphtheriae	DNA gyrase subunit A GyrA	core	AMR	POINT	QUINOLONE	QUINOLONE	WP_010933942.1	NC_016782.1	No	AEX43076.1	CP003207.1	+	8787	11357	+	8787	11357	31736013,33246485				2026-08-07.1
gyrA_S89V	gyrA	Corynebacterium_diphtheriae	DNA gyrase subunit A GyrA	core	AMR	POINT	QUINOLONE	QUINOLONE	WP_010933942.1	NC_016782.1	No	AEX43076.1	CP003207.1	+	8787	11357	+	8787	11357	31736013,33246485				2026-08-07.1
gyrA_D93A	gyrA	Corynebacterium_diphtheriae	DNA gyrase subunit A GyrA	core	AMR	POINT	QUINOLONE	QUINOLONE	WP_010933942.1	NC_016782.1	No	AEX43076.1	CP003207.1	+	8787	11357	+	8787	11357	31736013,33246485				2026-08-07.1
gyrA_D93Y	gyrA	Corynebacterium_diphtheriae	DNA gyrase subunit A GyrA	core	AMR	POINT	QUINOLONE	QUINOLONE	WP_010933942.1	NC_016782.1	No	AEX43076.1	CP003207.1	+	8787	11357	+	8787	11357	31736013,33246485				2026-08-07.1
rpoB_S442F	rpoB	Corynebacterium_diphtheriae	DNA-directed RNA polymerase subunit beta RpoB	core	AMR	POINT	RIFAMYCIN	RIFAMYCIN	WP_004566675.1	NZ_AJVH01000008.1	No	EIK56750.1	AJVH01000008.1	+	84792	88286	+	84792	88286	32668585				2026-08-07.1
rpoB_S442N	rpoB	Corynebacterium_diphtheriae	DNA-directed RNA polymerase subunit beta RpoB	core	AMR	POINT	RIFAMYCIN	RIFAMYCIN	WP_004566675.1	NZ_AJVH01000008.1	No	EIK56750.1	AJVH01000008.1	+	84792	88286	+	84792	88286	32668585				2026-08-07.1
rpoB_S442Y	rpoB	Corynebacterium_diphtheriae	DNA-directed RNA polymerase subunit beta RpoB	core	AMR	POINT	RIFAMYCIN	RIFAMYCIN	WP_004566675.1	NZ_AJVH01000008.1	No	EIK56750.1	AJVH01000008.1	+	84792	88286	+	84792	88286					2026-08-07.1
baeS_T175P	baeS	Enterobacter_asburiae	two-component system sensor histidine kinase BaeS	core	AMR	POINT	BETA-LACTAM	AZTREONAM/TEMOCILLIN/TICARCILLIN	WP_023312417.1	NZ_CP007546.1	No	AHW93633.1	CP007546.1	-	928952	930355	-	928952	930355	37195180				2026-08-07.1
acrB_E672L	acrB	Enterobacter_cloacae	multidrug efflux RND transporter permease subunit AcrB	core	AMR	POINT	BETA-LACTAM	CEFTIBUTEN-AVIBACTAM	WP_013095890.1	NZ_CP077211.1	No	QWZ89770.1	CP077211.1	+	5146453	5149599	+	5146453	5149599	39665271				2026-08-07.1
ampD_I113S	ampD	Enterobacter_cloacae	1,6-anhydro-N-acetylmuramyl-L-alanine amidase AmpD	core	AMR	POINT	BETA-LACTAM	AZTREONAM-AVIBACTAM	WP_058651097.1	NZ_NRQN01000005.1	No	RLS17491.1	NRQN01000005.1	-	22327	22878	-	22327	22878	34568905				2026-08-07.1
baeS_T175P	baeS	Enterobacter_cloacae	two-component system sensor histidine kinase BaeS	core	AMR	POINT	BETA-LACTAM	AZTREONAM/TEMOCILLIN/TICARCILLIN	WP_013097903.1	NC_014121.1	No	ADF62939.1	CP001918.1	+	3478460	3479863	+	3478460	3479863	37195180				2026-08-07.1
cpxA_G130A	cpxA	Enterobacter_cloacae	envelope stress sensor histidine kinase CpxA	core	AMR	POINT	BETA-LACTAM	CEFTIBUTEN-AVIBACTAM	WP_013099331.1	NZ_CP085080.1	No	UDG00827.1	CP085080.1	+	4848135	4849508	+	4848135	4849508	39665271				2026-08-07.1
cpxA_P131L	cpxA	Enterobacter_cloacae	envelope stress sensor histidine kinase CpxA	core	AMR	POINT	BETA-LACTAM	CEFTIBUTEN-AVIBACTAM	WP_013099331.1	NZ_CP085080.1	No	UDG00827.1	CP085080.1	+	4848135	4849508	+	4848135	4849508	39665271				2026-08-07.1
gyrA_S83F	gyrA	Enterobacter_cloacae	DNA gyrase subunit A GyrA	core	AMR	POINT	QUINOLONE	QUINOLONE	WP_013098009.1	NC_014121.1	No	ADF63057.1	CP001918.1	-	3610193	3612829	-	3610193	3612829	9756773				2026-08-07.1
gyrA_S83I	gyrA	Enterobacter_cloacae	DNA gyrase subunit A GyrA	core	AMR	POINT	QUINOLONE	QUINOLONE	WP_013098009.1	NC_014121.1	No	ADF63057.1	CP001918.1	-	3610193	3612829	-	3610193	3612829	9756773				2026-08-07.1
gyrA_S83Y	gyrA	Enterobacter_cloacae	DNA gyrase subunit A GyrA	core	AMR	POINT	QUINOLONE	QUINOLONE	WP_013098009.1	NC_014121.1	No	ADF63057.1	CP001918.1	-	3610193	3612829	-	3610193	3612829	9756773				2026-08-07.1
gyrA_D87G	gyrA	Enterobacter_cloacae	DNA gyrase subunit A GyrA	core	AMR	POINT	QUINOLONE	QUINOLONE	WP_013098009.1	NC_014121.1	No	ADF63057.1	CP001918.1	-	3610193	3612829	-	3610193	3612829	10428935				2026-08-07.1
gyrA_D87H	gyrA	Enterobacter_cloacae	DNA gyrase subunit A GyrA	core	AMR	POINT	QUINOLONE	QUINOLONE	WP_013098009.1	NC_014121.1	No	ADF63057.1	CP001918.1	-	3610193	3612829	-	3610193	3612829	10428935				2026-08-07.1
gyrA_D87N	gyrA	Enterobacter_cloacae	DNA gyrase subunit A GyrA	core	AMR	POINT	QUINOLONE	QUINOLONE	WP_013098009.1	NC_014121.1	No	ADF63057.1	CP001918.1	-	3610193	3612829	-	3610193	3612829	9756773				2026-08-07.1
	mgrB	Enterobacter_cloacae	Enterobacter cloacae PhoP/PhoQ regulatory lipoprotein MgrB	core	AMR	POINT_DISRUPT	COLISTIN	COLISTIN	WP_003859906.1		No	ADF61036.1	CP001918.1	+	1495435	1495578				33227907			mgrB	2026-08-07.1
parC_S80I	parC	Enterobacter_cloacae	DNA topoisomerase IV subunit A ParC	core	AMR	POINT	QUINOLONE	QUINOLONE	WP_013098723.1	NC_014121.1	No	ADF63870.1	CP001918.1	-	4453281	4455539	-	4453281	4455539	10428935				2026-08-07.1
cls_NFQ77del	cls	Enterococcus_faecalis	cardiolipin synthase Cls	core	AMR	POINT	LIPOPEPTIDE	DAPTOMYCIN	WP_002413481.1	NC_017316.1	No	AEA93051.1	CP002621.1	+	376486	377931	+	376486	377931	23959318				2026-08-07.1
cls_H215R	cls	Enterococcus_faecalis	cardiolipin synthase Cls	core	AMR	POINT	LIPOPEPTIDE	DAPTOMYCIN	WP_002413481.1	NC_017316.1	No	AEA93051.1	CP002621.1	+	376486	377931	+	376486	377931					2026-08-07.1
cls_R218Q	cls	Enterococcus_faecalis	cardiolipin synthase Cls	core	AMR	POINT	LIPOPEPTIDE	DAPTOMYCIN	WP_002413481.1	NC_017316.1	No	AEA93051.1	CP002621.1	+	376486	377931	+	376486	377931	23959318				2026-08-07.1
cls_R267H	cls	Enterococcus_faecalis	cardiolipin synthase Cls	core	AMR	POINT	LIPOPEPTIDE	DAPTOMYCIN	WP_002413481.1	NC_017316.1	No	AEA93051.1	CP002621.1	+	376486	377931	+	376486	377931					2026-08-07.1
gshF_E554K	gshF	Enterococcus_faecalis	bifunctional glutamate--cysteine ligase/glutathione synthetase GshF	core	AMR	POINT	LIPOPEPTIDE	DAPTOMYCIN	WP_002389492.1	NZ_CP014949.1	No	AMR95642.1	CP014949.1	-	1661365	1663635	-	1661365	1663635					2026-08-07.1
gyrA_S83I	gyrA	Enterococcus_faecalis	DNA gyrase subunit A GyrA	core	AMR	POINT	QUINOLONE	QUINOLONE	WP_033785346.1		No	ETU44550.1	JAHX01000001.1	+	6675	9176								2026-08-07.1
gyrA_S83L	gyrA	Enterococcus_faecalis	DNA gyrase subunit A GyrA	core	AMR	POINT	QUINOLONE	QUINOLONE	WP_033785346.1		No	ETU44550.1	JAHX01000001.1	+	6675	9176								2026-08-07.1
gyrA_S83N	gyrA	Enterococcus_faecalis	DNA gyrase subunit A GyrA	core	AMR	POINT	QUINOLONE	QUINOLONE	WP_033785346.1		No	ETU44550.1	JAHX01000001.1	+	6675	9176								2026-08-07.1
gyrA_S83R	gyrA	Enterococcus_faecalis	DNA gyrase subunit A GyrA	core	AMR	POINT	QUINOLONE	QUINOLONE	WP_033785346.1		No	ETU44550.1	JAHX01000001.1	+	6675	9176								2026-08-07.1
gyrA_S83Y	gyrA	Enterococcus_faecalis	DNA gyrase subunit A GyrA	core	AMR	POINT	QUINOLONE	QUINOLONE	WP_033785346.1		No	ETU44550.1	JAHX01000001.1	+	6675	9176								2026-08-07.1
gyrA_E87G	gyrA	Enterococcus_faecalis	DNA gyrase subunit A GyrA	core	AMR	POINT	QUINOLONE	QUINOLONE	WP_033785346.1		No	ETU44550.1	JAHX01000001.1	+	6675	9176								2026-08-07.1
gyrA_E87K	gyrA	Enterococcus_faecalis	DNA gyrase subunit A GyrA	core	AMR	POINT	QUINOLONE	QUINOLONE	WP_033785346.1		No	ETU44550.1	JAHX01000001.1	+	6675	9176								2026-08-07.1
gyrA_E87L	gyrA	Enterococcus_faecalis	DNA gyrase subunit A GyrA	core	AMR	POINT	QUINOLONE	QUINOLONE	WP_033785346.1		No	ETU44550.1	JAHX01000001.1	+	6675	9176								2026-08-07.1
gyrA_E87Y	gyrA	Enterococcus_faecalis	DNA gyrase subunit A GyrA	core	AMR	POINT	QUINOLONE	QUINOLONE	WP_033785346.1		No	ETU44550.1	JAHX01000001.1	+	6675	9176								2026-08-07.1
liaF_I171del	liaF	Enterococcus_faecalis	three-component signaling pathway regulator LiaF	core	AMR	POINT	LIPOPEPTIDE	DAPTOMYCIN	WP_002381168.1	NC_004668.1	No	AAO82601.1	AE016830.1	-	2790821	2791552	-	2790821	2791552	21899450,23507277				2026-08-07.1
liaF_T194I	liaF	Enterococcus_faecalis	three-component signaling pathway regulator LiaF	core	AMR	POINT	LIPOPEPTIDE	DAPTOMYCIN	WP_002381168.1	NC_004668.1	No	AAO82601.1	AE016830.1	-	2790821	2791552	-	2790821	2791552	23959318				2026-08-07.1
liaR_D191N	liaR	Enterococcus_faecalis	response regulator transcription factor LiaR	core	AMR	POINT	LIPOPEPTIDE	DAPTOMYCIN	WP_002355137.1	NC_004668.1	No	AAO82599.1	AE016830.1	-	2789114	2789746	-	2789114	2789746	23959318				2026-08-07.1
liaS_A180T	liaS	Enterococcus_faecalis	sensor histidine kinase LiaS	core	AMR	POINT	LIPOPEPTIDE	DAPTOMYCIN	WP_002365182.1	NC_004668.1	No	AAO82600.1	AE016830.1	-	2789721	2790824	-	2789721	2790824					2026-08-07.1
parC_S80I	parC	Enterococcus_faecalis	DNA topoisomerase IV subunit A ParC	core	AMR	POINT	QUINOLONE	QUINOLONE	WP_002371880.1	NZ_GG692706.1	No	EEU74392.1	GG692706.1	-	359921	362383	-	359921	362383					2026-08-07.1
parC_S80R	parC	Enterococcus_faecalis	DNA topoisomerase IV subunit A ParC	core	AMR	POINT	QUINOLONE	QUINOLONE	WP_002371880.1	NZ_GG692706.1	No	EEU74392.1	GG692706.1	-	359921	362383	-	359921	362383					2026-08-07.1
parC_E84A	parC	Enterococcus_faecalis	DNA topoisomerase IV subunit A ParC	core	AMR	POINT	QUINOLONE	QUINOLONE	WP_002371880.1	NZ_GG692706.1	No	EEU74392.1	GG692706.1	-	359921	362383	-	359921	362383					2026-08-07.1
parC_E84K	parC	Enterococcus_faecalis	DNA topoisomerase IV subunit A ParC	core	AMR	POINT	QUINOLONE	QUINOLONE	WP_002371880.1	NZ_GG692706.1	No	EEU74392.1	GG692706.1	-	359921	362383	-	359921	362383					2026-08-07.1
rpsJ_RATHK53Q	rpsJ	Enterococcus_faecalis	30S ribosomal protein S10	core	AMR	POINT	TETRACYCLINE	TIGECYCLINE	WP_002389727.1	NC_004668.1	No	AAO80074.1	AE016830.1	+	198498	198806	+	198498	198806	26060280,26124155				2026-08-07.1
yybT_I440S	yybT	Enterococcus_faecalis	cyclic dinucleotide phosphodiesterase YybT	core	AMR	POINT	LIPOPEPTIDE	DAPTOMYCIN	WP_002356022.1	NC_004668.1	No	AAO79895.1	AE016830.1	+	10733	12709	+	10733	12709					2026-08-07.1
cls_N13I	cls	Enterococcus_faecium	cardiolipin synthase Cls	core	AMR	POINT	LIPOPEPTIDE	DAPTOMYCIN	WP_002289473.1	NZ_CP013009.1	No	ALL09868.1	CP013009.1	-	1008841	1010292	-	1008841	1010292	21899450,30576392				2026-08-07.1
cls_N13S	cls	Enterococcus_faecium	cardiolipin synthase Cls	core	AMR	POINT	LIPOPEPTIDE	DAPTOMYCIN	WP_002289473.1	NZ_CP013009.1	No	ALL09868.1	CP013009.1	-	1008841	1010292	-	1008841	1010292	30576392				2026-08-07.1
cls_N13T	cls	Enterococcus_faecium	cardiolipin synthase Cls	core	AMR	POINT	LIPOPEPTIDE	DAPTOMYCIN	WP_002289473.1	NZ_CP013009.1	No	ALL09868.1	CP013009.1	-	1008841	1010292	-	1008841	1010292	30576392				2026-08-07.1
cls_A20D	cls	Enterococcus_faecium	cardiolipin synthase Cls	core	AMR	POINT	LIPOPEPTIDE	DAPTOMYCIN	WP_002289473.1	NZ_CP013009.1	No	ALL09868.1	CP013009.1	-	1008841	1010292	-	1008841	1010292	26454536,30576392				2026-08-07.1
cls_D27N	cls	Enterococcus_faecium	cardiolipin synthase Cls	core	AMR	POINT	LIPOPEPTIDE	DAPTOMYCIN	WP_002289473.1	NZ_CP013009.1	No	ALL09868.1	CP013009.1	-	1008841	1010292	-	1008841	1010292	26454536				2026-08-07.1
cls_K59T	cls	Enterococcus_faecium	cardiolipin synthase Cls	core	AMR	POINT	LIPOPEPTIDE	DAPTOMYCIN	WP_002289473.1	NZ_CP013009.1	No	ALL09868.1	CP013009.1	-	1008841	1010292	-	1008841	1010292					2026-08-07.1
cls_R211Q	cls	Enterococcus_faecium	cardiolipin synthase Cls	core	AMR	POINT	LIPOPEPTIDE	DAPTOMYCIN	WP_002289473.1	NZ_CP013009.1	No	ALL09868.1	CP013009.1	-	1008841	1010292	-	1008841	1010292	29195768				2026-08-07.1
cls_H215R	cls	Enterococcus_faecium	cardiolipin synthase Cls	core	AMR	POINT	LIPOPEPTIDE	DAPTOMYCIN	WP_002289473.1	NZ_CP013009.1	No	ALL09868.1	CP013009.1	-	1008841	1010292	-	1008841	1010292	21899450,23114777,26200029,30576392				2026-08-07.1
cls_R218Q	cls	Enterococcus_faecium	cardiolipin synthase Cls	core	AMR	POINT	LIPOPEPTIDE	DAPTOMYCIN	WP_002289473.1	NZ_CP013009.1	No	ALL09868.1	CP013009.1	-	1008841	1010292	-	1008841	1010292	21899450,23114757,23114777,24957825,26200029,26454536,30576392				2026-08-07.1
cls_R267H	cls	Enterococcus_faecium	cardiolipin synthase Cls	core	AMR	POINT	LIPOPEPTIDE	DAPTOMYCIN	WP_002289473.1	NZ_CP013009.1	No	ALL09868.1	CP013009.1	-	1008841	1010292	-	1008841	1010292	24957825,26454536				2026-08-07.1
dltC_S63C	dltC	Enterococcus_faecium	D-alanine--poly(phosphoribitol) ligase subunit DltC	core	AMR	POINT	LIPOPEPTIDE	DAPTOMYCIN	WP_002288092.1	NZ_CP085906.1	No	UEC10579.1	CP085906.1	+	775840	776073	+	775840	776073	34745054				2026-08-07.1
eat(A)_T450I	eat(A)	Enterococcus_faecium	ABC-F type ribosomal protection protein Eat(A)	core	AMR	POINT	PLEUROMUTILIN	PLEUROMUTILIN	WP_002296175.1	NC_017022.1	No	AFC62715.1	CP003351.1	+	659270	660772	+	659270	660772	23836170				2026-08-07.1
gyrA_S83I	gyrA	Enterococcus_faecium	DNA gyrase subunit A GyrA	core	AMR	POINT	QUINOLONE	QUINOLONE	WP_137277832.1	NZ_QPUG01000013.1	No	TKN35901.1	QPUG01000013.1	+	24393	26864	+	24393	26864					2026-08-07.1
gyrA_S83L	gyrA	Enterococcus_faecium	DNA gyrase subunit A GyrA	core	AMR	POINT	QUINOLONE	QUINOLONE	WP_137277832.1	NZ_QPUG01000013.1	No	TKN35901.1	QPUG01000013.1	+	24393	26864	+	24393	26864					2026-08-07.1
gyrA_S83N	gyrA	Enterococcus_faecium	DNA gyrase subunit A GyrA	core	AMR	POINT	QUINOLONE	QUINOLONE	WP_137277832.1	NZ_QPUG01000013.1	No	TKN35901.1	QPUG01000013.1	+	24393	26864	+	24393	26864					2026-08-07.1
gyrA_S83R	gyrA	Enterococcus_faecium	DNA gyrase subunit A GyrA	core	AMR	POINT	QUINOLONE	QUINOLONE	WP_137277832.1	NZ_QPUG01000013.1	No	TKN35901.1	QPUG01000013.1	+	24393	26864	+	24393	26864					2026-08-07.1
gyrA_S83Y	gyrA	Enterococcus_faecium	DNA gyrase subunit A GyrA	core	AMR	POINT	QUINOLONE	QUINOLONE	WP_137277832.1	NZ_QPUG01000013.1	No	TKN35901.1	QPUG01000013.1	+	24393	26864	+	24393	26864					2026-08-07.1
gyrA_E87G	gyrA	Enterococcus_faecium	DNA gyrase subunit A GyrA	core	AMR	POINT	QUINOLONE	QUINOLONE	WP_137277832.1	NZ_QPUG01000013.1	No	TKN35901.1	QPUG01000013.1	+	24393	26864	+	24393	26864					2026-08-07.1
gyrA_E87K	gyrA	Enterococcus_faecium	DNA gyrase subunit A GyrA	core	AMR	POINT	QUINOLONE	QUINOLONE	WP_137277832.1	NZ_QPUG01000013.1	No	TKN35901.1	QPUG01000013.1	+	24393	26864	+	24393	26864					2026-08-07.1
gyrA_E87L	gyrA	Enterococcus_faecium	DNA gyrase subunit A GyrA	core	AMR	POINT	QUINOLONE	QUINOLONE	WP_137277832.1	NZ_QPUG01000013.1	No	TKN35901.1	QPUG01000013.1	+	24393	26864	+	24393	26864					2026-08-07.1
gyrA_S97N	gyrA	Enterococcus_faecium	DNA gyrase subunit A GyrA	core	AMR	POINT	QUINOLONE	QUINOLONE	WP_137277832.1	NZ_QPUG01000013.1	No	TKN35901.1	QPUG01000013.1	+	24393	26864	+	24393	26864					2026-08-07.1
liaF_G135A	liaF	Enterococcus_faecium	three-component signaling pathway regulator LiaF	core	AMR	POINT	LIPOPEPTIDE	DAPTOMYCIN	WP_002295408.1	NZ_LN999844.1	No	CUX99269.1	LN999844.1	-	1854251	1854982	-	1854251	1854982	29195768				2026-08-07.1
liaF_I144T	liaF	Enterococcus_faecium	three-component signaling pathway regulator LiaF	core	AMR	POINT	LIPOPEPTIDE	DAPTOMYCIN	WP_002295408.1	NZ_LN999844.1	No	CUX99269.1	LN999844.1	-	1854251	1854982	-	1854251	1854982					2026-08-07.1
liaF_E239G	liaF	Enterococcus_faecium	three-component signaling pathway regulator LiaF	core	AMR	POINT	LIPOPEPTIDE	DAPTOMYCIN	WP_002295408.1	NZ_LN999844.1	No	CUX99269.1	LN999844.1	-	1854251	1854982	-	1854251	1854982	29195768				2026-08-07.1
liaR_S19F	liaR	Enterococcus_faecium	response regulator transcription factor LiaR	core	AMR	POINT	LIPOPEPTIDE	DAPTOMYCIN	WP_002289153.1	NC_017960.1	No	AFK58562.1	CP003583.1	+	914820	915452	+	914820	915452	26200029,34745054				2026-08-07.1
liaR_W73C	liaR	Enterococcus_faecium	response regulator transcription factor LiaR	core	AMR	POINT	LIPOPEPTIDE	DAPTOMYCIN	WP_002289153.1	NC_017960.1	No	AFK58562.1	CP003583.1	+	914820	915452	+	914820	915452	22664970,34745054				2026-08-07.1
liaR_E75K	liaR	Enterococcus_faecium	response regulator transcription factor LiaR	core	AMR	POINT	LIPOPEPTIDE	DAPTOMYCIN	WP_002289153.1	NC_017960.1	No	AFK58562.1	CP003583.1	+	914820	915452	+	914820	915452	38219758				2026-08-07.1
liaS_G92D	liaS	Enterococcus_faecium	sensor histidine kinase LiaS	core	AMR	POINT	LIPOPEPTIDE	DAPTOMYCIN	WP_002289154.1	NC_017960.1	No	AFK58561.1	CP003583.1	+	913746	914813	+	913746	914813	27353469				2026-08-07.1
liaS_T120A	liaS	Enterococcus_faecium	sensor histidine kinase LiaS	core	AMR	POINT	LIPOPEPTIDE	DAPTOMYCIN	WP_002289154.1	NC_017960.1	No	AFK58561.1	CP003583.1	+	913746	914813	+	913746	914813	22664970,34745054				2026-08-07.1
liaS_A180T	liaS	Enterococcus_faecium	sensor histidine kinase LiaS	core	AMR	POINT	LIPOPEPTIDE	DAPTOMYCIN	WP_002289154.1	NC_017960.1	No	AFK58561.1	CP003583.1	+	913746	914813	+	913746	914813					2026-08-07.1
liaS_E192G	liaS	Enterococcus_faecium	sensor histidine kinase LiaS	core	AMR	POINT	LIPOPEPTIDE	DAPTOMYCIN	WP_002289154.1	NC_017960.1	No	AFK58561.1	CP003583.1	+	913746	914813	+	913746	914813					2026-08-07.1
liaS_H264Q	liaS	Enterococcus_faecium	sensor histidine kinase LiaS	core	AMR	POINT	LIPOPEPTIDE	DAPTOMYCIN	WP_002289154.1	NC_017960.1	No	AFK58561.1	CP003583.1	+	913746	914813	+	913746	914813					2026-08-07.1
parC_S80I	parC	Enterococcus_faecium	DNA topoisomerase IV subunit A ParC	core	AMR	POINT	QUINOLONE	QUINOLONE	WP_115256011.1	NZ_UFYR01000002.1	No	STD68199.1	UFYR01000002.1	-	1608698	1611148	-	1608698	1611148					2026-08-07.1
parC_S80R	parC	Enterococcus_faecium	DNA topoisomerase IV subunit A ParC	core	AMR	POINT	QUINOLONE	QUINOLONE	WP_115256011.1	NZ_UFYR01000002.1	No	STD68199.1	UFYR01000002.1	-	1608698	1611148	-	1608698	1611148					2026-08-07.1
parC_E84A	parC	Enterococcus_faecium	DNA topoisomerase IV subunit A ParC	core	AMR	POINT	QUINOLONE	QUINOLONE	WP_115256011.1	NZ_UFYR01000002.1	No	STD68199.1	UFYR01000002.1	-	1608698	1611148	-	1608698	1611148					2026-08-07.1
parC_E84K	parC	Enterococcus_faecium	DNA topoisomerase IV subunit A ParC	core	AMR	POINT	QUINOLONE	QUINOLONE	WP_115256011.1	NZ_UFYR01000002.1	No	STD68199.1	UFYR01000002.1	-	1608698	1611148	-	1608698	1611148					2026-08-07.1
parC_E84T	parC	Enterococcus_faecium	DNA topoisomerase IV subunit A ParC	core	AMR	POINT	QUINOLONE	QUINOLONE	WP_115256011.1	NZ_UFYR01000002.1	No	STD68199.1	UFYR01000002.1	-	1608698	1611148	-	1608698	1611148					2026-08-07.1
pbp5_D325E	pbp5	Enterococcus_faecium	penicillin-binding protein 5	core	AMR	POINT	BETA-LACTAM	BETA-LACTAM	WP_070676928.1		No	AIG13035.1	KJ742831.1	+	1	2037				23233485				2026-08-07.1
pbp5_A401S	pbp5	Enterococcus_faecium	penicillin-binding protein 5	core	AMR	POINT	BETA-LACTAM	BETA-LACTAM	WP_070676928.1		No	AIG13035.1	KJ742831.1	+	1	2037				23233485				2026-08-07.1
pbp5_M426I	pbp5	Enterococcus_faecium	penicillin-binding protein 5	core	AMR	POINT	BETA-LACTAM	BETA-LACTAM	WP_070676928.1		No	AIG13035.1	KJ742831.1	+	1	2037				8834879,38219758				2026-08-07.1
pbp5_D434A	pbp5	Enterococcus_faecium	penicillin-binding protein 5	core	AMR	POINT	BETA-LACTAM	BETA-LACTAM	WP_070676928.1		No	AIG13035.1	KJ742831.1	+	1	2037				31010813				2026-08-07.1
pbp5_S466SS	pbp5	Enterococcus_faecium	penicillin-binding protein 5	core	AMR	POINT	BETA-LACTAM	BETA-LACTAM	WP_070676928.1		No	AIG13035.1	KJ742831.1	+	1	2037				29617860				2026-08-07.1
pbp5_D467DD	pbp5	Enterococcus_faecium	penicillin-binding protein 5	core	AMR	POINT	BETA-LACTAM	BETA-LACTAM	WP_070676928.1		No	AIG13035.1	KJ742831.1	+	1	2037				29617860				2026-08-07.1
pbp5_M485A	pbp5	Enterococcus_faecium	penicillin-binding protein 5	core	AMR	POINT	BETA-LACTAM	BETA-LACTAM	WP_070676928.1		No	AIG13035.1	KJ742831.1	+	1	2037				34694881				2026-08-07.1
pbp5_M485T	pbp5	Enterococcus_faecium	penicillin-binding protein 5	core	AMR	POINT	BETA-LACTAM	BETA-LACTAM	WP_070676928.1		No	AIG13035.1	KJ742831.1	+	1	2037				34694881				2026-08-07.1
pbp5_N496K	pbp5	Enterococcus_faecium	penicillin-binding protein 5	core	AMR	POINT	BETA-LACTAM	BETA-LACTAM	WP_070676928.1		No	AIG13035.1	KJ742831.1	+	1	2037				12791845				2026-08-07.1
pbp5_A499T	pbp5	Enterococcus_faecium	penicillin-binding protein 5	core	AMR	POINT	BETA-LACTAM	BETA-LACTAM	WP_070676928.1		No	AIG13035.1	KJ742831.1	+	1	2037				8759860,12791845				2026-08-07.1
pbp5_V586L	pbp5	Enterococcus_faecium	penicillin-binding protein 5	core	AMR	POINT	BETA-LACTAM	BETA-LACTAM	WP_070676928.1		No	AIG13035.1	KJ742831.1	+	1	2037				8834879,38219758				2026-08-07.1
pbp5_L610I	pbp5	Enterococcus_faecium	penicillin-binding protein 5	core	AMR	POINT	BETA-LACTAM	BETA-LACTAM	WP_070676928.1		No	AIG13035.1	KJ742831.1	+	1	2037				23233485				2026-08-07.1
pbp5_E629V	pbp5	Enterococcus_faecium	penicillin-binding protein 5	core	AMR	POINT	BETA-LACTAM	BETA-LACTAM	WP_070676928.1		No	AIG13035.1	KJ742831.1	+	1	2037				38219758				2026-08-07.1
rplC_K95T	rplC	Enterococcus_faecium	50S ribosomal protein L3	core	AMR	POINT	OXAZOLIDINONE	LINEZOLID	WP_002290445.1	NZ_CP058891.1	No	URT58397.1	CP058891.1	+	75765	76394	+	75765	76394	28483950,29878213				2026-08-07.1
rplD_G71GG	rplD	Enterococcus_faecium	50S ribosomal protein L4	core	AMR	POINT	OXAZOLIDINONE	LINEZOLID	WP_002290446.1	NZ_CP058891.1	No	URT58398.1	CP058891.1	+	76422	77045	+	76422	77045	27893790				2026-08-07.1
rplD_N130K	rplD	Enterococcus_faecium	50S ribosomal protein L4	core	AMR	POINT	OXAZOLIDINONE	LINEZOLID	WP_002290446.1	NZ_CP058891.1	No	URT58398.1	CP058891.1	+	76422	77045	+	76422	77045	33238406,35018102				2026-08-07.1
rplV_S77T	rplV	Enterococcus_faecium	50S ribosomal protein L22	core	AMR	POINT	OXAZOLIDINONE	LINEZOLID	WP_002288657.1	NZ_CP058891.1	No	URT58402.1	CP058891.1	+	78551	78898	+	78551	78898	35018102				2026-08-07.1
rpoB_G482D	rpoB	Enterococcus_faecium	DNA-directed RNA polymerase subunit beta RpoB	core	AMR	POINT	LIPOPEPTIDE/RIFAMYCIN	DAPTOMYCIN/RIFAXIMIN	WP_002295964.1	NZ_CP085906.1	No	UEC09877.1	CP085906.1	-	2765036	2768653	-	2765036	2768653					2026-08-07.1
rpoB_H486Y	rpoB	Enterococcus_faecium	DNA-directed RNA polymerase subunit beta RpoB	core	AMR	POINT	LIPOPEPTIDE/RIFAMYCIN	DAPTOMYCIN/RIFAXIMIN	WP_002295964.1	NZ_CP085906.1	No	UEC09877.1	CP085906.1	-	2765036	2768653	-	2765036	2768653					2026-08-07.1
rpoC_T641K	rpoC	Enterococcus_faecium	DNA-directed RNA polymerase subunit beta RpoC	core	AMR	POINT	LIPOPEPTIDE	DAPTOMYCIN	WP_002288141.1	NZ_CP085906.1	No	UEC09876.1	CP085906.1	-	2761304	2764978	-	2761304	2764978	34745054				2026-08-07.1
rpsJ_I52del	rpsJ	Enterococcus_faecium	30S ribosomal protein S10	core	AMR	POINT	TETRACYCLINE	TIGECYCLINE	WP_002290443.1	NC_017022.2	No	AFC62180.1	CP003351.2	+	97343	97651	+	97343	97651	26364847				2026-08-07.1
rpsJ_IRATH52del	rpsJ	Enterococcus_faecium	30S ribosomal protein S10	core	AMR	POINT	TETRACYCLINE	TIGECYCLINE	WP_002290443.1	NC_017022.2	No	AFC62180.1	CP003351.2	+	97343	97651	+	97343	97651	26364847				2026-08-07.1
rpsJ_RATHK53Q	rpsJ	Enterococcus_faecium	30S ribosomal protein S10	core	AMR	POINT	TETRACYCLINE	TIGECYCLINE	WP_002290443.1	NC_017022.2	No	AFC62180.1	CP003351.2	+	97343	97651	+	97343	97651	26124155				2026-08-07.1
rpsJ_AT54EA	rpsJ	Enterococcus_faecium	30S ribosomal protein S10	core	AMR	POINT	TETRACYCLINE	TIGECYCLINE	WP_002290443.1	NC_017022.2	No	AFC62180.1	CP003351.2	+	97343	97651	+	97343	97651	26124155				2026-08-07.1
rpsJ_ATH54ETR	rpsJ	Enterococcus_faecium	30S ribosomal protein S10	core	AMR	POINT	TETRACYCLINE	TIGECYCLINE	WP_002290443.1	NC_017022.2	No	AFC62180.1	CP003351.2	+	97343	97651	+	97343	97651	26364847				2026-08-07.1
rpsJ_HK56RN	rpsJ	Enterococcus_faecium	30S ribosomal protein S10	core	AMR	POINT	TETRACYCLINE	TIGECYCLINE	WP_002290443.1	NC_017022.2	No	AFC62180.1	CP003351.2	+	97343	97651	+	97343	97651	26124155				2026-08-07.1
rpsJ_K57E	rpsJ	Enterococcus_faecium	30S ribosomal protein S10	core	AMR	POINT	TETRACYCLINE	TIGECYCLINE	WP_002290443.1	NC_017022.2	No	AFC62180.1	CP003351.2	+	97343	97651	+	97343	97651	25348531,26124155,33122095				2026-08-07.1
rpsJ_K57R	rpsJ	Enterococcus_faecium	30S ribosomal protein S10	core	AMR	POINT	TETRACYCLINE	TIGECYCLINE	WP_002290443.1	NC_017022.2	No	AFC62180.1	CP003351.2	+	97343	97651	+	97343	97651	26124155,33122095				2026-08-07.1
rpsJ_KY57RD	rpsJ	Enterococcus_faecium	30S ribosomal protein S10	core	AMR	POINT	TETRACYCLINE	TIGECYCLINE	WP_002290443.1	NC_017022.2	No	AFC62180.1	CP003351.2	+	97343	97651	+	97343	97651	26124155				2026-08-07.1
rpsJ_Y58D	rpsJ	Enterococcus_faecium	30S ribosomal protein S10	core	AMR	POINT	TETRACYCLINE	TIGECYCLINE	WP_002290443.1	NC_017022.2	No	AFC62180.1	CP003351.2	+	97343	97651	+	97343	97651	26124155,40334841				2026-08-07.1
rpsJ_Y58H	rpsJ	Enterococcus_faecium	30S ribosomal protein S10	core	AMR	POINT	TETRACYCLINE	TIGECYCLINE	WP_002290443.1	NC_017022.2	No	AFC62180.1	CP003351.2	+	97343	97651	+	97343	97651	26364847				2026-08-07.1
rpsJ_Y58S	rpsJ	Enterococcus_faecium	30S ribosomal protein S10	core	AMR	POINT	TETRACYCLINE	TIGECYCLINE	WP_002290443.1	NC_017022.2	No	AFC62180.1	CP003351.2	+	97343	97651	+	97343	97651	26124155				2026-08-07.1
rpsJ_D60Y	rpsJ	Enterococcus_faecium	30S ribosomal protein S10	core	AMR	POINT	TETRACYCLINE	TIGECYCLINE	WP_002290443.1	NC_017022.2	No	AFC62180.1	CP003351.2	+	97343	97651	+	97343	97651	25348531,26124155,33122095				2026-08-07.1
acrB_R620C	acrB	Escherichia	multidrug efflux RND transporter permease subunit AcrB	core	AMR	POINT	TETRACYCLINE	TIGECYCLINE	WP_086259262.1	NZ_NENT01000005.1	No	OTD55746.1	NENT01000005.1	-	125849	128998	-	125849	128998	30519062				2026-08-07.1
acrB_R717L	acrB	Escherichia	multidrug efflux RND transporter permease subunit AcrB	core	AMR	POINT	MACROLIDE	AZITHROMYCIN/CLARITHROMYCIN/ERYTHROMYCIN	WP_086259262.1	NZ_NENT01000005.1	No	OTD55746.1	NENT01000005.1	-	125849	128998	-	125849	128998	35311521				2026-08-07.1
acrB_R717Q	acrB	Escherichia	multidrug efflux RND transporter permease subunit AcrB	core	AMR	POINT	MACROLIDE	AZITHROMYCIN/CLARITHROMYCIN/ERYTHROMYCIN	WP_086259262.1	NZ_NENT01000005.1	No	OTD55746.1	NENT01000005.1	-	125849	128998	-	125849	128998	35311521				2026-08-07.1
acrR_T5N	acrR	Escherichia	transcriptional regulator AcrR	core	AMR	POINT	MULTIDRUG	AMPICILLIN/CHLORAMPHENICOL/FLUOROQUINOLONE/RIFAMPIN/TETRACYCLINE	WP_000101737.1	NC_000913.3	No	AAC73566.1	U00096.3	+	485761	486408	+	485761	486408	11302820				2026-08-07.1
acrR_G28R	acrR	Escherichia	transcriptional regulator AcrR	core	AMR	POINT	MULTIDRUG	AMPICILLIN/CHLORAMPHENICOL/FLUOROQUINOLONE/RIFAMPIN/TETRACYCLINE	WP_000101737.1	NC_000913.3	No	AAC73566.1	U00096.3	+	485761	486408	+	485761	486408	11302820				2026-08-07.1
acrR_R45C	acrR	Escherichia	transcriptional regulator AcrR	core	AMR	POINT	MULTIDRUG	AMPICILLIN/CHLORAMPHENICOL/FLUOROQUINOLONE/RIFAMPIN/TETRACYCLINE	WP_000101737.1	NC_000913.3	No	AAC73566.1	U00096.3	+	485761	486408	+	485761	486408	31839709				2026-08-07.1
	acrR	Escherichia	Escherichia transcriptional regulator AcrR	core	AMR	POINT_DISRUPT	MULTIDRUG	AMPICILLIN/CHLORAMPHENICOL/FLUOROQUINOLONE/RIFAMPIN/TETRACYCLINE	WP_000101737.1		No	BAE76243.1	AP009048.1	+	484985	485632							acrR	2026-08-07.1
baeR_G23E	baeR	Escherichia	envelope stress response regulator BaeR	core	AMR	POINT	BETA-LACTAM	AZTREONAM-AVIBACTAM	WP_000137877.1	NZ_CP032679.1	No	QPA15864.1	CP032679.1	+	2164281	2165003	+	2164281	2165003	34568905				2026-08-07.1
baeS_Y42H	baeS	Escherichia	two-component system sensor histidine kinase BaeS	core	AMR	POINT	BETA-LACTAM	AZTREONAM-AVIBACTAM	WP_000675150.1	NZ_CP122319.1	No	WIA76134.1	CP122319.1	+	4597951	4599354	+	4597951	4599354	34568905				2026-08-07.1
baeS_R153P	baeS	Escherichia	two-component system sensor histidine kinase BaeS	core	AMR	POINT	BETA-LACTAM	TEMOCILLIN	WP_000675150.1	NZ_CP122319.1	No	WIA76134.1	CP122319.1	+	4597951	4599354	+	4597951	4599354	38501355				2026-08-07.1
baeS_F159L	baeS	Escherichia	two-component system sensor histidine kinase BaeS	core	AMR	POINT	BETA-LACTAM	AZTREONAM-AVIBACTAM	WP_000675150.1	NZ_CP122319.1	No	WIA76134.1	CP122319.1	+	4597951	4599354	+	4597951	4599354	34568905				2026-08-07.1
baeS_Q163E	baeS	Escherichia	two-component system sensor histidine kinase BaeS	core	AMR	POINT	BETA-LACTAM	TEMOCILLIN	WP_000675150.1	NZ_CP122319.1	No	WIA76134.1	CP122319.1	+	4597951	4599354	+	4597951	4599354	38305703				2026-08-07.1
baeS_Q163H	baeS	Escherichia	two-component system sensor histidine kinase BaeS	core	AMR	POINT	BETA-LACTAM	AZTREONAM-AVIBACTAM	WP_000675150.1	NZ_CP122319.1	No	WIA76134.1	CP122319.1	+	4597951	4599354	+	4597951	4599354	34568905				2026-08-07.1
baeS_Q163L	baeS	Escherichia	two-component system sensor histidine kinase BaeS	core	AMR	POINT	BETA-LACTAM	CEFTIBUTEN/CEFTIBUTEN-AVIBACTAM	WP_000675150.1	NZ_CP122319.1	No	WIA76134.1	CP122319.1	+	4597951	4599354	+	4597951	4599354	39665271				2026-08-07.1
baeS_T175P	baeS	Escherichia	two-component system sensor histidine kinase BaeS	core	AMR	POINT	BETA-LACTAM	TEMOCILLIN	WP_000675150.1	NZ_CP122319.1	No	WIA76134.1	CP122319.1	+	4597951	4599354	+	4597951	4599354	38501355				2026-08-07.1
basR_G15R	basR	Escherichia	two-component system response regulator BasR	core	AMR	POINT	COLISTIN	COLISTIN	WP_094970923.1	NZ_NQIR01000016.1	No	OZX69954.1	NQIR01000016.1	+	27940	28608	+	27940	28608	30863849				2026-08-07.1
basR_S39I	basR	Escherichia	two-component system response regulator BasR	core	AMR	POINT	COLISTIN	COLISTIN	WP_094970923.1	NZ_NQIR01000016.1	No	OZX69954.1	NQIR01000016.1	+	27940	28608	+	27940	28608	30863849				2026-08-07.1
basR_G53A	basR	Escherichia	two-component system response regulator BasR	core	AMR	POINT	COLISTIN	COLISTIN	WP_094970923.1	NZ_NQIR01000016.1	No	OZX69954.1	NQIR01000016.1	+	27940	28608	+	27940	28608	30863849				2026-08-07.1
basR_G53C	basR	Escherichia	two-component system response regulator BasR	core	AMR	POINT	COLISTIN	COLISTIN	WP_094970923.1	NZ_NQIR01000016.1	No	OZX69954.1	NQIR01000016.1	+	27940	28608	+	27940	28608	30863849				2026-08-07.1
basR_G53E	basR	Escherichia	two-component system response regulator BasR	core	AMR	POINT	COLISTIN	COLISTIN	WP_094970923.1	NZ_NQIR01000016.1	No	OZX69954.1	NQIR01000016.1	+	27940	28608	+	27940	28608	30863849				2026-08-07.1
basR_G53R	basR	Escherichia	two-component system response regulator BasR	core	AMR	POINT	COLISTIN	COLISTIN	WP_094970923.1	NZ_NQIR01000016.1	No	OZX69954.1	NQIR01000016.1	+	27940	28608	+	27940	28608	30863849				2026-08-07.1
basR_G53S	basR	Escherichia	two-component system response regulator BasR	core	AMR	POINT	COLISTIN	COLISTIN	WP_094970923.1	NZ_NQIR01000016.1	No	OZX69954.1	NQIR01000016.1	+	27940	28608	+	27940	28608	30863849				2026-08-07.1
basR_G53V	basR	Escherichia	two-component system response regulator BasR	core	AMR	POINT	COLISTIN	COLISTIN	WP_094970923.1	NZ_NQIR01000016.1	No	OZX69954.1	NQIR01000016.1	+	27940	28608	+	27940	28608	30863849				2026-08-07.1
basR_G53W	basR	Escherichia	two-component system response regulator BasR	core	AMR	POINT	COLISTIN	COLISTIN	WP_094970923.1	NZ_NQIR01000016.1	No	OZX69954.1	NQIR01000016.1	+	27940	28608	+	27940	28608	30863849				2026-08-07.1
basR_A80V	basR	Escherichia	two-component system response regulator BasR	core	AMR	POINT	COLISTIN	COLISTIN	WP_094970923.1	NZ_NQIR01000016.1	No	OZX69954.1	NQIR01000016.1	+	27940	28608	+	27940	28608	32764996				2026-08-07.1
basR_R81L	basR	Escherichia	two-component system response regulator BasR	core	AMR	POINT	COLISTIN	COLISTIN	WP_094970923.1	NZ_NQIR01000016.1	No	OZX69954.1	NQIR01000016.1	+	27940	28608	+	27940	28608	30863849				2026-08-07.1
basR_R81S	basR	Escherichia	two-component system response regulator BasR	core	AMR	POINT	COLISTIN	COLISTIN	WP_094970923.1	NZ_NQIR01000016.1	No	OZX69954.1	NQIR01000016.1	+	27940	28608	+	27940	28608	30863849				2026-08-07.1
basR_L105P	basR	Escherichia	two-component system response regulator BasR	core	AMR	POINT	COLISTIN	COLISTIN	WP_094970923.1	NZ_NQIR01000016.1	No	OZX69954.1	NQIR01000016.1	+	27940	28608	+	27940	28608	29914952				2026-08-07.1
cirA_Q42Ter	cirA	Escherichia	catecholate siderophore receptor CirA	core	AMR	POINT	BETA-LACTAM	CEFIDEROCOL	WP_000489247.1	NZ_JAQJWZ010000062.1	No	MDA7121563.1	JAQJWZ010000062.1	-	15628	17619	-	15628	17619	38289725				2026-08-07.1
cirA_R86S	cirA	Escherichia	catecholate siderophore receptor CirA	core	AMR	POINT	BETA-LACTAM	CEFIDEROCOL	WP_000489247.1	NZ_JAQJWZ010000062.1	No	MDA7121563.1	JAQJWZ010000062.1	-	15628	17619	-	15628	17619	36864015				2026-08-07.1
cirA_S90YfsTer15	cirA	Escherichia	catecholate siderophore receptor CirA	core	AMR	POINT	BETA-LACTAM	CEFIDEROCOL	WP_000489247.1	NZ_JAQJWZ010000062.1	No	MDA7121563.1	JAQJWZ010000062.1	-	15628	17619	-	15628	17619	40780590				2026-08-07.1
cirA_E388Ter	cirA	Escherichia	catecholate siderophore receptor CirA	core	AMR	POINT	BETA-LACTAM	CEFIDEROCOL	WP_000489247.1	NZ_JAQJWZ010000062.1	No	MDA7121563.1	JAQJWZ010000062.1	-	15628	17619	-	15628	17619	35481835				2026-08-07.1
	cirA	Escherichia	Escherichia catecholate siderophore receptor CirA	core	AMR	POINT_DISRUPT	BETA-LACTAM	CEFIDEROCOL	WP_000489247.1		No	MDA7121563.1	JAQJWZ010000062.1	-	15628	17619				40780590			cirA	2026-08-07.1
cyaA_S352T	cyaA	Escherichia	adenylate cyclase CyaA	core	AMR	POINT	FOSMIDOMYCIN	FOSMIDOMYCIN	WP_000281668.1	NZ_HG738867.1	No	CDJ73082.1	HG738867.1	-	2786399	2788945	-	2786399	2788945					2026-08-07.1
emrR_L64R	emrR	Escherichia	multidrug efflux transporter EmrAB transcriptional repressor EmrR	core	AMR	POINT	QUINOLONE	NITROXOLINE	WP_000378442.1		No	ERB14300.1	AWBL01000027.1	+	361055	361585				31633764				2026-08-07.1
emrR_L113P	emrR	Escherichia	multidrug efflux transporter EmrAB transcriptional repressor EmrR	core	AMR	POINT	QUINOLONE	NITROXOLINE	WP_000378442.1		No	ERB14300.1	AWBL01000027.1	+	361055	361585				31633764				2026-08-07.1
fabG_Y151V	fabG	Escherichia	beta-ketoacyl-ACP reductase FabG	core	AMR	POINT	TRICLOSAN	TRICLOSAN	WP_001718014.1	NZ_AQDR01000067.1	No	EMW23334.1	AQDR01000067.1	+	197400	198134	+	197400	198134					2026-08-07.1
fabI_G93A	fabI	Escherichia	enoyl-[acyl-carrier-protein] reductase FabI	core	AMR	POINT	ISONIAZID/TRICLOSAN	ISONIAZID/TRICLOSAN	WP_000506490.1	NC_000913.3	No	AAC74370.1	U00096.3	-	1350251	1351039	-	1350251	1351039	27577999				2026-08-07.1
fabI_G93S	fabI	Escherichia	enoyl-[acyl-carrier-protein] reductase FabI	core	AMR	POINT	ISONIAZID/TRICLOSAN	ISONIAZID/TRICLOSAN	WP_000506490.1	NC_000913.3	No	AAC74370.1	U00096.3	-	1350251	1351039	-	1350251	1351039	27577999				2026-08-07.1
fabI_G93V	fabI	Escherichia	enoyl-[acyl-carrier-protein] reductase FabI	core	AMR	POINT	ISONIAZID/TRICLOSAN	ISONIAZID/TRICLOSAN	WP_000506490.1	NC_000913.3	No	AAC74370.1	U00096.3	-	1350251	1351039	-	1350251	1351039	27577999				2026-08-07.1
fabI_M159T	fabI	Escherichia	enoyl-[acyl-carrier-protein] reductase FabI	core	AMR	POINT	TRICLOSAN	TRICLOSAN	WP_000506490.1	NC_000913.3	No	AAC74370.1	U00096.3	-	1350251	1351039	-	1350251	1351039	12693936,33945454				2026-08-07.1
fabI_F203A	fabI	Escherichia	enoyl-[acyl-carrier-protein] reductase FabI	core	AMR	POINT	ISONIAZID/TRICLOSAN	ISONIAZID/TRICLOSAN	WP_000506490.1	NC_000913.3	No	AAC74370.1	U00096.3	-	1350251	1351039	-	1350251	1351039	27577999				2026-08-07.1
fabI_F203C	fabI	Escherichia	enoyl-[acyl-carrier-protein] reductase FabI	core	AMR	POINT	ISONIAZID/TRICLOSAN	ISONIAZID/TRICLOSAN	WP_000506490.1	NC_000913.3	No	AAC74370.1	U00096.3	-	1350251	1351039	-	1350251	1351039	27577999				2026-08-07.1
fabI_F203L	fabI	Escherichia	enoyl-[acyl-carrier-protein] reductase FabI	core	AMR	POINT	ISONIAZID/TRICLOSAN	ISONIAZID/TRICLOSAN	WP_000506490.1	NC_000913.3	No	AAC74370.1	U00096.3	-	1350251	1351039	-	1350251	1351039	27577999				2026-08-07.1
fabI_F203V	fabI	Escherichia	enoyl-[acyl-carrier-protein] reductase FabI	core	AMR	POINT	TRICLOSAN	TRICLOSAN	WP_000506490.1	NC_000913.3	No	AAC74370.1	U00096.3	-	1350251	1351039	-	1350251	1351039	33945454				2026-08-07.1
folP_F28I	folP	Escherichia	dihydropteroate synthase FolP	core	AMR	POINT	SULFONAMIDE	SULFONAMIDE	WP_000764731.1	NZ_BGJU01000040.1	No	GDV24718.1	BGJU01000040.1	-	51221	52069	-	51221	52069					2026-08-07.1
folP_F28L	folP	Escherichia	dihydropteroate synthase FolP	core	AMR	POINT	SULFONAMIDE	SULFONAMIDE	WP_000764731.1	NZ_BGJU01000040.1	No	GDV24718.1	BGJU01000040.1	-	51221	52069	-	51221	52069					2026-08-07.1
folP_P64A	folP	Escherichia	dihydropteroate synthase FolP	core	AMR	POINT	SULFONAMIDE	SULFONAMIDE	WP_000764731.1	NZ_BGJU01000040.1	No	GDV24718.1	BGJU01000040.1	-	51221	52069	-	51221	52069					2026-08-07.1
folP_P64H	folP	Escherichia	dihydropteroate synthase FolP	core	AMR	POINT	SULFONAMIDE	SULFONAMIDE	WP_000764731.1	NZ_BGJU01000040.1	No	GDV24718.1	BGJU01000040.1	-	51221	52069	-	51221	52069					2026-08-07.1
folP_P64L	folP	Escherichia	dihydropteroate synthase FolP	core	AMR	POINT	SULFONAMIDE	SULFONAMIDE	WP_000764731.1	NZ_BGJU01000040.1	No	GDV24718.1	BGJU01000040.1	-	51221	52069	-	51221	52069					2026-08-07.1
folP_P64R	folP	Escherichia	dihydropteroate synthase FolP	core	AMR	POINT	SULFONAMIDE	SULFONAMIDE	WP_000764731.1	NZ_BGJU01000040.1	No	GDV24718.1	BGJU01000040.1	-	51221	52069	-	51221	52069					2026-08-07.1
folP_P64S	folP	Escherichia	dihydropteroate synthase FolP	core	AMR	POINT	SULFONAMIDE	SULFONAMIDE	WP_000764731.1	NZ_BGJU01000040.1	No	GDV24718.1	BGJU01000040.1	-	51221	52069	-	51221	52069					2026-08-07.1
ftsI_R335RVPYR	ftsI	Escherichia	penicillin-binding protein PBP3 FtsI	core	AMR	POINT	BETA-LACTAM	CEPHALOSPORIN	WP_000642196.1		No	AAA24300.1	K00137.1	+	628	2394				38305674				2026-08-07.1
ftsI_I336IKYRI	ftsI	Escherichia	penicillin-binding protein PBP3 FtsI	core	AMR	POINT	BETA-LACTAM	AZTREONAM/CEFIDEROCOL/CEPHALOSPORIN	WP_000642196.1		No	AAA24300.1	K00137.1	+	628	2394				25634992,29061754,32988825,38661186				2026-08-07.1
ftsI_I336IPYRI	ftsI	Escherichia	penicillin-binding protein PBP3 FtsI	core	AMR	POINT	BETA-LACTAM	AZTREONAM	WP_000642196.1		No	AAA24300.1	K00137.1	+	628	2394				32988825				2026-08-07.1
ftsI_N337NYRIN	ftsI	Escherichia	penicillin-binding protein PBP3 FtsI	core	AMR	POINT	BETA-LACTAM	AZTREONAM/CEFIDEROCOL/CEPHALOSPORIN	WP_000642196.1		No	AAA24300.1	K00137.1	+	628	2394				25634992,32988825,37610183,38661186				2026-08-07.1
ftsI_L350F	ftsI	Escherichia	penicillin-binding protein PBP3 FtsI	core	AMR	POINT	BETA-LACTAM	CEFTIBUTEN/CEFTIBUTEN-AVIBACTAM	WP_000642196.1		No	AAA24300.1	K00137.1	+	628	2394				39665271				2026-08-07.1
ftsI_G363S	ftsI	Escherichia	penicillin-binding protein PBP3 FtsI	core	AMR	POINT	BETA-LACTAM	CEFTIBUTEN/CEFTIBUTEN-AVIBACTAM	WP_000642196.1		No	AAA24300.1	K00137.1	+	628	2394				39665271				2026-08-07.1
ftsI_G363V	ftsI	Escherichia	penicillin-binding protein PBP3 FtsI	core	AMR	POINT	BETA-LACTAM	CEFTIBUTEN/CEFTIBUTEN-AVIBACTAM	WP_000642196.1		No	AAA24300.1	K00137.1	+	628	2394				39665271				2026-08-07.1
ftsI_S365Y	ftsI	Escherichia	penicillin-binding protein PBP3 FtsI	core	AMR	POINT	BETA-LACTAM	CEFTIBUTEN/CEFTIBUTEN-AVIBACTAM	WP_000642196.1		No	AAA24300.1	K00137.1	+	628	2394				39665271				2026-08-07.1
ftsI_A498T	ftsI	Escherichia	penicillin-binding protein PBP3 FtsI	core	AMR	POINT	BETA-LACTAM	CEPHALOSPORIN	WP_000642196.1		No	AAA24300.1	K00137.1	+	628	2394				34568905				2026-08-07.1
gyrA_A51V	gyrA	Escherichia	DNA gyrase subunit A GyrA	core	AMR	POINT	QUINOLONE	QUINOLONE	WP_001281243.1	NZ_CP031609.1	No	AXO84158.1	CP031609.1	+	2607950	2610586	+	2607950	2610586	11451702				2026-08-07.1
gyrA_N57K	gyrA	Escherichia	DNA gyrase subunit A GyrA	core	AMR	POINT	QUINOLONE	QUINOLONE	WP_001281243.1	NZ_CP031609.1	No	AXO84158.1	CP031609.1	+	2607950	2610586	+	2607950	2610586					2026-08-07.1
gyrA_A67S	gyrA	Escherichia	DNA gyrase subunit A GyrA	core	AMR	POINT	QUINOLONE	QUINOLONE	WP_001281243.1	NZ_CP031609.1	No	AXO84158.1	CP031609.1	+	2607950	2610586	+	2607950	2610586	2168148				2026-08-07.1
gyrA_H80P	gyrA	Escherichia	DNA gyrase subunit A GyrA	core	AMR	POINT	QUINOLONE	QUINOLONE	WP_001281243.1	NZ_CP031609.1	No	AXO84158.1	CP031609.1	+	2607950	2610586	+	2607950	2610586					2026-08-07.1
gyrA_G81C	gyrA	Escherichia	DNA gyrase subunit A GyrA	core	AMR	POINT	QUINOLONE	QUINOLONE	WP_001281243.1	NZ_CP031609.1	No	AXO84158.1	CP031609.1	+	2607950	2610586	+	2607950	2610586	2168148				2026-08-07.1
gyrA_G81D	gyrA	Escherichia	DNA gyrase subunit A GyrA	core	AMR	POINT	QUINOLONE	QUINOLONE	WP_001281243.1	NZ_CP031609.1	No	AXO84158.1	CP031609.1	+	2607950	2610586	+	2607950	2610586	8392306				2026-08-07.1
gyrA_D82G	gyrA	Escherichia	DNA gyrase subunit A GyrA	core	AMR	POINT	QUINOLONE	QUINOLONE	WP_001281243.1	NZ_CP031609.1	No	AXO84158.1	CP031609.1	+	2607950	2610586	+	2607950	2610586	8980760				2026-08-07.1
gyrA_S83A	gyrA	Escherichia	DNA gyrase subunit A GyrA	core	AMR	POINT	QUINOLONE	QUINOLONE	WP_001281243.1	NZ_CP031609.1	No	AXO84158.1	CP031609.1	+	2607950	2610586	+	2607950	2610586	10590273,11699598,12654733				2026-08-07.1
gyrA_S83F	gyrA	Escherichia	DNA gyrase subunit A GyrA	core	AMR	POINT	QUINOLONE/TRICLOSAN	QUINOLONE/TRICLOSAN	WP_001281243.1	NZ_CP031609.1	No	AXO84158.1	CP031609.1	+	2607950	2610586	+	2607950	2610586					2026-08-07.1
gyrA_S83I	gyrA	Escherichia	DNA gyrase subunit A GyrA	core	AMR	POINT	QUINOLONE	QUINOLONE	WP_001281243.1	NZ_CP031609.1	No	AXO84158.1	CP031609.1	+	2607950	2610586	+	2607950	2610586					2026-08-07.1
gyrA_S83L	gyrA	Escherichia	DNA gyrase subunit A GyrA	core	AMR	POINT	QUINOLONE	QUINOLONE	WP_001281243.1	NZ_CP031609.1	No	AXO84158.1	CP031609.1	+	2607950	2610586	+	2607950	2610586	8849244,8891148,11699598,14506034				2026-08-07.1
gyrA_S83V	gyrA	Escherichia	DNA gyrase subunit A GyrA	core	AMR	POINT	QUINOLONE	QUINOLONE	WP_001281243.1	NZ_CP031609.1	No	AXO84158.1	CP031609.1	+	2607950	2610586	+	2607950	2610586	10590273,12654733				2026-08-07.1
gyrA_S83W	gyrA	Escherichia	DNA gyrase subunit A GyrA	core	AMR	POINT	QUINOLONE	QUINOLONE	WP_001281243.1	NZ_CP031609.1	No	AXO84158.1	CP031609.1	+	2607950	2610586	+	2607950	2610586	2168148,2548439,8849244				2026-08-07.1
gyrA_A84P	gyrA	Escherichia	DNA gyrase subunit A GyrA	core	AMR	POINT	QUINOLONE	QUINOLONE	WP_001281243.1	NZ_CP031609.1	No	AXO84158.1	CP031609.1	+	2607950	2610586	+	2607950	2610586	2168148				2026-08-07.1
gyrA_A84V	gyrA	Escherichia	DNA gyrase subunit A GyrA	core	AMR	POINT	QUINOLONE	QUINOLONE	WP_001281243.1	NZ_CP031609.1	No	AXO84158.1	CP031609.1	+	2607950	2610586	+	2607950	2610586	7840592				2026-08-07.1
gyrA_D87G	gyrA	Escherichia	DNA gyrase subunit A GyrA	core	AMR	POINT	QUINOLONE/TRICLOSAN	QUINOLONE/TRICLOSAN	WP_001281243.1	NZ_CP031609.1	No	AXO84158.1	CP031609.1	+	2607950	2610586	+	2607950	2610586	8849244,8891148,9756773,9988045,14506034,29091182				2026-08-07.1
gyrA_D87H	gyrA	Escherichia	DNA gyrase subunit A GyrA	core	AMR	POINT	QUINOLONE/TRICLOSAN	QUINOLONE/TRICLOSAN	WP_001281243.1	NZ_CP031609.1	No	AXO84158.1	CP031609.1	+	2607950	2610586	+	2607950	2610586	8891148,11310803,12654733,14506034,29091182				2026-08-07.1
gyrA_D87N	gyrA	Escherichia	DNA gyrase subunit A GyrA	core	AMR	POINT	QUINOLONE	QUINOLONE	WP_001281243.1	NZ_CP031609.1	No	AXO84158.1	CP031609.1	+	2607950	2610586	+	2607950	2610586	7840592,8891148,11699598,14506034				2026-08-07.1
gyrA_D87V	gyrA	Escherichia	DNA gyrase subunit A GyrA	core	AMR	POINT	QUINOLONE	QUINOLONE	WP_001281243.1	NZ_CP031609.1	No	AXO84158.1	CP031609.1	+	2607950	2610586	+	2607950	2610586	1850972				2026-08-07.1
gyrA_D87Y	gyrA	Escherichia	DNA gyrase subunit A GyrA	core	AMR	POINT	QUINOLONE	QUINOLONE	WP_001281243.1	NZ_CP031609.1	No	AXO84158.1	CP031609.1	+	2607950	2610586	+	2607950	2610586	7840592,8849244,8891148,11310803,14506034				2026-08-07.1
gyrA_Q106H	gyrA	Escherichia	DNA gyrase subunit A GyrA	core	AMR	POINT	QUINOLONE	QUINOLONE	WP_001281243.1	NZ_CP031609.1	No	AXO84158.1	CP031609.1	+	2607950	2610586	+	2607950	2610586	2168148				2026-08-07.1
gyrA_Q106R	gyrA	Escherichia	DNA gyrase subunit A GyrA	core	AMR	POINT	QUINOLONE	QUINOLONE	WP_001281243.1	NZ_CP031609.1	No	AXO84158.1	CP031609.1	+	2607950	2610586	+	2607950	2610586	1850970				2026-08-07.1
gyrA_A196E	gyrA	Escherichia	DNA gyrase subunit A GyrA	core	AMR	POINT	QUINOLONE	QUINOLONE	WP_001281243.1	NZ_CP031609.1	No	AXO84158.1	CP031609.1	+	2607950	2610586	+	2607950	2610586	14506034				2026-08-07.1
gyrB_R136C	gyrB	Escherichia	DNA topoisomerase (ATP-hydrolyzing) subunit B GyrB	core	AMR	POINT	AMINOCOUMARIN	AMINOCOUMARIN	WP_000072067.1	AC_000091.1	No	BAE77595.1	AP009048.1	+	3760296	3762710	+	3760296	3762710					2026-08-07.1
gyrB_R136E	gyrB	Escherichia	DNA topoisomerase (ATP-hydrolyzing) subunit B GyrB	core	AMR	POINT	AMINOCOUMARIN	AMINOCOUMARIN	WP_000072067.1	AC_000091.1	No	BAE77595.1	AP009048.1	+	3760296	3762710	+	3760296	3762710					2026-08-07.1
gyrB_R136G	gyrB	Escherichia	DNA topoisomerase (ATP-hydrolyzing) subunit B GyrB	core	AMR	POINT	AMINOCOUMARIN	AMINOCOUMARIN	WP_000072067.1	AC_000091.1	No	BAE77595.1	AP009048.1	+	3760296	3762710	+	3760296	3762710					2026-08-07.1
gyrB_R136H	gyrB	Escherichia	DNA topoisomerase (ATP-hydrolyzing) subunit B GyrB	core	AMR	POINT	AMINOCOUMARIN	AMINOCOUMARIN	WP_000072067.1	AC_000091.1	No	BAE77595.1	AP009048.1	+	3760296	3762710	+	3760296	3762710					2026-08-07.1
gyrB_R136I	gyrB	Escherichia	DNA topoisomerase (ATP-hydrolyzing) subunit B GyrB	core	AMR	POINT	AMINOCOUMARIN	AMINOCOUMARIN	WP_000072067.1	AC_000091.1	No	BAE77595.1	AP009048.1	+	3760296	3762710	+	3760296	3762710					2026-08-07.1
gyrB_R136L	gyrB	Escherichia	DNA topoisomerase (ATP-hydrolyzing) subunit B GyrB	core	AMR	POINT	AMINOCOUMARIN	AMINOCOUMARIN	WP_000072067.1	AC_000091.1	No	BAE77595.1	AP009048.1	+	3760296	3762710	+	3760296	3762710					2026-08-07.1
gyrB_R136S	gyrB	Escherichia	DNA topoisomerase (ATP-hydrolyzing) subunit B GyrB	core	AMR	POINT	AMINOCOUMARIN	AMINOCOUMARIN	WP_000072067.1	AC_000091.1	No	BAE77595.1	AP009048.1	+	3760296	3762710	+	3760296	3762710					2026-08-07.1
gyrB_D426N	gyrB	Escherichia	DNA topoisomerase (ATP-hydrolyzing) subunit B GyrB	core	AMR	POINT	QUINOLONE	QUINOLONE	WP_000072067.1	AC_000091.1	No	BAE77595.1	AP009048.1	+	3760296	3762710	+	3760296	3762710	1656869				2026-08-07.1
gyrB_K447E	gyrB	Escherichia	DNA topoisomerase (ATP-hydrolyzing) subunit B GyrB	core	AMR	POINT	QUINOLONE	NALIDIXIC ACID	WP_000072067.1	AC_000091.1	No	BAE77595.1	AP009048.1	+	3760296	3762710	+	3760296	3762710	1656869,7840592				2026-08-07.1
lon_P403L	lon	Escherichia	Lon protease	core	AMR	POINT	TETRACYCLINE	TIGECYCLINE	WP_001295325.1		No	EQY31068.1	AWCM01000009.1	-	61885	64239				30519062				2026-08-07.1
marR_S3N	marR	Escherichia	transcriptional regulator MarR	core	AMR	POINT	MULTIDRUG	AMPICILLIN/CHLORAMPHENICOL/QUINOLONE/RIFAMPIN/TETRACYCLINE	WP_000843414.1	NC_000913.3	No	AAC74603.2	U00096.3	+	1619120	1619554	+	1619120	1619554					2026-08-07.1
marR_E31Ter	marR	Escherichia	transcriptional regulator MarR	core	AMR	POINT	MULTIDRUG	AMPICILLIN/CHLORAMPHENICOL/QUINOLONE/RIFAMPIN/TETRACYCLINE	WP_000843414.1	NC_000913.3	No	AAC74603.2	U00096.3	+	1619120	1619554	+	1619120	1619554					2026-08-07.1
marR_V45E	marR	Escherichia	transcriptional regulator MarR	core	AMR	POINT	MULTIDRUG	AMPICILLIN/CHLORAMPHENICOL/QUINOLONE/RIFAMPIN/TETRACYCLINE	WP_000843414.1	NC_000913.3	No	AAC74603.2	U00096.3	+	1619120	1619554	+	1619120	1619554					2026-08-07.1
marR_I49S	marR	Escherichia	transcriptional regulator MarR	core	AMR	POINT	MULTIDRUG	AMPICILLIN/CHLORAMPHENICOL/QUINOLONE/RIFAMPIN/TETRACYCLINE	WP_000843414.1	NC_000913.3	No	AAC74603.2	U00096.3	+	1619120	1619554	+	1619120	1619554					2026-08-07.1
marR_A70T	marR	Escherichia	transcriptional regulator MarR	core	AMR	POINT	MULTIDRUG	AMPICILLIN/CHLORAMPHENICOL/QUINOLONE/RIFAMPIN/TETRACYCLINE	WP_000843414.1	NC_000913.3	No	AAC74603.2	U00096.3	+	1619120	1619554	+	1619120	1619554					2026-08-07.1
marR_R73C	marR	Escherichia	transcriptional regulator MarR	core	AMR	POINT	MULTIDRUG	AMPICILLIN/CHLORAMPHENICOL/QUINOLONE/RIFAMPIN/TETRACYCLINE	WP_000843414.1	NC_000913.3	No	AAC74603.2	U00096.3	+	1619120	1619554	+	1619120	1619554					2026-08-07.1
marR_R73S	marR	Escherichia	transcriptional regulator MarR	core	AMR	POINT	MULTIDRUG	AMPICILLIN/CHLORAMPHENICOL/QUINOLONE/RIFAMPIN/TETRACYCLINE	WP_000843414.1	NC_000913.3	No	AAC74603.2	U00096.3	+	1619120	1619554	+	1619120	1619554					2026-08-07.1
marR_R77C	marR	Escherichia	transcriptional regulator MarR	core	AMR	POINT	MULTIDRUG	AMPICILLIN/CHLORAMPHENICOL/QUINOLONE/RIFAMPIN/TETRACYCLINE	WP_000843414.1	NC_000913.3	No	AAC74603.2	U00096.3	+	1619120	1619554	+	1619120	1619554					2026-08-07.1
marR_R77L	marR	Escherichia	transcriptional regulator MarR	core	AMR	POINT	MULTIDRUG	AMPICILLIN/CHLORAMPHENICOL/QUINOLONE/RIFAMPIN/TETRACYCLINE	WP_000843414.1	NC_000913.3	No	AAC74603.2	U00096.3	+	1619120	1619554	+	1619120	1619554	8383113				2026-08-07.1
marR_L78M	marR	Escherichia	transcriptional regulator MarR	core	AMR	POINT	MULTIDRUG	AMPICILLIN/CHLORAMPHENICOL/QUINOLONE/RIFAMPIN/TETRACYCLINE	WP_000843414.1	NC_000913.3	No	AAC74603.2	U00096.3	+	1619120	1619554	+	1619120	1619554					2026-08-07.1
marR_R94H	marR	Escherichia	transcriptional regulator MarR	core	AMR	POINT	MULTIDRUG	AMPICILLIN/CHLORAMPHENICOL/QUINOLONE/RIFAMPIN/TETRACYCLINE	WP_000843414.1	NC_000913.3	No	AAC74603.2	U00096.3	+	1619120	1619554	+	1619120	1619554					2026-08-07.1
marR_R94S	marR	Escherichia	transcriptional regulator MarR	core	AMR	POINT	MULTIDRUG	AMPICILLIN/CHLORAMPHENICOL/QUINOLONE/RIFAMPIN/TETRACYCLINE	WP_000843414.1	NC_000913.3	No	AAC74603.2	U00096.3	+	1619120	1619554	+	1619120	1619554					2026-08-07.1
marR_V96E	marR	Escherichia	transcriptional regulator MarR	core	AMR	POINT	MULTIDRUG	AMPICILLIN/CHLORAMPHENICOL/QUINOLONE/RIFAMPIN/TETRACYCLINE	WP_000843414.1	NC_000913.3	No	AAC74603.2	U00096.3	+	1619120	1619554	+	1619120	1619554					2026-08-07.1
	marR	Escherichia	Escherichia transcriptional regulator MarR	core	AMR	POINT_DISRUPT	MULTIDRUG	AMPICILLIN/CHLORAMPHENICOL/QUINOLONE/RIFAMPIN/TETRACYCLINE	WP_000843414.1		No	AAC74603.2	U00096.3	+	1619120	1619554				9687412,28962020			marR	2026-08-07.1
mrdA_A329G	mrdA	Escherichia	peptidoglycan DD-transpeptidase MrdA	core	AMR	POINT	BETA-LACTAM	CARBAPENEM	WP_000776191.1	NZ_JAOQET010000016.1	No	MDC7047015.1	JAOQET010000016.1	+	60246	62147	+	60246	62147	30496417				2026-08-07.1
mrdA_T331P	mrdA	Escherichia	peptidoglycan DD-transpeptidase MrdA	core	AMR	POINT	BETA-LACTAM	CARBAPENEM	WP_000776191.1	NZ_JAOQET010000016.1	No	MDC7047015.1	JAOQET010000016.1	+	60246	62147	+	60246	62147	30496417				2026-08-07.1
mrdA_A388S	mrdA	Escherichia	peptidoglycan DD-transpeptidase MrdA	core	AMR	POINT	BETA-LACTAM	CARBAPENEM	WP_000776191.1	NZ_JAOQET010000016.1	No	MDC7047015.1	JAOQET010000016.1	+	60246	62147	+	60246	62147	30496417				2026-08-07.1
mrdA_T390P	mrdA	Escherichia	peptidoglycan DD-transpeptidase MrdA	core	AMR	POINT	BETA-LACTAM	CARBAPENEM	WP_000776191.1	NZ_JAOQET010000016.1	No	MDC7047015.1	JAOQET010000016.1	+	60246	62147	+	60246	62147	30496417				2026-08-07.1
mrdA_M574I	mrdA	Escherichia	peptidoglycan DD-transpeptidase MrdA	core	AMR	POINT	BETA-LACTAM	CARBAPENEM	WP_000776191.1	NZ_JAOQET010000016.1	No	MDC7047015.1	JAOQET010000016.1	+	60246	62147	+	60246	62147	30496417				2026-08-07.1
mrdA_M574L	mrdA	Escherichia	peptidoglycan DD-transpeptidase MrdA	core	AMR	POINT	BETA-LACTAM	CARBAPENEM	WP_000776191.1	NZ_JAOQET010000016.1	No	MDC7047015.1	JAOQET010000016.1	+	60246	62147	+	60246	62147	30496417				2026-08-07.1
murA_C115D	murA	Escherichia	UDP-N-acetylglucosamine 1-carboxyvinyltransferase MurA	core	AMR	POINT	FOSFOMYCIN	FOSFOMYCIN	WP_000357259.1	NZ_CP009072.1	No	AIL15701.1	CP009072.1	+	1414818	1416077	+	1414818	1416077					2026-08-07.1
murA_C115E	murA	Escherichia	UDP-N-acetylglucosamine 1-carboxyvinyltransferase MurA	core	AMR	POINT	FOSFOMYCIN	FOSFOMYCIN	WP_000357259.1	NZ_CP009072.1	No	AIL15701.1	CP009072.1	+	1414818	1416077	+	1414818	1416077					2026-08-07.1
murA_C115S	murA	Escherichia	UDP-N-acetylglucosamine 1-carboxyvinyltransferase MurA	core	AMR	POINT	FOSFOMYCIN	FOSFOMYCIN	WP_000357259.1	NZ_CP009072.1	No	AIL15701.1	CP009072.1	+	1414818	1416077	+	1414818	1416077					2026-08-07.1
murA_L370I	murA	Escherichia	UDP-N-acetylglucosamine 1-carboxyvinyltransferase MurA	core	AMR	POINT	FOSFOMYCIN	FOSFOMYCIN	WP_000357259.1	NZ_CP009072.1	No	AIL15701.1	CP009072.1	+	1414818	1416077	+	1414818	1416077					2026-08-07.1
murA_D396N	murA	Escherichia	UDP-N-acetylglucosamine 1-carboxyvinyltransferase MurA	core	AMR	POINT	FOSFOMYCIN	FOSFOMYCIN	WP_000357259.1	NZ_CP009072.1	No	AIL15701.1	CP009072.1	+	1414818	1416077	+	1414818	1416077					2026-08-07.1
nfsA_H11Y	nfsA	Escherichia	nitroreductase NfsA	core	AMR	POINT	NITROFURAN	NITROFURANTOIN	WP_089631889.1	NZ_NMWW01000421.1	No	OYN67948.1	NMWW01000421.1	-	9030	9752	-	9030	9752	34860151				2026-08-07.1
nfsA_R15C	nfsA	Escherichia	nitroreductase NfsA	core	AMR	POINT	NITROFURAN	NITROFURANTOIN	WP_089631889.1	NZ_NMWW01000421.1	No	OYN67948.1	NMWW01000421.1	-	9030	9752	-	9030	9752	18544599				2026-08-07.1
nfsA_S33R	nfsA	Escherichia	nitroreductase NfsA	core	AMR	POINT	NITROFURAN	NITROFURANTOIN	WP_089631889.1	NZ_NMWW01000421.1	No	OYN67948.1	NMWW01000421.1	-	9030	9752	-	9030	9752	18544599				2026-08-07.1
nfsA_Q44Ter	nfsA	Escherichia	nitroreductase NfsA	core	AMR	POINT	NITROFURAN	NITROFURANTOIN	WP_089631889.1	NZ_NMWW01000421.1	No	OYN67948.1	NMWW01000421.1	-	9030	9752	-	9030	9752	26552976				2026-08-07.1
nfsA_Q67Ter	nfsA	Escherichia	nitroreductase NfsA	core	AMR	POINT	NITROFURAN	NITROFURANTOIN	WP_089631889.1	NZ_NMWW01000421.1	No	OYN67948.1	NMWW01000421.1	-	9030	9752	-	9030	9752	34860151				2026-08-07.1
nfsA_E75Ter	nfsA	Escherichia	nitroreductase NfsA	core	AMR	POINT	NITROFURAN	NITROFURANTOIN	WP_089631889.1	NZ_NMWW01000421.1	No	OYN67948.1	NMWW01000421.1	-	9030	9752	-	9030	9752	34860151				2026-08-07.1
nfsA_Q113Ter	nfsA	Escherichia	nitroreductase NfsA	core	AMR	POINT	NITROFURAN	NITROFURANTOIN	WP_089631889.1	NZ_NMWW01000421.1	No	OYN67948.1	NMWW01000421.1	-	9030	9752	-	9030	9752	34860151				2026-08-07.1
nfsA_G126R	nfsA	Escherichia	nitroreductase NfsA	core	AMR	POINT	NITROFURAN	NITROFURANTOIN	WP_089631889.1	NZ_NMWW01000421.1	No	OYN67948.1	NMWW01000421.1	-	9030	9752	-	9030	9752	34860151				2026-08-07.1
nfsA_G131D	nfsA	Escherichia	nitroreductase NfsA	core	AMR	POINT	NITROFURAN	NITROFURANTOIN	WP_089631889.1	NZ_NMWW01000421.1	No	OYN67948.1	NMWW01000421.1	-	9030	9752	-	9030	9752	34860151				2026-08-07.1
nfsA_R133S	nfsA	Escherichia	nitroreductase NfsA	core	AMR	POINT	NITROFURAN	NITROFURANTOIN	WP_089631889.1	NZ_NMWW01000421.1	No	OYN67948.1	NMWW01000421.1	-	9030	9752	-	9030	9752	26552976				2026-08-07.1
nfsA_K141Ter	nfsA	Escherichia	nitroreductase NfsA	core	AMR	POINT	NITROFURAN	NITROFURANTOIN	WP_089631889.1	NZ_NMWW01000421.1	No	OYN67948.1	NMWW01000421.1	-	9030	9752	-	9030	9752	26552976				2026-08-07.1
nfsA_G154E	nfsA	Escherichia	nitroreductase NfsA	core	AMR	POINT	NITROFURAN	NITROFURANTOIN	WP_089631889.1	NZ_NMWW01000421.1	No	OYN67948.1	NMWW01000421.1	-	9030	9752	-	9030	9752	34860151				2026-08-07.1
nfsA_W159Ter	nfsA	Escherichia	nitroreductase NfsA	core	AMR	POINT	NITROFURAN	NITROFURANTOIN	WP_089631889.1	NZ_NMWW01000421.1	No	OYN67948.1	NMWW01000421.1	-	9030	9752	-	9030	9752	34860151				2026-08-07.1
nfsA_R203C	nfsA	Escherichia	nitroreductase NfsA	core	AMR	POINT	NITROFURAN	NITROFURANTOIN	WP_089631889.1	NZ_NMWW01000421.1	No	OYN67948.1	NMWW01000421.1	-	9030	9752	-	9030	9752	18544599				2026-08-07.1
nfsA_R203L	nfsA	Escherichia	nitroreductase NfsA	core	AMR	POINT	NITROFURAN	NITROFURANTOIN	WP_089631889.1	NZ_NMWW01000421.1	No	OYN67948.1	NMWW01000421.1	-	9030	9752	-	9030	9752	18544599				2026-08-07.1
nfsA_E223Ter	nfsA	Escherichia	nitroreductase NfsA	core	AMR	POINT	NITROFURAN	NITROFURANTOIN	WP_089631889.1	NZ_NMWW01000421.1	No	OYN67948.1	NMWW01000421.1	-	9030	9752	-	9030	9752	26552976				2026-08-07.1
	nfsA	Escherichia	Escherichia nitroreductase NfsA	core	AMR	POINT_DISRUPT	NITROFURAN	NITROFURANTOIN	WP_089631889.1		No	OYN67948.1	NMWW01000421.1	-	9030	9752				31627025			nfsA	2026-08-07.1
nfsB_F84S	nfsB	Escherichia	oxygen-insensitive NAD(P)H nitroreductase NfsB	core	AMR	POINT	NITROFURAN	NITROFURANTOIN	WP_000351450.1	NC_004431.1	No	AAN79139.1	AE014075.1	-	648349	649002	-	648349	649002	34860151				2026-08-07.1
nfsB_W94Ter	nfsB	Escherichia	oxygen-insensitive NAD(P)H nitroreductase NfsB	core	AMR	POINT	NITROFURAN	NITROFURANTOIN	WP_000351450.1	NC_004431.1	No	AAN79139.1	AE014075.1	-	648349	649002	-	648349	649002	31627025,34860151				2026-08-07.1
nfsB_G192D	nfsB	Escherichia	oxygen-insensitive NAD(P)H nitroreductase NfsB	core	AMR	POINT	NITROFURAN	NITROFURANTOIN	WP_000351450.1	NC_004431.1	No	AAN79139.1	AE014075.1	-	648349	649002	-	648349	649002	34860151				2026-08-07.1
nfsB_G192S	nfsB	Escherichia	oxygen-insensitive NAD(P)H nitroreductase NfsB	core	AMR	POINT	NITROFURAN	NITROFURANTOIN	WP_000351450.1	NC_004431.1	No	AAN79139.1	AE014075.1	-	648349	649002	-	648349	649002	34860151				2026-08-07.1
nfsB_E197Ter	nfsB	Escherichia	oxygen-insensitive NAD(P)H nitroreductase NfsB	core	AMR	POINT	NITROFURAN	NITROFURANTOIN	WP_000351450.1	NC_004431.1	No	AAN79139.1	AE014075.1	-	648349	649002	-	648349	649002	31627025				2026-08-07.1
	nfsB	Escherichia	Escherichia oxygen-insensitive NAD(P)H nitroreductase NfsB	core	AMR	POINT_DISRUPT	NITROFURAN	NITROFURANTOIN	WP_000351450.1		No	AAN79139.1	AE014075.1	-	648349	649002				31627025			nfsB	2026-08-07.1
ompC_Q82Ter	ompC	Escherichia	outer membrane porin C OmpC	core	AMR	POINT	BETA-LACTAM	CARBAPENEM	WP_000865568.1	NC_000913.3	No	AAC75275.1	U00096.3	-	2311646	2312749	-	2311646	2312749	36036505				2026-08-07.1
ompC_Q171Ter	ompC	Escherichia	outer membrane porin C OmpC	core	AMR	POINT	BETA-LACTAM	CARBAPENEM	WP_000865568.1	NC_000913.3	No	AAC75275.1	U00096.3	-	2311646	2312749	-	2311646	2312749	36036505				2026-08-07.1
ompC_R195L	ompC	Escherichia	outer membrane porin C OmpC	core	AMR	POINT	BETA-LACTAM	CARBAPENEM	WP_000865568.1	NC_000913.3	No	AAC75275.1	U00096.3	-	2311646	2312749	-	2311646	2312749	31955713				2026-08-07.1
	ompC	Escherichia	Escherichia outer membrane porin C OmpC	core	AMR	POINT_DISRUPT	BETA-LACTAM	CARBAPENEM	WP_000865568.1		No	AAC75275.1	U00096.3	-	2311646	2312749				36036505			ompC	2026-08-07.1
ompF_L15Ter	ompF	Escherichia	outer membrane protein F OmpF	core	AMR	POINT	BETA-LACTAM	CARBAPENEM	WP_000977920.1	NC_000913.3	No	AAC74015.1	U00096.3	-	985894	986982	-	985894	986982	36036505				2026-08-07.1
ompF_Q88Ter	ompF	Escherichia	outer membrane protein F OmpF	core	AMR	POINT	BETA-LACTAM	CARBAPENEM	WP_000977920.1	NC_000913.3	No	AAC74015.1	U00096.3	-	985894	986982	-	985894	986982	36036505				2026-08-07.1
ompF_G141D	ompF	Escherichia	outer membrane protein F OmpF	core	AMR	POINT	BETA-LACTAM	CEPHALOSPORIN	WP_000977920.1	NC_000913.3	No	AAC74015.1	U00096.3	-	985894	986982	-	985894	986982	10639355,28072422				2026-08-07.1
ompF_G141E	ompF	Escherichia	outer membrane protein F OmpF	core	AMR	POINT	BETA-LACTAM	CEPHALOSPORIN	WP_000977920.1	NC_000913.3	No	AAC74015.1	U00096.3	-	985894	986982	-	985894	986982	10639355				2026-08-07.1
	ompF	Escherichia	Escherichia outer membrane protein F OmpF	core	AMR	POINT_DISRUPT	BETA-LACTAM	CARBAPENEM	WP_000977920.1		No	AAC74015.1	U00096.3	-	985894	986982				36036505			ompF	2026-08-07.1
ompR_G63S	ompR	Escherichia	two-component system response regulator OmpR	core	AMR	POINT	BETA-LACTAM	BETA-LACTAM	WP_001157751.1		No	AAA16241.1	J01656.1	+	251	970				34460299				2026-08-07.1
ompR_G63V	ompR	Escherichia	two-component system response regulator OmpR	core	AMR	POINT	BETA-LACTAM	BETA-LACTAM	WP_001157751.1		No	AAA16241.1	J01656.1	+	251	970				28264855				2026-08-07.1
parC_A56T	parC	Escherichia	DNA topoisomerase IV subunit A ParC	core	AMR	POINT	QUINOLONE	QUINOLONE	WP_001281881.1	NC_000913.3	No	AAC76055.1	U00096.3	-	3163715	3165973	-	3163715	3165973	12654733				2026-08-07.1
parC_S57T	parC	Escherichia	DNA topoisomerase IV subunit A ParC	core	AMR	POINT	QUINOLONE	QUINOLONE	WP_001281881.1	NC_000913.3	No	AAC76055.1	U00096.3	-	3163715	3165973	-	3163715	3165973	12654733,14510643				2026-08-07.1
parC_F60I	parC	Escherichia	DNA topoisomerase IV subunit A ParC	core	AMR	POINT	QUINOLONE	QUINOLONE	WP_001281881.1	NC_000913.3	No	AAC76055.1	U00096.3	-	3163715	3165973	-	3163715	3165973	18500921				2026-08-07.1
parC_F60L	parC	Escherichia	DNA topoisomerase IV subunit A ParC	core	AMR	POINT	QUINOLONE	QUINOLONE	WP_001281881.1	NC_000913.3	No	AAC76055.1	U00096.3	-	3163715	3165973	-	3163715	3165973	18500921				2026-08-07.1
parC_G78C	parC	Escherichia	DNA topoisomerase IV subunit A ParC	core	AMR	POINT	QUINOLONE	QUINOLONE	WP_001281881.1	NC_000913.3	No	AAC76055.1	U00096.3	-	3163715	3165973	-	3163715	3165973					2026-08-07.1
parC_G78D	parC	Escherichia	DNA topoisomerase IV subunit A ParC	core	AMR	POINT	QUINOLONE	QUINOLONE	WP_001281881.1	NC_000913.3	No	AAC76055.1	U00096.3	-	3163715	3165973	-	3163715	3165973	8849244,8851598				2026-08-07.1
parC_G78K	parC	Escherichia	DNA topoisomerase IV subunit A ParC	core	AMR	POINT	QUINOLONE	QUINOLONE	WP_001281881.1	NC_000913.3	No	AAC76055.1	U00096.3	-	3163715	3165973	-	3163715	3165973	14510643				2026-08-07.1
parC_S80F	parC	Escherichia	DNA topoisomerase IV subunit A ParC	core	AMR	POINT	QUINOLONE	QUINOLONE	WP_001281881.1	NC_000913.3	No	AAC76055.1	U00096.3	-	3163715	3165973	-	3163715	3165973					2026-08-07.1
parC_S80I	parC	Escherichia	DNA topoisomerase IV subunit A ParC	core	AMR	POINT	QUINOLONE	QUINOLONE	WP_001281881.1	NC_000913.3	No	AAC76055.1	U00096.3	-	3163715	3165973	-	3163715	3165973	8849244,8891148,11699598,14506034,14706091				2026-08-07.1
parC_S80L	parC	Escherichia	DNA topoisomerase IV subunit A ParC	core	AMR	POINT	QUINOLONE	QUINOLONE	WP_001281881.1	NC_000913.3	No	AAC76055.1	U00096.3	-	3163715	3165973	-	3163715	3165973	8524852				2026-08-07.1
parC_S80R	parC	Escherichia	DNA topoisomerase IV subunit A ParC	core	AMR	POINT	QUINOLONE	QUINOLONE	WP_001281881.1	NC_000913.3	No	AAC76055.1	U00096.3	-	3163715	3165973	-	3163715	3165973	8849244,8851598,8891148,12654733,14506034				2026-08-07.1
parC_S80W	parC	Escherichia	DNA topoisomerase IV subunit A ParC	core	AMR	POINT	QUINOLONE	QUINOLONE	WP_001281881.1	NC_000913.3	No	AAC76055.1	U00096.3	-	3163715	3165973	-	3163715	3165973					2026-08-07.1
parC_S80Y	parC	Escherichia	DNA topoisomerase IV subunit A ParC	core	AMR	POINT	QUINOLONE	QUINOLONE	WP_001281881.1	NC_000913.3	No	AAC76055.1	U00096.3	-	3163715	3165973	-	3163715	3165973					2026-08-07.1
parC_E84A	parC	Escherichia	DNA topoisomerase IV subunit A ParC	core	AMR	POINT	QUINOLONE	QUINOLONE	WP_001281881.1	NC_000913.3	No	AAC76055.1	U00096.3	-	3163715	3165973	-	3163715	3165973	12654733,20638608				2026-08-07.1
parC_E84G	parC	Escherichia	DNA topoisomerase IV subunit A ParC	core	AMR	POINT	QUINOLONE	QUINOLONE	WP_001281881.1	NC_000913.3	No	AAC76055.1	U00096.3	-	3163715	3165973	-	3163715	3165973	8849244,11310803,11699598,12654733,14506034,14706091				2026-08-07.1
parC_E84K	parC	Escherichia	DNA topoisomerase IV subunit A ParC	core	AMR	POINT	QUINOLONE	QUINOLONE	WP_001281881.1	NC_000913.3	No	AAC76055.1	U00096.3	-	3163715	3165973	-	3163715	3165973	8849244,8851598,11310803,12654733,14706091				2026-08-07.1
parC_E84R	parC	Escherichia	DNA topoisomerase IV subunit A ParC	core	AMR	POINT	QUINOLONE	QUINOLONE	WP_001281881.1	NC_000913.3	No	AAC76055.1	U00096.3	-	3163715	3165973	-	3163715	3165973					2026-08-07.1
parC_E84V	parC	Escherichia	DNA topoisomerase IV subunit A ParC	core	AMR	POINT	QUINOLONE	QUINOLONE	WP_001281881.1	NC_000913.3	No	AAC76055.1	U00096.3	-	3163715	3165973	-	3163715	3165973	8834907,12654733,14706091				2026-08-07.1
parC_A85T	parC	Escherichia	DNA topoisomerase IV subunit A ParC	core	AMR	POINT	QUINOLONE	QUINOLONE	WP_001281881.1	NC_000913.3	No	AAC76055.1	U00096.3	-	3163715	3165973	-	3163715	3165973	27620866				2026-08-07.1
parC_A108T	parC	Escherichia	DNA topoisomerase IV subunit A ParC	core	AMR	POINT	QUINOLONE	QUINOLONE	WP_001281881.1	NC_000913.3	No	AAC76055.1	U00096.3	-	3163715	3165973	-	3163715	3165973	12523629,18500921				2026-08-07.1
parC_A108V	parC	Escherichia	DNA topoisomerase IV subunit A ParC	core	AMR	POINT	QUINOLONE	QUINOLONE	WP_001281881.1	NC_000913.3	No	AAC76055.1	U00096.3	-	3163715	3165973	-	3163715	3165973	11302820				2026-08-07.1
parC_D111H	parC	Escherichia	DNA topoisomerase IV subunit A ParC	core	AMR	POINT	QUINOLONE	QUINOLONE	WP_001281881.1	NC_000913.3	No	AAC76055.1	U00096.3	-	3163715	3165973	-	3163715	3165973	27620866				2026-08-07.1
parC_S129P	parC	Escherichia	DNA topoisomerase IV subunit A ParC	core	AMR	POINT	QUINOLONE	QUINOLONE	WP_001281881.1	NC_000913.3	No	AAC76055.1	U00096.3	-	3163715	3165973	-	3163715	3165973	27620866				2026-08-07.1
parE_I355T	parE	Escherichia	DNA topoisomerase IV subunit B ParE	core	AMR	POINT	QUINOLONE	QUINOLONE	WP_033554192.1	NZ_RRWN01000005.1	No	RRN00056.1	RRWN01000005.1	-	132751	134643	-	132751	134643					2026-08-07.1
parE_L416F	parE	Escherichia	DNA topoisomerase IV subunit B ParE	core	AMR	POINT	QUINOLONE	QUINOLONE	WP_033554192.1	NZ_RRWN01000005.1	No	RRN00056.1	RRWN01000005.1	-	132751	134643	-	132751	134643	14510643				2026-08-07.1
parE_G423R	parE	Escherichia	DNA topoisomerase IV subunit B ParE	core	AMR	POINT	QUINOLONE	QUINOLONE	WP_033554192.1	NZ_RRWN01000005.1	No	RRN00056.1	RRWN01000005.1	-	132751	134643	-	132751	134643					2026-08-07.1
parE_P439S	parE	Escherichia	DNA topoisomerase IV subunit B ParE	core	AMR	POINT	QUINOLONE	QUINOLONE	WP_033554192.1	NZ_RRWN01000005.1	No	RRN00056.1	RRWN01000005.1	-	132751	134643	-	132751	134643					2026-08-07.1
parE_I444F	parE	Escherichia	DNA topoisomerase IV subunit B ParE	core	AMR	POINT	QUINOLONE	QUINOLONE	WP_033554192.1	NZ_RRWN01000005.1	No	RRN00056.1	RRWN01000005.1	-	132751	134643	-	132751	134643	14506034				2026-08-07.1
parE_L445H	parE	Escherichia	DNA topoisomerase IV subunit B ParE	core	AMR	POINT	QUINOLONE	QUINOLONE	WP_033554192.1	NZ_RRWN01000005.1	No	RRN00056.1	RRWN01000005.1	-	132751	134643	-	132751	134643	8980775				2026-08-07.1
parE_S458A	parE	Escherichia	DNA topoisomerase IV subunit B ParE	core	AMR	POINT	QUINOLONE	QUINOLONE	WP_033554192.1	NZ_RRWN01000005.1	No	RRN00056.1	RRWN01000005.1	-	132751	134643	-	132751	134643					2026-08-07.1
parE_S458L	parE	Escherichia	DNA topoisomerase IV subunit B ParE	core	AMR	POINT	QUINOLONE	QUINOLONE	WP_033554192.1	NZ_RRWN01000005.1	No	RRN00056.1	RRWN01000005.1	-	132751	134643	-	132751	134643	38193668				2026-08-07.1
parE_S458T	parE	Escherichia	DNA topoisomerase IV subunit B ParE	core	AMR	POINT	QUINOLONE	QUINOLONE	WP_033554192.1	NZ_RRWN01000005.1	No	RRN00056.1	RRWN01000005.1	-	132751	134643	-	132751	134643	14506034				2026-08-07.1
parE_E460D	parE	Escherichia	DNA topoisomerase IV subunit B ParE	core	AMR	POINT	QUINOLONE	QUINOLONE	WP_033554192.1	NZ_RRWN01000005.1	No	RRN00056.1	RRWN01000005.1	-	132751	134643	-	132751	134643	14510643				2026-08-07.1
parE_E460K	parE	Escherichia	DNA topoisomerase IV subunit B ParE	core	AMR	POINT	QUINOLONE	QUINOLONE	WP_033554192.1	NZ_RRWN01000005.1	No	RRN00056.1	RRWN01000005.1	-	132751	134643	-	132751	134643					2026-08-07.1
parE_I464F	parE	Escherichia	DNA topoisomerase IV subunit B ParE	core	AMR	POINT	QUINOLONE	QUINOLONE	WP_033554192.1	NZ_RRWN01000005.1	No	RRN00056.1	RRWN01000005.1	-	132751	134643	-	132751	134643	14510643				2026-08-07.1
parE_I470M	parE	Escherichia	DNA topoisomerase IV subunit B ParE	core	AMR	POINT	QUINOLONE	QUINOLONE	WP_033554192.1	NZ_RRWN01000005.1	No	RRN00056.1	RRWN01000005.1	-	132751	134643	-	132751	134643					2026-08-07.1
parE_D475E	parE	Escherichia	DNA topoisomerase IV subunit B ParE	core	AMR	POINT	QUINOLONE	QUINOLONE	WP_033554192.1	NZ_RRWN01000005.1	No	RRN00056.1	RRWN01000005.1	-	132751	134643	-	132751	134643					2026-08-07.1
parE_D476N	parE	Escherichia	DNA topoisomerase IV subunit B ParE	core	AMR	POINT	QUINOLONE	QUINOLONE	WP_033554192.1	NZ_RRWN01000005.1	No	RRN00056.1	RRWN01000005.1	-	132751	134643	-	132751	134643					2026-08-07.1
parE_I529L	parE	Escherichia	DNA topoisomerase IV subunit B ParE	core	AMR	POINT	QUINOLONE	QUINOLONE	WP_033554192.1	NZ_RRWN01000005.1	No	RRN00056.1	RRWN01000005.1	-	132751	134643	-	132751	134643	14506034				2026-08-07.1
pmrB_RPISLR6del	pmrB	Escherichia	two-component system sensor histidine kinase PmrB	core	AMR	POINT	COLISTIN	COLISTIN	WP_001300761.1	NZ_JUCJ01000016.1	No	KHH69629.1	JUCJ01000016.1	+	150306	151397	+	150306	151397	32712659				2026-08-07.1
pmrB_L10P	pmrB	Escherichia	two-component system sensor histidine kinase PmrB	core	AMR	POINT	COLISTIN	COLISTIN	WP_001300761.1	NZ_JUCJ01000016.1	No	KHH69629.1	JUCJ01000016.1	+	150306	151397	+	150306	151397	30863849				2026-08-07.1
pmrB_L10R	pmrB	Escherichia	two-component system sensor histidine kinase PmrB	core	AMR	POINT	COLISTIN	COLISTIN	WP_001300761.1	NZ_JUCJ01000016.1	No	KHH69629.1	JUCJ01000016.1	+	150306	151397	+	150306	151397	30863849				2026-08-07.1
pmrB_L14Q	pmrB	Escherichia	two-component system sensor histidine kinase PmrB	core	AMR	POINT	COLISTIN	COLISTIN	WP_001300761.1	NZ_JUCJ01000016.1	No	KHH69629.1	JUCJ01000016.1	+	150306	151397	+	150306	151397	32764996				2026-08-07.1
pmrB_L14R	pmrB	Escherichia	two-component system sensor histidine kinase PmrB	core	AMR	POINT	COLISTIN	COLISTIN	WP_001300761.1	NZ_JUCJ01000016.1	No	KHH69629.1	JUCJ01000016.1	+	150306	151397	+	150306	151397	30863849				2026-08-07.1
pmrB_C84R	pmrB	Escherichia	two-component system sensor histidine kinase PmrB	core	AMR	POINT	COLISTIN	COLISTIN	WP_001300761.1	NZ_JUCJ01000016.1	No	KHH69629.1	JUCJ01000016.1	+	150306	151397	+	150306	151397	30863849				2026-08-07.1
pmrB_C84Y	pmrB	Escherichia	two-component system sensor histidine kinase PmrB	core	AMR	POINT	COLISTIN	COLISTIN	WP_001300761.1	NZ_JUCJ01000016.1	No	KHH69629.1	JUCJ01000016.1	+	150306	151397	+	150306	151397	30863849				2026-08-07.1
pmrB_T92P	pmrB	Escherichia	two-component system sensor histidine kinase PmrB	core	AMR	POINT	COLISTIN	COLISTIN	WP_001300761.1	NZ_JUCJ01000016.1	No	KHH69629.1	JUCJ01000016.1	+	150306	151397	+	150306	151397	32764996				2026-08-07.1
pmrB_P94A	pmrB	Escherichia	two-component system sensor histidine kinase PmrB	core	AMR	POINT	COLISTIN	COLISTIN	WP_001300761.1	NZ_JUCJ01000016.1	No	KHH69629.1	JUCJ01000016.1	+	150306	151397	+	150306	151397	30863849				2026-08-07.1
pmrB_P94L	pmrB	Escherichia	two-component system sensor histidine kinase PmrB	core	AMR	POINT	COLISTIN	COLISTIN	WP_001300761.1	NZ_JUCJ01000016.1	No	KHH69629.1	JUCJ01000016.1	+	150306	151397	+	150306	151397	30863849				2026-08-07.1
pmrB_P94Q	pmrB	Escherichia	two-component system sensor histidine kinase PmrB	core	AMR	POINT	COLISTIN	COLISTIN	WP_001300761.1	NZ_JUCJ01000016.1	No	KHH69629.1	JUCJ01000016.1	+	150306	151397	+	150306	151397	30863849				2026-08-07.1
pmrB_P94S	pmrB	Escherichia	two-component system sensor histidine kinase PmrB	core	AMR	POINT	COLISTIN	COLISTIN	WP_001300761.1	NZ_JUCJ01000016.1	No	KHH69629.1	JUCJ01000016.1	+	150306	151397	+	150306	151397	30863849				2026-08-07.1
pmrB_E121K	pmrB	Escherichia	two-component system sensor histidine kinase PmrB	core	AMR	POINT	COLISTIN	COLISTIN	WP_001300761.1	NZ_JUCJ01000016.1	No	KHH69629.1	JUCJ01000016.1	+	150306	151397	+	150306	151397	30863849				2026-08-07.1
pmrB_E121Q	pmrB	Escherichia	two-component system sensor histidine kinase PmrB	core	AMR	POINT	COLISTIN	COLISTIN	WP_001300761.1	NZ_JUCJ01000016.1	No	KHH69629.1	JUCJ01000016.1	+	150306	151397	+	150306	151397	30863849				2026-08-07.1
pmrB_T147A	pmrB	Escherichia	two-component system sensor histidine kinase PmrB	core	AMR	POINT	COLISTIN	COLISTIN	WP_001300761.1	NZ_JUCJ01000016.1	No	KHH69629.1	JUCJ01000016.1	+	150306	151397	+	150306	151397	30863849				2026-08-07.1
pmrB_T156M	pmrB	Escherichia	two-component system sensor histidine kinase PmrB	core	AMR	POINT	COLISTIN	COLISTIN	WP_001300761.1	NZ_JUCJ01000016.1	No	KHH69629.1	JUCJ01000016.1	+	150306	151397	+	150306	151397	30863849				2026-08-07.1
pmrB_A159P	pmrB	Escherichia	two-component system sensor histidine kinase PmrB	core	AMR	POINT	COLISTIN	COLISTIN	WP_001300761.1	NZ_JUCJ01000016.1	No	KHH69629.1	JUCJ01000016.1	+	150306	151397	+	150306	151397	30863849				2026-08-07.1
pmrB_A159V	pmrB	Escherichia	two-component system sensor histidine kinase PmrB	core	AMR	POINT	COLISTIN	COLISTIN	WP_001300761.1	NZ_JUCJ01000016.1	No	KHH69629.1	JUCJ01000016.1	+	150306	151397	+	150306	151397	30863849				2026-08-07.1
pmrB_V161G	pmrB	Escherichia	two-component system sensor histidine kinase PmrB	core	AMR	POINT	COLISTIN	COLISTIN	WP_001300761.1	NZ_JUCJ01000016.1	No	KHH69629.1	JUCJ01000016.1	+	150306	151397	+	150306	151397	25150146				2026-08-07.1
pmrB_E166K	pmrB	Escherichia	two-component system sensor histidine kinase PmrB	core	AMR	POINT	COLISTIN	COLISTIN	WP_001300761.1	NZ_JUCJ01000016.1	No	KHH69629.1	JUCJ01000016.1	+	150306	151397	+	150306	151397	30863849				2026-08-07.1
pmrB_G206D	pmrB	Escherichia	two-component system sensor histidine kinase PmrB	core	AMR	POINT	COLISTIN	COLISTIN	WP_001300761.1	NZ_JUCJ01000016.1	No	KHH69629.1	JUCJ01000016.1	+	150306	151397	+	150306	151397	29914952				2026-08-07.1
ptsI_V25I	ptsI	Escherichia	phosphoenolpyruvate--protein phosphotransferase PtsI	core	AMR	POINT	FOSFOMYCIN	FOSFOMYCIN	WP_000623140.1	NZ_HG738867.1	No	CDJ72759.1	HG738867.1	+	2416339	2418066	+	2416339	2418066					2026-08-07.1
rpoB_V146F	rpoB	Escherichia	DNA-directed RNA polymerase subunit beta RpoB	core	AMR	POINT	RIFAMYCIN	RIFAMYCIN	WP_000263098.1	NZ_CXAL01000043.1	No	CSN35596.1	CXAL01000043.1	+	4213	8241	+	4213	8241	3050121				2026-08-07.1
rpoB_Q148L	rpoB	Escherichia	DNA-directed RNA polymerase subunit beta RpoB	core	AMR	POINT	RIFAMYCIN	RIFAMPIN	WP_000263098.1	NZ_CXAL01000043.1	No	CSN35596.1	CXAL01000043.1	+	4213	8241	+	4213	8241	11102350				2026-08-07.1
rpoB_L511Q	rpoB	Escherichia	DNA-directed RNA polymerase subunit beta RpoB	core	AMR	POINT	RIFAMYCIN	RIFAMPIN	WP_000263098.1	NZ_CXAL01000043.1	No	CSN35596.1	CXAL01000043.1	+	4213	8241	+	4213	8241	11102350				2026-08-07.1
rpoB_Q513L	rpoB	Escherichia	DNA-directed RNA polymerase subunit beta RpoB	core	AMR	POINT	RIFAMYCIN	RIFAMYCIN	WP_000263098.1	NZ_CXAL01000043.1	No	CSN35596.1	CXAL01000043.1	+	4213	8241	+	4213	8241	3050121				2026-08-07.1
rpoB_Q513P	rpoB	Escherichia	DNA-directed RNA polymerase subunit beta RpoB	core	AMR	POINT	RIFAMYCIN	RIFAMYCIN	WP_000263098.1	NZ_CXAL01000043.1	No	CSN35596.1	CXAL01000043.1	+	4213	8241	+	4213	8241	3050121				2026-08-07.1
rpoB_D516G	rpoB	Escherichia	DNA-directed RNA polymerase subunit beta RpoB	core	AMR	POINT	RIFAMYCIN	RIFAMPIN	WP_000263098.1	NZ_CXAL01000043.1	No	CSN35596.1	CXAL01000043.1	+	4213	8241	+	4213	8241	11102350				2026-08-07.1
rpoB_Q517QDQ	rpoB	Escherichia	DNA-directed RNA polymerase subunit beta RpoB	core	AMR	POINT	RIFAMYCIN	RIFAMPIN	WP_000263098.1	NZ_CXAL01000043.1	No	CSN35596.1	CXAL01000043.1	+	4213	8241	+	4213	8241	3050121				2026-08-07.1
rpoB_H526L	rpoB	Escherichia	DNA-directed RNA polymerase subunit beta RpoB	core	AMR	POINT	RIFAMYCIN	RIFAMPIN	WP_000263098.1	NZ_CXAL01000043.1	No	CSN35596.1	CXAL01000043.1	+	4213	8241	+	4213	8241	11102350				2026-08-07.1
rpoB_H526Y	rpoB	Escherichia	DNA-directed RNA polymerase subunit beta RpoB	core	AMR	POINT	RIFAMYCIN	RIFAMYCIN	WP_000263098.1	NZ_CXAL01000043.1	No	CSN35596.1	CXAL01000043.1	+	4213	8241	+	4213	8241	3050121				2026-08-07.1
rpoB_R529C	rpoB	Escherichia	DNA-directed RNA polymerase subunit beta RpoB	core	AMR	POINT	RIFAMYCIN	RIFAMYCIN	WP_000263098.1	NZ_CXAL01000043.1	No	CSN35596.1	CXAL01000043.1	+	4213	8241	+	4213	8241	3050121				2026-08-07.1
rpoB_R529S	rpoB	Escherichia	DNA-directed RNA polymerase subunit beta RpoB	core	AMR	POINT	RIFAMYCIN	RIFAMYCIN	WP_000263098.1	NZ_CXAL01000043.1	No	CSN35596.1	CXAL01000043.1	+	4213	8241	+	4213	8241	3050121				2026-08-07.1
rpoB_S531F	rpoB	Escherichia	DNA-directed RNA polymerase subunit beta RpoB	core	AMR	POINT	RIFAMYCIN	RIFAMYCIN	WP_000263098.1	NZ_CXAL01000043.1	No	CSN35596.1	CXAL01000043.1	+	4213	8241	+	4213	8241	3050121				2026-08-07.1
rpoB_L533P	rpoB	Escherichia	DNA-directed RNA polymerase subunit beta RpoB	core	AMR	POINT	RIFAMYCIN	RIFAMYCIN	WP_000263098.1	NZ_CXAL01000043.1	No	CSN35596.1	CXAL01000043.1	+	4213	8241	+	4213	8241	3050121				2026-08-07.1
rpoB_T563P	rpoB	Escherichia	DNA-directed RNA polymerase subunit beta RpoB	core	AMR	POINT	RIFAMYCIN	RIFAMYCIN	WP_000263098.1	NZ_CXAL01000043.1	No	CSN35596.1	CXAL01000043.1	+	4213	8241	+	4213	8241	3050121				2026-08-07.1
rpoB_P564L	rpoB	Escherichia	DNA-directed RNA polymerase subunit beta RpoB	core	AMR	POINT	RIFAMYCIN	RIFAMPIN/RIFAMYCIN	WP_000263098.1	NZ_CXAL01000043.1	No	CSN35596.1	CXAL01000043.1	+	4213	8241	+	4213	8241	11102350				2026-08-07.1
rpoB_I572F	rpoB	Escherichia	DNA-directed RNA polymerase subunit beta RpoB	core	AMR	POINT	RIFAMYCIN	RIFAMYCIN	WP_000263098.1	NZ_CXAL01000043.1	No	CSN35596.1	CXAL01000043.1	+	4213	8241	+	4213	8241					2026-08-07.1
rpoB_I572L	rpoB	Escherichia	DNA-directed RNA polymerase subunit beta RpoB	core	AMR	POINT	RIFAMYCIN	RIFAMYCIN	WP_000263098.1	NZ_CXAL01000043.1	No	CSN35596.1	CXAL01000043.1	+	4213	8241	+	4213	8241	11102350				2026-08-07.1
rpoB_I572N	rpoB	Escherichia	DNA-directed RNA polymerase subunit beta RpoB	core	AMR	POINT	RIFAMYCIN	RIFAMYCIN	WP_000263098.1	NZ_CXAL01000043.1	No	CSN35596.1	CXAL01000043.1	+	4213	8241	+	4213	8241					2026-08-07.1
rpoB_R687H	rpoB	Escherichia	DNA-directed RNA polymerase subunit beta RpoB	core	AMR	POINT	RIFAMYCIN	RIFAMYCIN	WP_000263098.1	NZ_CXAL01000043.1	No	CSN35596.1	CXAL01000043.1	+	4213	8241	+	4213	8241	3050121				2026-08-07.1
rpsJ_V57D	rpsJ	Escherichia	30S ribosomal protein S10	core	AMR	POINT	TETRACYCLINE	TETRACYCLINE/TIGECYCLINE	WP_001181004.1	NZ_CP017979.1	No	APC54095.1	CP017979.1	+	4080591	4080902	+	4080591	4080902	26124155,34220749				2026-08-07.1
rpsJ_V57I	rpsJ	Escherichia	30S ribosomal protein S10	core	AMR	POINT	TETRACYCLINE	TETRACYCLINE/TIGECYCLINE	WP_001181004.1	NZ_CP017979.1	No	APC54095.1	CP017979.1	+	4080591	4080902	+	4080591	4080902	26124155,34220749				2026-08-07.1
rpsJ_V57L	rpsJ	Escherichia	30S ribosomal protein S10	core	AMR	POINT	TETRACYCLINE	TETRACYCLINE/TIGECYCLINE	WP_001181004.1	NZ_CP017979.1	No	APC54095.1	CP017979.1	+	4080591	4080902	+	4080591	4080902	34220749				2026-08-07.1
rpsL_K43R	rpsL	Escherichia	30S ribosomal protein S12	core	AMR	POINT	AMINOGLYCOSIDE	STREPTOMYCIN	WP_000246815.1	NC_002695.2	No	BAB37616.1	BA000007.3	-	4194212	4194586	-	4194212	4194586	38709811				2026-08-07.1
rpsL_K43T	rpsL	Escherichia	30S ribosomal protein S12	core	AMR	POINT	AMINOGLYCOSIDE	STREPTOMYCIN	WP_000246815.1	NC_002695.2	No	BAB37616.1	BA000007.3	-	4194212	4194586	-	4194212	4194586	38709811				2026-08-07.1
soxR_R20H	soxR	Escherichia	redox-sensitive transcriptional activator SoxR	core	AMR	POINT	MULTIDRUG	AMPICILLIN/CHLORAMPHENICOL/QUINOLONE/RIFAMPIN/TETRACYCLINE	WP_000412428.1	NC_000913.3	No	AAC77033.1	U00096.3	+	4277469	4277933	+	4277469	4277933					2026-08-07.1
soxR_G121D	soxR	Escherichia	redox-sensitive transcriptional activator SoxR	core	AMR	POINT	MULTIDRUG	AMPICILLIN/CHLORAMPHENICOL/QUINOLONE/RIFAMPIN/TETRACYCLINE	WP_000412428.1	NC_000913.3	No	AAC77033.1	U00096.3	+	4277469	4277933	+	4277469	4277933					2026-08-07.1
soxR_S128del	soxR	Escherichia	redox-sensitive transcriptional activator SoxR	core	AMR	POINT	MULTIDRUG	AMPICILLIN/CHLORAMPHENICOL/QUINOLONE/RIFAMPIN/TETRACYCLINE	WP_000412428.1	NC_000913.3	No	AAC77033.1	U00096.3	+	4277469	4277933	+	4277469	4277933	15980345				2026-08-07.1
soxS_A12S	soxS	Escherichia	regulatory protein SoxS	core	AMR	POINT	MULTIDRUG	AMPICILLIN/CHLORAMPHENICOL/QUINOLONE/RIFAMPIN/TETRACYCLINE	WP_000019358.1	NC_000913.3	No	AAC77032.1	U00096.3	-	4277060	4277383	-	4277060	4277383					2026-08-07.1
tufA_L121Q	tufA	Escherichia	translation elongation factor EF-Tu 1	core	AMR	POINT	POLYKETIDE	KIRROMYCIN	WP_000031783.1	NC_000913.3	No	AAC76364.1	U00096.3	-	3470145	3471329	-	3470145	3471329					2026-08-07.1
tufA_Q125E	tufA	Escherichia	translation elongation factor EF-Tu 1	core	AMR	POINT	POLYKETIDE	KIRROMYCIN	WP_000031783.1	NC_000913.3	No	AAC76364.1	U00096.3	-	3470145	3471329	-	3470145	3471329					2026-08-07.1
tufA_Q125K	tufA	Escherichia	translation elongation factor EF-Tu 1	core	AMR	POINT	POLYKETIDE	KIRROMYCIN	WP_000031783.1	NC_000913.3	No	AAC76364.1	U00096.3	-	3470145	3471329	-	3470145	3471329					2026-08-07.1
tufA_Q125R	tufA	Escherichia	translation elongation factor EF-Tu 1	core	AMR	POINT	POLYKETIDE	KIRROMYCIN	WP_000031783.1	NC_000913.3	No	AAC76364.1	U00096.3	-	3470145	3471329	-	3470145	3471329					2026-08-07.1
tufA_Y161C	tufA	Escherichia	translation elongation factor EF-Tu 1	core	AMR	POINT	POLYKETIDE	KIRROMYCIN	WP_000031783.1	NC_000913.3	No	AAC76364.1	U00096.3	-	3470145	3471329	-	3470145	3471329					2026-08-07.1
tufA_Y161D	tufA	Escherichia	translation elongation factor EF-Tu 1	core	AMR	POINT	POLYKETIDE	KIRROMYCIN	WP_000031783.1	NC_000913.3	No	AAC76364.1	U00096.3	-	3470145	3471329	-	3470145	3471329					2026-08-07.1
tufA_Y161N	tufA	Escherichia	translation elongation factor EF-Tu 1	core	AMR	POINT	POLYKETIDE	KIRROMYCIN	WP_000031783.1	NC_000913.3	No	AAC76364.1	U00096.3	-	3470145	3471329	-	3470145	3471329					2026-08-07.1
tufA_R231C	tufA	Escherichia	translation elongation factor EF-Tu 1	core	AMR	POINT	POLYKETIDE	PULVOMYCIN	WP_000031783.1	NC_000913.3	No	AAC76364.1	U00096.3	-	3470145	3471329	-	3470145	3471329					2026-08-07.1
tufA_R231V	tufA	Escherichia	translation elongation factor EF-Tu 1	core	AMR	POINT	POLYKETIDE	PULVOMYCIN	WP_000031783.1	NC_000913.3	No	AAC76364.1	U00096.3	-	3470145	3471329	-	3470145	3471329					2026-08-07.1
tufA_R234F	tufA	Escherichia	translation elongation factor EF-Tu 1	core	AMR	POINT	POLYKETIDE	PULVOMYCIN	WP_000031783.1	NC_000913.3	No	AAC76364.1	U00096.3	-	3470145	3471329	-	3470145	3471329					2026-08-07.1
tufA_R234S	tufA	Escherichia	translation elongation factor EF-Tu 1	core	AMR	POINT	POLYKETIDE	PULVOMYCIN	WP_000031783.1	NC_000913.3	No	AAC76364.1	U00096.3	-	3470145	3471329	-	3470145	3471329					2026-08-07.1
tufA_G317D	tufA	Escherichia	translation elongation factor EF-Tu 1	core	AMR	POINT	POLYKETIDE	KIRROMYCIN	WP_000031783.1	NC_000913.3	No	AAC76364.1	U00096.3	-	3470145	3471329	-	3470145	3471329					2026-08-07.1
tufA_Q330H	tufA	Escherichia	translation elongation factor EF-Tu 1	core	AMR	POINT	POLYKETIDE	KIRROMYCIN	WP_000031783.1	NC_000913.3	No	AAC76364.1	U00096.3	-	3470145	3471329	-	3470145	3471329					2026-08-07.1
tufA_R334C	tufA	Escherichia	translation elongation factor EF-Tu 1	core	AMR	POINT	POLYKETIDE	PULVOMYCIN	WP_000031783.1	NC_000913.3	No	AAC76364.1	U00096.3	-	3470145	3471329	-	3470145	3471329					2026-08-07.1
tufA_T335A	tufA	Escherichia	translation elongation factor EF-Tu 1	core	AMR	POINT	POLYKETIDE	PULVOMYCIN	WP_000031783.1	NC_000913.3	No	AAC76364.1	U00096.3	-	3470145	3471329	-	3470145	3471329					2026-08-07.1
tufA_A376S	tufA	Escherichia	translation elongation factor EF-Tu 1	core	AMR	POINT	POLYKETIDE	KIRROMYCIN	WP_000031783.1	NC_000913.3	No	AAC76364.1	U00096.3	-	3470145	3471329	-	3470145	3471329					2026-08-07.1
tufA_A376T	tufA	Escherichia	translation elongation factor EF-Tu 1	core	AMR	POINT	POLYKETIDE	KIRROMYCIN	WP_000031783.1	NC_000913.3	No	AAC76364.1	U00096.3	-	3470145	3471329	-	3470145	3471329					2026-08-07.1
tufA_A376V	tufA	Escherichia	translation elongation factor EF-Tu 1	core	AMR	POINT	POLYKETIDE	KIRROMYCIN	WP_000031783.1	NC_000913.3	No	AAC76364.1	U00096.3	-	3470145	3471329	-	3470145	3471329					2026-08-07.1
tufA_E379K	tufA	Escherichia	translation elongation factor EF-Tu 1	core	AMR	POINT	POLYKETIDE	KIRROMYCIN	WP_000031783.1	NC_000913.3	No	AAC76364.1	U00096.3	-	3470145	3471329	-	3470145	3471329					2026-08-07.1
uhpA_G97D	uhpA	Escherichia	DNA-binding response regulator UhpA	core	AMR	POINT	FOSFOMYCIN	FOSFOMYCIN	WP_000633668.1	NZ_HG738867.1	No	CDJ73205.1	HG738867.1	+	2930708	2931298	+	2930708	2931298					2026-08-07.1
uhpT_E350Q	uhpT	Escherichia	hexose phosphate transporter UhpT	core	AMR	POINT	FOSFOMYCIN	FOSFOMYCIN	WP_000879194.1	NZ_HG738867.1	No	CDJ73208.1	HG738867.1	+	2934267	2935658	+	2934267	2935658	30543320				2026-08-07.1
	uhpT	Escherichia	Escherichia hexose phosphate transporter UhpT	core	AMR	POINT_DISRUPT	FOSFOMYCIN	FOSFOMYCIN	WP_000879194.1		No	CDJ73208.1	HG738867.1	+	2934267	2935658							uhpT	2026-08-07.1
folA_I95L	folA	Haemophilus_influenzae	type 3 dihydrofolate reductase FolA	core	AMR	POINT	TRIMETHOPRIM	TRIMETHOPRIM	WP_005648125.1	NC_000907.1	No	AAC22559.1	L42023.1	-	955532	956014	-	955532	956014	31811916				2026-08-07.1
folA_F154S	folA	Haemophilus_influenzae	type 3 dihydrofolate reductase FolA	core	AMR	POINT	TRIMETHOPRIM	TRIMETHOPRIM	WP_005648125.1	NC_000907.1	No	AAC22559.1	L42023.1	-	955532	956014	-	955532	956014	31811916				2026-08-07.1
folA_F154V	folA	Haemophilus_influenzae	type 3 dihydrofolate reductase FolA	core	AMR	POINT	TRIMETHOPRIM	TRIMETHOPRIM	WP_005648125.1	NC_000907.1	No	AAC22559.1	L42023.1	-	955532	956014	-	955532	956014	31811916				2026-08-07.1
folP_P64PSFLY	folP	Haemophilus_influenzae	dihydropteroate synthase FolP	core	AMR	POINT	SULFONAMIDE	SULFONAMIDE	WP_005694653.1	NC_000907.1	No	AAC22983.1	L42023.1	+	1412741	1413568	+	1412741	1413568	38482359				2026-08-07.1
folP_G189C	folP	Haemophilus_influenzae	dihydropteroate synthase FolP	core	AMR	POINT	SULFONAMIDE	SULFONAMIDE	WP_005694653.1	NC_000907.1	No	AAC22983.1	L42023.1	+	1412741	1413568	+	1412741	1413568	31811916				2026-08-07.1
ftsI_V329A	ftsI	Haemophilus_influenzae	penicillin-binding protein PBP3 FtsI	core	AMR	POINT	BETA-LACTAM	CEPHALOSPORIN	WP_005693446.1	NC_000907.1	No	AAC22787.1	L42023.1	+	1197840	1199672	+	1197840	1199672	38954914				2026-08-07.1
ftsI_A337V	ftsI	Haemophilus_influenzae	penicillin-binding protein PBP3 FtsI	core	AMR	POINT	BETA-LACTAM	BETA-LACTAM	WP_005693446.1	NC_000907.1	No	AAC22787.1	L42023.1	+	1197840	1199672	+	1197840	1199672	34463568				2026-08-07.1
ftsI_D350N	ftsI	Haemophilus_influenzae	penicillin-binding protein PBP3 FtsI	core	AMR	POINT	BETA-LACTAM	CEPHALOSPORIN	WP_005693446.1	NC_000907.1	No	AAC22787.1	L42023.1	+	1197840	1199672	+	1197840	1199672	3004446				2026-08-07.1
ftsI_S357N	ftsI	Haemophilus_influenzae	penicillin-binding protein PBP3 FtsI	core	AMR	POINT	BETA-LACTAM	CEPHALOSPORIN	WP_005693446.1	NC_000907.1	No	AAC22787.1	L42023.1	+	1197840	1199672	+	1197840	1199672	3004446				2026-08-07.1
ftsI_A368T	ftsI	Haemophilus_influenzae	penicillin-binding protein PBP3 FtsI	core	AMR	POINT	BETA-LACTAM	BETA-LACTAM	WP_005693446.1	NC_000907.1	No	AAC22787.1	L42023.1	+	1197840	1199672	+	1197840	1199672	34463568				2026-08-07.1
ftsI_M377I	ftsI	Haemophilus_influenzae	penicillin-binding protein PBP3 FtsI	core	AMR	POINT	BETA-LACTAM	BETA-LACTAM	WP_005693446.1	NC_000907.1	No	AAC22787.1	L42023.1	+	1197840	1199672	+	1197840	1199672	34463568				2026-08-07.1
ftsI_S385T	ftsI	Haemophilus_influenzae	penicillin-binding protein PBP3 FtsI	core	AMR	POINT	BETA-LACTAM	CEPHALOSPORIN	WP_005693446.1	NC_000907.1	No	AAC22787.1	L42023.1	+	1197840	1199672	+	1197840	1199672	3004446				2026-08-07.1
ftsI_L389F	ftsI	Haemophilus_influenzae	penicillin-binding protein PBP3 FtsI	core	AMR	POINT	BETA-LACTAM	CEPHALOSPORIN	WP_005693446.1	NC_000907.1	No	AAC22787.1	L42023.1	+	1197840	1199672	+	1197840	1199672	3004446				2026-08-07.1
ftsI_A437S	ftsI	Haemophilus_influenzae	penicillin-binding protein PBP3 FtsI	core	AMR	POINT	BETA-LACTAM	BETA-LACTAM	WP_005693446.1	NC_000907.1	No	AAC22787.1	L42023.1	+	1197840	1199672	+	1197840	1199672	34463568				2026-08-07.1
ftsI_T443A	ftsI	Haemophilus_influenzae	penicillin-binding protein PBP3 FtsI	core	AMR	POINT	BETA-LACTAM	CEPHALOSPORIN	WP_005693446.1	NC_000907.1	No	AAC22787.1	L42023.1	+	1197840	1199672	+	1197840	1199672	38954914				2026-08-07.1
ftsI_I449V	ftsI	Haemophilus_influenzae	penicillin-binding protein PBP3 FtsI	core	AMR	POINT	BETA-LACTAM	BETA-LACTAM	WP_005693446.1	NC_000907.1	No	AAC22787.1	L42023.1	+	1197840	1199672	+	1197840	1199672	34463568				2026-08-07.1
ftsI_G490E	ftsI	Haemophilus_influenzae	penicillin-binding protein PBP3 FtsI	core	AMR	POINT	BETA-LACTAM	BETA-LACTAM	WP_005693446.1	NC_000907.1	No	AAC22787.1	L42023.1	+	1197840	1199672	+	1197840	1199672	34463568				2026-08-07.1
ftsI_A502T	ftsI	Haemophilus_influenzae	penicillin-binding protein PBP3 FtsI	core	AMR	POINT	BETA-LACTAM	CEPHALOSPORIN	WP_005693446.1	NC_000907.1	No	AAC22787.1	L42023.1	+	1197840	1199672	+	1197840	1199672	38954914				2026-08-07.1
ftsI_R517H	ftsI	Haemophilus_influenzae	penicillin-binding protein PBP3 FtsI	core	AMR	POINT	BETA-LACTAM	BETA-LACTAM	WP_005693446.1	NC_000907.1	No	AAC22787.1	L42023.1	+	1197840	1199672	+	1197840	1199672	27530834				2026-08-07.1
ftsI_N526H	ftsI	Haemophilus_influenzae	penicillin-binding protein PBP3 FtsI	core	AMR	POINT	BETA-LACTAM	CEPHALOSPORIN	WP_005693446.1	NC_000907.1	No	AAC22787.1	L42023.1	+	1197840	1199672	+	1197840	1199672	38954914				2026-08-07.1
ftsI_N526K	ftsI	Haemophilus_influenzae	penicillin-binding protein PBP3 FtsI	core	AMR	POINT	BETA-LACTAM	CEPHALOSPORIN	WP_005693446.1	NC_000907.1	No	AAC22787.1	L42023.1	+	1197840	1199672	+	1197840	1199672	22389455,38954914				2026-08-07.1
ftsI_K527N	ftsI	Haemophilus_influenzae	penicillin-binding protein PBP3 FtsI	core	AMR	POINT	BETA-LACTAM	CEPHALOSPORIN	WP_005693446.1	NC_000907.1	No	AAC22787.1	L42023.1	+	1197840	1199672	+	1197840	1199672	38954914				2026-08-07.1
ftsI_A530S	ftsI	Haemophilus_influenzae	penicillin-binding protein PBP3 FtsI	core	AMR	POINT	BETA-LACTAM	CEPHALOSPORIN	WP_005693446.1	NC_000907.1	No	AAC22787.1	L42023.1	+	1197840	1199672	+	1197840	1199672	38954914				2026-08-07.1
ftsI_T532S	ftsI	Haemophilus_influenzae	penicillin-binding protein PBP3 FtsI	core	AMR	POINT	BETA-LACTAM	CEPHALOSPORIN	WP_005693446.1	NC_000907.1	No	AAC22787.1	L42023.1	+	1197840	1199672	+	1197840	1199672	38954914				2026-08-07.1
ftsI_G555E	ftsI	Haemophilus_influenzae	penicillin-binding protein PBP3 FtsI	core	AMR	POINT	BETA-LACTAM	BETA-LACTAM	WP_005693446.1	NC_000907.1	No	AAC22787.1	L42023.1	+	1197840	1199672	+	1197840	1199672	30879978				2026-08-07.1
ftsI_Y557H	ftsI	Haemophilus_influenzae	penicillin-binding protein PBP3 FtsI	core	AMR	POINT	BETA-LACTAM	BETA-LACTAM	WP_005693446.1	NC_000907.1	No	AAC22787.1	L42023.1	+	1197840	1199672	+	1197840	1199672	30879978				2026-08-07.1
ftsI_V562L	ftsI	Haemophilus_influenzae	penicillin-binding protein PBP3 FtsI	core	AMR	POINT	BETA-LACTAM	CEPHALOSPORIN	WP_005693446.1	NC_000907.1	No	AAC22787.1	L42023.1	+	1197840	1199672	+	1197840	1199672	3004446				2026-08-07.1
gyrA_S84L	gyrA	Haemophilus_influenzae	DNA gyrase subunit A GyrA	core	AMR	POINT	QUINOLONE	QUINOLONE	WP_005694321.1	NC_000907.1	No	AAC22917.1	L42023.1	-	1341719	1344361	-	1341719	1344361	38482359				2026-08-07.1
gyrA_S84Y	gyrA	Haemophilus_influenzae	DNA gyrase subunit A GyrA	core	AMR	POINT	QUINOLONE	QUINOLONE	WP_005694321.1	NC_000907.1	No	AAC22917.1	L42023.1	-	1341719	1344361	-	1341719	1344361	8807076				2026-08-07.1
gyrA_D88G	gyrA	Haemophilus_influenzae	DNA gyrase subunit A GyrA	core	AMR	POINT	QUINOLONE	QUINOLONE	WP_005694321.1	NC_000907.1	No	AAC22917.1	L42023.1	-	1341719	1344361	-	1341719	1344361	30145620				2026-08-07.1
gyrA_D88N	gyrA	Haemophilus_influenzae	DNA gyrase subunit A GyrA	core	AMR	POINT	QUINOLONE	QUINOLONE	WP_005694321.1	NC_000907.1	No	AAC22917.1	L42023.1	-	1341719	1344361	-	1341719	1344361	8807076				2026-08-07.1
gyrA_D88Y	gyrA	Haemophilus_influenzae	DNA gyrase subunit A GyrA	core	AMR	POINT	QUINOLONE	QUINOLONE	WP_005694321.1	NC_000907.1	No	AAC22917.1	L42023.1	-	1341719	1344361	-	1341719	1344361	8807076				2026-08-07.1
parC_G82C	parC	Haemophilus_influenzae	DNA topoisomerase IV subunit A ParC	core	AMR	POINT	QUINOLONE	QUINOLONE	WP_005693555.1	NC_000907.1	No	AAC23175.1	L42023.1	+	1600254	1602497	+	1600254	1602497	24480551				2026-08-07.1
parC_G82D	parC	Haemophilus_influenzae	DNA topoisomerase IV subunit A ParC	core	AMR	POINT	QUINOLONE	QUINOLONE	WP_005693555.1	NC_000907.1	No	AAC23175.1	L42023.1	+	1600254	1602497	+	1600254	1602497	24480551				2026-08-07.1
parC_S84I	parC	Haemophilus_influenzae	DNA topoisomerase IV subunit A ParC	core	AMR	POINT	QUINOLONE	QUINOLONE	WP_005693555.1	NC_000907.1	No	AAC23175.1	L42023.1	+	1600254	1602497	+	1600254	1602497	38482359				2026-08-07.1
parC_S84R	parC	Haemophilus_influenzae	DNA topoisomerase IV subunit A ParC	core	AMR	POINT	QUINOLONE	QUINOLONE	WP_005693555.1	NC_000907.1	No	AAC23175.1	L42023.1	+	1600254	1602497	+	1600254	1602497	24480551				2026-08-07.1
parC_E88K	parC	Haemophilus_influenzae	DNA topoisomerase IV subunit A ParC	core	AMR	POINT	QUINOLONE	QUINOLONE	WP_005693555.1	NC_000907.1	No	AAC23175.1	L42023.1	+	1600254	1602497	+	1600254	1602497	8807076				2026-08-07.1
parE_D420N	parE	Haemophilus_influenzae	DNA topoisomerase IV subunit B ParE	core	AMR	POINT	QUINOLONE	QUINOLONE	WP_005693553.1	NC_000907.1	No	AAC23174.1	L42023.1	+	1598289	1600187	+	1598289	1600187	30145620				2026-08-07.1
parE_P439S	parE	Haemophilus_influenzae	DNA topoisomerase IV subunit B ParE	core	AMR	POINT	QUINOLONE	QUINOLONE	WP_005693553.1	NC_000907.1	No	AAC23174.1	L42023.1	+	1598289	1600187	+	1598289	1600187	36949027				2026-08-07.1
parE_L502F	parE	Haemophilus_influenzae	DNA topoisomerase IV subunit B ParE	core	AMR	POINT	QUINOLONE	QUINOLONE	WP_005693553.1	NC_000907.1	No	AAC23174.1	L42023.1	+	1598289	1600187	+	1598289	1600187	36949027				2026-08-07.1
rpoB_A1131T	rpoB	Haemophilus_influenzae	DNA-directed RNA polymerase subunit beta RpoB	core	AMR	POINT	RIFAMYCIN	RIFAMPIN	WP_005666423.1	NC_000907.1	No	AAC22173.1	L42023.1	-	535050	539081	-	535050	539081	34463568				2026-08-07.1
gyrA_N87K	gyrA	Helicobacter_pylori	DNA gyrase subunit A GyrA	core	AMR	POINT	QUINOLONE	QUINOLONE	WP_001153763.1	NC_018939.1	No	AFV41918.1	CP003904.1	+	752524	755007	+	752524	755007	14638505,38525761				2026-08-07.1
gyrA_D91G	gyrA	Helicobacter_pylori	DNA gyrase subunit A GyrA	core	AMR	POINT	QUINOLONE	QUINOLONE	WP_001153763.1	NC_018939.1	No	AFV41918.1	CP003904.1	+	752524	755007	+	752524	755007	14638505				2026-08-07.1
gyrA_D91N	gyrA	Helicobacter_pylori	DNA gyrase subunit A GyrA	core	AMR	POINT	QUINOLONE	QUINOLONE	WP_001153763.1	NC_018939.1	No	AFV41918.1	CP003904.1	+	752524	755007	+	752524	755007	14638505,27391421,38525761				2026-08-07.1
gyrA_D91Y	gyrA	Helicobacter_pylori	DNA gyrase subunit A GyrA	core	AMR	POINT	QUINOLONE	QUINOLONE	WP_001153763.1	NC_018939.1	No	AFV41918.1	CP003904.1	+	752524	755007	+	752524	755007	14638505				2026-08-07.1
pbp1a_S414R	pbp1a	Helicobacter_pylori	penicillin-binding protein PBP-1A	core	AMR	POINT	BETA-LACTAM	BETA-LACTAM	WP_000913670.1	NC_000915.1	No	AAD07660.1	AE000511.1	-	630840	632819	-	630840	632819	12069978				2026-08-07.1
pbp1a_T438M	pbp1a	Helicobacter_pylori	penicillin-binding protein PBP-1A	core	AMR	POINT	BETA-LACTAM	BETA-LACTAM	WP_000913670.1	NC_000915.1	No	AAD07660.1	AE000511.1	-	630840	632819	-	630840	632819	17000747				2026-08-07.1
pbp1a_S455N	pbp1a	Helicobacter_pylori	penicillin-binding protein PBP-1A	core	AMR	POINT	BETA-LACTAM	BETA-LACTAM	WP_000913670.1	NC_000915.1	No	AAD07660.1	AE000511.1	-	630840	632819	-	630840	632819	20956585				2026-08-07.1
pbp1a_V469M	pbp1a	Helicobacter_pylori	penicillin-binding protein PBP-1A	core	AMR	POINT	BETA-LACTAM	BETA-LACTAM	WP_000913670.1	NC_000915.1	No	AAD07660.1	AE000511.1	-	630840	632819	-	630840	632819	20956585				2026-08-07.1
pbp1a_F473L	pbp1a	Helicobacter_pylori	penicillin-binding protein PBP-1A	core	AMR	POINT	BETA-LACTAM	BETA-LACTAM	WP_000913670.1	NC_000915.1	No	AAD07660.1	AE000511.1	-	630840	632819	-	630840	632819	20956585				2026-08-07.1
pbp1a_S543R	pbp1a	Helicobacter_pylori	penicillin-binding protein PBP-1A	core	AMR	POINT	BETA-LACTAM	BETA-LACTAM	WP_000913670.1	NC_000915.1	No	AAD07660.1	AE000511.1	-	630840	632819	-	630840	632819	20956585				2026-08-07.1
pbp1a_T556S	pbp1a	Helicobacter_pylori	penicillin-binding protein PBP-1A	core	AMR	POINT	BETA-LACTAM	BETA-LACTAM	WP_000913670.1	NC_000915.1	No	AAD07660.1	AE000511.1	-	630840	632819	-	630840	632819	38525761				2026-08-07.1
pbp1a_N562T	pbp1a	Helicobacter_pylori	penicillin-binding protein PBP-1A	core	AMR	POINT	BETA-LACTAM	BETA-LACTAM	WP_000913670.1	NC_000915.1	No	AAD07660.1	AE000511.1	-	630840	632819	-	630840	632819	27391421				2026-08-07.1
pbp1a_P623L	pbp1a	Helicobacter_pylori	penicillin-binding protein PBP-1A	core	AMR	POINT	BETA-LACTAM	BETA-LACTAM	WP_000913670.1	NC_000915.1	No	AAD07660.1	AE000511.1	-	630840	632819	-	630840	632819	35995672				2026-08-07.1
gyrA_T83I	gyrA	Klebsiella_oxytoca	DNA gyrase subunit A GyrA	core	AMR	POINT	QUINOLONE	QUINOLONE	WP_004103997.1	NZ_CP033844.1	No	AYZ51335.1	CP033844.1	-	1716823	1719456	-	1716823	1719456	9756773				2026-08-07.1
gyrA_D87G	gyrA	Klebsiella_oxytoca	DNA gyrase subunit A GyrA	core	AMR	POINT	QUINOLONE	QUINOLONE	WP_004103997.1	NZ_CP033844.1	No	AYZ51335.1	CP033844.1	-	1716823	1719456	-	1716823	1719456	10428935				2026-08-07.1
parC_S80I	parC	Klebsiella_oxytoca	DNA topoisomerase IV subunit A ParC	core	AMR	POINT	QUINOLONE	QUINOLONE	WP_004105833.1	NZ_CP033844.1	No	AYZ52281.1	CP033844.1	-	2749420	2751678	-	2749420	2751678	10428935				2026-08-07.1
parC_S80R	parC	Klebsiella_oxytoca	DNA topoisomerase IV subunit A ParC	core	AMR	POINT	QUINOLONE	QUINOLONE	WP_004105833.1	NZ_CP033844.1	No	AYZ52281.1	CP033844.1	-	2749420	2751678	-	2749420	2751678	10428935				2026-08-07.1
acrR_M109I	acrR	Klebsiella_pneumoniae	transcriptional regulator AcrR	core	AMR	POINT	TETRACYCLINE	TIGECYCLINE	WP_002892080.1	NC_009648.1	No	ABR75897.1	CP000647.1	+	489265	489915	+	489265	489915	25182649				2026-08-07.1
acrR_Y114F	acrR	Klebsiella_pneumoniae	transcriptional regulator AcrR	core	AMR	POINT	TETRACYCLINE	TIGECYCLINE	WP_002892080.1	NC_009648.1	No	ABR75897.1	CP000647.1	+	489265	489915	+	489265	489915	25182649				2026-08-07.1
acrR_V165I	acrR	Klebsiella_pneumoniae	transcriptional regulator AcrR	core	AMR	POINT	TETRACYCLINE	TIGECYCLINE	WP_002892080.1	NC_009648.1	No	ABR75897.1	CP000647.1	+	489265	489915	+	489265	489915	25182649				2026-08-07.1
arnC_C161Y	arnC	Klebsiella_pneumoniae	undecaprenyl-phosphate 4-deoxy-4-formamido-L-arabinose transferase ArnC	core	AMR	POINT	COLISTIN	COLISTIN	WP_014906821.1		No	KMI01341.1	LFAY01000067.1	-	202450	203433								2026-08-07.1
baeS_D111V	baeS	Klebsiella_pneumoniae	two-component system sensor histidine kinase BaeS	core	AMR	POINT	BETA-LACTAM	AZTREONAM/AZTREONAM-AVIBACTAM	WP_004149058.1	NC_017540.1	No	AEJ99031.1	CP002910.1	+	3277439	3278917	+	3277439	3278917	34568905				2026-08-07.1
cirA_G75W	cirA	Klebsiella_pneumoniae	catecholate siderophore receptor CirA	core	AMR	POINT	BETA-LACTAM	CEFIDEROCOL	WP_002912926.1	NC_017540.1	No	AEJ99093.1	CP002910.1	-	3348748	3350721	-	3348748	3350721	36305334				2026-08-07.1
cirA_E133Ter	cirA	Klebsiella_pneumoniae	catecholate siderophore receptor CirA	core	AMR	POINT	BETA-LACTAM	CEFIDEROCOL	WP_002912926.1	NC_017540.1	No	AEJ99093.1	CP002910.1	-	3348748	3350721	-	3348748	3350721	37877547				2026-08-07.1
cirA_Y253CfsTer5	cirA	Klebsiella_pneumoniae	catecholate siderophore receptor CirA	core	AMR	POINT	BETA-LACTAM	CEFIDEROCOL	WP_002912926.1	NC_017540.1	No	AEJ99093.1	CP002910.1	-	3348748	3350721	-	3348748	3350721	36305334				2026-08-07.1
cirA_W427Ter	cirA	Klebsiella_pneumoniae	catecholate siderophore receptor CirA	core	AMR	POINT	BETA-LACTAM	CEFIDEROCOL	WP_002912926.1	NC_017540.1	No	AEJ99093.1	CP002910.1	-	3348748	3350721	-	3348748	3350721	36305334				2026-08-07.1
	cirA	Klebsiella_pneumoniae	Klebsiella pneumoniae catecholate siderophore receptor CirA	core	AMR	POINT_DISRUPT	BETA-LACTAM	CEFIDEROCOL	WP_002912926.1		No	AEJ99093.1	CP002910.1	-	3348748	3350721				40423723			cirA	2026-08-07.1
crrB_Q10L	crrB	Klebsiella_pneumoniae	HAMP domain-containing histidine kinase CrrB	core	AMR	POINT	COLISTIN	COLISTIN	WP_004184324.1	NZ_PYBH01000009.1	No	PWF58681.1	PYBH01000009.1	+	83685	84746	+	83685	84746	25385117				2026-08-07.1
crrB_Y31H	crrB	Klebsiella_pneumoniae	HAMP domain-containing histidine kinase CrrB	core	AMR	POINT	COLISTIN	COLISTIN	WP_004184324.1	NZ_PYBH01000009.1	No	PWF58681.1	PYBH01000009.1	+	83685	84746	+	83685	84746	27067316				2026-08-07.1
crrB_F84S	crrB	Klebsiella_pneumoniae	HAMP domain-containing histidine kinase CrrB	core	AMR	POINT	COLISTIN	COLISTIN	WP_004184324.1	NZ_PYBH01000009.1	No	PWF58681.1	PYBH01000009.1	+	83685	84746	+	83685	84746	28874377				2026-08-07.1
crrB_L94M	crrB	Klebsiella_pneumoniae	HAMP domain-containing histidine kinase CrrB	core	AMR	POINT	COLISTIN	COLISTIN	WP_004184324.1	NZ_PYBH01000009.1	No	PWF58681.1	PYBH01000009.1	+	83685	84746	+	83685	84746	25385117				2026-08-07.1
crrB_W140R	crrB	Klebsiella_pneumoniae	HAMP domain-containing histidine kinase CrrB	core	AMR	POINT	COLISTIN	COLISTIN	WP_004184324.1	NZ_PYBH01000009.1	No	PWF58681.1	PYBH01000009.1	+	83685	84746	+	83685	84746	27067316				2026-08-07.1
crrB_N141I	crrB	Klebsiella_pneumoniae	HAMP domain-containing histidine kinase CrrB	core	AMR	POINT	COLISTIN	COLISTIN	WP_004184324.1	NZ_PYBH01000009.1	No	PWF58681.1	PYBH01000009.1	+	83685	84746	+	83685	84746	27067316				2026-08-07.1
crrB_N141Y	crrB	Klebsiella_pneumoniae	HAMP domain-containing histidine kinase CrrB	core	AMR	POINT	COLISTIN	COLISTIN	WP_004184324.1	NZ_PYBH01000009.1	No	PWF58681.1	PYBH01000009.1	+	83685	84746	+	83685	84746	28874377				2026-08-07.1
crrB_P151L	crrB	Klebsiella_pneumoniae	HAMP domain-containing histidine kinase CrrB	core	AMR	POINT	COLISTIN	COLISTIN	WP_004184324.1	NZ_PYBH01000009.1	No	PWF58681.1	PYBH01000009.1	+	83685	84746	+	83685	84746	28874377				2026-08-07.1
crrB_P151S	crrB	Klebsiella_pneumoniae	HAMP domain-containing histidine kinase CrrB	core	AMR	POINT	COLISTIN	COLISTIN	WP_004184324.1	NZ_PYBH01000009.1	No	PWF58681.1	PYBH01000009.1	+	83685	84746	+	83685	84746	27067316				2026-08-07.1
crrB_G183V	crrB	Klebsiella_pneumoniae	HAMP domain-containing histidine kinase CrrB	core	AMR	POINT	COLISTIN	COLISTIN	WP_004184324.1	NZ_PYBH01000009.1	No	PWF58681.1	PYBH01000009.1	+	83685	84746	+	83685	84746	28874377				2026-08-07.1
crrB_S195N	crrB	Klebsiella_pneumoniae	HAMP domain-containing histidine kinase CrrB	core	AMR	POINT	COLISTIN	COLISTIN	WP_004184324.1	NZ_PYBH01000009.1	No	PWF58681.1	PYBH01000009.1	+	83685	84746	+	83685	84746	27067316				2026-08-07.1
envZ_R397C	envZ	Klebsiella_pneumoniae	two-component system sensor histidine kinase EnvZ	core	AMR	POINT	BETA-LACTAM	CEFTAZIDIME-AVIBACTAM	WP_317867775.1		No	HEE1999386.1	DAQQET010000008.1	-	48553	49908				30247546				2026-08-07.1
envZ_I412L	envZ	Klebsiella_pneumoniae	two-component system sensor histidine kinase EnvZ	core	AMR	POINT	BETA-LACTAM	CEFTAZIDIME-AVIBACTAM	WP_317867775.1		No	HEE1999386.1	DAQQET010000008.1	-	48553	49908				30247546				2026-08-07.1
ftsI_V355G	ftsI	Klebsiella_pneumoniae	penicillin-binding protein PBP3 FtsI	core	AMR	POINT	BETA-LACTAM	CEFTIBUTEN/CEFTIBUTEN-AVIBACTAM	WP_016532398.1	NZ_FO834906.1	No	CDO16001.1	FO834906.1	-	4514345	4516111	-	4514345	4516111	39665271				2026-08-07.1
ftsI_L367Q	ftsI	Klebsiella_pneumoniae	penicillin-binding protein PBP3 FtsI	core	AMR	POINT	BETA-LACTAM	CEFTAZIDIME-AVIBACTAM	WP_016532398.1	NZ_FO834906.1	No	CDO16001.1	FO834906.1	-	4514345	4516111	-	4514345	4516111	34551677				2026-08-07.1
ftsI_A413V	ftsI	Klebsiella_pneumoniae	penicillin-binding protein PBP3 FtsI	core	AMR	POINT	BETA-LACTAM	CEFTAZIDIME-AVIBACTAM	WP_016532398.1	NZ_FO834906.1	No	CDO16001.1	FO834906.1	-	4514345	4516111	-	4514345	4516111	40520176				2026-08-07.1
gyrA_S83F	gyrA	Klebsiella_pneumoniae	DNA gyrase subunit A GyrA	core	AMR	POINT	QUINOLONE	QUINOLONE	WP_117036963.1	NZ_UKDA01000002.1	No	SXI98935.1	UKDA01000002.1	-	580828	583461	-	580828	583461					2026-08-07.1
gyrA_S83I	gyrA	Klebsiella_pneumoniae	DNA gyrase subunit A GyrA	core	AMR	POINT	QUINOLONE	QUINOLONE	WP_117036963.1	NZ_UKDA01000002.1	No	SXI98935.1	UKDA01000002.1	-	580828	583461	-	580828	583461					2026-08-07.1
gyrA_S83L	gyrA	Klebsiella_pneumoniae	DNA gyrase subunit A GyrA	core	AMR	POINT	QUINOLONE	QUINOLONE	WP_117036963.1	NZ_UKDA01000002.1	No	SXI98935.1	UKDA01000002.1	-	580828	583461	-	580828	583461					2026-08-07.1
gyrA_S83T	gyrA	Klebsiella_pneumoniae	DNA gyrase subunit A GyrA	core	AMR	POINT	QUINOLONE	QUINOLONE	WP_117036963.1	NZ_UKDA01000002.1	No	SXI98935.1	UKDA01000002.1	-	580828	583461	-	580828	583461					2026-08-07.1
gyrA_S83Y	gyrA	Klebsiella_pneumoniae	DNA gyrase subunit A GyrA	core	AMR	POINT	QUINOLONE	QUINOLONE	WP_117036963.1	NZ_UKDA01000002.1	No	SXI98935.1	UKDA01000002.1	-	580828	583461	-	580828	583461					2026-08-07.1
gyrA_D87A	gyrA	Klebsiella_pneumoniae	DNA gyrase subunit A GyrA	core	AMR	POINT	QUINOLONE	QUINOLONE	WP_117036963.1	NZ_UKDA01000002.1	No	SXI98935.1	UKDA01000002.1	-	580828	583461	-	580828	583461					2026-08-07.1
gyrA_D87G	gyrA	Klebsiella_pneumoniae	DNA gyrase subunit A GyrA	core	AMR	POINT	QUINOLONE	QUINOLONE	WP_117036963.1	NZ_UKDA01000002.1	No	SXI98935.1	UKDA01000002.1	-	580828	583461	-	580828	583461					2026-08-07.1
gyrA_D87H	gyrA	Klebsiella_pneumoniae	DNA gyrase subunit A GyrA	core	AMR	POINT	QUINOLONE	QUINOLONE	WP_117036963.1	NZ_UKDA01000002.1	No	SXI98935.1	UKDA01000002.1	-	580828	583461	-	580828	583461					2026-08-07.1
gyrA_D87N	gyrA	Klebsiella_pneumoniae	DNA gyrase subunit A GyrA	core	AMR	POINT	QUINOLONE	QUINOLONE	WP_117036963.1	NZ_UKDA01000002.1	No	SXI98935.1	UKDA01000002.1	-	580828	583461	-	580828	583461					2026-08-07.1
gyrA_D87Y	gyrA	Klebsiella_pneumoniae	DNA gyrase subunit A GyrA	core	AMR	POINT	QUINOLONE	QUINOLONE	WP_117036963.1	NZ_UKDA01000002.1	No	SXI98935.1	UKDA01000002.1	-	580828	583461	-	580828	583461					2026-08-07.1
lamB_R134P	lamB	Klebsiella_pneumoniae	maltoporin LamB	core	AMR	POINT	BETA-LACTAM	CEFTAZIDIME-AVIBACTAM	WP_002884747.1	NZ_CP109607.1	No	WAH47136.1	CP109607.1	-	4992597	4993886	-	4992597	4993886	34551677				2026-08-07.1
lamB_R374S	lamB	Klebsiella_pneumoniae	maltoporin LamB	core	AMR	POINT	BETA-LACTAM	CEFTAZIDIME-AVIBACTAM	WP_002884747.1	NZ_CP109607.1	No	WAH47136.1	CP109607.1	-	4992597	4993886	-	4992597	4993886	34551677				2026-08-07.1
lapB_V43G	lapB	Klebsiella_pneumoniae	lipopolysaccharide assembly protein LapB	core	AMR	POINT	COLISTIN	COLISTIN	WP_004140292.1	NC_009648.1	No	ABR76709.1	CP000647.1	+	1433464	1434633	+	1433464	1434633	27600049				2026-08-07.1
lpxM_V30G	lpxM	Klebsiella_pneumoniae	lauroyl-Kdo(2)-lipid IV(A) myristoyltransferase LpxM	core	AMR	POINT	COLISTIN	COLISTIN	WP_002911442.1	NC_009648.1	No	ABR77796.1	CP000647.1	-	2595658	2596632	-	2595658	2596632	27600049				2026-08-07.1
mgrB_A14S	mgrB	Klebsiella_pneumoniae	PhoP/PhoQ regulatory lipoprotein MgrB	core	AMR	POINT	COLISTIN	COLISTIN	WP_002911375.1	NZ_CP040993.1	No	QDC86160.1	CP040993.1	-	4461415	4461558	-	4461415	4461558	27191712				2026-08-07.1
mgrB_L17R	mgrB	Klebsiella_pneumoniae	PhoP/PhoQ regulatory lipoprotein MgrB	core	AMR	POINT	COLISTIN	COLISTIN	WP_002911375.1	NZ_CP040993.1	No	QDC86160.1	CP040993.1	-	4461415	4461558	-	4461415	4461558	30061868				2026-08-07.1
mgrB_W20R	mgrB	Klebsiella_pneumoniae	PhoP/PhoQ regulatory lipoprotein MgrB	core	AMR	POINT	COLISTIN	COLISTIN	WP_002911375.1	NZ_CP040993.1	No	QDC86160.1	CP040993.1	-	4461415	4461558	-	4461415	4461558	27191712				2026-08-07.1
mgrB_L24H	mgrB	Klebsiella_pneumoniae	PhoP/PhoQ regulatory lipoprotein MgrB	core	AMR	POINT	COLISTIN	COLISTIN	WP_002911375.1	NZ_CP040993.1	No	QDC86160.1	CP040993.1	-	4461415	4461558	-	4461415	4461558	25264127				2026-08-07.1
mgrB_M27K	mgrB	Klebsiella_pneumoniae	PhoP/PhoQ regulatory lipoprotein MgrB	core	AMR	POINT	COLISTIN	COLISTIN	WP_002911375.1	NZ_CP040993.1	No	QDC86160.1	CP040993.1	-	4461415	4461558	-	4461415	4461558	27191712				2026-08-07.1
mgrB_C28F	mgrB	Klebsiella_pneumoniae	PhoP/PhoQ regulatory lipoprotein MgrB	core	AMR	POINT	COLISTIN	COLISTIN	WP_002911375.1	NZ_CP040993.1	No	QDC86160.1	CP040993.1	-	4461415	4461558	-	4461415	4461558	25264127				2026-08-07.1
mgrB_C28Y	mgrB	Klebsiella_pneumoniae	PhoP/PhoQ regulatory lipoprotein MgrB	core	AMR	POINT	COLISTIN	COLISTIN	WP_002911375.1	NZ_CP040993.1	No	QDC86160.1	CP040993.1	-	4461415	4461558	-	4461415	4461558	25022583				2026-08-07.1
mgrB_Q30Ter	mgrB	Klebsiella_pneumoniae	PhoP/PhoQ regulatory lipoprotein MgrB	core	AMR	POINT	COLISTIN	COLISTIN	WP_002911375.1	NZ_CP040993.1	No	QDC86160.1	CP040993.1	-	4461415	4461558	-	4461415	4461558	29326662				2026-08-07.1
mgrB_D31N	mgrB	Klebsiella_pneumoniae	PhoP/PhoQ regulatory lipoprotein MgrB	core	AMR	POINT	COLISTIN	COLISTIN	WP_002911375.1	NZ_CP040993.1	No	QDC86160.1	CP040993.1	-	4461415	4461558	-	4461415	4461558	25264127				2026-08-07.1
mgrB_V32G	mgrB	Klebsiella_pneumoniae	PhoP/PhoQ regulatory lipoprotein MgrB	core	AMR	POINT	COLISTIN	COLISTIN	WP_002911375.1	NZ_CP040993.1	No	QDC86160.1	CP040993.1	-	4461415	4461558	-	4461415	4461558	30061868				2026-08-07.1
mgrB_F35I	mgrB	Klebsiella_pneumoniae	PhoP/PhoQ regulatory lipoprotein MgrB	core	AMR	POINT	COLISTIN	COLISTIN	WP_002911375.1	NZ_CP040993.1	No	QDC86160.1	CP040993.1	-	4461415	4461558	-	4461415	4461558	25264127				2026-08-07.1
mgrB_G37S	mgrB	Klebsiella_pneumoniae	PhoP/PhoQ regulatory lipoprotein MgrB	core	AMR	POINT	COLISTIN	COLISTIN	WP_002911375.1	NZ_CP040993.1	No	QDC86160.1	CP040993.1	-	4461415	4461558	-	4461415	4461558	25022583				2026-08-07.1
mgrB_C39Ter	mgrB	Klebsiella_pneumoniae	PhoP/PhoQ regulatory lipoprotein MgrB	core	AMR	POINT	COLISTIN	COLISTIN	WP_002911375.1	NZ_CP040993.1	No	QDC86160.1	CP040993.1	-	4461415	4461558	-	4461415	4461558	29326662				2026-08-07.1
mgrB_C39Y	mgrB	Klebsiella_pneumoniae	PhoP/PhoQ regulatory lipoprotein MgrB	core	AMR	POINT	COLISTIN	COLISTIN	WP_002911375.1	NZ_CP040993.1	No	QDC86160.1	CP040993.1	-	4461415	4461558	-	4461415	4461558	27191712				2026-08-07.1
mgrB_I45T	mgrB	Klebsiella_pneumoniae	PhoP/PhoQ regulatory lipoprotein MgrB	core	AMR	POINT	COLISTIN	COLISTIN	WP_002911375.1	NZ_CP040993.1	No	QDC86160.1	CP040993.1	-	4461415	4461558	-	4461415	4461558	27191712				2026-08-07.1
mgrB_W47R	mgrB	Klebsiella_pneumoniae	PhoP/PhoQ regulatory lipoprotein MgrB	core	AMR	POINT	COLISTIN	COLISTIN	WP_002911375.1	NZ_CP040993.1	No	QDC86160.1	CP040993.1	-	4461415	4461558	-	4461415	4461558	27191712				2026-08-07.1
	mgrB	Klebsiella_pneumoniae	Klebsiella pneumoniae PhoP/PhoQ regulatory lipoprotein MgrB	core	AMR	POINT_DISRUPT	COLISTIN	COLISTIN	WP_002911375.1		No	QDC86160.1	CP040993.1	-	4461415	4461558				32457105			mgrB	2026-08-07.1
mrdA_D354A	mrdA	Klebsiella_pneumoniae	peptidoglycan DD-transpeptidase MrdA	core	AMR	POINT	BETA-LACTAM	CEFTAZIDIME-AVIBACTAM	WP_002894617.1	NC_009648.1	No	ABR76117.1	CP000647.1	-	754660	756561	-	754660	756561	30247546				2026-08-07.1
mrdA_T529N	mrdA	Klebsiella_pneumoniae	peptidoglycan DD-transpeptidase MrdA	core	AMR	POINT	BETA-LACTAM	CEFTAZIDIME-AVIBACTAM	WP_002894617.1	NC_009648.1	No	ABR76117.1	CP000647.1	-	754660	756561	-	754660	756561	40520176				2026-08-07.1
nfsB_W46C	nfsB	Klebsiella_pneumoniae	oxygen-insensitive NAD(P)H nitroreductase NfsB	core	AMR	POINT	NITROFURAN	NITROFURANTOIN	WP_002893020.1	NZ_CP009771.1	No	AIW69966.1	CP009771.1	-	1438212	1438865	-	1438212	1438865	38078757				2026-08-07.1
nfsB_D198Y	nfsB	Klebsiella_pneumoniae	oxygen-insensitive NAD(P)H nitroreductase NfsB	core	AMR	POINT	NITROFURAN	NITROFURANTOIN	WP_002893020.1	NZ_CP009771.1	No	AIW69966.1	CP009771.1	-	1438212	1438865	-	1438212	1438865	38078757				2026-08-07.1
	nfsB	Klebsiella_pneumoniae	Klebsiella pneumoniae oxygen-insensitive NAD(P)H nitroreductase NfsB	core	AMR	POINT_DISRUPT	NITROFURAN	NITROFURANTOIN	WP_002893020.1		No	AIW69966.1	CP009771.1	-	1438212	1438865							nfsB	2026-08-07.1
ompK35_E132K	ompK35	Klebsiella_pneumoniae	outer membrane porin OmpK35	core	AMR	POINT	BETA-LACTAM	CARBAPENEM	WP_004141771.1		No	CAA09665.1	AJ011501.1	+	123	1202				20660684				2026-08-07.1
ompK35_W230Ter	ompK35	Klebsiella_pneumoniae	outer membrane porin OmpK35	core	AMR	POINT	BETA-LACTAM	CARBAPENEM	WP_004141771.1		No	CAA09665.1	AJ011501.1	+	123	1202				34060914				2026-08-07.1
	ompK35	Klebsiella_pneumoniae	Klebsiella pneumoniae outer membrane porin OmpK35	core	AMR	POINT_DISRUPT	BETA-LACTAM	CARBAPENEM	WP_004141771.1		No	CAA09665.1	AJ011501.1	+	123	1202				27645385,29621592,17005822			ompK35	2026-08-07.1
ompK36_A21V	ompK36	Klebsiella_pneumoniae	outer membrane porin OmpK36	core	AMR	POINT	BETA-LACTAM	CEFTIBUTEN/CEFTIBUTEN-AVIBACTAM	WP_002913005.1		No	ADG56549.1	HM000041.1	+	1	1104				39665271				2026-08-07.1
ompK36_Q66Ter	ompK36	Klebsiella_pneumoniae	outer membrane porin OmpK36	core	AMR	POINT	BETA-LACTAM	CARBAPENEM	WP_002913005.1		No	ADG56549.1	HM000041.1	+	1	1104				36036505				2026-08-07.1
ompK36_Q70Ter	ompK36	Klebsiella_pneumoniae	outer membrane porin OmpK36	core	AMR	POINT	BETA-LACTAM	CARBAPENEM	WP_002913005.1		No	ADG56549.1	HM000041.1	+	1	1104				36036505				2026-08-07.1
ompK36_E78Ter	ompK36	Klebsiella_pneumoniae	outer membrane porin OmpK36	core	AMR	POINT	BETA-LACTAM	CARBAPENEM	WP_002913005.1		No	ADG56549.1	HM000041.1	+	1	1104				20660684				2026-08-07.1
ompK36_E87Ter	ompK36	Klebsiella_pneumoniae	outer membrane porin OmpK36	core	AMR	POINT	BETA-LACTAM	CARBAPENEM	WP_002913005.1		No	ADG56549.1	HM000041.1	+	1	1104				36036505				2026-08-07.1
ompK36_W125Ter	ompK36	Klebsiella_pneumoniae	outer membrane porin OmpK36	core	AMR	POINT	BETA-LACTAM	CARBAPENEM	WP_002913005.1		No	ADG56549.1	HM000041.1	+	1	1104				34060914				2026-08-07.1
ompK36_T126Ter	ompK36	Klebsiella_pneumoniae	outer membrane porin OmpK36	core	AMR	POINT	BETA-LACTAM	CARBAPENEM	WP_002913005.1		No	ADG56549.1	HM000041.1	+	1	1104				20660684				2026-08-07.1
ompK36_G133D	ompK36	Klebsiella_pneumoniae	outer membrane porin OmpK36	core	AMR	POINT	BETA-LACTAM	CARBAPENEM	WP_002913005.1		No	ADG56549.1	HM000041.1	+	1	1104				15081418				2026-08-07.1
ompK36_D135DD	ompK36	Klebsiella_pneumoniae	outer membrane porin OmpK36	core	AMR	POINT	BETA-LACTAM	CARBAPENEM	WP_002913005.1		No	ADG56549.1	HM000041.1	+	1	1104				35816554				2026-08-07.1
ompK36_D135DGD	ompK36	Klebsiella_pneumoniae	outer membrane porin OmpK36	core	AMR	POINT	BETA-LACTAM	CARBAPENEM	WP_002913005.1		No	ADG56549.1	HM000041.1	+	1	1104				30875398,31477712,42003578				2026-08-07.1
ompK36_T136TDT	ompK36	Klebsiella_pneumoniae	outer membrane porin OmpK36	core	AMR	POINT	BETA-LACTAM	CARBAPENEM	WP_002913005.1		No	ADG56549.1	HM000041.1	+	1	1104				30875398,31477712,35816554				2026-08-07.1
ompK36_T192del	ompK36	Klebsiella_pneumoniae	outer membrane porin OmpK36	core	AMR	POINT	BETA-LACTAM	CARBAPENEM	WP_002913005.1		No	ADG56549.1	HM000041.1	+	1	1104				20660684				2026-08-07.1
ompK36_T261Ter	ompK36	Klebsiella_pneumoniae	outer membrane porin OmpK36	core	AMR	POINT	BETA-LACTAM	CARBAPENEM	WP_002913005.1		No	ADG56549.1	HM000041.1	+	1	1104				20660684				2026-08-07.1
ompK36_L307Ter	ompK36	Klebsiella_pneumoniae	outer membrane porin OmpK36	core	AMR	POINT	BETA-LACTAM	CARBAPENEM	WP_002913005.1		No	ADG56549.1	HM000041.1	+	1	1104				36036505				2026-08-07.1
ompK36_Q313Ter	ompK36	Klebsiella_pneumoniae	outer membrane porin OmpK36	core	AMR	POINT	BETA-LACTAM	CARBAPENEM	WP_002913005.1		No	ADG56549.1	HM000041.1	+	1	1104				36036505				2026-08-07.1
ompK36_T333N	ompK36	Klebsiella_pneumoniae	outer membrane porin OmpK36	core	AMR	POINT	BETA-LACTAM	CARBAPENEM	WP_002913005.1		No	ADG56549.1	HM000041.1	+	1	1104				28739787				2026-08-07.1
	ompK36	Klebsiella_pneumoniae	Klebsiella pneumoniae outer membrane porin OmpK36	core	AMR	POINT_DISRUPT	BETA-LACTAM	CARBAPENEM	WP_002913005.1		No	ADG56549.1	HM000041.1	+	1	1104				27645385,29621592,40512052			ompK36	2026-08-07.1
oqxR_F6S	oqxR	Klebsiella_pneumoniae	Rrf2 family transcriptional regulator OqxR	core	AMR	POINT	NITROFURAN/PHENICOL/QUINOLONE/TETRACYCLINE	NITROFURANTOIN/PHENICOL/QUINOLONE/TIGECYCLINE	WP_000888203.1	NC_009648.1	No	ABR78377.1	CP000647.1	-	3267328	3267807	-	3267328	3267807	22644028				2026-08-07.1
oqxR_Q11L	oqxR	Klebsiella_pneumoniae	Rrf2 family transcriptional regulator OqxR	core	AMR	POINT	NITROFURAN/PHENICOL/QUINOLONE/TETRACYCLINE	NITROFURANTOIN/PHENICOL/QUINOLONE/TIGECYCLINE	WP_000888203.1	NC_009648.1	No	ABR78377.1	CP000647.1	-	3267328	3267807	-	3267328	3267807	22644028				2026-08-07.1
oqxR_D95E	oqxR	Klebsiella_pneumoniae	Rrf2 family transcriptional regulator OqxR	core	AMR	POINT	NITROFURAN/PHENICOL/QUINOLONE/TETRACYCLINE	NITROFURANTOIN/PHENICOL/QUINOLONE/TIGECYCLINE	WP_000888203.1	NC_009648.1	No	ABR78377.1	CP000647.1	-	3267328	3267807	-	3267328	3267807	22644028				2026-08-07.1
oqxR_V102G	oqxR	Klebsiella_pneumoniae	Rrf2 family transcriptional regulator OqxR	core	AMR	POINT	NITROFURAN/PHENICOL/QUINOLONE/TETRACYCLINE	NITROFURANTOIN/PHENICOL/QUINOLONE/TIGECYCLINE	WP_000888203.1	NC_009648.1	No	ABR78377.1	CP000647.1	-	3267328	3267807	-	3267328	3267807	25193085				2026-08-07.1
oqxR_V113I	oqxR	Klebsiella_pneumoniae	Rrf2 family transcriptional regulator OqxR	core	AMR	POINT	NITROFURAN/PHENICOL/QUINOLONE/TETRACYCLINE	NITROFURANTOIN/PHENICOL/QUINOLONE/TIGECYCLINE	WP_000888203.1	NC_009648.1	No	ABR78377.1	CP000647.1	-	3267328	3267807	-	3267328	3267807	22644028				2026-08-07.1
oqxR_V130R	oqxR	Klebsiella_pneumoniae	Rrf2 family transcriptional regulator OqxR	core	AMR	POINT	NITROFURAN/PHENICOL/QUINOLONE/TETRACYCLINE	NITROFURANTOIN/PHENICOL/QUINOLONE/TIGECYCLINE	WP_000888203.1	NC_009648.1	No	ABR78377.1	CP000647.1	-	3267328	3267807	-	3267328	3267807	22644028				2026-08-07.1
	oqxR	Klebsiella_pneumoniae	Klebsiella pneumoniae Rrf2 family transcriptional regulator OqxR	core	AMR	POINT_DISRUPT	NITROFURAN/PHENICOL/QUINOLONE/TETRACYCLINE	NITROFURANTOIN/PHENICOL/QUINOLONE/TIGECYCLINE	WP_000888203.1		No	ABR78377.1	CP000647.1	-	3267328	3267807							oqxR	2026-08-07.1
parC_S80I	parC	Klebsiella_pneumoniae	DNA topoisomerase IV subunit A ParC	core	AMR	POINT	QUINOLONE	QUINOLONE	WP_101982161.1	NZ_PIBS01000019.1	No	PLN43270.1	PIBS01000019.1	-	1	2067	-	1	2067					2026-08-07.1
parC_E84K	parC	Klebsiella_pneumoniae	DNA topoisomerase IV subunit A ParC	core	AMR	POINT	QUINOLONE	QUINOLONE	WP_101982161.1	NZ_PIBS01000019.1	No	PLN43270.1	PIBS01000019.1	-	1	2067	-	1	2067					2026-08-07.1
phoP_V3F	phoP	Klebsiella_pneumoniae	two-component system response regulator PhoP	core	AMR	POINT	COLISTIN	COLISTIN	WP_004150807.1	NZ_MAGH01000012.1	No	ODO93876.1	MAGH01000012.1	+	200449	201120	+	200449	201120	25691646				2026-08-07.1
phoP_D191Y	phoP	Klebsiella_pneumoniae	two-component system response regulator PhoP	core	AMR	POINT	COLISTIN	COLISTIN	WP_004150807.1	NZ_MAGH01000012.1	No	ODO93876.1	MAGH01000012.1	+	200449	201120	+	200449	201120	25733503				2026-08-07.1
phoP_I201N	phoP	Klebsiella_pneumoniae	two-component system response regulator PhoP	core	AMR	POINT	COLISTIN	COLISTIN	WP_004150807.1	NZ_MAGH01000012.1	No	ODO93876.1	MAGH01000012.1	+	200449	201120	+	200449	201120					2026-08-07.1
phoQ_R16C	phoQ	Klebsiella_pneumoniae	two-component system sensor histidine kinase PhoQ	core	AMR	POINT	COLISTIN	COLISTIN	WP_004147969.1	NZ_FWOZ01000025.1	No	SMA13559.1	FWOZ01000025.1	-	11017	12483	-	11017	12483					2026-08-07.1
phoQ_A20P	phoQ	Klebsiella_pneumoniae	two-component system sensor histidine kinase PhoQ	core	AMR	POINT	COLISTIN	COLISTIN	WP_004147969.1	NZ_FWOZ01000025.1	No	SMA13559.1	FWOZ01000025.1	-	11017	12483	-	11017	12483					2026-08-07.1
phoQ_A20S	phoQ	Klebsiella_pneumoniae	two-component system sensor histidine kinase PhoQ	core	AMR	POINT	COLISTIN	COLISTIN	WP_004147969.1	NZ_FWOZ01000025.1	No	SMA13559.1	FWOZ01000025.1	-	11017	12483	-	11017	12483	27600049				2026-08-07.1
phoQ_V24G	phoQ	Klebsiella_pneumoniae	two-component system sensor histidine kinase PhoQ	core	AMR	POINT	COLISTIN	COLISTIN	WP_004147969.1	NZ_FWOZ01000025.1	No	SMA13559.1	FWOZ01000025.1	-	11017	12483	-	11017	12483	35920875				2026-08-07.1
phoQ_L26P	phoQ	Klebsiella_pneumoniae	two-component system sensor histidine kinase PhoQ	core	AMR	POINT	COLISTIN	COLISTIN	WP_004147969.1	NZ_FWOZ01000025.1	No	SMA13559.1	FWOZ01000025.1	-	11017	12483	-	11017	12483	25691646				2026-08-07.1
phoQ_S56R	phoQ	Klebsiella_pneumoniae	two-component system sensor histidine kinase PhoQ	core	AMR	POINT	COLISTIN	COLISTIN	WP_004147969.1	NZ_FWOZ01000025.1	No	SMA13559.1	FWOZ01000025.1	-	11017	12483	-	11017	12483	32408565				2026-08-07.1
phoQ_L96P	phoQ	Klebsiella_pneumoniae	two-component system sensor histidine kinase PhoQ	core	AMR	POINT	COLISTIN	COLISTIN	WP_004147969.1	NZ_FWOZ01000025.1	No	SMA13559.1	FWOZ01000025.1	-	11017	12483	-	11017	12483	25264127				2026-08-07.1
phoQ_S174N	phoQ	Klebsiella_pneumoniae	two-component system sensor histidine kinase PhoQ	core	AMR	POINT	COLISTIN	COLISTIN	WP_004147969.1	NZ_FWOZ01000025.1	No	SMA13559.1	FWOZ01000025.1	-	11017	12483	-	11017	12483	23997018				2026-08-07.1
phoQ_D266DD	phoQ	Klebsiella_pneumoniae	two-component system sensor histidine kinase PhoQ	core	AMR	POINT	COLISTIN	COLISTIN	WP_004147969.1	NZ_FWOZ01000025.1	No	SMA13559.1	FWOZ01000025.1	-	11017	12483	-	11017	12483	32408565				2026-08-07.1
phoQ_L348Q	phoQ	Klebsiella_pneumoniae	two-component system sensor histidine kinase PhoQ	core	AMR	POINT	COLISTIN	COLISTIN	WP_004147969.1	NZ_FWOZ01000025.1	No	SMA13559.1	FWOZ01000025.1	-	11017	12483	-	11017	12483	25264127				2026-08-07.1
phoQ_G385S	phoQ	Klebsiella_pneumoniae	two-component system sensor histidine kinase PhoQ	core	AMR	POINT	COLISTIN	COLISTIN	WP_004147969.1	NZ_FWOZ01000025.1	No	SMA13559.1	FWOZ01000025.1	-	11017	12483	-	11017	12483	31513705				2026-08-07.1
phoQ_L396Q	phoQ	Klebsiella_pneumoniae	two-component system sensor histidine kinase PhoQ	core	AMR	POINT	COLISTIN	COLISTIN	WP_004147969.1	NZ_FWOZ01000025.1	No	SMA13559.1	FWOZ01000025.1	-	11017	12483	-	11017	12483					2026-08-07.1
phoQ_D438N	phoQ	Klebsiella_pneumoniae	two-component system sensor histidine kinase PhoQ	core	AMR	POINT	COLISTIN	COLISTIN	WP_004147969.1	NZ_FWOZ01000025.1	No	SMA13559.1	FWOZ01000025.1	-	11017	12483	-	11017	12483					2026-08-07.1
pmrA_S42N	pmrA	Klebsiella_pneumoniae	two-component system response regulator PmrA	core	AMR	POINT	COLISTIN	COLISTIN	WP_002895659.1		No	KDM30728.1	JMZQ01000002.1	-	629644	630315				25264127				2026-08-07.1
pmrA_G53C	pmrA	Klebsiella_pneumoniae	two-component system response regulator PmrA	core	AMR	POINT	COLISTIN	COLISTIN	WP_002895659.1		No	KDM30728.1	JMZQ01000002.1	-	629644	630315				25264127,27191712				2026-08-07.1
pmrA_G53S	pmrA	Klebsiella_pneumoniae	two-component system response regulator PmrA	core	AMR	POINT	COLISTIN	COLISTIN	WP_002895659.1		No	KDM30728.1	JMZQ01000002.1	-	629644	630315				25264127,27191712				2026-08-07.1
pmrB_R14del	pmrB	Klebsiella_pneumoniae	two-component system sensor histidine kinase PmrB	core	AMR	POINT	COLISTIN	COLISTIN	WP_004179093.1	NZ_UISW01000002.1	No	SVM00348.1	UISW01000002.1	+	141952	143049	+	141952	143049	23997018				2026-08-07.1
pmrB_L17Q	pmrB	Klebsiella_pneumoniae	two-component system sensor histidine kinase PmrB	core	AMR	POINT	COLISTIN	COLISTIN	WP_004179093.1	NZ_UISW01000002.1	No	SVM00348.1	UISW01000002.1	+	141952	143049	+	141952	143049	27191712				2026-08-07.1
pmrB_L82R	pmrB	Klebsiella_pneumoniae	two-component system sensor histidine kinase PmrB	core	AMR	POINT	COLISTIN	COLISTIN	WP_004179093.1	NZ_UISW01000002.1	No	SVM00348.1	UISW01000002.1	+	141952	143049	+	141952	143049	25022583				2026-08-07.1
pmrB_S85R	pmrB	Klebsiella_pneumoniae	two-component system sensor histidine kinase PmrB	core	AMR	POINT	COLISTIN	COLISTIN	WP_004179093.1	NZ_UISW01000002.1	No	SVM00348.1	UISW01000002.1	+	141952	143049	+	141952	143049	25264127				2026-08-07.1
pmrB_ALNQLV129del	pmrB	Klebsiella_pneumoniae	two-component system sensor histidine kinase PmrB	core	AMR	POINT	COLISTIN	COLISTIN	WP_004179093.1	NZ_UISW01000002.1	No	SVM00348.1	UISW01000002.1	+	141952	143049	+	141952	143049	31694895				2026-08-07.1
pmrB_T140P	pmrB	Klebsiella_pneumoniae	two-component system sensor histidine kinase PmrB	core	AMR	POINT	COLISTIN	COLISTIN	WP_004179093.1	NZ_UISW01000002.1	No	SVM00348.1	UISW01000002.1	+	141952	143049	+	141952	143049	25264127				2026-08-07.1
pmrB_T157P	pmrB	Klebsiella_pneumoniae	two-component system sensor histidine kinase PmrB	core	AMR	POINT	COLISTIN	COLISTIN	WP_004179093.1	NZ_UISW01000002.1	No	SVM00348.1	UISW01000002.1	+	141952	143049	+	141952	143049	24914122,25691646				2026-08-07.1
pmrB_S208N	pmrB	Klebsiella_pneumoniae	two-component system sensor histidine kinase PmrB	core	AMR	POINT	COLISTIN	COLISTIN	WP_004179093.1	NZ_UISW01000002.1	No	SVM00348.1	UISW01000002.1	+	141952	143049	+	141952	143049	23997018				2026-08-07.1
pmrB_Y209del	pmrB	Klebsiella_pneumoniae	two-component system sensor histidine kinase PmrB	core	AMR	POINT	COLISTIN	COLISTIN	WP_004179093.1	NZ_UISW01000002.1	No	SVM00348.1	UISW01000002.1	+	141952	143049	+	141952	143049					2026-08-07.1
pmrB_D313N	pmrB	Klebsiella_pneumoniae	two-component system sensor histidine kinase PmrB	core	AMR	POINT	COLISTIN	COLISTIN	WP_004179093.1	NZ_UISW01000002.1	No	SVM00348.1	UISW01000002.1	+	141952	143049	+	141952	143049	35086435				2026-08-07.1
ramR_K5E	ramR	Klebsiella_pneumoniae	TetR/AcrR family transcriptional regulator RamR	core	AMR	POINT	TETRACYCLINE	TIGECYCLINE	WP_004176968.1	NC_009648.1	No	ABR76005.1	CP000647.1	-	622040	622621	-	622040	622621	25182649				2026-08-07.1
ramR_A16D	ramR	Klebsiella_pneumoniae	TetR/AcrR family transcriptional regulator RamR	core	AMR	POINT	TETRACYCLINE	TIGECYCLINE	WP_004176968.1	NC_009648.1	No	ABR76005.1	CP000647.1	-	622040	622621	-	622040	622621	25182649				2026-08-07.1
ramR_A19V	ramR	Klebsiella_pneumoniae	TetR/AcrR family transcriptional regulator RamR	core	AMR	POINT	TETRACYCLINE	TIGECYCLINE	WP_004176968.1	NC_009648.1	No	ABR76005.1	CP000647.1	-	622040	622621	-	622040	622621	21514798				2026-08-07.1
ramR_T43M	ramR	Klebsiella_pneumoniae	TetR/AcrR family transcriptional regulator RamR	core	AMR	POINT	TETRACYCLINE	TIGECYCLINE	WP_004176968.1	NC_009648.1	No	ABR76005.1	CP000647.1	-	622040	622621	-	622040	622621	25182649				2026-08-07.1
ramR_I88N	ramR	Klebsiella_pneumoniae	TetR/AcrR family transcriptional regulator RamR	core	AMR	POINT	TETRACYCLINE	TIGECYCLINE	WP_004176968.1	NC_009648.1	No	ABR76005.1	CP000647.1	-	622040	622621	-	622040	622621	25182649				2026-08-07.1
ramR_D152Y	ramR	Klebsiella_pneumoniae	TetR/AcrR family transcriptional regulator RamR	core	AMR	POINT	BETA-LACTAM/PHENICOL/QUINOLONE/TETRACYCLINE	CHLORAMPHENICOL/QUINOLONE/TEMOCILLIN/TIGECYCLINE	WP_004176968.1	NC_009648.1	No	ABR76005.1	CP000647.1	-	622040	622621	-	622040	622621	39611855				2026-08-07.1
ramR_T162I	ramR	Klebsiella_pneumoniae	TetR/AcrR family transcriptional regulator RamR	core	AMR	POINT	TETRACYCLINE	TIGECYCLINE	WP_004176968.1	NC_009648.1	No	ABR76005.1	CP000647.1	-	622040	622621	-	622040	622621	25182649				2026-08-07.1
ramR_A183D	ramR	Klebsiella_pneumoniae	TetR/AcrR family transcriptional regulator RamR	core	AMR	POINT	TETRACYCLINE	TIGECYCLINE	WP_004176968.1	NC_009648.1	No	ABR76005.1	CP000647.1	-	622040	622621	-	622040	622621	25182649				2026-08-07.1
	ramR	Klebsiella_pneumoniae	Klebsiella pneumoniae TetR/AcrR family transcriptional regulator RamR	core	AMR	POINT_DISRUPT	MULTIDRUG	CHLORAMPHENICOL/FLUOROQUINOLONE/TEMOCILLIN/TETRACYCLINE/TIGECYCLINE	WP_004176968.1		No	ABR76005.1	CP000647.1	-	622040	622621							ramR	2026-08-07.1
rpsJ_V57L	rpsJ	Klebsiella_pneumoniae	30S ribosomal protein S10	core	AMR	POINT	TETRACYCLINE	TIGECYCLINE	WP_001181005.1		No	AHF70998.1	KC843636.1	+	1	312				24379204,30268919				2026-08-07.1
rseA_W33Ter	rseA	Klebsiella_pneumoniae	anti-sigma-E factor RseA	core	AMR	POINT	BETA-LACTAM	CEFTIBUTEN-AVIBACTAM	WP_002914072.1	NZ_FO834906.1	No	CDO15858.1	FO834906.1	-	4347436	4348086	-	4347436	4348086	39665271				2026-08-07.1
folP_F31L	folP	Neisseria_gonorrhoeae	dihydropteroate synthase FolP	core	AMR	POINT	SULFONAMIDE	SULFONAMIDE	WP_003702942.1	NZ_DS999940.1	No	EEH62517.1	DS999940.1	-	37720	38571	-	37720	38571	7642493				2026-08-07.1
folP_G194C	folP	Neisseria_gonorrhoeae	dihydropteroate synthase FolP	core	AMR	POINT	SULFONAMIDE	SULFONAMIDE	WP_003702942.1	NZ_DS999940.1	No	EEH62517.1	DS999940.1	-	37720	38571	-	37720	38571	7642493				2026-08-07.1
folP_G194GSG	folP	Neisseria_gonorrhoeae	dihydropteroate synthase FolP	core	AMR	POINT	SULFONAMIDE	SULFONAMIDE	WP_003702942.1	NZ_DS999940.1	No	EEH62517.1	DS999940.1	-	37720	38571	-	37720	38571	7642493				2026-08-07.1
folP_R228S	folP	Neisseria_gonorrhoeae	dihydropteroate synthase FolP	core	AMR	POINT	SULFONAMIDE	SULFONAMIDE	WP_003702942.1	NZ_DS999940.1	No	EEH62517.1	DS999940.1	-	37720	38571	-	37720	38571	15673729				2026-08-07.1
gyrA_S91F	gyrA	Neisseria_gonorrhoeae	DNA gyrase subunit A GyrA	core	AMR	POINT	QUINOLONE	QUINOLONE	WP_003688895.1	NZ_CP012027.1	No	AKP12426.1	CP012027.1	+	478958	481708	+	478958	481708	7830580				2026-08-07.1
gyrA_S91I	gyrA	Neisseria_gonorrhoeae	DNA gyrase subunit A GyrA	core	AMR	POINT	QUINOLONE	QUINOLONE	WP_003688895.1	NZ_CP012027.1	No	AKP12426.1	CP012027.1	+	478958	481708	+	478958	481708	38288762				2026-08-07.1
gyrA_S91Y	gyrA	Neisseria_gonorrhoeae	DNA gyrase subunit A GyrA	core	AMR	POINT	QUINOLONE	QUINOLONE	WP_003688895.1	NZ_CP012027.1	No	AKP12426.1	CP012027.1	+	478958	481708	+	478958	481708	38288762				2026-08-07.1
gyrA_D95A	gyrA	Neisseria_gonorrhoeae	DNA gyrase subunit A GyrA	core	AMR	POINT	QUINOLONE	QUINOLONE	WP_003688895.1	NZ_CP012027.1	No	AKP12426.1	CP012027.1	+	478958	481708	+	478958	481708	7830580,36735316				2026-08-07.1
gyrA_D95G	gyrA	Neisseria_gonorrhoeae	DNA gyrase subunit A GyrA	core	AMR	POINT	QUINOLONE	QUINOLONE	WP_003688895.1	NZ_CP012027.1	No	AKP12426.1	CP012027.1	+	478958	481708	+	478958	481708	7830580,36735316				2026-08-07.1
gyrA_D95N	gyrA	Neisseria_gonorrhoeae	DNA gyrase subunit A GyrA	core	AMR	POINT	QUINOLONE	QUINOLONE	WP_003688895.1	NZ_CP012027.1	No	AKP12426.1	CP012027.1	+	478958	481708	+	478958	481708	7830580				2026-08-07.1
gyrB_D429N	gyrB	Neisseria_gonorrhoeae	DNA topoisomerase (ATP-hydrolyzing) subunit B GyrB	core	AMR	POINT	SPIROPYRIMIDINETRIONE	ZOLIFLODACIN	WP_050171206.1	NZ_CQOZ01000008.1	No	CNT74515.1	CQOZ01000008.1	-	45894	48284	-	45894	48284	31730160				2026-08-07.1
gyrB_K450N	gyrB	Neisseria_gonorrhoeae	DNA topoisomerase (ATP-hydrolyzing) subunit B GyrB	core	AMR	POINT	SPIROPYRIMIDINETRIONE	ZOLIFLODACIN	WP_050171206.1	NZ_CQOZ01000008.1	No	CNT74515.1	CQOZ01000008.1	-	45894	48284	-	45894	48284	31730160				2026-08-07.1
gyrB_K450T	gyrB	Neisseria_gonorrhoeae	DNA topoisomerase (ATP-hydrolyzing) subunit B GyrB	core	AMR	POINT	SPIROPYRIMIDINETRIONE	ZOLIFLODACIN	WP_050171206.1	NZ_CQOZ01000008.1	No	CNT74515.1	CQOZ01000008.1	-	45894	48284	-	45894	48284	31730160				2026-08-07.1
mtrD_R714C	mtrD	Neisseria_gonorrhoeae	multidrug efflux RND transporter permease subunit MtrD	core	AMR	POINT	MACROLIDE	AZITHROMYCIN	WP_003695678.1	NZ_CP016015.1	No	ANJ48221.1	CP016015.1	-	1368965	1372168	-	1368965	1372168	32843551				2026-08-07.1
mtrD_R714H	mtrD	Neisseria_gonorrhoeae	multidrug efflux RND transporter permease subunit MtrD	core	AMR	POINT	MACROLIDE	AZITHROMYCIN	WP_003695678.1	NZ_CP016015.1	No	ANJ48221.1	CP016015.1	-	1368965	1372168	-	1368965	1372168	32843551				2026-08-07.1
mtrD_R714L	mtrD	Neisseria_gonorrhoeae	multidrug efflux RND transporter permease subunit MtrD	core	AMR	POINT	MACROLIDE	AZITHROMYCIN	WP_003695678.1	NZ_CP016015.1	No	ANJ48221.1	CP016015.1	-	1368965	1372168	-	1368965	1372168	32843551				2026-08-07.1
mtrD_K823E	mtrD	Neisseria_gonorrhoeae	multidrug efflux RND transporter permease subunit MtrD	core	AMR	POINT	MACROLIDE	AZITHROMYCIN	WP_003695678.1	NZ_CP016015.1	No	ANJ48221.1	CP016015.1	-	1368965	1372168	-	1368965	1372168	32843551				2026-08-07.1
mtrD_K823N	mtrD	Neisseria_gonorrhoeae	multidrug efflux RND transporter permease subunit MtrD	core	AMR	POINT	MACROLIDE	AZITHROMYCIN	WP_003695678.1	NZ_CP016015.1	No	ANJ48221.1	CP016015.1	-	1368965	1372168	-	1368965	1372168	32843551				2026-08-07.1
mtrR_A39T	mtrR	Neisseria_gonorrhoeae	multidrug efflux system transcriptional repressor MtrR	core	AMR	POINT	BETA-LACTAM/MACROLIDE/TETRACYCLINE	AZITHROMYCIN/BETA-LACTAM/TETRACYCLINE	WP_047924300.1		No	ADO32812.1	HM467710.1	+	1	633				18761689				2026-08-07.1
mtrR_G45D	mtrR	Neisseria_gonorrhoeae	multidrug efflux system transcriptional repressor MtrR	core	AMR	POINT	BETA-LACTAM/MACROLIDE/TETRACYCLINE	AZITHROMYCIN/CEPHALOSPORIN/TETRACYCLINE	WP_047924300.1		No	ADO32812.1	HM467710.1	+	1	633				18761689				2026-08-07.1
mtrR_G45S	mtrR	Neisseria_gonorrhoeae	multidrug efflux system transcriptional repressor MtrR	core	AMR	POINT	BETA-LACTAM/MACROLIDE/TETRACYCLINE	AZITHROMYCIN/BETA-LACTAM/TETRACYCLINE	WP_047924300.1		No	ADO32812.1	HM467710.1	+	1	633				36735316				2026-08-07.1
parC_D86G	parC	Neisseria_gonorrhoeae	DNA topoisomerase IV subunit A ParC	core	AMR	POINT	QUINOLONE	QUINOLONE	WP_010951227.1	NZ_LT591897.1	No	SBQ21537.1	LT591897.1	+	1306720	1309023	+	1306720	1309023	36735316				2026-08-07.1
parC_D86N	parC	Neisseria_gonorrhoeae	DNA topoisomerase IV subunit A ParC	core	AMR	POINT	QUINOLONE	QUINOLONE	WP_010951227.1	NZ_LT591897.1	No	SBQ21537.1	LT591897.1	+	1306720	1309023	+	1306720	1309023	7830580				2026-08-07.1
parC_S87C	parC	Neisseria_gonorrhoeae	DNA topoisomerase IV subunit A ParC	core	AMR	POINT	QUINOLONE	QUINOLONE	WP_010951227.1	NZ_LT591897.1	No	SBQ21537.1	LT591897.1	+	1306720	1309023	+	1306720	1309023	36735316				2026-08-07.1
parC_S87I	parC	Neisseria_gonorrhoeae	DNA topoisomerase IV subunit A ParC	core	AMR	POINT	QUINOLONE	QUINOLONE	WP_010951227.1	NZ_LT591897.1	No	SBQ21537.1	LT591897.1	+	1306720	1309023	+	1306720	1309023	7830580				2026-08-07.1
parC_S87N	parC	Neisseria_gonorrhoeae	DNA topoisomerase IV subunit A ParC	core	AMR	POINT	QUINOLONE	QUINOLONE	WP_010951227.1	NZ_LT591897.1	No	SBQ21537.1	LT591897.1	+	1306720	1309023	+	1306720	1309023	7830580				2026-08-07.1
parC_S87R	parC	Neisseria_gonorrhoeae	DNA topoisomerase IV subunit A ParC	core	AMR	POINT	QUINOLONE	QUINOLONE	WP_010951227.1	NZ_LT591897.1	No	SBQ21537.1	LT591897.1	+	1306720	1309023	+	1306720	1309023	7830580				2026-08-07.1
parC_S88P	parC	Neisseria_gonorrhoeae	DNA topoisomerase IV subunit A ParC	core	AMR	POINT	QUINOLONE	QUINOLONE	WP_010951227.1	NZ_LT591897.1	No	SBQ21537.1	LT591897.1	+	1306720	1309023	+	1306720	1309023	7830580				2026-08-07.1
parC_E91A	parC	Neisseria_gonorrhoeae	DNA topoisomerase IV subunit A ParC	core	AMR	POINT	QUINOLONE	QUINOLONE	WP_010951227.1	NZ_LT591897.1	No	SBQ21537.1	LT591897.1	+	1306720	1309023	+	1306720	1309023	36735316				2026-08-07.1
parC_E91G	parC	Neisseria_gonorrhoeae	DNA topoisomerase IV subunit A ParC	core	AMR	POINT	QUINOLONE	QUINOLONE	WP_010951227.1	NZ_LT591897.1	No	SBQ21537.1	LT591897.1	+	1306720	1309023	+	1306720	1309023	12529019,36735316				2026-08-07.1
parC_E91K	parC	Neisseria_gonorrhoeae	DNA topoisomerase IV subunit A ParC	core	AMR	POINT	QUINOLONE	QUINOLONE	WP_010951227.1	NZ_LT591897.1	No	SBQ21537.1	LT591897.1	+	1306720	1309023	+	1306720	1309023	7830580				2026-08-07.1
parC_E91Q	parC	Neisseria_gonorrhoeae	DNA topoisomerase IV subunit A ParC	core	AMR	POINT	QUINOLONE	QUINOLONE	WP_010951227.1	NZ_LT591897.1	No	SBQ21537.1	LT591897.1	+	1306720	1309023	+	1306720	1309023	36735316				2026-08-07.1
parE_G410V	parE	Neisseria_gonorrhoeae	DNA topoisomerase IV subunit B ParE	core	AMR	POINT	QUINOLONE	QUINOLONE	WP_003691666.1	NC_011035.1	No	ACF30212.1	CP001050.1	-	1296483	1298468	-	1296483	1298468	12529019				2026-08-07.1
	pbp2	Neisseria_gonorrhoeae	Neisseria gonorrhoeae penicillin-binding protein PBP2	core	AMR	AMR-SUSCEPTIBLE	BETA-LACTAM	BETA-LACTAM	WP_003703066.1		No	AAA25463.1	M32091.1	+	103	1848							pbp2	2026-08-07.1
penA_A311V	penA	Neisseria_gonorrhoeae	penicillin-binding protein PBP2 PenA	core	AMR	POINT	BETA-LACTAM	CEPHALOSPORIN	WP_003693546.1	NZ_CP012026.1	No	AKP10994.1	CP012026.1	-	1301424	1303169	-	1301424	1303169	22155830,23587946				2026-08-07.1
penA_I312M	penA	Neisseria_gonorrhoeae	penicillin-binding protein PBP2 PenA	core	AMR	POINT	BETA-LACTAM	CEPHALOSPORIN	WP_003693546.1	NZ_CP012026.1	No	AKP10994.1	CP012026.1	-	1301424	1303169	-	1301424	1303169	20704258,22155830,23587946				2026-08-07.1
penA_V316P	penA	Neisseria_gonorrhoeae	penicillin-binding protein PBP2 PenA	core	AMR	POINT	BETA-LACTAM	CEPHALOSPORIN	WP_003693546.1	NZ_CP012026.1	No	AKP10994.1	CP012026.1	-	1301424	1303169	-	1301424	1303169	23587946				2026-08-07.1
penA_V316T	penA	Neisseria_gonorrhoeae	penicillin-binding protein PBP2 PenA	core	AMR	POINT	BETA-LACTAM	CEPHALOSPORIN	WP_003693546.1	NZ_CP012026.1	No	AKP10994.1	CP012026.1	-	1301424	1303169	-	1301424	1303169	20704258,22155830,23587946				2026-08-07.1
penA_D346DD	penA	Neisseria_gonorrhoeae	penicillin-binding protein PBP2 PenA	core	AMR	POINT	BETA-LACTAM	BETA-LACTAM	WP_003693546.1	NZ_CP012026.1	No	AKP10994.1	CP012026.1	-	1301424	1303169	-	1301424	1303169	20704258,23587946				2026-08-07.1
penA_T483S	penA	Neisseria_gonorrhoeae	penicillin-binding protein PBP2 PenA	core	AMR	POINT	BETA-LACTAM	CEPHALOSPORIN	WP_003693546.1	NZ_CP012026.1	No	AKP10994.1	CP012026.1	-	1301424	1303169	-	1301424	1303169	23587946				2026-08-07.1
penA_A501AA	penA	Neisseria_gonorrhoeae	penicillin-binding protein PBP2 PenA	core	AMR	POINT	BETA-LACTAM	CEPHALOSPORIN	WP_003693546.1	NZ_CP012026.1	No	AKP10994.1	CP012026.1	-	1301424	1303169	-	1301424	1303169	34013864				2026-08-07.1
penA_A501P	penA	Neisseria_gonorrhoeae	penicillin-binding protein PBP2 PenA	core	AMR	POINT	BETA-LACTAM	CEPHALOSPORIN	WP_003693546.1	NZ_CP012026.1	No	AKP10994.1	CP012026.1	-	1301424	1303169	-	1301424	1303169	20704258,22155830				2026-08-07.1
penA_A501T	penA	Neisseria_gonorrhoeae	penicillin-binding protein PBP2 PenA	core	AMR	POINT	BETA-LACTAM	BETA-LACTAM	WP_003693546.1	NZ_CP012026.1	No	AKP10994.1	CP012026.1	-	1301424	1303169	-	1301424	1303169	20704258,23587946				2026-08-07.1
penA_A501V	penA	Neisseria_gonorrhoeae	penicillin-binding protein PBP2 PenA	core	AMR	POINT	BETA-LACTAM	CEPHALOSPORIN	WP_003693546.1	NZ_CP012026.1	No	AKP10994.1	CP012026.1	-	1301424	1303169	-	1301424	1303169	20704258				2026-08-07.1
penA_F504L	penA	Neisseria_gonorrhoeae	penicillin-binding protein PBP2 PenA	core	AMR	POINT	BETA-LACTAM	CEPHALOSPORIN	WP_003693546.1	NZ_CP012026.1	No	AKP10994.1	CP012026.1	-	1301424	1303169	-	1301424	1303169	27690121				2026-08-07.1
penA_A510V	penA	Neisseria_gonorrhoeae	penicillin-binding protein PBP2 PenA	core	AMR	POINT	BETA-LACTAM	CEPHALOSPORIN	WP_003693546.1	NZ_CP012026.1	No	AKP10994.1	CP012026.1	-	1301424	1303169	-	1301424	1303169	27690121				2026-08-07.1
penA_N512Y	penA	Neisseria_gonorrhoeae	penicillin-binding protein PBP2 PenA	core	AMR	POINT	BETA-LACTAM	CEPHALOSPORIN	WP_003693546.1	NZ_CP012026.1	No	AKP10994.1	CP012026.1	-	1301424	1303169	-	1301424	1303169	27690121				2026-08-07.1
penA_A516G	penA	Neisseria_gonorrhoeae	penicillin-binding protein PBP2 PenA	core	AMR	POINT	BETA-LACTAM	CEPHALOSPORIN	WP_003693546.1	NZ_CP012026.1	No	AKP10994.1	CP012026.1	-	1301424	1303169	-	1301424	1303169	27690121				2026-08-07.1
penA_G542S	penA	Neisseria_gonorrhoeae	penicillin-binding protein PBP2 PenA	core	AMR	POINT	BETA-LACTAM	CEPHALOSPORIN	WP_003693546.1	NZ_CP012026.1	No	AKP10994.1	CP012026.1	-	1301424	1303169	-	1301424	1303169	20511367				2026-08-07.1
penA_G545S	penA	Neisseria_gonorrhoeae	penicillin-binding protein PBP2 PenA	core	AMR	POINT	BETA-LACTAM	CEPHALOSPORIN	WP_003693546.1	NZ_CP012026.1	No	AKP10994.1	CP012026.1	-	1301424	1303169	-	1301424	1303169	20704258,22155830				2026-08-07.1
penA_P551L	penA	Neisseria_gonorrhoeae	penicillin-binding protein PBP2 PenA	core	AMR	POINT	BETA-LACTAM	BETA-LACTAM	WP_003693546.1	NZ_CP012026.1	No	AKP10994.1	CP012026.1	-	1301424	1303169	-	1301424	1303169	20511367				2026-08-07.1
penA_P551S	penA	Neisseria_gonorrhoeae	penicillin-binding protein PBP2 PenA	core	AMR	POINT	BETA-LACTAM	BETA-LACTAM	WP_003693546.1	NZ_CP012026.1	No	AKP10994.1	CP012026.1	-	1301424	1303169	-	1301424	1303169	20704258,23587946				2026-08-07.1
ponA_L421P	ponA	Neisseria_gonorrhoeae	penicillin-binding protein 1 PonA	core	AMR	POINT	BETA-LACTAM	BETA-LACTAM	WP_003687357.1	NC_002946.2	No	AAW88860.1	AE004969.1	+	108668	111064	+	108668	111064	11850260				2026-08-07.1
porB1b_G120D	porB1b	Neisseria_gonorrhoeae	major outer membrane protein porin P.IB	core	AMR	POINT	BETA-LACTAM	BETA-LACTAM	WP_106333382.1	NZ_FLKZ01000005.1	No	SBM94540.1	FLKZ01000005.1	-	19180	20214	-	19180	20214	12183233				2026-08-07.1
porB1b_G120K	porB1b	Neisseria_gonorrhoeae	major outer membrane protein porin P.IB	core	AMR	POINT	BETA-LACTAM	BETA-LACTAM	WP_106333382.1	NZ_FLKZ01000005.1	No	SBM94540.1	FLKZ01000005.1	-	19180	20214	-	19180	20214	12183233				2026-08-07.1
porB1b_G120P	porB1b	Neisseria_gonorrhoeae	major outer membrane protein porin P.IB	core	AMR	POINT	BETA-LACTAM	BETA-LACTAM	WP_106333382.1	NZ_FLKZ01000005.1	No	SBM94540.1	FLKZ01000005.1	-	19180	20214	-	19180	20214	12183233				2026-08-07.1
porB1b_G120R	porB1b	Neisseria_gonorrhoeae	major outer membrane protein porin P.IB	core	AMR	POINT	BETA-LACTAM	BETA-LACTAM	WP_106333382.1	NZ_FLKZ01000005.1	No	SBM94540.1	FLKZ01000005.1	-	19180	20214	-	19180	20214	12183233				2026-08-07.1
porB1b_GA120del	porB1b	Neisseria_gonorrhoeae	major outer membrane protein porin P.IB	core	AMR	POINT	BETA-LACTAM/TETRACYCLINE	BETA-LACTAM/TETRACYCLINE	WP_106333382.1	NZ_FLKZ01000005.1	No	SBM94540.1	FLKZ01000005.1	-	19180	20214	-	19180	20214	21067570				2026-08-07.1
porB1b_A121D	porB1b	Neisseria_gonorrhoeae	major outer membrane protein porin P.IB	core	AMR	POINT	BETA-LACTAM	BETA-LACTAM	WP_106333382.1	NZ_FLKZ01000005.1	No	SBM94540.1	FLKZ01000005.1	-	19180	20214	-	19180	20214	12183233				2026-08-07.1
porB1b_A121G	porB1b	Neisseria_gonorrhoeae	major outer membrane protein porin P.IB	core	AMR	POINT	BETA-LACTAM	BETA-LACTAM	WP_106333382.1	NZ_FLKZ01000005.1	No	SBM94540.1	FLKZ01000005.1	-	19180	20214	-	19180	20214	38288762				2026-08-07.1
porB1b_A121H	porB1b	Neisseria_gonorrhoeae	major outer membrane protein porin P.IB	core	AMR	POINT	BETA-LACTAM	BETA-LACTAM	WP_106333382.1	NZ_FLKZ01000005.1	No	SBM94540.1	FLKZ01000005.1	-	19180	20214	-	19180	20214	12183233				2026-08-07.1
porB1b_A121N	porB1b	Neisseria_gonorrhoeae	major outer membrane protein porin P.IB	core	AMR	POINT	BETA-LACTAM	BETA-LACTAM	WP_106333382.1	NZ_FLKZ01000005.1	No	SBM94540.1	FLKZ01000005.1	-	19180	20214	-	19180	20214	12183233				2026-08-07.1
porB1b_A121P	porB1b	Neisseria_gonorrhoeae	major outer membrane protein porin P.IB	core	AMR	POINT	BETA-LACTAM	BETA-LACTAM	WP_106333382.1	NZ_FLKZ01000005.1	No	SBM94540.1	FLKZ01000005.1	-	19180	20214	-	19180	20214	12183233				2026-08-07.1
porB1b_A121S	porB1b	Neisseria_gonorrhoeae	major outer membrane protein porin P.IB	core	AMR	POINT	BETA-LACTAM/QUINOLONE/TETRACYCLINE	CEPHALOSPORIN/QUINOLONE/TETRACYCLINE	WP_106333382.1	NZ_FLKZ01000005.1	No	SBM94540.1	FLKZ01000005.1	-	19180	20214	-	19180	20214	36735316				2026-08-07.1
rplD_G70D	rplD	Neisseria_gonorrhoeae	50S ribosomal protein L4	core	AMR	POINT	MACROLIDE	AZITHROMYCIN	WP_003690088.1	NC_002946.2	No	AAW90459.1	AE004969.1	-	1805309	1805929	-	1805309	1805929	33097713				2026-08-07.1
rplV_K83KKGPSLK	rplV	Neisseria_gonorrhoeae	50S ribosomal protein L22	core	AMR	POINT	MACROLIDE	AZITHROMYCIN	WP_002215424.1	NC_003112.2	No	AAF40605.1	AE002098.2	+	154492	154821	+	154492	154821	27638945				2026-08-07.1
rplV_K90KARAK	rplV	Neisseria_gonorrhoeae	50S ribosomal protein L22	core	AMR	POINT	MACROLIDE	AZITHROMYCIN	WP_002215424.1	NC_003112.2	No	AAF40605.1	AE002098.2	+	154492	154821	+	154492	154821	27638945				2026-08-07.1
rpoB_P157L	rpoB	Neisseria_gonorrhoeae	DNA-directed RNA polymerase subunit beta RpoB	core	AMR	POINT	BETA-LACTAM	CEPHALOSPORIN	WP_003690105.1	NC_011035.1	No	ACF31022.1	CP001050.1	+	2015365	2019543	+	2015365	2019543	32011233				2026-08-07.1
rpoB_G158V	rpoB	Neisseria_gonorrhoeae	DNA-directed RNA polymerase subunit beta RpoB	core	AMR	POINT	BETA-LACTAM	CEPHALOSPORIN	WP_003690105.1	NC_011035.1	No	ACF31022.1	CP001050.1	+	2015365	2019543	+	2015365	2019543	32011233				2026-08-07.1
rpoB_R201H	rpoB	Neisseria_gonorrhoeae	DNA-directed RNA polymerase subunit beta RpoB	core	AMR	POINT	BETA-LACTAM	CEPHALOSPORIN	WP_003690105.1	NC_011035.1	No	ACF31022.1	CP001050.1	+	2015365	2019543	+	2015365	2019543	32011233				2026-08-07.1
rpoB_H553N	rpoB	Neisseria_gonorrhoeae	DNA-directed RNA polymerase subunit beta RpoB	core	AMR	POINT	RIFAMYCIN	RIFAMPIN	WP_003690105.1	NC_011035.1	No	ACF31022.1	CP001050.1	+	2015365	2019543	+	2015365	2019543	35678576				2026-08-07.1
rpoB_L560S	rpoB	Neisseria_gonorrhoeae	DNA-directed RNA polymerase subunit beta RpoB	core	AMR	POINT	RIFAMYCIN	RIFAMPIN	WP_003690105.1	NC_011035.1	No	ACF31022.1	CP001050.1	+	2015365	2019543	+	2015365	2019543	35678576				2026-08-07.1
rpoD_DDDA92del	rpoD	Neisseria_gonorrhoeae	RNA polymerase sigma factor RpoD	core	AMR	POINT	BETA-LACTAM	CEPHALOSPORIN	WP_003688264.1	NC_011035.1	No	ACF29471.1	CP001050.1	-	641147	643075	-	641147	643075	32011233				2026-08-07.1
rpoD_E98K	rpoD	Neisseria_gonorrhoeae	RNA polymerase sigma factor RpoD	core	AMR	POINT	BETA-LACTAM	CEPHALOSPORIN	WP_003688264.1	NC_011035.1	No	ACF29471.1	CP001050.1	-	641147	643075	-	641147	643075	32011233				2026-08-07.1
rpsE_T24P	rpsE	Neisseria_gonorrhoeae	30S ribosomal protein S5	core	AMR	POINT	AMINOGLYCOSIDE	SPECTINOMYCIN	WP_002215445.1	NC_003112.2	No	AAF40617.1	AE002098.2	+	159500	160018	+	159500	160018	23183436				2026-08-07.1
rpsE_V27del	rpsE	Neisseria_gonorrhoeae	30S ribosomal protein S5	core	AMR	POINT	AMINOGLYCOSIDE	SPECTINOMYCIN	WP_002215445.1	NC_003112.2	No	AAF40617.1	AE002098.2	+	159500	160018	+	159500	160018	23183436				2026-08-07.1
rpsE_K28E	rpsE	Neisseria_gonorrhoeae	30S ribosomal protein S5	core	AMR	POINT	AMINOGLYCOSIDE	SPECTINOMYCIN	WP_002215445.1	NC_003112.2	No	AAF40617.1	AE002098.2	+	159500	160018	+	159500	160018	23183436				2026-08-07.1
rpsJ_V57L	rpsJ	Neisseria_gonorrhoeae	30S ribosomal protein S10	core	AMR	POINT	TETRACYCLINE	TETRACYCLINE	WP_002215394.1	NC_003112.2	No	AAF40599.1	AE002098.2	+	150795	151106	+	150795	151106	16189114				2026-08-07.1
rpsJ_V57M	rpsJ	Neisseria_gonorrhoeae	30S ribosomal protein S10	core	AMR	POINT	TETRACYCLINE	TETRACYCLINE	WP_002215394.1	NC_003112.2	No	AAF40599.1	AE002098.2	+	150795	151106	+	150795	151106	16189114				2026-08-07.1
rpsJ_V57Q	rpsJ	Neisseria_gonorrhoeae	30S ribosomal protein S10	core	AMR	POINT	TETRACYCLINE	TETRACYCLINE	WP_002215394.1	NC_003112.2	No	AAF40599.1	AE002098.2	+	150795	151106	+	150795	151106	16189114				2026-08-07.1
folP_F31L	folP	Neisseria_meningitidis	dihydropteroate synthase FolP	core	AMR	POINT	SULFONAMIDE	SULFONAMIDE	WP_002250329.1	NZ_ANRZ01000020.1	No	ELL13366.1	ANRZ01000020.1	-	43083	43934	-	43083	43934	39887238				2026-08-07.1
folP_P68A	folP	Neisseria_meningitidis	dihydropteroate synthase FolP	core	AMR	POINT	SULFONAMIDE	SULFONAMIDE	WP_002250329.1	NZ_ANRZ01000020.1	No	ELL13366.1	ANRZ01000020.1	-	43083	43934	-	43083	43934					2026-08-07.1
folP_P68L	folP	Neisseria_meningitidis	dihydropteroate synthase FolP	core	AMR	POINT	SULFONAMIDE	SULFONAMIDE	WP_002250329.1	NZ_ANRZ01000020.1	No	ELL13366.1	ANRZ01000020.1	-	43083	43934	-	43083	43934					2026-08-07.1
folP_P68S	folP	Neisseria_meningitidis	dihydropteroate synthase FolP	core	AMR	POINT	SULFONAMIDE	SULFONAMIDE	WP_002250329.1	NZ_ANRZ01000020.1	No	ELL13366.1	ANRZ01000020.1	-	43083	43934	-	43083	43934					2026-08-07.1
folP_G194C	folP	Neisseria_meningitidis	dihydropteroate synthase FolP	core	AMR	POINT	SULFONAMIDE	SULFONAMIDE	WP_002250329.1	NZ_ANRZ01000020.1	No	ELL13366.1	ANRZ01000020.1	-	43083	43934	-	43083	43934	39887238				2026-08-07.1
folP_G194GSG	folP	Neisseria_meningitidis	dihydropteroate synthase FolP	core	AMR	POINT	SULFONAMIDE	SULFONAMIDE	WP_002250329.1	NZ_ANRZ01000020.1	No	ELL13366.1	ANRZ01000020.1	-	43083	43934	-	43083	43934	39887238				2026-08-07.1
folP_R228S	folP	Neisseria_meningitidis	dihydropteroate synthase FolP	core	AMR	POINT	SULFONAMIDE	SULFONAMIDE	WP_002250329.1	NZ_ANRZ01000020.1	No	ELL13366.1	ANRZ01000020.1	-	43083	43934	-	43083	43934	39887238				2026-08-07.1
folP_R228T	folP	Neisseria_meningitidis	dihydropteroate synthase FolP	core	AMR	POINT	SULFONAMIDE	SULFONAMIDE	WP_002250329.1	NZ_ANRZ01000020.1	No	ELL13366.1	ANRZ01000020.1	-	43083	43934	-	43083	43934	39887238				2026-08-07.1
gyrA_T91A	gyrA	Neisseria_meningitidis	DNA gyrase subunit A GyrA	core	AMR	POINT	QUINOLONE	QUINOLONE	WP_002240607.1	NZ_CP020401.2	No	ARB70015.1	CP020401.2	+	2168957	2171707	+	2168957	2171707	35862973				2026-08-07.1
gyrA_T91F	gyrA	Neisseria_meningitidis	DNA gyrase subunit A GyrA	core	AMR	POINT	QUINOLONE	QUINOLONE	WP_002240607.1	NZ_CP020401.2	No	ARB70015.1	CP020401.2	+	2168957	2171707	+	2168957	2171707	33900407				2026-08-07.1
gyrA_T91I	gyrA	Neisseria_meningitidis	DNA gyrase subunit A GyrA	core	AMR	POINT	QUINOLONE	QUINOLONE	WP_002240607.1	NZ_CP020401.2	No	ARB70015.1	CP020401.2	+	2168957	2171707	+	2168957	2171707	26357666				2026-08-07.1
gyrA_T91K	gyrA	Neisseria_meningitidis	DNA gyrase subunit A GyrA	core	AMR	POINT	QUINOLONE	QUINOLONE	WP_002240607.1	NZ_CP020401.2	No	ARB70015.1	CP020401.2	+	2168957	2171707	+	2168957	2171707					2026-08-07.1
gyrA_T91M	gyrA	Neisseria_meningitidis	DNA gyrase subunit A GyrA	core	AMR	POINT	QUINOLONE	QUINOLONE	WP_002240607.1	NZ_CP020401.2	No	ARB70015.1	CP020401.2	+	2168957	2171707	+	2168957	2171707					2026-08-07.1
gyrA_T91S	gyrA	Neisseria_meningitidis	DNA gyrase subunit A GyrA	core	AMR	POINT	QUINOLONE	QUINOLONE	WP_002240607.1	NZ_CP020401.2	No	ARB70015.1	CP020401.2	+	2168957	2171707	+	2168957	2171707					2026-08-07.1
gyrA_T91V	gyrA	Neisseria_meningitidis	DNA gyrase subunit A GyrA	core	AMR	POINT	QUINOLONE	QUINOLONE	WP_002240607.1	NZ_CP020401.2	No	ARB70015.1	CP020401.2	+	2168957	2171707	+	2168957	2171707					2026-08-07.1
gyrA_T91Y	gyrA	Neisseria_meningitidis	DNA gyrase subunit A GyrA	core	AMR	POINT	QUINOLONE	QUINOLONE	WP_002240607.1	NZ_CP020401.2	No	ARB70015.1	CP020401.2	+	2168957	2171707	+	2168957	2171707					2026-08-07.1
gyrA_D95A	gyrA	Neisseria_meningitidis	DNA gyrase subunit A GyrA	core	AMR	POINT	QUINOLONE	QUINOLONE	WP_002240607.1	NZ_CP020401.2	No	ARB70015.1	CP020401.2	+	2168957	2171707	+	2168957	2171707					2026-08-07.1
gyrA_D95G	gyrA	Neisseria_meningitidis	DNA gyrase subunit A GyrA	core	AMR	POINT	QUINOLONE	QUINOLONE	WP_002240607.1	NZ_CP020401.2	No	ARB70015.1	CP020401.2	+	2168957	2171707	+	2168957	2171707					2026-08-07.1
gyrA_D95N	gyrA	Neisseria_meningitidis	DNA gyrase subunit A GyrA	core	AMR	POINT	QUINOLONE	QUINOLONE	WP_002240607.1	NZ_CP020401.2	No	ARB70015.1	CP020401.2	+	2168957	2171707	+	2168957	2171707	10799008				2026-08-07.1
gyrA_D95Q	gyrA	Neisseria_meningitidis	DNA gyrase subunit A GyrA	core	AMR	POINT	QUINOLONE	QUINOLONE	WP_002240607.1	NZ_CP020401.2	No	ARB70015.1	CP020401.2	+	2168957	2171707	+	2168957	2171707					2026-08-07.1
gyrA_D95Y	gyrA	Neisseria_meningitidis	DNA gyrase subunit A GyrA	core	AMR	POINT	QUINOLONE	QUINOLONE	WP_002240607.1	NZ_CP020401.2	No	ARB70015.1	CP020401.2	+	2168957	2171707	+	2168957	2171707	36758676,37874301				2026-08-07.1
gyrA_T173A	gyrA	Neisseria_meningitidis	DNA gyrase subunit A GyrA	core	AMR	POINT	QUINOLONE	QUINOLONE	WP_002240607.1	NZ_CP020401.2	No	ARB70015.1	CP020401.2	+	2168957	2171707	+	2168957	2171707	22321998				2026-08-07.1
parC_D86N	parC	Neisseria_meningitidis	DNA topoisomerase IV subunit A ParC	core	AMR	POINT	QUINOLONE	QUINOLONE	WP_002225016.1	NC_003112.2	No	AAF41957.1	AE002098.2	+	1665175	1667478	+	1665175	1667478	15855492				2026-08-07.1
parC_S87I	parC	Neisseria_meningitidis	DNA topoisomerase IV subunit A ParC	core	AMR	POINT	QUINOLONE	QUINOLONE	WP_002225016.1	NC_003112.2	No	AAF41957.1	AE002098.2	+	1665175	1667478	+	1665175	1667478					2026-08-07.1
parC_S87N	parC	Neisseria_meningitidis	DNA topoisomerase IV subunit A ParC	core	AMR	POINT	QUINOLONE	QUINOLONE	WP_002225016.1	NC_003112.2	No	AAF41957.1	AE002098.2	+	1665175	1667478	+	1665175	1667478					2026-08-07.1
parC_S87R	parC	Neisseria_meningitidis	DNA topoisomerase IV subunit A ParC	core	AMR	POINT	QUINOLONE	QUINOLONE	WP_002225016.1	NC_003112.2	No	AAF41957.1	AE002098.2	+	1665175	1667478	+	1665175	1667478					2026-08-07.1
parC_S88P	parC	Neisseria_meningitidis	DNA topoisomerase IV subunit A ParC	core	AMR	POINT	QUINOLONE	QUINOLONE	WP_002225016.1	NC_003112.2	No	AAF41957.1	AE002098.2	+	1665175	1667478	+	1665175	1667478					2026-08-07.1
parC_E91G	parC	Neisseria_meningitidis	DNA topoisomerase IV subunit A ParC	core	AMR	POINT	QUINOLONE	QUINOLONE	WP_002225016.1	NC_003112.2	No	AAF41957.1	AE002098.2	+	1665175	1667478	+	1665175	1667478	15855492				2026-08-07.1
parC_E91K	parC	Neisseria_meningitidis	DNA topoisomerase IV subunit A ParC	core	AMR	POINT	QUINOLONE	QUINOLONE	WP_002225016.1	NC_003112.2	No	AAF41957.1	AE002098.2	+	1665175	1667478	+	1665175	1667478	15855492				2026-08-07.1
parE_G410V	parE	Neisseria_meningitidis	DNA topoisomerase IV subunit B ParE	core	AMR	POINT	QUINOLONE	QUINOLONE	WP_002224983.1	NC_003112.2	No	AAF42030.1	AE002098.2	-	1757891	1759876	-	1757891	1759876					2026-08-07.1
penA_F504L	penA	Neisseria_meningitidis	penicillin-binding protein PBP2 PenA	core	AMR	POINT	BETA-LACTAM	BETA-LACTAM	WP_002218783.1	NC_003112.2	No	AAF40852.1	AE002098.2	+	419829	421574	+	419829	421574	17517841				2026-08-07.1
penA_A510V	penA	Neisseria_meningitidis	penicillin-binding protein PBP2 PenA	core	AMR	POINT	BETA-LACTAM	BETA-LACTAM	WP_002218783.1	NC_003112.2	No	AAF40852.1	AE002098.2	+	419829	421574	+	419829	421574	17517841				2026-08-07.1
penA_I515V	penA	Neisseria_meningitidis	penicillin-binding protein PBP2 PenA	core	AMR	POINT	BETA-LACTAM	BETA-LACTAM	WP_002218783.1	NC_003112.2	No	AAF40852.1	AE002098.2	+	419829	421574	+	419829	421574	17517841				2026-08-07.1
penA_H541N	penA	Neisseria_meningitidis	penicillin-binding protein PBP2 PenA	core	AMR	POINT	BETA-LACTAM	BETA-LACTAM	WP_002218783.1	NC_003112.2	No	AAF40852.1	AE002098.2	+	419829	421574	+	419829	421574	17517841				2026-08-07.1
penA_I566V	penA	Neisseria_meningitidis	penicillin-binding protein PBP2 PenA	core	AMR	POINT	BETA-LACTAM	BETA-LACTAM	WP_002218783.1	NC_003112.2	No	AAF40852.1	AE002098.2	+	419829	421574	+	419829	421574	17517841				2026-08-07.1
rpoB_D543E	rpoB	Neisseria_meningitidis	DNA-directed RNA polymerase subunit beta RpoB	core	AMR	POINT	RIFAMYCIN	RIFAMPIN	WP_002225943.1		No	QPL09597.1	CP030821.1	+	1983637	1987815								2026-08-07.1
rpoB_D543G	rpoB	Neisseria_meningitidis	DNA-directed RNA polymerase subunit beta RpoB	core	AMR	POINT	RIFAMYCIN	RIFAMPIN	WP_002225943.1		No	QPL09597.1	CP030821.1	+	1983637	1987815								2026-08-07.1
rpoB_D543N	rpoB	Neisseria_meningitidis	DNA-directed RNA polymerase subunit beta RpoB	core	AMR	POINT	RIFAMYCIN	RIFAMPIN	WP_002225943.1		No	QPL09597.1	CP030821.1	+	1983637	1987815				20606072				2026-08-07.1
rpoB_D543V	rpoB	Neisseria_meningitidis	DNA-directed RNA polymerase subunit beta RpoB	core	AMR	POINT	RIFAMYCIN	RIFAMPIN	WP_002225943.1		No	QPL09597.1	CP030821.1	+	1983637	1987815				20606072				2026-08-07.1
rpoB_S549F	rpoB	Neisseria_meningitidis	DNA-directed RNA polymerase subunit beta RpoB	core	AMR	POINT	RIFAMYCIN	RIFAMPIN	WP_002225943.1		No	QPL09597.1	CP030821.1	+	1983637	1987815				14614066,20606072				2026-08-07.1
rpoB_H553L	rpoB	Neisseria_meningitidis	DNA-directed RNA polymerase subunit beta RpoB	core	AMR	POINT	RIFAMYCIN	RIFAMPIN	WP_002225943.1		No	QPL09597.1	CP030821.1	+	1983637	1987815				20606072				2026-08-07.1
rpoB_H553N	rpoB	Neisseria_meningitidis	DNA-directed RNA polymerase subunit beta RpoB	core	AMR	POINT	RIFAMYCIN	RIFAMPIN	WP_002225943.1		No	QPL09597.1	CP030821.1	+	1983637	1987815				8092823,14614066,20606072				2026-08-07.1
rpoB_H553R	rpoB	Neisseria_meningitidis	DNA-directed RNA polymerase subunit beta RpoB	core	AMR	POINT	RIFAMYCIN	RIFAMPIN	WP_002225943.1		No	QPL09597.1	CP030821.1	+	1983637	1987815				8092823,20606072				2026-08-07.1
rpoB_H553Y	rpoB	Neisseria_meningitidis	DNA-directed RNA polymerase subunit beta RpoB	core	AMR	POINT	RIFAMYCIN	RIFAMPIN	WP_002225943.1		No	QPL09597.1	CP030821.1	+	1983637	1987815				8092823,14614066,20606072				2026-08-07.1
rpoB_S558F	rpoB	Neisseria_meningitidis	DNA-directed RNA polymerase subunit beta RpoB	core	AMR	POINT	RIFAMYCIN	RIFAMPIN	WP_002225943.1		No	QPL09597.1	CP030821.1	+	1983637	1987815				8092823,20606072				2026-08-07.1
rpoB_G561S	rpoB	Neisseria_meningitidis	DNA-directed RNA polymerase subunit beta RpoB	core	AMR	POINT	RIFAMYCIN	RIFAMPIN	WP_002225943.1		No	QPL09597.1	CP030821.1	+	1983637	1987815								2026-08-07.1
amgS_V121G	amgS	Pseudomonas_aeruginosa	two-component system sensor histidine kinase AmgS	core	AMR	POINT	AMINOGLYCOSIDE	AMIKACIN/TOBRAMYCIN	WP_003096258.1	NC_002516.2	No	AAG08584.1	AE004091.2	-	5851239	5852558	-	5851239	5852558	23459488,25450797,31570397				2026-08-07.1
amgS_R182C	amgS	Pseudomonas_aeruginosa	two-component system sensor histidine kinase AmgS	core	AMR	POINT	AMINOGLYCOSIDE	AMIKACIN/TOBRAMYCIN	WP_003096258.1	NC_002516.2	No	AAG08584.1	AE004091.2	-	5851239	5852558	-	5851239	5852558	23459488,25450797				2026-08-07.1
amgS_P381S	amgS	Pseudomonas_aeruginosa	two-component system sensor histidine kinase AmgS	core	AMR	POINT	BETA-LACTAM	CARBAPENEM	WP_003096258.1	NC_002516.2	No	AAG08584.1	AE004091.2	-	5851239	5852558	-	5851239	5852558	31570397				2026-08-07.1
ampD_H36R	ampD	Pseudomonas_aeruginosa	1,6-anhydro-N-acetylmuramyl-L-alanine amidase AmpD	core	AMR	POINT	BETA-LACTAM	CEPHALOSPORIN	WP_003112844.1	NC_002516.2	No	AAG07910.1	AE004091.2	-	5064774	5065340	-	5064774	5065340	40067045				2026-08-07.1
ampD_Q44Ter	ampD	Pseudomonas_aeruginosa	1,6-anhydro-N-acetylmuramyl-L-alanine amidase AmpD	core	AMR	POINT	BETA-LACTAM	CEPHALOSPORIN	WP_003112844.1	NC_002516.2	No	AAG07910.1	AE004091.2	-	5064774	5065340	-	5064774	5065340	19325877,27572404				2026-08-07.1
ampD_E67Ter	ampD	Pseudomonas_aeruginosa	1,6-anhydro-N-acetylmuramyl-L-alanine amidase AmpD	core	AMR	POINT	BETA-LACTAM	CEPHALOSPORIN	WP_003112844.1	NC_002516.2	No	AAG07910.1	AE004091.2	-	5064774	5065340	-	5064774	5065340	27572404				2026-08-07.1
ampD_H77Y	ampD	Pseudomonas_aeruginosa	1,6-anhydro-N-acetylmuramyl-L-alanine amidase AmpD	core	AMR	POINT	BETA-LACTAM	CEPHALOSPORIN	WP_003112844.1	NC_002516.2	No	AAG07910.1	AE004091.2	-	5064774	5065340	-	5064774	5065340	27736752				2026-08-07.1
ampD_E108Ter	ampD	Pseudomonas_aeruginosa	1,6-anhydro-N-acetylmuramyl-L-alanine amidase AmpD	core	AMR	POINT	BETA-LACTAM	CEPHALOSPORIN	WP_003112844.1	NC_002516.2	No	AAG07910.1	AE004091.2	-	5064774	5065340	-	5064774	5065340	37823665				2026-08-07.1
ampD_S114P	ampD	Pseudomonas_aeruginosa	1,6-anhydro-N-acetylmuramyl-L-alanine amidase AmpD	core	AMR	POINT	BETA-LACTAM	CEPHALOSPORIN	WP_003112844.1	NC_002516.2	No	AAG07910.1	AE004091.2	-	5064774	5065340	-	5064774	5065340	40067045				2026-08-07.1
ampD_T139M	ampD	Pseudomonas_aeruginosa	1,6-anhydro-N-acetylmuramyl-L-alanine amidase AmpD	core	AMR	POINT	BETA-LACTAM	CEPHALOSPORIN	WP_003112844.1	NC_002516.2	No	AAG07910.1	AE004091.2	-	5064774	5065340	-	5064774	5065340	27736752				2026-08-07.1
ampD_Q155Ter	ampD	Pseudomonas_aeruginosa	1,6-anhydro-N-acetylmuramyl-L-alanine amidase AmpD	core	AMR	POINT	BETA-LACTAM	CEPHALOSPORIN	WP_003112844.1	NC_002516.2	No	AAG07910.1	AE004091.2	-	5064774	5065340	-	5064774	5065340	16251318,27572404				2026-08-07.1
ampD_H157Y	ampD	Pseudomonas_aeruginosa	1,6-anhydro-N-acetylmuramyl-L-alanine amidase AmpD	core	AMR	POINT	BETA-LACTAM	CEPHALOSPORIN/TAZOBACTAM	WP_003112844.1	NC_002516.2	No	AAG07910.1	AE004091.2	-	5064774	5065340	-	5064774	5065340	37695298				2026-08-07.1
	ampD	Pseudomonas_aeruginosa	Pseudomonas aeruginosa 1,6-anhydro-N-acetylmuramyl-L-alanine amidase AmpD	core	AMR	POINT_DISRUPT	BETA-LACTAM	CEPHALOSPORIN	WP_003112844.1		No	AAG07910.1	AE004091.2	-	5064774	5065340				10681322,18644952			ampD	2026-08-07.1
ampR_R86C	ampR	Pseudomonas_aeruginosa	transcriptional regulator AmpR	core	AMR	POINT	BETA-LACTAM	CEPHALOSPORIN	WP_003137572.1	NC_008463.1	No	ABJ13379.1	CP000438.1	+	933973	934863	+	933973	934863	31355848				2026-08-07.1
ampR_D135G	ampR	Pseudomonas_aeruginosa	transcriptional regulator AmpR	core	AMR	POINT	BETA-LACTAM	CEPHALOSPORIN	WP_003137572.1	NC_008463.1	No	ABJ13379.1	CP000438.1	+	933973	934863	+	933973	934863	25182487				2026-08-07.1
ampR_D135N	ampR	Pseudomonas_aeruginosa	transcriptional regulator AmpR	core	AMR	POINT	BETA-LACTAM	CEPHALOSPORIN	WP_003137572.1	NC_008463.1	No	ABJ13379.1	CP000438.1	+	933973	934863	+	933973	934863	34959593				2026-08-07.1
ampR_G154R	ampR	Pseudomonas_aeruginosa	transcriptional regulator AmpR	core	AMR	POINT	BETA-LACTAM	CEPHALOSPORIN	WP_003137572.1	NC_008463.1	No	ABJ13379.1	CP000438.1	+	933973	934863	+	933973	934863	23045355				2026-08-07.1
aroB_L22P	aroB	Pseudomonas_aeruginosa	3-dehydroquinate synthase AroB	core	AMR	POINT	BETA-LACTAM	AVIBACTAM/AZTREONAM/CARBAPENEM/VABORBACTAM	WP_003114574.1	NC_002516.2	No	AAG08423.1	AE004091.2	-	5674028	5675134	-	5674028	5675134	40067045				2026-08-07.1
aroB_S136L	aroB	Pseudomonas_aeruginosa	3-dehydroquinate synthase AroB	core	AMR	POINT	BETA-LACTAM	AZTREONAM/CARBAPENEM/VABORBACTAM	WP_003114574.1	NC_002516.2	No	AAG08423.1	AE004091.2	-	5674028	5675134	-	5674028	5675134	40067045				2026-08-07.1
cmrA_A68V	cmrA	Pseudomonas_aeruginosa	AraC family transcriptional regulator CmrA	core	AMR	POINT	BETA-LACTAM/PHENICOL/QUINOLONE	CHLORAMPHENICOL/IMIPENEM/QUINOLONE	WP_003088694.1	NC_017549.1	No	BAK89871.1	AP012280.1	-	3219664	3220596	-	3219664	3220596	28507116				2026-08-07.1
cmrA_L89Q	cmrA	Pseudomonas_aeruginosa	AraC family transcriptional regulator CmrA	core	AMR	POINT	BETA-LACTAM/PHENICOL/QUINOLONE	CHLORAMPHENICOL/IMIPENEM/QUINOLONE	WP_003088694.1	NC_017549.1	No	BAK89871.1	AP012280.1	-	3219664	3220596	-	3219664	3220596	28507116				2026-08-07.1
cmrA_H204L	cmrA	Pseudomonas_aeruginosa	AraC family transcriptional regulator CmrA	core	AMR	POINT	BETA-LACTAM/PHENICOL/QUINOLONE	CHLORAMPHENICOL/IMIPENEM/QUINOLONE	WP_003088694.1	NC_017549.1	No	BAK89871.1	AP012280.1	-	3219664	3220596	-	3219664	3220596	28507116				2026-08-07.1
cmrA_N214K	cmrA	Pseudomonas_aeruginosa	AraC family transcriptional regulator CmrA	core	AMR	POINT	BETA-LACTAM/PHENICOL/QUINOLONE	CHLORAMPHENICOL/IMIPENEM/QUINOLONE	WP_003088694.1	NC_017549.1	No	BAK89871.1	AP012280.1	-	3219664	3220596	-	3219664	3220596	28507116				2026-08-07.1
colR_D32N	colR	Pseudomonas_aeruginosa	response regulator transcription factor ColR	core	AMR	POINT	COLISTIN	COLISTIN	WP_003094039.1	NC_002516.2	No	AAG07769.1	AE004091.2	-	4912141	4912824	-	4912141	4912824	23459479				2026-08-07.1
colS_A106V	colS	Pseudomonas_aeruginosa	HAMP domain-containing sensor histidine kinase ColS	core	AMR	POINT	COLISTIN	COLISTIN	WP_003094037.1	NC_002516.2	No	AAG07768.1	AE004091.2	-	4910871	4912151	-	4910871	4912151	23459479				2026-08-07.1
cprS_R241C	cprS	Pseudomonas_aeruginosa	cationic peptide sensor histidine kinase CprS	core	AMR	POINT	COLISTIN	COLISTIN	WP_003105000.1	NC_002516.2	No	AAG06466.1	AE004091.2	+	3451506	3452801	+	3451506	3452801	23459479				2026-08-07.1
cpxR_L16Q	cpxR	Pseudomonas_aeruginosa	two-component response regulator CpxR	core	AMR	POINT	BETA-LACTAM	CARBAPENEM/VABORBACTAM	WP_003091491.1	NC_002516.2	No	AAG06592.1	AE004091.2	+	3594581	3595258	+	3594581	3595258	40067045				2026-08-07.1
czcS_V194L	czcS	Pseudomonas_aeruginosa	sensor histidine kinase CzcS	core	AMR	POINT	BETA-LACTAM	CARBAPENEM	WP_003113318.1	NC_002516.2	No	AAG05912.1	AE004091.2	+	2844489	2845907	+	2844489	2845907	14679195				2026-08-07.1
dacB_W92R	dacB	Pseudomonas_aeruginosa	D-alanyl-D-alanine carboxypeptidase/D-alanyl-D-alanine endopeptidase DacB	core	AMR	POINT	BETA-LACTAM	CEPHALOSPORIN	WP_003091272.1	NC_002516.2	No	AAG06435.1	AE004091.2	+	3410264	3411694	+	3410264	3411694	40067045				2026-08-07.1
dacB_L145P	dacB	Pseudomonas_aeruginosa	D-alanyl-D-alanine carboxypeptidase/D-alanyl-D-alanine endopeptidase DacB	core	AMR	POINT	BETA-LACTAM	CEPHALOSPORIN	WP_003091272.1	NC_002516.2	No	AAG06435.1	AE004091.2	+	3410264	3411694	+	3410264	3411694	39873500				2026-08-07.1
dacB_L204P	dacB	Pseudomonas_aeruginosa	D-alanyl-D-alanine carboxypeptidase/D-alanyl-D-alanine endopeptidase DacB	core	AMR	POINT	BETA-LACTAM	CEPHALOSPORIN	WP_003091272.1	NC_002516.2	No	AAG06435.1	AE004091.2	+	3410264	3411694	+	3410264	3411694	40067045				2026-08-07.1
dacB_N317H	dacB	Pseudomonas_aeruginosa	D-alanyl-D-alanine carboxypeptidase/D-alanyl-D-alanine endopeptidase DacB	core	AMR	POINT	BETA-LACTAM	AZTREONAM/CEFTAZIDIME-AVIBACTAM/CEPHALOSPORIN	WP_003091272.1	NC_002516.2	No	AAG06435.1	AE004091.2	+	3410264	3411694	+	3410264	3411694	40067045				2026-08-07.1
dacB_I356A	dacB	Pseudomonas_aeruginosa	D-alanyl-D-alanine carboxypeptidase/D-alanyl-D-alanine endopeptidase DacB	core	AMR	POINT	BETA-LACTAM	CEPHALOSPORIN	WP_003091272.1	NC_002516.2	No	AAG06435.1	AE004091.2	+	3410264	3411694	+	3410264	3411694	36918743				2026-08-07.1
dacB_L402P	dacB	Pseudomonas_aeruginosa	D-alanyl-D-alanine carboxypeptidase/D-alanyl-D-alanine endopeptidase DacB	core	AMR	POINT	BETA-LACTAM	CEPHALOSPORIN	WP_003091272.1	NC_002516.2	No	AAG06435.1	AE004091.2	+	3410264	3411694	+	3410264	3411694	40067045				2026-08-07.1
dacB_T428P	dacB	Pseudomonas_aeruginosa	D-alanyl-D-alanine carboxypeptidase/D-alanyl-D-alanine endopeptidase DacB	core	AMR	POINT	BETA-LACTAM	CEPHALOSPORIN	WP_003091272.1	NC_002516.2	No	AAG06435.1	AE004091.2	+	3410264	3411694	+	3410264	3411694	30189050,32814972				2026-08-07.1
dacB_G437D	dacB	Pseudomonas_aeruginosa	D-alanyl-D-alanine carboxypeptidase/D-alanyl-D-alanine endopeptidase DacB	core	AMR	POINT	BETA-LACTAM	CEPHALOSPORIN	WP_003091272.1	NC_002516.2	No	AAG06435.1	AE004091.2	+	3410264	3411694	+	3410264	3411694	30189050				2026-08-07.1
dacB_W459Ter	dacB	Pseudomonas_aeruginosa	D-alanyl-D-alanine carboxypeptidase/D-alanyl-D-alanine endopeptidase DacB	core	AMR	POINT	BETA-LACTAM	CEPHALOSPORIN	WP_003091272.1	NC_002516.2	No	AAG06435.1	AE004091.2	+	3410264	3411694	+	3410264	3411694	30189050				2026-08-07.1
	fptA	Pseudomonas_aeruginosa	Pseudomonas aeruginosa Fe(3+)-pyochelin receptor FptA	core	AMR	POINT_DISRUPT	BETA-LACTAM	CEFIDEROCOL	WP_003111969.1		No	AAG07609.1	AE004091.2	-	4724639	4726801							fptA	2026-08-07.1
ftsI_G63S	ftsI	Pseudomonas_aeruginosa	penicillin-binding protein PBP3 FtsI	core	AMR	POINT	BETA-LACTAM	CARBAPENEM	WP_003094139.1	NC_002516.2	No	AAG07806.1	AE004091.2	-	4952604	4954343	-	4952604	4954343	28273168				2026-08-07.1
ftsI_Y367C	ftsI	Pseudomonas_aeruginosa	penicillin-binding protein PBP3 FtsI	core	AMR	POINT	BETA-LACTAM	CARBAPENEM	WP_003094139.1	NC_002516.2	No	AAG07806.1	AE004091.2	-	4952604	4954343	-	4952604	4954343	32071060				2026-08-07.1
ftsI_S368L	ftsI	Pseudomonas_aeruginosa	penicillin-binding protein PBP3 FtsI	core	AMR	POINT	BETA-LACTAM	CARBAPENEM	WP_003094139.1	NC_002516.2	No	AAG07806.1	AE004091.2	-	4952604	4954343	-	4952604	4954343	30664925				2026-08-07.1
ftsI_H394R	ftsI	Pseudomonas_aeruginosa	penicillin-binding protein PBP3 FtsI	core	AMR	POINT	BETA-LACTAM	CARBAPENEM	WP_003094139.1	NC_002516.2	No	AAG07806.1	AE004091.2	-	4952604	4954343	-	4952604	4954343	32071060				2026-08-07.1
ftsI_A419G	ftsI	Pseudomonas_aeruginosa	penicillin-binding protein PBP3 FtsI	core	AMR	POINT	BETA-LACTAM	CARBAPENEM	WP_003094139.1	NC_002516.2	No	AAG07806.1	AE004091.2	-	4952604	4954343	-	4952604	4954343	30664925				2026-08-07.1
ftsI_N427L	ftsI	Pseudomonas_aeruginosa	penicillin-binding protein PBP3 FtsI	core	AMR	POINT	BETA-LACTAM	CARBAPENEM	WP_003094139.1	NC_002516.2	No	AAG07806.1	AE004091.2	-	4952604	4954343	-	4952604	4954343	30664925				2026-08-07.1
ftsI_N427S	ftsI	Pseudomonas_aeruginosa	penicillin-binding protein PBP3 FtsI	core	AMR	POINT	BETA-LACTAM	CARBAPENEM	WP_003094139.1	NC_002516.2	No	AAG07806.1	AE004091.2	-	4952604	4954343	-	4952604	4954343	32071060				2026-08-07.1
ftsI_L434V	ftsI	Pseudomonas_aeruginosa	penicillin-binding protein PBP3 FtsI	core	AMR	POINT	BETA-LACTAM	CARBAPENEM	WP_003094139.1	NC_002516.2	No	AAG07806.1	AE004091.2	-	4952604	4954343	-	4952604	4954343	30664925				2026-08-07.1
ftsI_A454V	ftsI	Pseudomonas_aeruginosa	penicillin-binding protein PBP3 FtsI	core	AMR	POINT	BETA-LACTAM	CARBAPENEM	WP_003094139.1	NC_002516.2	No	AAG07806.1	AE004091.2	-	4952604	4954343	-	4952604	4954343	30664925				2026-08-07.1
ftsI_Q458R	ftsI	Pseudomonas_aeruginosa	penicillin-binding protein PBP3 FtsI	core	AMR	POINT	BETA-LACTAM	CARBAPENEM	WP_003094139.1	NC_002516.2	No	AAG07806.1	AE004091.2	-	4952604	4954343	-	4952604	4954343	32071060				2026-08-07.1
ftsI_L461V	ftsI	Pseudomonas_aeruginosa	penicillin-binding protein PBP3 FtsI	core	AMR	POINT	BETA-LACTAM	CARBAPENEM	WP_003094139.1	NC_002516.2	No	AAG07806.1	AE004091.2	-	4952604	4954343	-	4952604	4954343	30664925				2026-08-07.1
ftsI_V471G	ftsI	Pseudomonas_aeruginosa	penicillin-binding protein PBP3 FtsI	core	AMR	POINT	BETA-LACTAM	CARBAPENEM	WP_003094139.1	NC_002516.2	No	AAG07806.1	AE004091.2	-	4952604	4954343	-	4952604	4954343	31570397				2026-08-07.1
ftsI_Q475R	ftsI	Pseudomonas_aeruginosa	penicillin-binding protein PBP3 FtsI	core	AMR	POINT	BETA-LACTAM	CARBAPENEM	WP_003094139.1	NC_002516.2	No	AAG07806.1	AE004091.2	-	4952604	4954343	-	4952604	4954343	32071060				2026-08-07.1
ftsI_R504C	ftsI	Pseudomonas_aeruginosa	penicillin-binding protein PBP3 FtsI	core	AMR	POINT	BETA-LACTAM	CARBAPENEM	WP_003094139.1	NC_002516.2	No	AAG07806.1	AE004091.2	-	4952604	4954343	-	4952604	4954343	27736752,30664925				2026-08-07.1
ftsI_R504L	ftsI	Pseudomonas_aeruginosa	penicillin-binding protein PBP3 FtsI	core	AMR	POINT	BETA-LACTAM	CARBAPENEM	WP_003094139.1	NC_002516.2	No	AAG07806.1	AE004091.2	-	4952604	4954343	-	4952604	4954343	32071060				2026-08-07.1
ftsI_F507L	ftsI	Pseudomonas_aeruginosa	penicillin-binding protein PBP3 FtsI	core	AMR	POINT	BETA-LACTAM	CARBAPENEM	WP_003094139.1	NC_002516.2	No	AAG07806.1	AE004091.2	-	4952604	4954343	-	4952604	4954343	30664925				2026-08-07.1
ftsI_V523A	ftsI	Pseudomonas_aeruginosa	penicillin-binding protein PBP3 FtsI	core	AMR	POINT	BETA-LACTAM	CARBAPENEM	WP_003094139.1	NC_002516.2	No	AAG07806.1	AE004091.2	-	4952604	4954343	-	4952604	4954343	32071060				2026-08-07.1
ftsI_V523M	ftsI	Pseudomonas_aeruginosa	penicillin-binding protein PBP3 FtsI	core	AMR	POINT	BETA-LACTAM	CARBAPENEM	WP_003094139.1	NC_002516.2	No	AAG07806.1	AE004091.2	-	4952604	4954343	-	4952604	4954343	32071060				2026-08-07.1
ftsI_P527S	ftsI	Pseudomonas_aeruginosa	penicillin-binding protein PBP3 FtsI	core	AMR	POINT	BETA-LACTAM	CARBAPENEM	WP_003094139.1	NC_002516.2	No	AAG07806.1	AE004091.2	-	4952604	4954343	-	4952604	4954343	28717172				2026-08-07.1
ftsI_F533L	ftsI	Pseudomonas_aeruginosa	penicillin-binding protein PBP3 FtsI	core	AMR	POINT	BETA-LACTAM	CARBAPENEM	WP_003094139.1	NC_002516.2	No	AAG07806.1	AE004091.2	-	4952604	4954343	-	4952604	4954343	21135211,32071060,37823665				2026-08-07.1
ftsI_S538L	ftsI	Pseudomonas_aeruginosa	penicillin-binding protein PBP3 FtsI	core	AMR	POINT	BETA-LACTAM	CARBAPENEM	WP_003094139.1	NC_002516.2	No	AAG07806.1	AE004091.2	-	4952604	4954343	-	4952604	4954343	30664925				2026-08-07.1
ftsI_A539T	ftsI	Pseudomonas_aeruginosa	penicillin-binding protein PBP3 FtsI	core	AMR	POINT	BETA-LACTAM	CARBAPENEM	WP_003094139.1	NC_002516.2	No	AAG07806.1	AE004091.2	-	4952604	4954343	-	4952604	4954343	26729493				2026-08-07.1
fusA1_I61M	fusA1	Pseudomonas_aeruginosa	elongation factor G FusA1	core	AMR	POINT	AMINOGLYCOSIDE	AMIKACIN/TOBRAMYCIN	WP_003093741.1	NC_002516.2	No	AAG07654.1	AE004091.2	-	4769035	4771155	-	4769035	4771155	29437613				2026-08-07.1
fusA1_E100G	fusA1	Pseudomonas_aeruginosa	elongation factor G FusA1	core	AMR	POINT	AMINOGLYCOSIDE	AMIKACIN/TOBRAMYCIN	WP_003093741.1	NC_002516.2	No	AAG07654.1	AE004091.2	-	4769035	4771155	-	4769035	4771155	31570397				2026-08-07.1
fusA1_R371C	fusA1	Pseudomonas_aeruginosa	elongation factor G FusA1	core	AMR	POINT	AMINOGLYCOSIDE	AMIKACIN/TOBRAMYCIN	WP_003093741.1	NC_002516.2	No	AAG07654.1	AE004091.2	-	4769035	4771155	-	4769035	4771155	29133559				2026-08-07.1
fusA1_L438Q	fusA1	Pseudomonas_aeruginosa	elongation factor G FusA1	core	AMR	POINT	AMINOGLYCOSIDE	AMIKACIN/TOBRAMYCIN	WP_003093741.1	NC_002516.2	No	AAG07654.1	AE004091.2	-	4769035	4771155	-	4769035	4771155	31570397				2026-08-07.1
fusA1_Q455R	fusA1	Pseudomonas_aeruginosa	elongation factor G FusA1	core	AMR	POINT	AMINOGLYCOSIDE	AMIKACIN/TOBRAMYCIN	WP_003093741.1	NC_002516.2	No	AAG07654.1	AE004091.2	-	4769035	4771155	-	4769035	4771155	31570397				2026-08-07.1
fusA1_T456A	fusA1	Pseudomonas_aeruginosa	elongation factor G FusA1	core	AMR	POINT	AMINOGLYCOSIDE	AMIKACIN	WP_003093741.1	NC_002516.2	No	AAG07654.1	AE004091.2	-	4769035	4771155	-	4769035	4771155	29133559				2026-08-07.1
fusA1_L464V	fusA1	Pseudomonas_aeruginosa	elongation factor G FusA1	core	AMR	POINT	AMINOGLYCOSIDE	AMIKACIN/TOBRAMYCIN	WP_003093741.1	NC_002516.2	No	AAG07654.1	AE004091.2	-	4769035	4771155	-	4769035	4771155	32660986				2026-08-07.1
fusA1_K504Q	fusA1	Pseudomonas_aeruginosa	elongation factor G FusA1	core	AMR	POINT	AMINOGLYCOSIDE	AMIKACIN/TOBRAMYCIN	WP_003093741.1	NC_002516.2	No	AAG07654.1	AE004091.2	-	4769035	4771155	-	4769035	4771155	28717172				2026-08-07.1
fusA1_G545D	fusA1	Pseudomonas_aeruginosa	elongation factor G FusA1	core	AMR	POINT	AMINOGLYCOSIDE	TOBRAMYCIN	WP_003093741.1	NC_002516.2	No	AAG07654.1	AE004091.2	-	4769035	4771155	-	4769035	4771155	35766499				2026-08-07.1
fusA1_Y552C	fusA1	Pseudomonas_aeruginosa	elongation factor G FusA1	core	AMR	POINT	AMINOGLYCOSIDE	AMIKACIN	WP_003093741.1	NC_002516.2	No	AAG07654.1	AE004091.2	-	4769035	4771155	-	4769035	4771155	28717172				2026-08-07.1
fusA1_P554L	fusA1	Pseudomonas_aeruginosa	elongation factor G FusA1	core	AMR	POINT	AMINOGLYCOSIDE	AMIKACIN/TOBRAMYCIN	WP_003093741.1	NC_002516.2	No	AAG07654.1	AE004091.2	-	4769035	4771155	-	4769035	4771155	28717172				2026-08-07.1
fusA1_A555E	fusA1	Pseudomonas_aeruginosa	elongation factor G FusA1	core	AMR	POINT	AMINOGLYCOSIDE	AMIKACIN/TOBRAMYCIN	WP_003093741.1	NC_002516.2	No	AAG07654.1	AE004091.2	-	4769035	4771155	-	4769035	4771155	29133559				2026-08-07.1
fusA1_N592I	fusA1	Pseudomonas_aeruginosa	elongation factor G FusA1	core	AMR	POINT	AMINOGLYCOSIDE	AMIKACIN/TOBRAMYCIN	WP_003093741.1	NC_002516.2	No	AAG07654.1	AE004091.2	-	4769035	4771155	-	4769035	4771155	27139485,29133559				2026-08-07.1
fusA1_A595P	fusA1	Pseudomonas_aeruginosa	elongation factor G FusA1	core	AMR	POINT	AMINOGLYCOSIDE	TOBRAMYCIN	WP_003093741.1	NC_002516.2	No	AAG07654.1	AE004091.2	-	4769035	4771155	-	4769035	4771155	29133559				2026-08-07.1
fusA1_P618L	fusA1	Pseudomonas_aeruginosa	elongation factor G FusA1	core	AMR	POINT	AMINOGLYCOSIDE	TOBRAMYCIN	WP_003093741.1	NC_002516.2	No	AAG07654.1	AE004091.2	-	4769035	4771155	-	4769035	4771155	28717172				2026-08-07.1
fusA1_T671A	fusA1	Pseudomonas_aeruginosa	elongation factor G FusA1	core	AMR	POINT	AMINOGLYCOSIDE	AMIKACIN/TOBRAMYCIN	WP_003093741.1	NC_002516.2	No	AAG07654.1	AE004091.2	-	4769035	4771155	-	4769035	4771155	29133559				2026-08-07.1
fusA1_T671I	fusA1	Pseudomonas_aeruginosa	elongation factor G FusA1	core	AMR	POINT	AMINOGLYCOSIDE	AMIKACIN/TOBRAMYCIN	WP_003093741.1	NC_002516.2	No	AAG07654.1	AE004091.2	-	4769035	4771155	-	4769035	4771155	28717172				2026-08-07.1
fusA1_Q678L	fusA1	Pseudomonas_aeruginosa	elongation factor G FusA1	core	AMR	POINT	AMINOGLYCOSIDE	AMIKACIN/TOBRAMYCIN	WP_003093741.1	NC_002516.2	No	AAG07654.1	AE004091.2	-	4769035	4771155	-	4769035	4771155	31570397				2026-08-07.1
fusA1_R680C	fusA1	Pseudomonas_aeruginosa	elongation factor G FusA1	core	AMR	POINT	AMINOGLYCOSIDE	AMIKACIN/TOBRAMYCIN	WP_003093741.1	NC_002516.2	No	AAG07654.1	AE004091.2	-	4769035	4771155	-	4769035	4771155	31570397				2026-08-07.1
galU_R101C	galU	Pseudomonas_aeruginosa	UTP--glucose-1-phosphate uridylyltransferase GalU	core	AMR	POINT	BETA-LACTAM	CEPHALOSPORIN	WP_003088639.1	NC_002516.2	No	AAG05411.1	AE004091.2	+	2215102	2215941	+	2215102	2215941	40067045				2026-08-07.1
glpT_T211P	glpT	Pseudomonas_aeruginosa	glycerol-3-phosphate transporter GlpT	core	AMR	POINT	FOSFOMYCIN	FOSFOMYCIN	WP_003096330.1	NC_002516.2	No	AAG08620.1	AE004091.2	+	5892910	5894256	+	5892910	5894256	27736752				2026-08-07.1
gyrA_D72G	gyrA	Pseudomonas_aeruginosa	DNA gyrase subunit A GyrA	core	AMR	POINT	QUINOLONE	QUINOLONE	WP_003091448.1	NZ_CP050052.1	No	QKK84924.1	CP050052.1	+	1955806	1958577	+	1955806	1958577	15917569				2026-08-07.1
gyrA_H80R	gyrA	Pseudomonas_aeruginosa	DNA gyrase subunit A GyrA	core	AMR	POINT	QUINOLONE	QUINOLONE	WP_003091448.1	NZ_CP050052.1	No	QKK84924.1	CP050052.1	+	1955806	1958577	+	1955806	1958577	22821356				2026-08-07.1
gyrA_G81C	gyrA	Pseudomonas_aeruginosa	DNA gyrase subunit A GyrA	core	AMR	POINT	QUINOLONE	QUINOLONE	WP_003091448.1	NZ_CP050052.1	No	QKK84924.1	CP050052.1	+	1955806	1958577	+	1955806	1958577	31570397				2026-08-07.1
gyrA_G81D	gyrA	Pseudomonas_aeruginosa	DNA gyrase subunit A GyrA	core	AMR	POINT	QUINOLONE	QUINOLONE	WP_003091448.1	NZ_CP050052.1	No	QKK84924.1	CP050052.1	+	1955806	1958577	+	1955806	1958577	29681898				2026-08-07.1
gyrA_T83A	gyrA	Pseudomonas_aeruginosa	DNA gyrase subunit A GyrA	core	AMR	POINT	QUINOLONE	QUINOLONE	WP_003091448.1	NZ_CP050052.1	No	QKK84924.1	CP050052.1	+	1955806	1958577	+	1955806	1958577	23274661				2026-08-07.1
gyrA_T83I	gyrA	Pseudomonas_aeruginosa	DNA gyrase subunit A GyrA	core	AMR	POINT	QUINOLONE	QUINOLONE	WP_003091448.1	NZ_CP050052.1	No	QKK84924.1	CP050052.1	+	1955806	1958577	+	1955806	1958577	8540700,33875431				2026-08-07.1
gyrA_Y86N	gyrA	Pseudomonas_aeruginosa	DNA gyrase subunit A GyrA	core	AMR	POINT	QUINOLONE	QUINOLONE	WP_003091448.1	NZ_CP050052.1	No	QKK84924.1	CP050052.1	+	1955806	1958577	+	1955806	1958577	29681898				2026-08-07.1
gyrA_D87G	gyrA	Pseudomonas_aeruginosa	DNA gyrase subunit A GyrA	core	AMR	POINT	QUINOLONE	QUINOLONE	WP_003091448.1	NZ_CP050052.1	No	QKK84924.1	CP050052.1	+	1955806	1958577	+	1955806	1958577	8540700				2026-08-07.1
gyrA_D87H	gyrA	Pseudomonas_aeruginosa	DNA gyrase subunit A GyrA	core	AMR	POINT	QUINOLONE	QUINOLONE	WP_003091448.1	NZ_CP050052.1	No	QKK84924.1	CP050052.1	+	1955806	1958577	+	1955806	1958577	8540700				2026-08-07.1
gyrA_D87N	gyrA	Pseudomonas_aeruginosa	DNA gyrase subunit A GyrA	core	AMR	POINT	QUINOLONE	QUINOLONE	WP_003091448.1	NZ_CP050052.1	No	QKK84924.1	CP050052.1	+	1955806	1958577	+	1955806	1958577	8540700				2026-08-07.1
gyrA_D87Y	gyrA	Pseudomonas_aeruginosa	DNA gyrase subunit A GyrA	core	AMR	POINT	QUINOLONE	QUINOLONE	WP_003091448.1	NZ_CP050052.1	No	QKK84924.1	CP050052.1	+	1955806	1958577	+	1955806	1958577	12727072				2026-08-07.1
gyrA_Q106L	gyrA	Pseudomonas_aeruginosa	DNA gyrase subunit A GyrA	core	AMR	POINT	QUINOLONE	QUINOLONE	WP_003091448.1	NZ_CP050052.1	No	QKK84924.1	CP050052.1	+	1955806	1958577	+	1955806	1958577	29681898				2026-08-07.1
gyrB_A372L	gyrB	Pseudomonas_aeruginosa	DNA topoisomerase (ATP-hydrolyzing) subunit B GyrB	core	AMR	POINT	QUINOLONE	QUINOLONE	WP_003097268.1	NC_002516.2	No	AAG03394.1	AE004091.2	+	4275	6695	+	4275	6695	30804676				2026-08-07.1
gyrB_A372V	gyrB	Pseudomonas_aeruginosa	DNA topoisomerase (ATP-hydrolyzing) subunit B GyrB	core	AMR	POINT	QUINOLONE	QUINOLONE	WP_003097268.1	NC_002516.2	No	AAG03394.1	AE004091.2	+	4275	6695	+	4275	6695	30804676				2026-08-07.1
gyrB_I424L	gyrB	Pseudomonas_aeruginosa	DNA topoisomerase (ATP-hydrolyzing) subunit B GyrB	core	AMR	POINT	QUINOLONE	QUINOLONE	WP_003097268.1	NC_002516.2	No	AAG03394.1	AE004091.2	+	4275	6695	+	4275	6695	30804676				2026-08-07.1
gyrB_L464I	gyrB	Pseudomonas_aeruginosa	DNA topoisomerase (ATP-hydrolyzing) subunit B GyrB	core	AMR	POINT	QUINOLONE	QUINOLONE	WP_003097268.1	NC_002516.2	No	AAG03394.1	AE004091.2	+	4275	6695	+	4275	6695	30804676				2026-08-07.1
gyrB_S466F	gyrB	Pseudomonas_aeruginosa	DNA topoisomerase (ATP-hydrolyzing) subunit B GyrB	core	AMR	POINT	QUINOLONE	QUINOLONE	WP_003097268.1	NC_002516.2	No	AAG03394.1	AE004091.2	+	4275	6695	+	4275	6695	23274661				2026-08-07.1
gyrB_S466Y	gyrB	Pseudomonas_aeruginosa	DNA topoisomerase (ATP-hydrolyzing) subunit B GyrB	core	AMR	POINT	QUINOLONE	QUINOLONE	WP_003097268.1	NC_002516.2	No	AAG03394.1	AE004091.2	+	4275	6695	+	4275	6695	23274661				2026-08-07.1
gyrB_E468D	gyrB	Pseudomonas_aeruginosa	DNA topoisomerase (ATP-hydrolyzing) subunit B GyrB	core	AMR	POINT	QUINOLONE	QUINOLONE	WP_003097268.1	NC_002516.2	No	AAG03394.1	AE004091.2	+	4275	6695	+	4275	6695	15917569,23274661,27139485				2026-08-07.1
gyrB_E468H	gyrB	Pseudomonas_aeruginosa	DNA topoisomerase (ATP-hydrolyzing) subunit B GyrB	core	AMR	POINT	QUINOLONE	QUINOLONE	WP_003097268.1	NC_002516.2	No	AAG03394.1	AE004091.2	+	4275	6695	+	4275	6695	23274661				2026-08-07.1
gyrB_E483D	gyrB	Pseudomonas_aeruginosa	DNA topoisomerase (ATP-hydrolyzing) subunit B GyrB	core	AMR	POINT	QUINOLONE	QUINOLONE	WP_003097268.1	NC_002516.2	No	AAG03394.1	AE004091.2	+	4275	6695	+	4275	6695	30804676				2026-08-07.1
mexB_V45L	mexB	Pseudomonas_aeruginosa	multidrug efflux RND transporter permease subunit MexB	core	AMR	POINT	BETA-LACTAM/QUINOLONE/TETRACYCLINE	BETA-LACTAM/QUINOLONE/TETRACYCLINE	WP_003107312.1	NC_002516.2	No	AAG03815.1	AE004091.2	+	473191	476331	+	473191	476331	27736752				2026-08-07.1
mexB_R620C	mexB	Pseudomonas_aeruginosa	multidrug efflux RND transporter permease subunit MexB	core	AMR	POINT	BETA-LACTAM	CARBAPENEM/VABORBACTAM	WP_003107312.1	NC_002516.2	No	AAG03815.1	AE004091.2	+	473191	476331	+	473191	476331	40067045				2026-08-07.1
mexD_S133G	mexD	Pseudomonas_aeruginosa	multidrug efflux RND transporter permease subunit MexD	core	AMR	POINT	AZABICYCLOALKANE	AVIBACTAM	WP_003112801.1	NC_002516.2	No	AAG07986.1	AE004091.2	-	5151078	5154209	-	5151078	5154209	34060900				2026-08-07.1
mexD_Q178R	mexD	Pseudomonas_aeruginosa	multidrug efflux RND transporter permease subunit MexD	core	AMR	POINT	AZABICYCLOALKANE	AVIBACTAM	WP_003112801.1	NC_002516.2	No	AAG07986.1	AE004091.2	-	5151078	5154209	-	5151078	5154209	34060900				2026-08-07.1
mexR_Y3Ter	mexR	Pseudomonas_aeruginosa	effux pump transcriptional repressor MexR	core	AMR	POINT	MULTIDRUG	AZTREONAM-AVIBACTAM/CARBAPENEM/CEPHALOSPORIN/CHLORAMPHENICOL/VABORBACTAM	WP_003114897.1	NC_002516.2	No	AAG03813.1	AE004091.2	-	471306	471749	-	471306	471749	40067045				2026-08-07.1
mexR_Q31Ter	mexR	Pseudomonas_aeruginosa	effux pump transcriptional repressor MexR	core	AMR	POINT	MULTIDRUG	AZTREONAM-AVIBACTAM/CARBAPENEM/CEPHALOSPORIN/CHLORAMPHENICOL/VABORBACTAM	WP_003114897.1	NC_002516.2	No	AAG03813.1	AE004091.2	-	471306	471749	-	471306	471749	37823665				2026-08-07.1
mexR_P37R	mexR	Pseudomonas_aeruginosa	effux pump transcriptional repressor MexR	core	AMR	POINT	BETA-LACTAM	CARBAPENEM	WP_003114897.1	NC_002516.2	No	AAG03813.1	AE004091.2	-	471306	471749	-	471306	471749	27060003				2026-08-07.1
mexR_Q49Ter	mexR	Pseudomonas_aeruginosa	effux pump transcriptional repressor MexR	core	AMR	POINT	MULTIDRUG	AZTREONAM-AVIBACTAM/CARBAPENEM/CEPHALOSPORIN/CHLORAMPHENICOL/VABORBACTAM	WP_003114897.1	NC_002516.2	No	AAG03813.1	AE004091.2	-	471306	471749	-	471306	471749	37823665				2026-08-07.1
mexR_L57P	mexR	Pseudomonas_aeruginosa	effux pump transcriptional repressor MexR	core	AMR	POINT	MULTIDRUG	AZTREONAM-AVIBACTAM/CARBAPENEM/CEPHALOSPORIN/CHLORAMPHENICOL/VABORBACTAM	WP_003114897.1	NC_002516.2	No	AAG03813.1	AE004091.2	-	471306	471749	-	471306	471749	14526032				2026-08-07.1
mexR_L57Q	mexR	Pseudomonas_aeruginosa	effux pump transcriptional repressor MexR	core	AMR	POINT	MULTIDRUG	AZTREONAM-AVIBACTAM/CARBAPENEM/CEPHALOSPORIN/CHLORAMPHENICOL/VABORBACTAM	WP_003114897.1	NC_002516.2	No	AAG03813.1	AE004091.2	-	471306	471749	-	471306	471749	40067045				2026-08-07.1
mexR_C62Ter	mexR	Pseudomonas_aeruginosa	effux pump transcriptional repressor MexR	core	AMR	POINT	MULTIDRUG	AZTREONAM-AVIBACTAM/CARBAPENEM/CEPHALOSPORIN/CHLORAMPHENICOL/VABORBACTAM	WP_003114897.1	NC_002516.2	No	AAG03813.1	AE004091.2	-	471306	471749	-	471306	471749	40067045				2026-08-07.1
mexR_R70Q	mexR	Pseudomonas_aeruginosa	effux pump transcriptional repressor MexR	core	AMR	POINT	MULTIDRUG	AZTREONAM-AVIBACTAM/CARBAPENEM/CEPHALOSPORIN/CHLORAMPHENICOL/VABORBACTAM	WP_003114897.1	NC_002516.2	No	AAG03813.1	AE004091.2	-	471306	471749	-	471306	471749	34248872				2026-08-07.1
mexR_R83C	mexR	Pseudomonas_aeruginosa	effux pump transcriptional repressor MexR	core	AMR	POINT	MULTIDRUG	AZTREONAM-AVIBACTAM/CARBAPENEM/CEPHALOSPORIN/CHLORAMPHENICOL/VABORBACTAM	WP_003114897.1	NC_002516.2	No	AAG03813.1	AE004091.2	-	471306	471749	-	471306	471749	20194693				2026-08-07.1
mexR_D89N	mexR	Pseudomonas_aeruginosa	effux pump transcriptional repressor MexR	core	AMR	POINT	MULTIDRUG	AZTREONAM-AVIBACTAM/CARBAPENEM/CEPHALOSPORIN/CHLORAMPHENICOL/VABORBACTAM	WP_003114897.1	NC_002516.2	No	AAG03813.1	AE004091.2	-	471306	471749	-	471306	471749	40067045				2026-08-07.1
mexR_Q94Ter	mexR	Pseudomonas_aeruginosa	effux pump transcriptional repressor MexR	core	AMR	POINT	MULTIDRUG	AZTREONAM-AVIBACTAM/CARBAPENEM/CEPHALOSPORIN/CHLORAMPHENICOL/VABORBACTAM	WP_003114897.1	NC_002516.2	No	AAG03813.1	AE004091.2	-	471306	471749	-	471306	471749	36918743				2026-08-07.1
mexR_G101E	mexR	Pseudomonas_aeruginosa	effux pump transcriptional repressor MexR	core	AMR	POINT	MULTIDRUG	AZTREONAM-AVIBACTAM/CARBAPENEM/CEPHALOSPORIN/CHLORAMPHENICOL/VABORBACTAM	WP_003114897.1	NC_002516.2	No	AAG03813.1	AE004091.2	-	471306	471749	-	471306	471749	40067045				2026-08-07.1
mexR_Q106Ter	mexR	Pseudomonas_aeruginosa	effux pump transcriptional repressor MexR	core	AMR	POINT	MULTIDRUG	AZTREONAM-AVIBACTAM/CARBAPENEM/CEPHALOSPORIN/CHLORAMPHENICOL/VABORBACTAM	WP_003114897.1	NC_002516.2	No	AAG03813.1	AE004091.2	-	471306	471749	-	471306	471749					2026-08-07.1
mexR_E109Ter	mexR	Pseudomonas_aeruginosa	effux pump transcriptional repressor MexR	core	AMR	POINT	MULTIDRUG	AZTREONAM-AVIBACTAM/CARBAPENEM/CEPHALOSPORIN/CHLORAMPHENICOL/VABORBACTAM	WP_003114897.1	NC_002516.2	No	AAG03813.1	AE004091.2	-	471306	471749	-	471306	471749	40067045				2026-08-07.1
mexR_T130P	mexR	Pseudomonas_aeruginosa	effux pump transcriptional repressor MexR	core	AMR	POINT	MULTIDRUG	AZTREONAM-AVIBACTAM/CARBAPENEM/CEPHALOSPORIN/CHLORAMPHENICOL/VABORBACTAM	WP_003114897.1	NC_002516.2	No	AAG03813.1	AE004091.2	-	471306	471749	-	471306	471749	40067045				2026-08-07.1
mexR_Q137H	mexR	Pseudomonas_aeruginosa	effux pump transcriptional repressor MexR	core	AMR	POINT	BETA-LACTAM	CARBAPENEM	WP_003114897.1	NC_002516.2	No	AAG03813.1	AE004091.2	-	471306	471749	-	471306	471749	27060003				2026-08-07.1
mexR_Q137P	mexR	Pseudomonas_aeruginosa	effux pump transcriptional repressor MexR	core	AMR	POINT	BETA-LACTAM	CARBAPENEM	WP_003114897.1	NC_002516.2	No	AAG03813.1	AE004091.2	-	471306	471749	-	471306	471749	27060003				2026-08-07.1
mexR_C138A	mexR	Pseudomonas_aeruginosa	effux pump transcriptional repressor MexR	core	AMR	POINT	BETA-LACTAM	CARBAPENEM	WP_003114897.1	NC_002516.2	No	AAG03813.1	AE004091.2	-	471306	471749	-	471306	471749	27060003				2026-08-07.1
mexR_C138G	mexR	Pseudomonas_aeruginosa	effux pump transcriptional repressor MexR	core	AMR	POINT	BETA-LACTAM	CARBAPENEM	WP_003114897.1	NC_002516.2	No	AAG03813.1	AE004091.2	-	471306	471749	-	471306	471749	27060003				2026-08-07.1
	mexR	Pseudomonas_aeruginosa	Pseudomonas aeruginosa effux pump transcriptional repressor MexR	core	AMR	POINT_DISRUPT	MULTIDRUG	AZTREONAM-AVIBACTAM/CARBAPENEM/CEPHALOSPORIN/CHLORAMPHENICOL/VABORBACTAM	WP_003114897.1		No	AAG03813.1	AE004091.2	-	471306	471749				40067045			mexR	2026-08-07.1
mexT_G300S	mexT	Pseudomonas_aeruginosa	LysR substrate-binding domain-containing protein MexT	core	AMR	POINT	PHENICOL/QUINOLONE/TRIMETHOPRIM	CHLORAMPHENICOL/QUINOLONE/TRIMETHOPRIM	WP_010895622.1	NC_002516.2	No	AAG05880.1	AE004091.2	+	2807469	2808512	+	2807469	2808512	29530852				2026-08-07.1
mexY_G287S	mexY	Pseudomonas_aeruginosa	multidrug efflux RND transporter permease subunit MexY	core	AMR	POINT	BETA-LACTAM	CEPHALOSPORIN	WP_003113508.1	NC_002516.2	No	AAG05406.1	AE004091.2	-	2208169	2211306	-	2208169	2211306	40067045				2026-08-07.1
mexZ_E8Ter	mexZ	Pseudomonas_aeruginosa	efflux pump transcriptional repressor MexZ	core	AMR	POINT	AMINOGLYCOSIDE/BETA-LACTAM/QUINOLONE	AMINOGLYCOSIDE/CEFEPIME/FLUOROQUINOLONE	WP_003088626.1	NC_002516.2	No	AAG05408.1	AE004091.2	+	2212677	2213309	+	2212677	2213309	11083635,24145539				2026-08-07.1
mexZ_Q10Ter	mexZ	Pseudomonas_aeruginosa	efflux pump transcriptional repressor MexZ	core	AMR	POINT	AMINOGLYCOSIDE/BETA-LACTAM/QUINOLONE	AMINOGLYCOSIDE/CEFEPIME/FLUOROQUINOLONE	WP_003088626.1	NC_002516.2	No	AAG05408.1	AE004091.2	+	2212677	2213309	+	2212677	2213309	11083635,15105137,24145539				2026-08-07.1
mexZ_V43A	mexZ	Pseudomonas_aeruginosa	efflux pump transcriptional repressor MexZ	core	AMR	POINT	AMINOGLYCOSIDE/BETA-LACTAM/QUINOLONE	AMINOGLYCOSIDE/CEFEPIME/FLUOROQUINOLONE	WP_003088626.1	NC_002516.2	No	AAG05408.1	AE004091.2	+	2212677	2213309	+	2212677	2213309	11083635,15105137,24145539				2026-08-07.1
mexZ_G46S	mexZ	Pseudomonas_aeruginosa	efflux pump transcriptional repressor MexZ	core	AMR	POINT	AMINOGLYCOSIDE/BETA-LACTAM/QUINOLONE	AMINOGLYCOSIDE/CEFEPIME/FLUOROQUINOLONE	WP_003088626.1	NC_002516.2	No	AAG05408.1	AE004091.2	+	2212677	2213309	+	2212677	2213309	11083635,15105137,24145539				2026-08-07.1
mexZ_Q69Ter	mexZ	Pseudomonas_aeruginosa	efflux pump transcriptional repressor MexZ	core	AMR	POINT	AMINOGLYCOSIDE/BETA-LACTAM/QUINOLONE	AMINOGLYCOSIDE/CEFEPIME/FLUOROQUINOLONE	WP_003088626.1	NC_002516.2	No	AAG05408.1	AE004091.2	+	2212677	2213309	+	2212677	2213309	11083635,24145539				2026-08-07.1
mexZ_Q95Ter	mexZ	Pseudomonas_aeruginosa	efflux pump transcriptional repressor MexZ	core	AMR	POINT	AMINOGLYCOSIDE/BETA-LACTAM/QUINOLONE	AMINOGLYCOSIDE/CEFEPIME/FLUOROQUINOLONE	WP_003088626.1	NC_002516.2	No	AAG05408.1	AE004091.2	+	2212677	2213309	+	2212677	2213309	11083635,24145539				2026-08-07.1
mexZ_Q103Ter	mexZ	Pseudomonas_aeruginosa	efflux pump transcriptional repressor MexZ	core	AMR	POINT	AMINOGLYCOSIDE/BETA-LACTAM/QUINOLONE	AMINOGLYCOSIDE/CEFEPIME/FLUOROQUINOLONE	WP_003088626.1	NC_002516.2	No	AAG05408.1	AE004091.2	+	2212677	2213309	+	2212677	2213309	11083635,24145539				2026-08-07.1
mexZ_Q134Ter	mexZ	Pseudomonas_aeruginosa	efflux pump transcriptional repressor MexZ	core	AMR	POINT	AMINOGLYCOSIDE/BETA-LACTAM/QUINOLONE	AMINOGLYCOSIDE/CEFEPIME/FLUOROQUINOLONE	WP_003088626.1	NC_002516.2	No	AAG05408.1	AE004091.2	+	2212677	2213309	+	2212677	2213309	11083635,24145539				2026-08-07.1
mexZ_W167Ter	mexZ	Pseudomonas_aeruginosa	efflux pump transcriptional repressor MexZ	core	AMR	POINT	AMINOGLYCOSIDE/BETA-LACTAM/QUINOLONE	AMINOGLYCOSIDE/CEFEPIME/FLUOROQUINOLONE	WP_003088626.1	NC_002516.2	No	AAG05408.1	AE004091.2	+	2212677	2213309	+	2212677	2213309	11083635,24145539				2026-08-07.1
mexZ_G195E	mexZ	Pseudomonas_aeruginosa	efflux pump transcriptional repressor MexZ	core	AMR	POINT	AMINOGLYCOSIDE/BETA-LACTAM/QUINOLONE	AMINOGLYCOSIDE/CEFEPIME/FLUOROQUINOLONE	WP_003088626.1	NC_002516.2	No	AAG05408.1	AE004091.2	+	2212677	2213309	+	2212677	2213309	11083635,24145539				2026-08-07.1
	mexZ	Pseudomonas_aeruginosa	Pseudomonas aeruginosa efflux pump transcriptional repressor MexZ	core	AMR	POINT_DISRUPT	AMINOGLYCOSIDE/BETA-LACTAM/QUINOLONE	AMINOGLYCOSIDE/CEFEPIME/FLUOROQUINOLONE	WP_003088626.1		No	AAG05408.1	AE004091.2	+	2212677	2213309				11083635,24145539			mexZ	2026-08-07.1
nalC_K58E	nalC	Pseudomonas_aeruginosa	efflux system transcriptional repressor NalC	core	AMR	POINT	BETA-LACTAM	CARBAPENEM	WP_003113837.1	NC_002516.2	No	AAG07108.1	AE004091.2	+	4166518	4167159	+	4166518	4167159	32071060				2026-08-07.1
nalC_G71E	nalC	Pseudomonas_aeruginosa	efflux system transcriptional repressor NalC	core	AMR	POINT	BETA-LACTAM	CARBAPENEM	WP_003113837.1	NC_002516.2	No	AAG07108.1	AE004091.2	+	4166518	4167159	+	4166518	4167159	27060003				2026-08-07.1
nalC_G125D	nalC	Pseudomonas_aeruginosa	efflux system transcriptional repressor NalC	core	AMR	POINT	BETA-LACTAM	AZTREONAM	WP_003113837.1	NC_002516.2	No	AAG07108.1	AE004091.2	+	4166518	4167159	+	4166518	4167159	40067045				2026-08-07.1
nalC_S127P	nalC	Pseudomonas_aeruginosa	efflux system transcriptional repressor NalC	core	AMR	POINT	BETA-LACTAM	CARBAPENEM	WP_003113837.1	NC_002516.2	No	AAG07108.1	AE004091.2	+	4166518	4167159	+	4166518	4167159	15387820				2026-08-07.1
nalC_S209R	nalC	Pseudomonas_aeruginosa	efflux system transcriptional repressor NalC	core	AMR	POINT	BETA-LACTAM	CARBAPENEM	WP_003113837.1	NC_002516.2	No	AAG07108.1	AE004091.2	+	4166518	4167159	+	4166518	4167159	27060003				2026-08-07.1
nalD_T11N	nalD	Pseudomonas_aeruginosa	efflux system transcriptional repressor NalD	core	AMR	POINT	MULTIDRUG	AZTREONAM/CARBAPENEM/CHLORAMPHENICOL/TETRACYCLINE/VABORBACTAM	WP_003092152.1	NC_002516.2	No	AAG06962.1	AE004091.2	+	4006510	4007148	+	4006510	4007148	40067045				2026-08-07.1
nalD_G45D	nalD	Pseudomonas_aeruginosa	efflux system transcriptional repressor NalD	core	AMR	POINT	MULTIDRUG	AZTREONAM/CARBAPENEM/CHLORAMPHENICOL/TETRACYCLINE/VABORBACTAM	WP_003092152.1	NC_002516.2	No	AAG06962.1	AE004091.2	+	4006510	4007148	+	4006510	4007148	40067045				2026-08-07.1
nalD_Q114Ter	nalD	Pseudomonas_aeruginosa	efflux system transcriptional repressor NalD	core	AMR	POINT	MULTIDRUG	AZTREONAM/CARBAPENEM/CHLORAMPHENICOL/TETRACYCLINE/VABORBACTAM	WP_003092152.1	NC_002516.2	No	AAG06962.1	AE004091.2	+	4006510	4007148	+	4006510	4007148	37823665				2026-08-07.1
nalD_T158I	nalD	Pseudomonas_aeruginosa	efflux system transcriptional repressor NalD	core	AMR	POINT	MULTIDRUG	AZTREONAM/CARBAPENEM/CHLORAMPHENICOL/TETRACYCLINE/VABORBACTAM	WP_003092152.1	NC_002516.2	No	AAG06962.1	AE004091.2	+	4006510	4007148	+	4006510	4007148	27060003				2026-08-07.1
nalD_F198L	nalD	Pseudomonas_aeruginosa	efflux system transcriptional repressor NalD	core	AMR	POINT	MULTIDRUG	AZTREONAM/CARBAPENEM/CHLORAMPHENICOL/TETRACYCLINE/VABORBACTAM	WP_003092152.1	NC_002516.2	No	AAG06962.1	AE004091.2	+	4006510	4007148	+	4006510	4007148	31860667				2026-08-07.1
	nalD	Pseudomonas_aeruginosa	Pseudomonas aeruginosa efflux system transcriptional repressor NalD	core	AMR	POINT_DISRUPT	MULTIDRUG	AZTREONAM/CARBAPENEM/CHLORAMPHENICOL/TETRACYCLINE/VABORBACTAM	WP_003092152.1		No	AAG06962.1	AE004091.2	+	4006510	4007148				15855496,37823665			nalD	2026-08-07.1
nfxB_A38G	nfxB	Pseudomonas_aeruginosa	efflux pump transcriptional repressor NfxB	core	AMR	POINT	QUINOLONE	QUINOLONE	WP_003094842.1	NC_002516.2	No	AAG07988.1	AE004091.2	+	5155561	5156124	+	5155561	5156124	12727072				2026-08-07.1
nfxB_T39P	nfxB	Pseudomonas_aeruginosa	efflux pump transcriptional repressor NfxB	core	AMR	POINT	QUINOLONE	QUINOLONE	WP_003094842.1	NC_002516.2	No	AAG07988.1	AE004091.2	+	5155561	5156124	+	5155561	5156124	33875431				2026-08-07.1
nfxB_R42G	nfxB	Pseudomonas_aeruginosa	efflux pump transcriptional repressor NfxB	core	AMR	POINT	QUINOLONE	QUINOLONE	WP_003094842.1	NC_002516.2	No	AAG07988.1	AE004091.2	+	5155561	5156124	+	5155561	5156124	1330820				2026-08-07.1
nfxB_R42H	nfxB	Pseudomonas_aeruginosa	efflux pump transcriptional repressor NfxB	core	AMR	POINT	COLISTIN	COLISTIN	WP_003094842.1	NC_002516.2	No	AAG07988.1	AE004091.2	+	5155561	5156124	+	5155561	5156124	11158736				2026-08-07.1
	nfxB	Pseudomonas_aeruginosa	Pseudomonas aeruginosa efflux pump transcriptional repressor NfxB	core	AMR	POINT_DISRUPT	MULTIDRUG	CEFEPIME/CHLORAMPHENICOL/FLUOROQUINOLONE/MACROLIDE	WP_003094842.1		No	AAG07988.1	AE004091.2	+	5155561	5156124				18474583			nfxB	2026-08-07.1
oprD_W6Ter	oprD	Pseudomonas_aeruginosa	outer membrane porin OprD	core	AMR	POINT	BETA-LACTAM	CARBAPENEM	WP_003112576.1	NC_002516.2	No	AAG04347.1	AE004091.2	-	1043983	1045314	-	1043983	1045314	37823665				2026-08-07.1
oprD_L11P	oprD	Pseudomonas_aeruginosa	outer membrane porin OprD	core	AMR	POINT	BETA-LACTAM	CARBAPENEM	WP_003112576.1	NC_002516.2	No	AAG04347.1	AE004091.2	-	1043983	1045314	-	1043983	1045314	12534469				2026-08-07.1
oprD_E32Ter	oprD	Pseudomonas_aeruginosa	outer membrane porin OprD	core	AMR	POINT	BETA-LACTAM	CARBAPENEM	WP_003112576.1	NC_002516.2	No	AAG04347.1	AE004091.2	-	1043983	1045314	-	1043983	1045314	37823665				2026-08-07.1
oprD_D61TfsTer33	oprD	Pseudomonas_aeruginosa	outer membrane porin OprD	core	AMR	POINT	BETA-LACTAM	CARBAPENEM	WP_003112576.1	NC_002516.2	No	AAG04347.1	AE004091.2	-	1043983	1045314	-	1043983	1045314	41891864				2026-08-07.1
oprD_W65Ter	oprD	Pseudomonas_aeruginosa	outer membrane porin OprD	core	AMR	POINT	BETA-LACTAM	CARBAPENEM	WP_003112576.1	NC_002516.2	No	AAG04347.1	AE004091.2	-	1043983	1045314	-	1043983	1045314	35638817,37823665				2026-08-07.1
oprD_W138Ter	oprD	Pseudomonas_aeruginosa	outer membrane porin OprD	core	AMR	POINT	BETA-LACTAM	CARBAPENEM	WP_003112576.1	NC_002516.2	No	AAG04347.1	AE004091.2	-	1043983	1045314	-	1043983	1045314	27736752,37823665				2026-08-07.1
oprD_E140Ter	oprD	Pseudomonas_aeruginosa	outer membrane porin OprD	core	AMR	POINT	BETA-LACTAM	CARBAPENEM	WP_003112576.1	NC_002516.2	No	AAG04347.1	AE004091.2	-	1043983	1045314	-	1043983	1045314	37823665				2026-08-07.1
oprD_Q142Ter	oprD	Pseudomonas_aeruginosa	outer membrane porin OprD	core	AMR	POINT	BETA-LACTAM	CARBAPENEM	WP_003112576.1	NC_002516.2	No	AAG04347.1	AE004091.2	-	1043983	1045314	-	1043983	1045314	27736752,29681898,37823665				2026-08-07.1
oprD_Q158Ter	oprD	Pseudomonas_aeruginosa	outer membrane porin OprD	core	AMR	POINT	BETA-LACTAM	CARBAPENEM	WP_003112576.1	NC_002516.2	No	AAG04347.1	AE004091.2	-	1043983	1045314	-	1043983	1045314	37823665				2026-08-07.1
oprD_Q164Ter	oprD	Pseudomonas_aeruginosa	outer membrane porin OprD	core	AMR	POINT	BETA-LACTAM	CARBAPENEM	WP_003112576.1	NC_002516.2	No	AAG04347.1	AE004091.2	-	1043983	1045314	-	1043983	1045314	37823665				2026-08-07.1
oprD_E176Ter	oprD	Pseudomonas_aeruginosa	outer membrane porin OprD	core	AMR	POINT	BETA-LACTAM	CARBAPENEM	WP_003112576.1	NC_002516.2	No	AAG04347.1	AE004091.2	-	1043983	1045314	-	1043983	1045314	33775602				2026-08-07.1
oprD_E185Ter	oprD	Pseudomonas_aeruginosa	outer membrane porin OprD	core	AMR	POINT	BETA-LACTAM	CARBAPENEM	WP_003112576.1	NC_002516.2	No	AAG04347.1	AE004091.2	-	1043983	1045314	-	1043983	1045314	37823665				2026-08-07.1
oprD_Y196Ter	oprD	Pseudomonas_aeruginosa	outer membrane porin OprD	core	AMR	POINT	BETA-LACTAM	CARBAPENEM	WP_003112576.1	NC_002516.2	No	AAG04347.1	AE004091.2	-	1043983	1045314	-	1043983	1045314	37823665				2026-08-07.1
oprD_S223P	oprD	Pseudomonas_aeruginosa	outer membrane porin OprD	core	AMR	POINT	BETA-LACTAM	CARBAPENEM	WP_003112576.1	NC_002516.2	No	AAG04347.1	AE004091.2	-	1043983	1045314	-	1043983	1045314	31570397				2026-08-07.1
oprD_Q250Ter	oprD	Pseudomonas_aeruginosa	outer membrane porin OprD	core	AMR	POINT	BETA-LACTAM	CARBAPENEM	WP_003112576.1	NC_002516.2	No	AAG04347.1	AE004091.2	-	1043983	1045314	-	1043983	1045314	33775602				2026-08-07.1
oprD_S251Ter	oprD	Pseudomonas_aeruginosa	outer membrane porin OprD	core	AMR	POINT	BETA-LACTAM	CARBAPENEM	WP_003112576.1	NC_002516.2	No	AAG04347.1	AE004091.2	-	1043983	1045314	-	1043983	1045314	31570397,37823665				2026-08-07.1
oprD_E264Ter	oprD	Pseudomonas_aeruginosa	outer membrane porin OprD	core	AMR	POINT	BETA-LACTAM	CARBAPENEM	WP_003112576.1	NC_002516.2	No	AAG04347.1	AE004091.2	-	1043983	1045314	-	1043983	1045314	28717172				2026-08-07.1
oprD_W277Ter	oprD	Pseudomonas_aeruginosa	outer membrane porin OprD	core	AMR	POINT	BETA-LACTAM	CARBAPENEM	WP_003112576.1	NC_002516.2	No	AAG04347.1	AE004091.2	-	1043983	1045314	-	1043983	1045314	26729493,37823665				2026-08-07.1
oprD_S278P	oprD	Pseudomonas_aeruginosa	outer membrane porin OprD	core	AMR	POINT	BETA-LACTAM	CARBAPENEM	WP_003112576.1	NC_002516.2	No	AAG04347.1	AE004091.2	-	1043983	1045314	-	1043983	1045314	37823665				2026-08-07.1
oprD_Y283Ter	oprD	Pseudomonas_aeruginosa	outer membrane porin OprD	core	AMR	POINT	BETA-LACTAM	CARBAPENEM	WP_003112576.1	NC_002516.2	No	AAG04347.1	AE004091.2	-	1043983	1045314	-	1043983	1045314	35638817				2026-08-07.1
oprD_G307D	oprD	Pseudomonas_aeruginosa	outer membrane porin OprD	core	AMR	POINT	BETA-LACTAM	CARBAPENEM	WP_003112576.1	NC_002516.2	No	AAG04347.1	AE004091.2	-	1043983	1045314	-	1043983	1045314	40067045				2026-08-07.1
oprD_G317R	oprD	Pseudomonas_aeruginosa	outer membrane porin OprD	core	AMR	POINT	BETA-LACTAM	CARBAPENEM	WP_003112576.1	NC_002516.2	No	AAG04347.1	AE004091.2	-	1043983	1045314	-	1043983	1045314	31570397				2026-08-07.1
oprD_S319Ter	oprD	Pseudomonas_aeruginosa	outer membrane porin OprD	core	AMR	POINT	BETA-LACTAM	CARBAPENEM	WP_003112576.1	NC_002516.2	No	AAG04347.1	AE004091.2	-	1043983	1045314	-	1043983	1045314	33775602				2026-08-07.1
oprD_Q327Ter	oprD	Pseudomonas_aeruginosa	outer membrane porin OprD	core	AMR	POINT	BETA-LACTAM	CARBAPENEM	WP_003112576.1	NC_002516.2	No	AAG04347.1	AE004091.2	-	1043983	1045314	-	1043983	1045314	37823665				2026-08-07.1
oprD_P334S	oprD	Pseudomonas_aeruginosa	outer membrane porin OprD	core	AMR	POINT	BETA-LACTAM	CARBAPENEM	WP_003112576.1	NC_002516.2	No	AAG04347.1	AE004091.2	-	1043983	1045314	-	1043983	1045314	40067045				2026-08-07.1
oprD_W339Ter	oprD	Pseudomonas_aeruginosa	outer membrane porin OprD	core	AMR	POINT	BETA-LACTAM	CARBAPENEM	WP_003112576.1	NC_002516.2	No	AAG04347.1	AE004091.2	-	1043983	1045314	-	1043983	1045314	35638817,37823665				2026-08-07.1
oprD_Q340Ter	oprD	Pseudomonas_aeruginosa	outer membrane porin OprD	core	AMR	POINT	BETA-LACTAM	CARBAPENEM	WP_003112576.1	NC_002516.2	No	AAG04347.1	AE004091.2	-	1043983	1045314	-	1043983	1045314	40067045				2026-08-07.1
oprD_V359L	oprD	Pseudomonas_aeruginosa	outer membrane porin OprD	core	AMR	POINT	BETA-LACTAM	CARBAPENEM	WP_003112576.1	NC_002516.2	No	AAG04347.1	AE004091.2	-	1043983	1045314	-	1043983	1045314	37823665				2026-08-07.1
oprD_E386Ter	oprD	Pseudomonas_aeruginosa	outer membrane porin OprD	core	AMR	POINT	BETA-LACTAM	CARBAPENEM	WP_003112576.1	NC_002516.2	No	AAG04347.1	AE004091.2	-	1043983	1045314	-	1043983	1045314	37823665				2026-08-07.1
oprD_Q415Ter	oprD	Pseudomonas_aeruginosa	outer membrane porin OprD	core	AMR	POINT	BETA-LACTAM	CARBAPENEM	WP_003112576.1	NC_002516.2	No	AAG04347.1	AE004091.2	-	1043983	1045314	-	1043983	1045314	37823665				2026-08-07.1
oprD_W417Ter	oprD	Pseudomonas_aeruginosa	outer membrane porin OprD	core	AMR	POINT	BETA-LACTAM	CARBAPENEM	WP_003112576.1	NC_002516.2	No	AAG04347.1	AE004091.2	-	1043983	1045314	-	1043983	1045314	37823665				2026-08-07.1
oprD_Q424Ter	oprD	Pseudomonas_aeruginosa	outer membrane porin OprD	core	AMR	POINT	BETA-LACTAM	CARBAPENEM	WP_003112576.1	NC_002516.2	No	AAG04347.1	AE004091.2	-	1043983	1045314	-	1043983	1045314	37823665				2026-08-07.1
oprD_Q429Ter	oprD	Pseudomonas_aeruginosa	outer membrane porin OprD	core	AMR	POINT	BETA-LACTAM	CARBAPENEM	WP_003112576.1	NC_002516.2	No	AAG04347.1	AE004091.2	-	1043983	1045314	-	1043983	1045314	37823665				2026-08-07.1
	oprD	Pseudomonas_aeruginosa	Pseudomonas aeruginosa outer membrane porin OprD	core	AMR	POINT_DISRUPT	BETA-LACTAM	CARBAPENEM	WP_003112576.1		No	AAG04347.1	AE004091.2	-	1043983	1045314				40240992,37823665			oprD	2026-08-07.1
parC_S87L	parC	Pseudomonas_aeruginosa	DNA topoisomerase IV subunit A ParC	core	AMR	POINT	QUINOLONE	QUINOLONE	WP_003095687.1	NC_002516.2	No	AAG08349.1	AE004091.2	-	5572222	5574486	-	5572222	5574486	31685471				2026-08-07.1
parC_S87W	parC	Pseudomonas_aeruginosa	DNA topoisomerase IV subunit A ParC	core	AMR	POINT	QUINOLONE	QUINOLONE	WP_003095687.1	NC_002516.2	No	AAG08349.1	AE004091.2	-	5572222	5574486	-	5572222	5574486	29681898				2026-08-07.1
parE_M437I	parE	Pseudomonas_aeruginosa	DNA topoisomerase IV subunit B ParE	core	AMR	POINT	QUINOLONE	QUINOLONE	WP_003102062.1	NC_002516.2	No	AAG08352.1	AE004091.2	-	5576028	5577917	-	5576028	5577917	23274661				2026-08-07.1
parE_S457G	parE	Pseudomonas_aeruginosa	DNA topoisomerase IV subunit B ParE	core	AMR	POINT	QUINOLONE	QUINOLONE	WP_003102062.1	NC_002516.2	No	AAG08352.1	AE004091.2	-	5576028	5577917	-	5576028	5577917	29681898				2026-08-07.1
parE_S457T	parE	Pseudomonas_aeruginosa	DNA topoisomerase IV subunit B ParE	core	AMR	POINT	QUINOLONE	QUINOLONE	WP_003102062.1	NC_002516.2	No	AAG08352.1	AE004091.2	-	5576028	5577917	-	5576028	5577917	29681898				2026-08-07.1
parE_E459D	parE	Pseudomonas_aeruginosa	DNA topoisomerase IV subunit B ParE	core	AMR	POINT	QUINOLONE	QUINOLONE	WP_003102062.1	NC_002516.2	No	AAG08352.1	AE004091.2	-	5576028	5577917	-	5576028	5577917	29681898				2026-08-07.1
parE_E459L	parE	Pseudomonas_aeruginosa	DNA topoisomerase IV subunit B ParE	core	AMR	POINT	QUINOLONE	QUINOLONE	WP_003102062.1	NC_002516.2	No	AAG08352.1	AE004091.2	-	5576028	5577917	-	5576028	5577917	29681898				2026-08-07.1
parE_A473V	parE	Pseudomonas_aeruginosa	DNA topoisomerase IV subunit B ParE	core	AMR	POINT	QUINOLONE	QUINOLONE	WP_003102062.1	NC_002516.2	No	AAG08352.1	AE004091.2	-	5576028	5577917	-	5576028	5577917	23274661				2026-08-07.1
parR_M59I	parR	Pseudomonas_aeruginosa	two-component response regulator ParR	core	AMR	POINT	COLISTIN	COLISTIN	WP_003098126.1	NC_002516.2	No	AAG05188.1	AE004091.2	-	1951726	1952433	-	1951726	1952433	21149619				2026-08-07.1
parS_L14Q	parS	Pseudomonas_aeruginosa	sensor histidine kinase ParS	core	AMR	POINT	BETA-LACTAM	CARBAPENEM	WP_003113589.1	NC_002516.2	No	AAG05187.1	AE004091.2	-	1950439	1951725	-	1950439	1951725	21149619				2026-08-07.1
parS_V295L	parS	Pseudomonas_aeruginosa	sensor histidine kinase ParS	core	AMR	POINT	COLISTIN	COLISTIN	WP_003113589.1	NC_002516.2	No	AAG05187.1	AE004091.2	-	1950439	1951725	-	1950439	1951725	24994873				2026-08-07.1
parS_A296P	parS	Pseudomonas_aeruginosa	sensor histidine kinase ParS	core	AMR	POINT	COLISTIN	COLISTIN	WP_003113589.1	NC_002516.2	No	AAG05187.1	AE004091.2	-	1950439	1951725	-	1950439	1951725	24994873				2026-08-07.1
parS_G361R	parS	Pseudomonas_aeruginosa	sensor histidine kinase ParS	core	AMR	POINT	COLISTIN	COLISTIN	WP_003113589.1	NC_002516.2	No	AAG05187.1	AE004091.2	-	1950439	1951725	-	1950439	1951725	23997018				2026-08-07.1
pbpA_V516M	pbpA	Pseudomonas_aeruginosa	penicillin-binding protein PBP2	core	AMR	POINT	BETA-LACTAM	CEFEPIME-ZIDEBACTAM	WP_003093191.1	NC_002516.2	No	AAG07390.1	AE004091.2	-	4483396	4485336	-	4483396	4485336	35196805,42294650				2026-08-07.1
phoP_A110V	phoP	Pseudomonas_aeruginosa	two-component system response regulator PhoP	core	AMR	POINT	COLISTIN	COLISTIN	WP_003082436.1	NC_002516.2	No	AAG04568.1	AE004091.2	+	1277688	1278365	+	1277688	1278365	24412662				2026-08-07.1
phoP_R117L	phoP	Pseudomonas_aeruginosa	two-component system response regulator PhoP	core	AMR	POINT	COLISTIN	COLISTIN	WP_003082436.1	NC_002516.2	No	AAG04568.1	AE004091.2	+	1277688	1278365	+	1277688	1278365	24412662				2026-08-07.1
phoP_N188H	phoP	Pseudomonas_aeruginosa	two-component system response regulator PhoP	core	AMR	POINT	COLISTIN	COLISTIN	WP_003082436.1	NC_002516.2	No	AAG04568.1	AE004091.2	+	1277688	1278365	+	1277688	1278365	23997018,28392440				2026-08-07.1
phoP_N188Y	phoP	Pseudomonas_aeruginosa	two-component system response regulator PhoP	core	AMR	POINT	COLISTIN	COLISTIN	WP_003082436.1	NC_002516.2	No	AAG04568.1	AE004091.2	+	1277688	1278365	+	1277688	1278365	28392440				2026-08-07.1
phoQ_N104I	phoQ	Pseudomonas_aeruginosa	two-component system sensor histidine kinase PhoQ	core	AMR	POINT	COLISTIN	COLISTIN	WP_003082438.1	NC_002516.2	No	AAG04569.1	AE004091.2	+	1278362	1279708	+	1278362	1279708	21968359				2026-08-07.1
phoQ_K123Q	phoQ	Pseudomonas_aeruginosa	two-component system sensor histidine kinase PhoQ	core	AMR	POINT	COLISTIN	COLISTIN	WP_003082438.1	NC_002516.2	No	AAG04569.1	AE004091.2	+	1278362	1279708	+	1278362	1279708	24412662				2026-08-07.1
phoQ_V152Ter	phoQ	Pseudomonas_aeruginosa	two-component system sensor histidine kinase PhoQ	core	AMR	POINT	COLISTIN	COLISTIN	WP_003082438.1	NC_002516.2	No	AAG04569.1	AE004091.2	+	1278362	1279708	+	1278362	1279708	24349887				2026-08-07.1
phoQ_V260G	phoQ	Pseudomonas_aeruginosa	two-component system sensor histidine kinase PhoQ	core	AMR	POINT	COLISTIN	COLISTIN	WP_003082438.1	NC_002516.2	No	AAG04569.1	AE004091.2	+	1278362	1279708	+	1278362	1279708	24412662				2026-08-07.1
phoQ_LG364del	phoQ	Pseudomonas_aeruginosa	two-component system sensor histidine kinase PhoQ	core	AMR	POINT	COLISTIN	COLISTIN	WP_003082438.1	NC_002516.2	No	AAG04569.1	AE004091.2	+	1278362	1279708	+	1278362	1279708	21968359				2026-08-07.1
phoQ_I421Ter	phoQ	Pseudomonas_aeruginosa	two-component system sensor histidine kinase PhoQ	core	AMR	POINT	COLISTIN	COLISTIN	WP_003082438.1	NC_002516.2	No	AAG04569.1	AE004091.2	+	1278362	1279708	+	1278362	1279708	21968359				2026-08-07.1
phoQ_D433Ter	phoQ	Pseudomonas_aeruginosa	two-component system sensor histidine kinase PhoQ	core	AMR	POINT	COLISTIN	COLISTIN	WP_003082438.1	NC_002516.2	No	AAG04569.1	AE004091.2	+	1278362	1279708	+	1278362	1279708	21968359				2026-08-07.1
piuA_Q548Ter	piuA	Pseudomonas_aeruginosa	TonB-dependent siderophore receptor PiuA	core	AMR	POINT	BETA-LACTAM	CEFIDEROCOL/CEPHALOSPORIN	WP_003112850.1	NC_002516.2	No	AAG07902.1	AE004091.2	-	5053616	5055877	-	5053616	5055877	40067045				2026-08-07.1
piuD_G354V	piuD	Pseudomonas_aeruginosa	TonB-dependent siderophore receptor PiuD	core	AMR	POINT	BETA-LACTAM	CEFIDEROCOL	WP_003104896.1	NC_022808.2	No	AHA18359.1	CP004054.2	-	5265580	5267880	-	5265580	5267880	40067045				2026-08-07.1
piuD_Q604Ter	piuD	Pseudomonas_aeruginosa	TonB-dependent siderophore receptor PiuD	core	AMR	POINT	BETA-LACTAM	CEFIDEROCOL	WP_003104896.1	NC_022808.2	No	AHA18359.1	CP004054.2	-	5265580	5267880	-	5265580	5267880	40067045				2026-08-07.1
pmrA_L157Q	pmrA	Pseudomonas_aeruginosa	two-component system response regulator PmrA	core	AMR	POINT	COLISTIN	COLISTIN	WP_003102236.1	NC_002516.2	No	AAG08162.1	AE004091.2	+	5364071	5364736	+	5364071	5364736	24412662				2026-08-07.1
pmrB_V9A	pmrB	Pseudomonas_aeruginosa	two-component system sensor histidine kinase PmrB	core	AMR	POINT	COLISTIN	COLISTIN	WP_003112923.1	NC_002516.2	No	AAG08163.1	AE004091.2	+	5364760	5366193	+	5364760	5366193	28630206				2026-08-07.1
pmrB_L14P	pmrB	Pseudomonas_aeruginosa	two-component system sensor histidine kinase PmrB	core	AMR	POINT	COLISTIN	COLISTIN	WP_003112923.1	NC_002516.2	No	AAG08163.1	AE004091.2	+	5364760	5366193	+	5364760	5366193	22106224				2026-08-07.1
pmrB_V15I	pmrB	Pseudomonas_aeruginosa	two-component system sensor histidine kinase PmrB	core	AMR	POINT	COLISTIN	COLISTIN	WP_003112923.1	NC_002516.2	No	AAG08163.1	AE004091.2	+	5364760	5366193	+	5364760	5366193	24412662				2026-08-07.1
pmrB_L17Q	pmrB	Pseudomonas_aeruginosa	two-component system sensor histidine kinase PmrB	core	AMR	POINT	COLISTIN	COLISTIN	WP_003112923.1	NC_002516.2	No	AAG08163.1	AE004091.2	+	5364760	5366193	+	5364760	5366193	35184552				2026-08-07.1
pmrB_D47del	pmrB	Pseudomonas_aeruginosa	two-component system sensor histidine kinase PmrB	core	AMR	POINT	COLISTIN	COLISTIN	WP_003112923.1	NC_002516.2	No	AAG08163.1	AE004091.2	+	5364760	5366193	+	5364760	5366193	22106224				2026-08-07.1
pmrB_A54V	pmrB	Pseudomonas_aeruginosa	two-component system sensor histidine kinase PmrB	core	AMR	POINT	COLISTIN	COLISTIN	WP_003112923.1	NC_002516.2	No	AAG08163.1	AE004091.2	+	5364760	5366193	+	5364760	5366193	22106224				2026-08-07.1
pmrB_L167P	pmrB	Pseudomonas_aeruginosa	two-component system sensor histidine kinase PmrB	core	AMR	POINT	COLISTIN	COLISTIN	WP_003112923.1	NC_002516.2	No	AAG08163.1	AE004091.2	+	5364760	5366193	+	5364760	5366193	24412662				2026-08-07.1
pmrB_G188D	pmrB	Pseudomonas_aeruginosa	two-component system sensor histidine kinase PmrB	core	AMR	POINT	COLISTIN	COLISTIN	WP_003112923.1	NC_002516.2	No	AAG08163.1	AE004091.2	+	5364760	5366193	+	5364760	5366193	22106224				2026-08-07.1
pmrB_L243Q	pmrB	Pseudomonas_aeruginosa	two-component system sensor histidine kinase PmrB	core	AMR	POINT	COLISTIN	COLISTIN	WP_003112923.1	NC_002516.2	No	AAG08163.1	AE004091.2	+	5364760	5366193	+	5364760	5366193	22106224				2026-08-07.1
pmrB_A247T	pmrB	Pseudomonas_aeruginosa	two-component system sensor histidine kinase PmrB	core	AMR	POINT	COLISTIN	COLISTIN	WP_003112923.1	NC_002516.2	No	AAG08163.1	AE004091.2	+	5364760	5366193	+	5364760	5366193	22106224				2026-08-07.1
pmrB_A248T	pmrB	Pseudomonas_aeruginosa	two-component system sensor histidine kinase PmrB	core	AMR	POINT	COLISTIN	COLISTIN	WP_003112923.1	NC_002516.2	No	AAG08163.1	AE004091.2	+	5364760	5366193	+	5364760	5366193	22106224				2026-08-07.1
pmrB_A248V	pmrB	Pseudomonas_aeruginosa	two-component system sensor histidine kinase PmrB	core	AMR	POINT	COLISTIN	COLISTIN	WP_003112923.1	NC_002516.2	No	AAG08163.1	AE004091.2	+	5364760	5366193	+	5364760	5366193	22106224				2026-08-07.1
pmrB_T253M	pmrB	Pseudomonas_aeruginosa	two-component system sensor histidine kinase PmrB	core	AMR	POINT	COLISTIN	COLISTIN	WP_003112923.1	NC_002516.2	No	AAG08163.1	AE004091.2	+	5364760	5366193	+	5364760	5366193	22106224				2026-08-07.1
pmrB_S257D	pmrB	Pseudomonas_aeruginosa	two-component system sensor histidine kinase PmrB	core	AMR	POINT	COLISTIN	COLISTIN	WP_003112923.1	NC_002516.2	No	AAG08163.1	AE004091.2	+	5364760	5366193	+	5364760	5366193	22106224,35184552				2026-08-07.1
pmrB_S257N	pmrB	Pseudomonas_aeruginosa	two-component system sensor histidine kinase PmrB	core	AMR	POINT	COLISTIN	COLISTIN	WP_003112923.1	NC_002516.2	No	AAG08163.1	AE004091.2	+	5364760	5366193	+	5364760	5366193	22106224				2026-08-07.1
pmrB_R259H	pmrB	Pseudomonas_aeruginosa	two-component system sensor histidine kinase PmrB	core	AMR	POINT	COLISTIN	COLISTIN	WP_003112923.1	NC_002516.2	No	AAG08163.1	AE004091.2	+	5364760	5366193	+	5364760	5366193	22106224				2026-08-07.1
pmrB_V281I	pmrB	Pseudomonas_aeruginosa	two-component system sensor histidine kinase PmrB	core	AMR	POINT	COLISTIN	COLISTIN	WP_003112923.1	NC_002516.2	No	AAG08163.1	AE004091.2	+	5364760	5366193	+	5364760	5366193	23997018				2026-08-07.1
pmrB_M292T	pmrB	Pseudomonas_aeruginosa	two-component system sensor histidine kinase PmrB	core	AMR	POINT	COLISTIN	COLISTIN	WP_003112923.1	NC_002516.2	No	AAG08163.1	AE004091.2	+	5364760	5366193	+	5364760	5366193	19663916				2026-08-07.1
pmrB_H340R	pmrB	Pseudomonas_aeruginosa	two-component system sensor histidine kinase PmrB	core	AMR	POINT	COLISTIN	COLISTIN	WP_003112923.1	NC_002516.2	No	AAG08163.1	AE004091.2	+	5364760	5366193	+	5364760	5366193	24412662				2026-08-07.1
pmrB_T343A	pmrB	Pseudomonas_aeruginosa	two-component system sensor histidine kinase PmrB	core	AMR	POINT	COLISTIN	COLISTIN	WP_003112923.1	NC_002516.2	No	AAG08163.1	AE004091.2	+	5364760	5366193	+	5364760	5366193	24412662				2026-08-07.1
pmrB_P456S	pmrB	Pseudomonas_aeruginosa	two-component system sensor histidine kinase PmrB	core	AMR	POINT	COLISTIN	COLISTIN	WP_003112923.1	NC_002516.2	No	AAG08163.1	AE004091.2	+	5364760	5366193	+	5364760	5366193	22106224				2026-08-07.1
rplB_G138D	rplB	Pseudomonas_aeruginosa	50S ribosomal protein L2 RplB	core	AMR	POINT	AMINOGLYCOSIDE	TOBRAMYCIN	WP_003103878.1	NC_002516.2	No	AAG07648.1	AE004091.2	-	4764880	4765701	-	4764880	4765701	27139485				2026-08-07.1
rplB_G138L	rplB	Pseudomonas_aeruginosa	50S ribosomal protein L2 RplB	core	AMR	POINT	AMINOGLYCOSIDE	AMIKACIN	WP_003103878.1	NC_002516.2	No	AAG07648.1	AE004091.2	-	4764880	4765701	-	4764880	4765701	32660986				2026-08-07.1
acrB_Q176K	acrB	Salmonella	multidrug efflux RND transporter permease subunit AcrB	core	AMR	POINT	BETA-LACTAM	CEPHALOSPORIN	WP_001132507.1	NZ_CP012091.1	No	ALG17083.1	CP012091.1	+	1465294	1468443	+	1465294	1468443	38686215				2026-08-07.1
acrB_G288D	acrB	Salmonella	multidrug efflux RND transporter permease subunit AcrB	core	AMR	POINT	QUINOLONE	QUINOLONE	WP_001132507.1	NZ_CP012091.1	No	ALG17083.1	CP012091.1	+	1465294	1468443	+	1465294	1468443	25737552				2026-08-07.1
acrB_R717L	acrB	Salmonella	multidrug efflux RND transporter permease subunit AcrB	core	AMR	POINT	MACROLIDE	AZITHROMYCIN	WP_001132507.1	NZ_CP012091.1	No	ALG17083.1	CP012091.1	+	1465294	1468443	+	1465294	1468443	31730615				2026-08-07.1
acrB_R717Q	acrB	Salmonella	multidrug efflux RND transporter permease subunit AcrB	core	AMR	POINT	MACROLIDE	AZITHROMYCIN	WP_001132507.1	NZ_CP012091.1	No	ALG17083.1	CP012091.1	+	1465294	1468443	+	1465294	1468443	31730615				2026-08-07.1
folP_F28I	folP	Salmonella	dihydropteroate synthase FolP	core	AMR	POINT	SULFONAMIDE	SULFONAMIDE	WP_000764713.1	NC_011274.1	No	CAR38983.1	AM933173.1	-	3322724	3323572	-	3322724	3323572	37906281				2026-08-07.1
folP_F28L	folP	Salmonella	dihydropteroate synthase FolP	core	AMR	POINT	SULFONAMIDE	SULFONAMIDE	WP_000764713.1	NC_011274.1	No	CAR38983.1	AM933173.1	-	3322724	3323572	-	3322724	3323572	37906281				2026-08-07.1
folP_R171P	folP	Salmonella	dihydropteroate synthase FolP	core	AMR	POINT	SULFONAMIDE	SULFONAMIDE	WP_000764713.1	NC_011274.1	No	CAR38983.1	AM933173.1	-	3322724	3323572	-	3322724	3323572	37906281				2026-08-07.1
gyrA_A67P	gyrA	Salmonella	DNA gyrase subunit A GyrA	core	AMR	POINT	QUINOLONE	QUINOLONE	WP_001281271.1		No	EAB4993534.1	AAAEUU010000006.1	+	382271	384907				15848289				2026-08-07.1
gyrA_D72G	gyrA	Salmonella	DNA gyrase subunit A GyrA	core	AMR	POINT	QUINOLONE	QUINOLONE	WP_001281271.1		No	EAB4993534.1	AAAEUU010000006.1	+	382271	384907				15848289				2026-08-07.1
gyrA_V73I	gyrA	Salmonella	DNA gyrase subunit A GyrA	core	AMR	POINT	QUINOLONE	QUINOLONE	WP_001281271.1		No	EAB4993534.1	AAAEUU010000006.1	+	382271	384907				15848289				2026-08-07.1
gyrA_G81C	gyrA	Salmonella	DNA gyrase subunit A GyrA	core	AMR	POINT	QUINOLONE	QUINOLONE	WP_001281271.1		No	EAB4993534.1	AAAEUU010000006.1	+	382271	384907				15848289				2026-08-07.1
gyrA_G81D	gyrA	Salmonella	DNA gyrase subunit A GyrA	core	AMR	POINT	QUINOLONE	QUINOLONE	WP_001281271.1		No	EAB4993534.1	AAAEUU010000006.1	+	382271	384907				15848289				2026-08-07.1
gyrA_G81H	gyrA	Salmonella	DNA gyrase subunit A GyrA	core	AMR	POINT	QUINOLONE	QUINOLONE	WP_001281271.1		No	EAB4993534.1	AAAEUU010000006.1	+	382271	384907				15848289				2026-08-07.1
gyrA_G81S	gyrA	Salmonella	DNA gyrase subunit A GyrA	core	AMR	POINT	QUINOLONE	QUINOLONE	WP_001281271.1		No	EAB4993534.1	AAAEUU010000006.1	+	382271	384907				15848289				2026-08-07.1
gyrA_D82G	gyrA	Salmonella	DNA gyrase subunit A GyrA	core	AMR	POINT	QUINOLONE	QUINOLONE	WP_001281271.1		No	EAB4993534.1	AAAEUU010000006.1	+	382271	384907				15848289				2026-08-07.1
gyrA_D82N	gyrA	Salmonella	DNA gyrase subunit A GyrA	core	AMR	POINT	QUINOLONE	QUINOLONE	WP_001281271.1		No	EAB4993534.1	AAAEUU010000006.1	+	382271	384907				15848289				2026-08-07.1
gyrA_S83A	gyrA	Salmonella	DNA gyrase subunit A GyrA	core	AMR	POINT	QUINOLONE	QUINOLONE	WP_001281271.1		No	EAB4993534.1	AAAEUU010000006.1	+	382271	384907				15848289				2026-08-07.1
gyrA_S83F	gyrA	Salmonella	DNA gyrase subunit A GyrA	core	AMR	POINT	QUINOLONE/TRICLOSAN	QUINOLONE/TRICLOSAN	WP_001281271.1		No	EAB4993534.1	AAAEUU010000006.1	+	382271	384907				15848289				2026-08-07.1
gyrA_S83I	gyrA	Salmonella	DNA gyrase subunit A GyrA	core	AMR	POINT	QUINOLONE	QUINOLONE	WP_001281271.1		No	EAB4993534.1	AAAEUU010000006.1	+	382271	384907				33877914				2026-08-07.1
gyrA_S83Y	gyrA	Salmonella	DNA gyrase subunit A GyrA	core	AMR	POINT	QUINOLONE	QUINOLONE	WP_001281271.1		No	EAB4993534.1	AAAEUU010000006.1	+	382271	384907				15848289				2026-08-07.1
gyrA_D87G	gyrA	Salmonella	DNA gyrase subunit A GyrA	core	AMR	POINT	QUINOLONE/TRICLOSAN	QUINOLONE/TRICLOSAN	WP_001281271.1		No	EAB4993534.1	AAAEUU010000006.1	+	382271	384907				15848289				2026-08-07.1
gyrA_D87K	gyrA	Salmonella	DNA gyrase subunit A GyrA	core	AMR	POINT	QUINOLONE	QUINOLONE	WP_001281271.1		No	EAB4993534.1	AAAEUU010000006.1	+	382271	384907				15848289				2026-08-07.1
gyrA_D87N	gyrA	Salmonella	DNA gyrase subunit A GyrA	core	AMR	POINT	QUINOLONE	QUINOLONE	WP_001281271.1		No	EAB4993534.1	AAAEUU010000006.1	+	382271	384907				15848289				2026-08-07.1
gyrA_D87Y	gyrA	Salmonella	DNA gyrase subunit A GyrA	core	AMR	POINT	QUINOLONE	QUINOLONE	WP_001281271.1		No	EAB4993534.1	AAAEUU010000006.1	+	382271	384907				15848289				2026-08-07.1
gyrA_S97P	gyrA	Salmonella	DNA gyrase subunit A GyrA	core	AMR	POINT	QUINOLONE	QUINOLONE	WP_001281271.1		No	EAB4993534.1	AAAEUU010000006.1	+	382271	384907				27559761,29091182				2026-08-07.1
gyrA_L98V	gyrA	Salmonella	DNA gyrase subunit A GyrA	core	AMR	POINT	QUINOLONE	QUINOLONE	WP_001281271.1		No	EAB4993534.1	AAAEUU010000006.1	+	382271	384907				15848289				2026-08-07.1
gyrA_A119E	gyrA	Salmonella	DNA gyrase subunit A GyrA	core	AMR	POINT	QUINOLONE	QUINOLONE	WP_001281271.1		No	EAB4993534.1	AAAEUU010000006.1	+	382271	384907				15848289				2026-08-07.1
gyrA_A119S	gyrA	Salmonella	DNA gyrase subunit A GyrA	core	AMR	POINT	QUINOLONE	QUINOLONE	WP_001281271.1		No	EAB4993534.1	AAAEUU010000006.1	+	382271	384907				15848289				2026-08-07.1
gyrA_A119V	gyrA	Salmonella	DNA gyrase subunit A GyrA	core	AMR	POINT	QUINOLONE	QUINOLONE	WP_001281271.1		No	EAB4993534.1	AAAEUU010000006.1	+	382271	384907				15848289				2026-08-07.1
gyrA_A131G	gyrA	Salmonella	DNA gyrase subunit A GyrA	core	AMR	POINT	QUINOLONE	QUINOLONE	WP_001281271.1		No	EAB4993534.1	AAAEUU010000006.1	+	382271	384907				15848289				2026-08-07.1
gyrA_E139A	gyrA	Salmonella	DNA gyrase subunit A GyrA	core	AMR	POINT	QUINOLONE	QUINOLONE	WP_001281271.1		No	EAB4993534.1	AAAEUU010000006.1	+	382271	384907				15848289				2026-08-07.1
gyrB_Y421C	gyrB	Salmonella	DNA topoisomerase (ATP-hydrolyzing) subunit B GyrB	core	AMR	POINT	QUINOLONE	QUINOLONE	WP_000072047.1	NZ_CP007280.2	No	AHP21689.1	CP007280.2	-	3913510	3915924	-	3913510	3915924	15848289				2026-08-07.1
gyrB_R438L	gyrB	Salmonella	DNA topoisomerase (ATP-hydrolyzing) subunit B GyrB	core	AMR	POINT	QUINOLONE	QUINOLONE	WP_000072047.1	NZ_CP007280.2	No	AHP21689.1	CP007280.2	-	3913510	3915924	-	3913510	3915924	15848289				2026-08-07.1
gyrB_S464F	gyrB	Salmonella	DNA topoisomerase (ATP-hydrolyzing) subunit B GyrB	core	AMR	POINT	QUINOLONE	QUINOLONE	WP_000072047.1	NZ_CP007280.2	No	AHP21689.1	CP007280.2	-	3913510	3915924	-	3913510	3915924	12760900,14718091				2026-08-07.1
gyrB_S464T	gyrB	Salmonella	DNA topoisomerase (ATP-hydrolyzing) subunit B GyrB	core	AMR	POINT	QUINOLONE	QUINOLONE	WP_000072047.1	NZ_CP007280.2	No	AHP21689.1	CP007280.2	-	3913510	3915924	-	3913510	3915924	7590165				2026-08-07.1
gyrB_S464Y	gyrB	Salmonella	DNA topoisomerase (ATP-hydrolyzing) subunit B GyrB	core	AMR	POINT	QUINOLONE	QUINOLONE	WP_000072047.1	NZ_CP007280.2	No	AHP21689.1	CP007280.2	-	3913510	3915924	-	3913510	3915924	7590165,12705680				2026-08-07.1
gyrB_E466D	gyrB	Salmonella	DNA topoisomerase (ATP-hydrolyzing) subunit B GyrB	core	AMR	POINT	QUINOLONE	QUINOLONE	WP_000072047.1	NZ_CP007280.2	No	AHP21689.1	CP007280.2	-	3913510	3915924	-	3913510	3915924	19104017				2026-08-07.1
parC_T66I	parC	Salmonella	DNA topoisomerase IV subunit A ParC	core	AMR	POINT	QUINOLONE	QUINOLONE	WP_001281910.1		No	EAW2725281.1	AAEAUZ010000002.1	+	221630	223888				15848289				2026-08-07.1
parC_G78D	parC	Salmonella	DNA topoisomerase IV subunit A ParC	core	AMR	POINT	QUINOLONE	QUINOLONE	WP_001281910.1		No	EAW2725281.1	AAEAUZ010000002.1	+	221630	223888				15848289				2026-08-07.1
parC_S80I	parC	Salmonella	DNA topoisomerase IV subunit A ParC	core	AMR	POINT	QUINOLONE	QUINOLONE	WP_001281910.1		No	EAW2725281.1	AAEAUZ010000002.1	+	221630	223888				15848289				2026-08-07.1
parC_S80R	parC	Salmonella	DNA topoisomerase IV subunit A ParC	core	AMR	POINT	QUINOLONE	QUINOLONE	WP_001281910.1		No	EAW2725281.1	AAEAUZ010000002.1	+	221630	223888				15848289				2026-08-07.1
parC_E84G	parC	Salmonella	DNA topoisomerase IV subunit A ParC	core	AMR	POINT	QUINOLONE	QUINOLONE	WP_001281910.1		No	EAW2725281.1	AAEAUZ010000002.1	+	221630	223888				15848289				2026-08-07.1
parC_E84K	parC	Salmonella	DNA topoisomerase IV subunit A ParC	core	AMR	POINT	QUINOLONE	QUINOLONE	WP_001281910.1		No	EAW2725281.1	AAEAUZ010000002.1	+	221630	223888				15848289				2026-08-07.1
parC_W106G	parC	Salmonella	DNA topoisomerase IV subunit A ParC	core	AMR	POINT	QUINOLONE	QUINOLONE	WP_001281910.1		No	EAW2725281.1	AAEAUZ010000002.1	+	221630	223888				27630841				2026-08-07.1
parE_M438I	parE	Salmonella	DNA topoisomerase IV subunit B ParE	core	AMR	POINT	QUINOLONE	QUINOLONE	WP_000195318.1	NZ_CP024168.1	No	ATQ05934.1	CP024168.1	+	710860	712752	+	710860	712752	26683630				2026-08-07.1
parE_E454G	parE	Salmonella	DNA topoisomerase IV subunit B ParE	core	AMR	POINT	QUINOLONE	QUINOLONE	WP_000195318.1	NZ_CP024168.1	No	ATQ05934.1	CP024168.1	+	710860	712752	+	710860	712752	15848289				2026-08-07.1
parE_S458P	parE	Salmonella	DNA topoisomerase IV subunit B ParE	core	AMR	POINT	QUINOLONE	QUINOLONE	WP_000195318.1	NZ_CP024168.1	No	ATQ05934.1	CP024168.1	+	710860	712752	+	710860	712752	15848289				2026-08-07.1
parE_V461G	parE	Salmonella	DNA topoisomerase IV subunit B ParE	core	AMR	POINT	QUINOLONE	QUINOLONE	WP_000195318.1	NZ_CP024168.1	No	ATQ05934.1	CP024168.1	+	710860	712752	+	710860	712752	19104017				2026-08-07.1
parE_H462Y	parE	Salmonella	DNA topoisomerase IV subunit B ParE	core	AMR	POINT	QUINOLONE	QUINOLONE	WP_000195318.1	NZ_CP024168.1	No	ATQ05934.1	CP024168.1	+	710860	712752	+	710860	712752	15848289				2026-08-07.1
parE_A499T	parE	Salmonella	DNA topoisomerase IV subunit B ParE	core	AMR	POINT	QUINOLONE	QUINOLONE	WP_000195318.1	NZ_CP024168.1	No	ATQ05934.1	CP024168.1	+	710860	712752	+	710860	712752	15848289				2026-08-07.1
parE_V514G	parE	Salmonella	DNA topoisomerase IV subunit B ParE	core	AMR	POINT	QUINOLONE	QUINOLONE	WP_000195318.1	NZ_CP024168.1	No	ATQ05934.1	CP024168.1	+	710860	712752	+	710860	712752	15848289				2026-08-07.1
parE_V521F	parE	Salmonella	DNA topoisomerase IV subunit B ParE	core	AMR	POINT	QUINOLONE	QUINOLONE	WP_000195318.1	NZ_CP024168.1	No	ATQ05934.1	CP024168.1	+	710860	712752	+	710860	712752	26683630				2026-08-07.1
pmrA_G15R	pmrA	Salmonella	two-component system response regulator PmrA	core	AMR	POINT	COLISTIN	COLISTIN	WP_000697899.1		No	EAB2345955.1	AAADZC010000031.1	-	31547	32215				25505462				2026-08-07.1
pmrA_G53E	pmrA	Salmonella	two-component system response regulator PmrA	core	AMR	POINT	COLISTIN	COLISTIN	WP_000697899.1		No	EAB2345955.1	AAADZC010000031.1	-	31547	32215				25505462				2026-08-07.1
pmrA_G53R	pmrA	Salmonella	two-component system response regulator PmrA	core	AMR	POINT	COLISTIN	COLISTIN	WP_000697899.1		No	EAB2345955.1	AAADZC010000031.1	-	31547	32215				25505462				2026-08-07.1
pmrA_R81C	pmrA	Salmonella	two-component system response regulator PmrA	core	AMR	POINT	COLISTIN	COLISTIN	WP_000697899.1		No	EAB2345955.1	AAADZC010000031.1	-	31547	32215				25505462				2026-08-07.1
pmrA_R81H	pmrA	Salmonella	two-component system response regulator PmrA	core	AMR	POINT	COLISTIN	COLISTIN	WP_000697899.1		No	EAB2345955.1	AAADZC010000031.1	-	31547	32215				25505462				2026-08-07.1
pmrB_RQRL11del	pmrB	Salmonella	two-component system sensor histidine kinase PmrB	core	AMR	POINT	COLISTIN	COLISTIN	WP_001212189.1		No	EAM5131532.1	AACVDW010000008.1	+	161283	162353				25769786				2026-08-07.1
pmrB_L14F	pmrB	Salmonella	two-component system sensor histidine kinase PmrB	core	AMR	POINT	COLISTIN	COLISTIN	WP_001212189.1		No	EAM5131532.1	AACVDW010000008.1	+	161283	162353				25505462				2026-08-07.1
pmrB_L14S	pmrB	Salmonella	two-component system sensor histidine kinase PmrB	core	AMR	POINT	COLISTIN	COLISTIN	WP_001212189.1		No	EAM5131532.1	AACVDW010000008.1	+	161283	162353				25505462				2026-08-07.1
pmrB_L22P	pmrB	Salmonella	two-component system sensor histidine kinase PmrB	core	AMR	POINT	COLISTIN	COLISTIN	WP_001212189.1		No	EAM5131532.1	AACVDW010000008.1	+	161283	162353				25505462				2026-08-07.1
pmrB_S29R	pmrB	Salmonella	two-component system sensor histidine kinase PmrB	core	AMR	POINT	COLISTIN	COLISTIN	WP_001212189.1		No	EAM5131532.1	AACVDW010000008.1	+	161283	162353				25505462				2026-08-07.1
pmrB_R89P	pmrB	Salmonella	two-component system sensor histidine kinase PmrB	core	AMR	POINT	COLISTIN	COLISTIN	WP_001212189.1		No	EAM5131532.1	AACVDW010000008.1	+	161283	162353				33321688				2026-08-07.1
pmrB_T92A	pmrB	Salmonella	two-component system sensor histidine kinase PmrB	core	AMR	POINT	COLISTIN	COLISTIN	WP_001212189.1		No	EAM5131532.1	AACVDW010000008.1	+	161283	162353				25505462				2026-08-07.1
pmrB_P94Q	pmrB	Salmonella	two-component system sensor histidine kinase PmrB	core	AMR	POINT	COLISTIN	COLISTIN	WP_001212189.1		No	EAM5131532.1	AACVDW010000008.1	+	161283	162353				25505462				2026-08-07.1
pmrB_E121A	pmrB	Salmonella	two-component system sensor histidine kinase PmrB	core	AMR	POINT	COLISTIN	COLISTIN	WP_001212189.1		No	EAM5131532.1	AACVDW010000008.1	+	161283	162353				25505462				2026-08-07.1
pmrB_S124P	pmrB	Salmonella	two-component system sensor histidine kinase PmrB	core	AMR	POINT	COLISTIN	COLISTIN	WP_001212189.1		No	EAM5131532.1	AACVDW010000008.1	+	161283	162353				25505462				2026-08-07.1
pmrB_N130Y	pmrB	Salmonella	two-component system sensor histidine kinase PmrB	core	AMR	POINT	COLISTIN	COLISTIN	WP_001212189.1		No	EAM5131532.1	AACVDW010000008.1	+	161283	162353				25505462				2026-08-07.1
pmrB_T147P	pmrB	Salmonella	two-component system sensor histidine kinase PmrB	core	AMR	POINT	COLISTIN	COLISTIN	WP_001212189.1		No	EAM5131532.1	AACVDW010000008.1	+	161283	162353				25505462				2026-08-07.1
pmrB_T147S	pmrB	Salmonella	two-component system sensor histidine kinase PmrB	core	AMR	POINT	COLISTIN	COLISTIN	WP_001212189.1		No	EAM5131532.1	AACVDW010000008.1	+	161283	162353				40391708				2026-08-07.1
pmrB_R155P	pmrB	Salmonella	two-component system sensor histidine kinase PmrB	core	AMR	POINT	COLISTIN	COLISTIN	WP_001212189.1		No	EAM5131532.1	AACVDW010000008.1	+	161283	162353				25505462				2026-08-07.1
pmrB_T156M	pmrB	Salmonella	two-component system sensor histidine kinase PmrB	core	AMR	POINT	COLISTIN	COLISTIN	WP_001212189.1		No	EAM5131532.1	AACVDW010000008.1	+	161283	162353				25505462				2026-08-07.1
pmrB_T156P	pmrB	Salmonella	two-component system sensor histidine kinase PmrB	core	AMR	POINT	COLISTIN	COLISTIN	WP_001212189.1		No	EAM5131532.1	AACVDW010000008.1	+	161283	162353				25505462				2026-08-07.1
pmrB_V161G	pmrB	Salmonella	two-component system sensor histidine kinase PmrB	core	AMR	POINT	COLISTIN	COLISTIN	WP_001212189.1		No	EAM5131532.1	AACVDW010000008.1	+	161283	162353				25505462				2026-08-07.1
pmrB_V161L	pmrB	Salmonella	two-component system sensor histidine kinase PmrB	core	AMR	POINT	COLISTIN	COLISTIN	WP_001212189.1		No	EAM5131532.1	AACVDW010000008.1	+	161283	162353				33321688				2026-08-07.1
pmrB_V161M	pmrB	Salmonella	two-component system sensor histidine kinase PmrB	core	AMR	POINT	COLISTIN	COLISTIN	WP_001212189.1		No	EAM5131532.1	AACVDW010000008.1	+	161283	162353				33321688				2026-08-07.1
pmrB_E166K	pmrB	Salmonella	two-component system sensor histidine kinase PmrB	core	AMR	POINT	COLISTIN	COLISTIN	WP_001212189.1		No	EAM5131532.1	AACVDW010000008.1	+	161283	162353				25505462				2026-08-07.1
pmrB_M186I	pmrB	Salmonella	two-component system sensor histidine kinase PmrB	core	AMR	POINT	COLISTIN	COLISTIN	WP_001212189.1		No	EAM5131532.1	AACVDW010000008.1	+	161283	162353				25505462				2026-08-07.1
pmrB_F203S	pmrB	Salmonella	two-component system sensor histidine kinase PmrB	core	AMR	POINT	COLISTIN	COLISTIN	WP_001212189.1		No	EAM5131532.1	AACVDW010000008.1	+	161283	162353				40391708				2026-08-07.1
pmrB_G206E	pmrB	Salmonella	two-component system sensor histidine kinase PmrB	core	AMR	POINT	COLISTIN	COLISTIN	WP_001212189.1		No	EAM5131532.1	AACVDW010000008.1	+	161283	162353				40391708				2026-08-07.1
pmrB_G206R	pmrB	Salmonella	two-component system sensor histidine kinase PmrB	core	AMR	POINT	COLISTIN	COLISTIN	WP_001212189.1		No	EAM5131532.1	AACVDW010000008.1	+	161283	162353				25505462				2026-08-07.1
pmrB_G206W	pmrB	Salmonella	two-component system sensor histidine kinase PmrB	core	AMR	POINT	COLISTIN	COLISTIN	WP_001212189.1		No	EAM5131532.1	AACVDW010000008.1	+	161283	162353				25505462				2026-08-07.1
pmrB_D250Y	pmrB	Salmonella	two-component system sensor histidine kinase PmrB	core	AMR	POINT	COLISTIN	COLISTIN	WP_001212189.1		No	EAM5131532.1	AACVDW010000008.1	+	161283	162353				40391708				2026-08-07.1
pmrB_S305R	pmrB	Salmonella	two-component system sensor histidine kinase PmrB	core	AMR	POINT	COLISTIN	COLISTIN	WP_001212189.1		No	EAM5131532.1	AACVDW010000008.1	+	161283	162353				25505462				2026-08-07.1
ramR_T18P	ramR	Salmonella	TetR/AcrR family transcriptional regulator RamR	core	AMR	POINT	MULTIDRUG	AMPICILLIN/CHLORAMPHENICOL/FLUOROQUINOLONE/RIFAMPIN/TETRACYCLINE	WP_000113609.1	NC_011149.1	No	ACH50230.1	CP001138.1	-	613436	614017	-	613436	614017	18443112				2026-08-07.1
ramR_G25A	ramR	Salmonella	TetR/AcrR family transcriptional regulator RamR	core	AMR	POINT	MULTIDRUG	AMPICILLIN/CHLORAMPHENICOL/FLUOROQUINOLONE/RIFAMPIN/TETRACYCLINE	WP_000113609.1	NC_011149.1	No	ACH50230.1	CP001138.1	-	613436	614017	-	613436	614017					2026-08-07.1
ramR_R46P	ramR	Salmonella	TetR/AcrR family transcriptional regulator RamR	core	AMR	POINT	MULTIDRUG	AMPICILLIN/CHLORAMPHENICOL/FLUOROQUINOLONE/RIFAMPIN/TETRACYCLINE	WP_000113609.1	NC_011149.1	No	ACH50230.1	CP001138.1	-	613436	614017	-	613436	614017	19778917				2026-08-07.1
ramR_T50P	ramR	Salmonella	TetR/AcrR family transcriptional regulator RamR	core	AMR	POINT	MULTIDRUG	AMPICILLIN/CHLORAMPHENICOL/FLUOROQUINOLONE/RIFAMPIN/TETRACYCLINE	WP_000113609.1	NC_011149.1	No	ACH50230.1	CP001138.1	-	613436	614017	-	613436	614017					2026-08-07.1
ramR_Y59H	ramR	Salmonella	TetR/AcrR family transcriptional regulator RamR	core	AMR	POINT	MULTIDRUG	AMPICILLIN/CHLORAMPHENICOL/FLUOROQUINOLONE/RIFAMPIN/TETRACYCLINE	WP_000113609.1	NC_011149.1	No	ACH50230.1	CP001138.1	-	613436	614017	-	613436	614017	18443112				2026-08-07.1
ramR_M84I	ramR	Salmonella	TetR/AcrR family transcriptional regulator RamR	core	AMR	POINT	MULTIDRUG	AMPICILLIN/CHLORAMPHENICOL/FLUOROQUINOLONE/RIFAMPIN/TETRACYCLINE	WP_000113609.1	NC_011149.1	No	ACH50230.1	CP001138.1	-	613436	614017	-	613436	614017	18443112				2026-08-07.1
ramR_E160D	ramR	Salmonella	TetR/AcrR family transcriptional regulator RamR	core	AMR	POINT	MULTIDRUG	AMPICILLIN/CHLORAMPHENICOL/FLUOROQUINOLONE/RIFAMPIN/TETRACYCLINE	WP_000113609.1	NC_011149.1	No	ACH50230.1	CP001138.1	-	613436	614017	-	613436	614017					2026-08-07.1
	ramR	Salmonella	Salmonella TetR/AcrR family transcriptional regulator RamR	core	AMR	POINT_DISRUPT	MULTIDRUG	AMPICILLIN/CHLORAMPHENICOL/FLUOROQUINOLONE/RIFAMPIN/TETRACYCLINE	WP_000113609.1		No	ACH50230.1	CP001138.1	-	613436	614017							ramR	2026-08-07.1
soxR_R20H	soxR	Salmonella	redox-sensitive transcriptional activator SoxR	core	AMR	POINT	MULTIDRUG	AMPICILLIN/CHLORAMPHENICOL/QUINOLONE/RIFAMPIN/TETRACYCLINE	WP_000412686.1	NC_003198.1	No	CAD09250.1	AL513382.1	+	4349505	4349963	+	4349505	4349963					2026-08-07.1
soxR_G121D	soxR	Salmonella	redox-sensitive transcriptional activator SoxR	core	AMR	POINT	MULTIDRUG	AMPICILLIN/CHLORAMPHENICOL/QUINOLONE/RIFAMPIN/TETRACYCLINE	WP_000412686.1	NC_003198.1	No	CAD09250.1	AL513382.1	+	4349505	4349963	+	4349505	4349963					2026-08-07.1
soxS_E52K	soxS	Salmonella	regulatory protein SoxS	core	AMR	POINT	MULTIDRUG	AMPICILLIN/CHLORAMPHENICOL/QUINOLONE/RIFAMPIN/TETRACYCLINE	WP_000019483.1	NC_003197.2	No	AAL23089.1	AE006468.2	-	4503986	4504309	-	4503986	4504309					2026-08-07.1
gyrA_S83I	gyrA	Serratia_marcescens	DNA gyrase subunit A GyrA	core	AMR	POINT	QUINOLONE	QUINOLONE	WP_028127742.1	NZ_CP072199.1	No	QTI64277.1	CP072199.1	-	18836	21478	-	18836	21478	9756773				2026-08-07.1
gyrA_S83R	gyrA	Serratia_marcescens	DNA gyrase subunit A GyrA	core	AMR	POINT	QUINOLONE	QUINOLONE	WP_028127742.1	NZ_CP072199.1	No	QTI64277.1	CP072199.1	-	18836	21478	-	18836	21478	9756773				2026-08-07.1
gyrA_D87N	gyrA	Serratia_marcescens	DNA gyrase subunit A GyrA	core	AMR	POINT	QUINOLONE	QUINOLONE	WP_028127742.1	NZ_CP072199.1	No	QTI64277.1	CP072199.1	-	18836	21478	-	18836	21478	9756773				2026-08-07.1
acrB_I960V	acrB	Staphylococcus_aureus	multidrug efflux RND transporter permease subunit AcrB	core	AMR	POINT	BETA-LACTAM	CEPHALOSPORIN	WP_000592303.1	NC_002951.2	No	AAW37125.1	CP000046.1	-	2316497	2319664	-	2316497	2319664	20805396				2026-08-07.1
cls_A23V	cls	Staphylococcus_aureus	cardiolipin synthase Cls	core	AMR	POINT	LIPOPEPTIDE	DAPTOMYCIN	WP_000571549.1	NC_007795.1	No	ABD31357.1	CP000253.1	+	2155376	2156860	+	2155376	2156860					2026-08-07.1
cls_T33N	cls	Staphylococcus_aureus	cardiolipin synthase Cls	core	AMR	POINT	LIPOPEPTIDE	DAPTOMYCIN	WP_000571549.1	NC_007795.1	No	ABD31357.1	CP000253.1	+	2155376	2156860	+	2155376	2156860					2026-08-07.1
cls_L52F	cls	Staphylococcus_aureus	cardiolipin synthase Cls	core	AMR	POINT	LIPOPEPTIDE	DAPTOMYCIN	WP_000571549.1	NC_007795.1	No	ABD31357.1	CP000253.1	+	2155376	2156860	+	2155376	2156860					2026-08-07.1
cls_F60S	cls	Staphylococcus_aureus	cardiolipin synthase Cls	core	AMR	POINT	LIPOPEPTIDE	DAPTOMYCIN	WP_000571549.1	NC_007795.1	No	ABD31357.1	CP000253.1	+	2155376	2156860	+	2155376	2156860					2026-08-07.1
dfrB_L21V	dfrB	Staphylococcus_aureus	dihydrofolate reductase DfrB	core	AMR	POINT	TRIMETHOPRIM	TRIMETHOPRIM	WP_000175752.1	NZ_CP013132.1	No	APC77286.1	CP013132.1	-	1417904	1418383	-	1417904	1418383					2026-08-07.1
dfrB_L25I	dfrB	Staphylococcus_aureus	dihydrofolate reductase DfrB	core	AMR	POINT	TRIMETHOPRIM	TRIMETHOPRIM	WP_000175752.1	NZ_CP013132.1	No	APC77286.1	CP013132.1	-	1417904	1418383	-	1417904	1418383	36935372				2026-08-07.1
dfrB_H31N	dfrB	Staphylococcus_aureus	dihydrofolate reductase DfrB	core	AMR	POINT	TRIMETHOPRIM	TRIMETHOPRIM	WP_000175752.1	NZ_CP013132.1	No	APC77286.1	CP013132.1	-	1417904	1418383	-	1417904	1418383					2026-08-07.1
dfrB_L41F	dfrB	Staphylococcus_aureus	dihydrofolate reductase DfrB	core	AMR	POINT	TRIMETHOPRIM	TRIMETHOPRIM	WP_000175752.1	NZ_CP013132.1	No	APC77286.1	CP013132.1	-	1417904	1418383	-	1417904	1418383	36935372				2026-08-07.1
dfrB_N60I	dfrB	Staphylococcus_aureus	dihydrofolate reductase DfrB	core	AMR	POINT	TRIMETHOPRIM	TRIMETHOPRIM	WP_000175752.1	NZ_CP013132.1	No	APC77286.1	CP013132.1	-	1417904	1418383	-	1417904	1418383					2026-08-07.1
dfrB_F99I	dfrB	Staphylococcus_aureus	dihydrofolate reductase DfrB	core	AMR	POINT	TRIMETHOPRIM	TRIMETHOPRIM	WP_000175752.1	NZ_CP013132.1	No	APC77286.1	CP013132.1	-	1417904	1418383	-	1417904	1418383					2026-08-07.1
dfrB_F99S	dfrB	Staphylococcus_aureus	dihydrofolate reductase DfrB	core	AMR	POINT	TRIMETHOPRIM	TRIMETHOPRIM	WP_000175752.1	NZ_CP013132.1	No	APC77286.1	CP013132.1	-	1417904	1418383	-	1417904	1418383					2026-08-07.1
dfrB_F99Y	dfrB	Staphylococcus_aureus	dihydrofolate reductase DfrB	core	AMR	POINT	TRIMETHOPRIM	TRIMETHOPRIM	WP_000175752.1	NZ_CP013132.1	No	APC77286.1	CP013132.1	-	1417904	1418383	-	1417904	1418383	36935372				2026-08-07.1
dfrB_A135T	dfrB	Staphylococcus_aureus	dihydrofolate reductase DfrB	core	AMR	POINT	TRIMETHOPRIM	TRIMETHOPRIM	WP_000175752.1	NZ_CP013132.1	No	APC77286.1	CP013132.1	-	1417904	1418383	-	1417904	1418383	36935372				2026-08-07.1
dfrB_H150R	dfrB	Staphylococcus_aureus	dihydrofolate reductase DfrB	core	AMR	POINT	TRIMETHOPRIM	TRIMETHOPRIM	WP_000175752.1	NZ_CP013132.1	No	APC77286.1	CP013132.1	-	1417904	1418383	-	1417904	1418383	36935372				2026-08-07.1
fexA_G33A	fexA	Staphylococcus_aureus	chloramphenicol/florfenicol efflux MFS transporter FexA	core	AMR	POINT	PHENICOL	CHLORAMPHENICOL	WP_015585966.1		No	CAD70268.1	AJ549214.1	+	177	1604				35069492				2026-08-07.1
fexA_A37V	fexA	Staphylococcus_aureus	chloramphenicol/florfenicol efflux MFS transporter FexA	core	AMR	POINT	PHENICOL	CHLORAMPHENICOL	WP_015585966.1		No	CAD70268.1	AJ549214.1	+	177	1604				35069492				2026-08-07.1
folP_F17L	folP	Staphylococcus_aureus	dihydropteroate synthase FolP	core	AMR	POINT	SULFONAMIDE	SULFONAMIDE	WP_000167936.1	NC_017342.1	No	ADQ75466.1	CP002110.1	-	9506	10309	-	9506	10309	30065703,36935372				2026-08-07.1
folP_S18L	folP	Staphylococcus_aureus	dihydropteroate synthase FolP	core	AMR	POINT	SULFONAMIDE	SULFONAMIDE	WP_000167936.1	NC_017342.1	No	ADQ75466.1	CP002110.1	-	9506	10309	-	9506	10309	30065703,36935372				2026-08-07.1
folP_T51M	folP	Staphylococcus_aureus	dihydropteroate synthase FolP	core	AMR	POINT	SULFONAMIDE	SULFONAMIDE	WP_000167936.1	NC_017342.1	No	ADQ75466.1	CP002110.1	-	9506	10309	-	9506	10309	30065703,36935372				2026-08-07.1
folP_A184V	folP	Staphylococcus_aureus	dihydropteroate synthase FolP	core	AMR	POINT	SULFONAMIDE	SULFONAMIDE	WP_000167936.1	NC_017342.1	No	ADQ75466.1	CP002110.1	-	9506	10309	-	9506	10309	36935372				2026-08-07.1
folP_E208K	folP	Staphylococcus_aureus	dihydropteroate synthase FolP	core	AMR	POINT	SULFONAMIDE	SULFONAMIDE	WP_000167936.1	NC_017342.1	No	ADQ75466.1	CP002110.1	-	9506	10309	-	9506	10309	30065703,36935372				2026-08-07.1
folP_E258EKE	folP	Staphylococcus_aureus	dihydropteroate synthase FolP	core	AMR	POINT	SULFONAMIDE	SULFONAMIDE	WP_000167936.1	NC_017342.1	No	ADQ75466.1	CP002110.1	-	9506	10309	-	9506	10309	30065703,36935372				2026-08-07.1
fusA_F88L	fusA	Staphylococcus_aureus	elongation factor G FusA	core	AMR	POINT	FUSIDIC ACID	FUSIDIC ACID	WP_000090315.1	NC_002758.2	No	BAB56709.1	BA000017.4	+	612738	614819	+	612738	614819					2026-08-07.1
fusA_V90A	fusA	Staphylococcus_aureus	elongation factor G FusA	core	AMR	POINT	FUSIDIC ACID	FUSIDIC ACID	WP_000090315.1	NC_002758.2	No	BAB56709.1	BA000017.4	+	612738	614819	+	612738	614819					2026-08-07.1
fusA_V90I	fusA	Staphylococcus_aureus	elongation factor G FusA	core	AMR	POINT	FUSIDIC ACID	FUSIDIC ACID	WP_000090315.1	NC_002758.2	No	BAB56709.1	BA000017.4	+	612738	614819	+	612738	614819					2026-08-07.1
fusA_P114H	fusA	Staphylococcus_aureus	elongation factor G FusA	core	AMR	POINT	FUSIDIC ACID	FUSIDIC ACID	WP_000090315.1	NC_002758.2	No	BAB56709.1	BA000017.4	+	612738	614819	+	612738	614819					2026-08-07.1
fusA_Q115L	fusA	Staphylococcus_aureus	elongation factor G FusA	core	AMR	POINT	FUSIDIC ACID	FUSIDIC ACID	WP_000090315.1	NC_002758.2	No	BAB56709.1	BA000017.4	+	612738	614819	+	612738	614819					2026-08-07.1
fusA_A160V	fusA	Staphylococcus_aureus	elongation factor G FusA	core	AMR	POINT	FUSIDIC ACID	FUSIDIC ACID	WP_000090315.1	NC_002758.2	No	BAB56709.1	BA000017.4	+	612738	614819	+	612738	614819					2026-08-07.1
fusA_D189G	fusA	Staphylococcus_aureus	elongation factor G FusA	core	AMR	POINT	FUSIDIC ACID	FUSIDIC ACID	WP_000090315.1	NC_002758.2	No	BAB56709.1	BA000017.4	+	612738	614819	+	612738	614819					2026-08-07.1
fusA_D189V	fusA	Staphylococcus_aureus	elongation factor G FusA	core	AMR	POINT	FUSIDIC ACID	FUSIDIC ACID	WP_000090315.1	NC_002758.2	No	BAB56709.1	BA000017.4	+	612738	614819	+	612738	614819					2026-08-07.1
fusA_E233Q	fusA	Staphylococcus_aureus	elongation factor G FusA	core	AMR	POINT	FUSIDIC ACID	FUSIDIC ACID	WP_000090315.1	NC_002758.2	No	BAB56709.1	BA000017.4	+	612738	614819	+	612738	614819					2026-08-07.1
fusA_D373N	fusA	Staphylococcus_aureus	elongation factor G FusA	core	AMR	POINT	FUSIDIC ACID	FUSIDIC ACID	WP_000090315.1	NC_002758.2	No	BAB56709.1	BA000017.4	+	612738	614819	+	612738	614819					2026-08-07.1
fusA_A376V	fusA	Staphylococcus_aureus	elongation factor G FusA	core	AMR	POINT	FUSIDIC ACID	FUSIDIC ACID	WP_000090315.1	NC_002758.2	No	BAB56709.1	BA000017.4	+	612738	614819	+	612738	614819					2026-08-07.1
fusA_T385N	fusA	Staphylococcus_aureus	elongation factor G FusA	core	AMR	POINT	FUSIDIC ACID	FUSIDIC ACID	WP_000090315.1	NC_002758.2	No	BAB56709.1	BA000017.4	+	612738	614819	+	612738	614819					2026-08-07.1
fusA_D387I	fusA	Staphylococcus_aureus	elongation factor G FusA	core	AMR	POINT	FUSIDIC ACID	FUSIDIC ACID	WP_000090315.1	NC_002758.2	No	BAB56709.1	BA000017.4	+	612738	614819	+	612738	614819					2026-08-07.1
fusA_P404L	fusA	Staphylococcus_aureus	elongation factor G FusA	core	AMR	POINT	FUSIDIC ACID	FUSIDIC ACID	WP_000090315.1	NC_002758.2	No	BAB56709.1	BA000017.4	+	612738	614819	+	612738	614819					2026-08-07.1
fusA_P404Q	fusA	Staphylococcus_aureus	elongation factor G FusA	core	AMR	POINT	FUSIDIC ACID	FUSIDIC ACID	WP_000090315.1	NC_002758.2	No	BAB56709.1	BA000017.4	+	612738	614819	+	612738	614819					2026-08-07.1
fusA_P406L	fusA	Staphylococcus_aureus	elongation factor G FusA	core	AMR	POINT	FUSIDIC ACID	FUSIDIC ACID	WP_000090315.1	NC_002758.2	No	BAB56709.1	BA000017.4	+	612738	614819	+	612738	614819					2026-08-07.1
fusA_V407F	fusA	Staphylococcus_aureus	elongation factor G FusA	core	AMR	POINT	FUSIDIC ACID	FUSIDIC ACID	WP_000090315.1	NC_002758.2	No	BAB56709.1	BA000017.4	+	612738	614819	+	612738	614819					2026-08-07.1
fusA_S416F	fusA	Staphylococcus_aureus	elongation factor G FusA	core	AMR	POINT	FUSIDIC ACID	FUSIDIC ACID	WP_000090315.1	NC_002758.2	No	BAB56709.1	BA000017.4	+	612738	614819	+	612738	614819					2026-08-07.1
fusA_L430S	fusA	Staphylococcus_aureus	elongation factor G FusA	core	AMR	POINT	FUSIDIC ACID	FUSIDIC ACID	WP_000090315.1	NC_002758.2	No	BAB56709.1	BA000017.4	+	612738	614819	+	612738	614819					2026-08-07.1
fusA_D434N	fusA	Staphylococcus_aureus	elongation factor G FusA	core	AMR	POINT	FUSIDIC ACID	FUSIDIC ACID	WP_000090315.1	NC_002758.2	No	BAB56709.1	BA000017.4	+	612738	614819	+	612738	614819					2026-08-07.1
fusA_T436I	fusA	Staphylococcus_aureus	elongation factor G FusA	core	AMR	POINT	FUSIDIC ACID	FUSIDIC ACID	WP_000090315.1	NC_002758.2	No	BAB56709.1	BA000017.4	+	612738	614819	+	612738	614819					2026-08-07.1
fusA_H438N	fusA	Staphylococcus_aureus	elongation factor G FusA	core	AMR	POINT	FUSIDIC ACID	FUSIDIC ACID	WP_000090315.1	NC_002758.2	No	BAB56709.1	BA000017.4	+	612738	614819	+	612738	614819					2026-08-07.1
fusA_E444K	fusA	Staphylococcus_aureus	elongation factor G FusA	core	AMR	POINT	FUSIDIC ACID	FUSIDIC ACID	WP_000090315.1	NC_002758.2	No	BAB56709.1	BA000017.4	+	612738	614819	+	612738	614819					2026-08-07.1
fusA_E444V	fusA	Staphylococcus_aureus	elongation factor G FusA	core	AMR	POINT	FUSIDIC ACID	FUSIDIC ACID	WP_000090315.1	NC_002758.2	No	BAB56709.1	BA000017.4	+	612738	614819	+	612738	614819					2026-08-07.1
fusA_I449K	fusA	Staphylococcus_aureus	elongation factor G FusA	core	AMR	POINT	FUSIDIC ACID	FUSIDIC ACID	WP_000090315.1	NC_002758.2	No	BAB56709.1	BA000017.4	+	612738	614819	+	612738	614819					2026-08-07.1
fusA_G451V	fusA	Staphylococcus_aureus	elongation factor G FusA	core	AMR	POINT	FUSIDIC ACID	FUSIDIC ACID	WP_000090315.1	NC_002758.2	No	BAB56709.1	BA000017.4	+	612738	614819	+	612738	614819					2026-08-07.1
fusA_G452C	fusA	Staphylococcus_aureus	elongation factor G FusA	core	AMR	POINT	FUSIDIC ACID	FUSIDIC ACID	WP_000090315.1	NC_002758.2	No	BAB56709.1	BA000017.4	+	612738	614819	+	612738	614819					2026-08-07.1
fusA_G452S	fusA	Staphylococcus_aureus	elongation factor G FusA	core	AMR	POINT	FUSIDIC ACID	FUSIDIC ACID	WP_000090315.1	NC_002758.2	No	BAB56709.1	BA000017.4	+	612738	614819	+	612738	614819					2026-08-07.1
fusA_G452V	fusA	Staphylococcus_aureus	elongation factor G FusA	core	AMR	POINT	FUSIDIC ACID	FUSIDIC ACID	WP_000090315.1	NC_002758.2	No	BAB56709.1	BA000017.4	+	612738	614819	+	612738	614819					2026-08-07.1
fusA_M453I	fusA	Staphylococcus_aureus	elongation factor G FusA	core	AMR	POINT	FUSIDIC ACID	FUSIDIC ACID	WP_000090315.1	NC_002758.2	No	BAB56709.1	BA000017.4	+	612738	614819	+	612738	614819					2026-08-07.1
fusA_L456F	fusA	Staphylococcus_aureus	elongation factor G FusA	core	AMR	POINT	FUSIDIC ACID	FUSIDIC ACID	WP_000090315.1	NC_002758.2	No	BAB56709.1	BA000017.4	+	612738	614819	+	612738	614819					2026-08-07.1
fusA_L456K	fusA	Staphylococcus_aureus	elongation factor G FusA	core	AMR	POINT	FUSIDIC ACID	FUSIDIC ACID	WP_000090315.1	NC_002758.2	No	BAB56709.1	BA000017.4	+	612738	614819	+	612738	614819					2026-08-07.1
fusA_H457L	fusA	Staphylococcus_aureus	elongation factor G FusA	core	AMR	POINT	FUSIDIC ACID	FUSIDIC ACID	WP_000090315.1	NC_002758.2	No	BAB56709.1	BA000017.4	+	612738	614819	+	612738	614819	33353175				2026-08-07.1
fusA_H457N	fusA	Staphylococcus_aureus	elongation factor G FusA	core	AMR	POINT	FUSIDIC ACID	FUSIDIC ACID	WP_000090315.1	NC_002758.2	No	BAB56709.1	BA000017.4	+	612738	614819	+	612738	614819	33353175				2026-08-07.1
fusA_H457Q	fusA	Staphylococcus_aureus	elongation factor G FusA	core	AMR	POINT	FUSIDIC ACID	FUSIDIC ACID	WP_000090315.1	NC_002758.2	No	BAB56709.1	BA000017.4	+	612738	614819	+	612738	614819					2026-08-07.1
fusA_H457Y	fusA	Staphylococcus_aureus	elongation factor G FusA	core	AMR	POINT	FUSIDIC ACID	FUSIDIC ACID	WP_000090315.1	NC_002758.2	No	BAB56709.1	BA000017.4	+	612738	614819	+	612738	614819					2026-08-07.1
fusA_L461F	fusA	Staphylococcus_aureus	elongation factor G FusA	core	AMR	POINT	FUSIDIC ACID	FUSIDIC ACID	WP_000090315.1	NC_002758.2	No	BAB56709.1	BA000017.4	+	612738	614819	+	612738	614819					2026-08-07.1
fusA_L461K	fusA	Staphylococcus_aureus	elongation factor G FusA	core	AMR	POINT	FUSIDIC ACID	FUSIDIC ACID	WP_000090315.1	NC_002758.2	No	BAB56709.1	BA000017.4	+	612738	614819	+	612738	614819					2026-08-07.1
fusA_L461S	fusA	Staphylococcus_aureus	elongation factor G FusA	core	AMR	POINT	FUSIDIC ACID	FUSIDIC ACID	WP_000090315.1	NC_002758.2	No	BAB56709.1	BA000017.4	+	612738	614819	+	612738	614819					2026-08-07.1
fusA_D463G	fusA	Staphylococcus_aureus	elongation factor G FusA	core	AMR	POINT	FUSIDIC ACID	FUSIDIC ACID	WP_000090315.1	NC_002758.2	No	BAB56709.1	BA000017.4	+	612738	614819	+	612738	614819					2026-08-07.1
fusA_R464C	fusA	Staphylococcus_aureus	elongation factor G FusA	core	AMR	POINT	FUSIDIC ACID	FUSIDIC ACID	WP_000090315.1	NC_002758.2	No	BAB56709.1	BA000017.4	+	612738	614819	+	612738	614819					2026-08-07.1
fusA_R464H	fusA	Staphylococcus_aureus	elongation factor G FusA	core	AMR	POINT	FUSIDIC ACID	FUSIDIC ACID	WP_000090315.1	NC_002758.2	No	BAB56709.1	BA000017.4	+	612738	614819	+	612738	614819					2026-08-07.1
fusA_R464L	fusA	Staphylococcus_aureus	elongation factor G FusA	core	AMR	POINT	FUSIDIC ACID	FUSIDIC ACID	WP_000090315.1	NC_002758.2	No	BAB56709.1	BA000017.4	+	612738	614819	+	612738	614819					2026-08-07.1
fusA_R464S	fusA	Staphylococcus_aureus	elongation factor G FusA	core	AMR	POINT	FUSIDIC ACID	FUSIDIC ACID	WP_000090315.1	NC_002758.2	No	BAB56709.1	BA000017.4	+	612738	614819	+	612738	614819					2026-08-07.1
fusA_C473S	fusA	Staphylococcus_aureus	elongation factor G FusA	core	AMR	POINT	FUSIDIC ACID	FUSIDIC ACID	WP_000090315.1	NC_002758.2	No	BAB56709.1	BA000017.4	+	612738	614819	+	612738	614819					2026-08-07.1
fusA_P478S	fusA	Staphylococcus_aureus	elongation factor G FusA	core	AMR	POINT	FUSIDIC ACID	FUSIDIC ACID	WP_000090315.1	NC_002758.2	No	BAB56709.1	BA000017.4	+	612738	614819	+	612738	614819					2026-08-07.1
fusA_G556S	fusA	Staphylococcus_aureus	elongation factor G FusA	core	AMR	POINT	FUSIDIC ACID	FUSIDIC ACID	WP_000090315.1	NC_002758.2	No	BAB56709.1	BA000017.4	+	612738	614819	+	612738	614819					2026-08-07.1
fusA_V607I	fusA	Staphylococcus_aureus	elongation factor G FusA	core	AMR	POINT	FUSIDIC ACID	FUSIDIC ACID	WP_000090315.1	NC_002758.2	No	BAB56709.1	BA000017.4	+	612738	614819	+	612738	614819					2026-08-07.1
fusA_G617D	fusA	Staphylococcus_aureus	elongation factor G FusA	core	AMR	POINT	FUSIDIC ACID	FUSIDIC ACID	WP_000090315.1	NC_002758.2	No	BAB56709.1	BA000017.4	+	612738	614819	+	612738	614819					2026-08-07.1
fusA_M651I	fusA	Staphylococcus_aureus	elongation factor G FusA	core	AMR	POINT	FUSIDIC ACID	FUSIDIC ACID	WP_000090315.1	NC_002758.2	No	BAB56709.1	BA000017.4	+	612738	614819	+	612738	614819					2026-08-07.1
fusA_F652S	fusA	Staphylococcus_aureus	elongation factor G FusA	core	AMR	POINT	FUSIDIC ACID	FUSIDIC ACID	WP_000090315.1	NC_002758.2	No	BAB56709.1	BA000017.4	+	612738	614819	+	612738	614819					2026-08-07.1
fusA_Y654N	fusA	Staphylococcus_aureus	elongation factor G FusA	core	AMR	POINT	FUSIDIC ACID	FUSIDIC ACID	WP_000090315.1	NC_002758.2	No	BAB56709.1	BA000017.4	+	612738	614819	+	612738	614819					2026-08-07.1
fusA_A655E	fusA	Staphylococcus_aureus	elongation factor G FusA	core	AMR	POINT	FUSIDIC ACID	FUSIDIC ACID	WP_000090315.1	NC_002758.2	No	BAB56709.1	BA000017.4	+	612738	614819	+	612738	614819					2026-08-07.1
fusA_A655P	fusA	Staphylococcus_aureus	elongation factor G FusA	core	AMR	POINT	FUSIDIC ACID	FUSIDIC ACID	WP_000090315.1	NC_002758.2	No	BAB56709.1	BA000017.4	+	612738	614819	+	612738	614819					2026-08-07.1
fusA_A655V	fusA	Staphylococcus_aureus	elongation factor G FusA	core	AMR	POINT	FUSIDIC ACID	FUSIDIC ACID	WP_000090315.1	NC_002758.2	No	BAB56709.1	BA000017.4	+	612738	614819	+	612738	614819					2026-08-07.1
fusA_T656K	fusA	Staphylococcus_aureus	elongation factor G FusA	core	AMR	POINT	FUSIDIC ACID	FUSIDIC ACID	WP_000090315.1	NC_002758.2	No	BAB56709.1	BA000017.4	+	612738	614819	+	612738	614819					2026-08-07.1
fusA_R659C	fusA	Staphylococcus_aureus	elongation factor G FusA	core	AMR	POINT	FUSIDIC ACID	FUSIDIC ACID	WP_000090315.1	NC_002758.2	No	BAB56709.1	BA000017.4	+	612738	614819	+	612738	614819					2026-08-07.1
fusA_R659H	fusA	Staphylococcus_aureus	elongation factor G FusA	core	AMR	POINT	FUSIDIC ACID	FUSIDIC ACID	WP_000090315.1	NC_002758.2	No	BAB56709.1	BA000017.4	+	612738	614819	+	612738	614819					2026-08-07.1
fusA_R659L	fusA	Staphylococcus_aureus	elongation factor G FusA	core	AMR	POINT	FUSIDIC ACID	FUSIDIC ACID	WP_000090315.1	NC_002758.2	No	BAB56709.1	BA000017.4	+	612738	614819	+	612738	614819					2026-08-07.1
fusA_R659S	fusA	Staphylococcus_aureus	elongation factor G FusA	core	AMR	POINT	FUSIDIC ACID	FUSIDIC ACID	WP_000090315.1	NC_002758.2	No	BAB56709.1	BA000017.4	+	612738	614819	+	612738	614819					2026-08-07.1
fusA_G664S	fusA	Staphylococcus_aureus	elongation factor G FusA	core	AMR	POINT	FUSIDIC ACID	FUSIDIC ACID	WP_000090315.1	NC_002758.2	No	BAB56709.1	BA000017.4	+	612738	614819	+	612738	614819					2026-08-07.1
fusE_Q140L	fusE	Staphylococcus_aureus	50S ribosomal protein L6	core	AMR	POINT	FUSIDIC ACID	FUSIDIC ACID	WP_000091975.1	NC_017338.1	No	ADL24064.1	CP002114.2	-	2306995	2307531	-	2306995	2307531					2026-08-07.1
gdpP_N182K	gdpP	Staphylococcus_aureus	cyclic-di-AMP phosphodiesterase GdpP	core	AMR	POINT	BETA-LACTAM	CEPHALOSPORIN	WP_001081634.1	NC_002951.2	No	AAW37402.1	CP000046.1	+	18345	20312	+	18345	20312	20805396				2026-08-07.1
glpT_F3I	glpT	Staphylococcus_aureus	glycerol-3-phosphate transporter GlpT	core	AMR	POINT	FOSFOMYCIN	FOSFOMYCIN	WP_001010111.1	NC_002951.2	No	AAW38876.1	CP000046.1	-	413356	414714	-	413356	414714					2026-08-07.1
glpT_L27F	glpT	Staphylococcus_aureus	glycerol-3-phosphate transporter GlpT	core	AMR	POINT	FOSFOMYCIN	FOSFOMYCIN	WP_001010111.1	NC_002951.2	No	AAW38876.1	CP000046.1	-	413356	414714	-	413356	414714					2026-08-07.1
glpT_A100V	glpT	Staphylococcus_aureus	glycerol-3-phosphate transporter GlpT	core	AMR	POINT	FOSFOMYCIN	FOSFOMYCIN	WP_001010111.1	NC_002951.2	No	AAW38876.1	CP000046.1	-	413356	414714	-	413356	414714	26793179				2026-08-07.1
glpT_W137R	glpT	Staphylococcus_aureus	glycerol-3-phosphate transporter GlpT	core	AMR	POINT	FOSFOMYCIN	FOSFOMYCIN	WP_001010111.1	NC_002951.2	No	AAW38876.1	CP000046.1	-	413356	414714	-	413356	414714					2026-08-07.1
glpT_V213I	glpT	Staphylococcus_aureus	glycerol-3-phosphate transporter GlpT	core	AMR	POINT	FOSFOMYCIN	FOSFOMYCIN	WP_001010111.1	NC_002951.2	No	AAW38876.1	CP000046.1	-	413356	414714	-	413356	414714					2026-08-07.1
glpT_G352D	glpT	Staphylococcus_aureus	glycerol-3-phosphate transporter GlpT	core	AMR	POINT	FOSFOMYCIN	FOSFOMYCIN	WP_001010111.1	NC_002951.2	No	AAW38876.1	CP000046.1	-	413356	414714	-	413356	414714					2026-08-07.1
glpT_W355Ter	glpT	Staphylococcus_aureus	glycerol-3-phosphate transporter GlpT	core	AMR	POINT	FOSFOMYCIN	FOSFOMYCIN	WP_001010111.1	NC_002951.2	No	AAW38876.1	CP000046.1	-	413356	414714	-	413356	414714	26793179				2026-08-07.1
glpT_A434V	glpT	Staphylococcus_aureus	glycerol-3-phosphate transporter GlpT	core	AMR	POINT	FOSFOMYCIN	FOSFOMYCIN	WP_001010111.1	NC_002951.2	No	AAW38876.1	CP000046.1	-	413356	414714	-	413356	414714	32807239				2026-08-07.1
gyrA_D73G	gyrA	Staphylococcus_aureus	DNA gyrase subunit A GyrA	core	AMR	POINT	QUINOLONE	QUINOLONE	WP_000819084.1	NC_007795.1	No	ABD29197.1	CP000253.1	+	7005	9668	+	7005	9668					2026-08-07.1
gyrA_G82C	gyrA	Staphylococcus_aureus	DNA gyrase subunit A GyrA	core	AMR	POINT	QUINOLONE	QUINOLONE	WP_000819084.1	NC_007795.1	No	ABD29197.1	CP000253.1	+	7005	9668	+	7005	9668					2026-08-07.1
gyrA_S84A	gyrA	Staphylococcus_aureus	DNA gyrase subunit A GyrA	core	AMR	POINT	QUINOLONE	QUINOLONE	WP_000819084.1	NC_007795.1	No	ABD29197.1	CP000253.1	+	7005	9668	+	7005	9668					2026-08-07.1
gyrA_S84L	gyrA	Staphylococcus_aureus	DNA gyrase subunit A GyrA	core	AMR	POINT	QUINOLONE	QUINOLONE	WP_000819084.1	NC_007795.1	No	ABD29197.1	CP000253.1	+	7005	9668	+	7005	9668					2026-08-07.1
gyrA_S84V	gyrA	Staphylococcus_aureus	DNA gyrase subunit A GyrA	core	AMR	POINT	QUINOLONE	QUINOLONE	WP_000819084.1	NC_007795.1	No	ABD29197.1	CP000253.1	+	7005	9668	+	7005	9668					2026-08-07.1
gyrA_S85P	gyrA	Staphylococcus_aureus	DNA gyrase subunit A GyrA	core	AMR	POINT	QUINOLONE	QUINOLONE	WP_000819084.1	NC_007795.1	No	ABD29197.1	CP000253.1	+	7005	9668	+	7005	9668					2026-08-07.1
gyrA_E88A	gyrA	Staphylococcus_aureus	DNA gyrase subunit A GyrA	core	AMR	POINT	QUINOLONE	QUINOLONE	WP_000819084.1	NC_007795.1	No	ABD29197.1	CP000253.1	+	7005	9668	+	7005	9668	21996946				2026-08-07.1
gyrA_E88G	gyrA	Staphylococcus_aureus	DNA gyrase subunit A GyrA	core	AMR	POINT	QUINOLONE	QUINOLONE	WP_000819084.1	NC_007795.1	No	ABD29197.1	CP000253.1	+	7005	9668	+	7005	9668					2026-08-07.1
gyrA_E88K	gyrA	Staphylococcus_aureus	DNA gyrase subunit A GyrA	core	AMR	POINT	QUINOLONE	QUINOLONE	WP_000819084.1	NC_007795.1	No	ABD29197.1	CP000253.1	+	7005	9668	+	7005	9668					2026-08-07.1
gyrA_E88L	gyrA	Staphylococcus_aureus	DNA gyrase subunit A GyrA	core	AMR	POINT	QUINOLONE	QUINOLONE	WP_000819084.1	NC_007795.1	No	ABD29197.1	CP000253.1	+	7005	9668	+	7005	9668					2026-08-07.1
gyrA_E88R	gyrA	Staphylococcus_aureus	DNA gyrase subunit A GyrA	core	AMR	POINT	QUINOLONE	QUINOLONE	WP_000819084.1	NC_007795.1	No	ABD29197.1	CP000253.1	+	7005	9668	+	7005	9668					2026-08-07.1
gyrA_G106D	gyrA	Staphylococcus_aureus	DNA gyrase subunit A GyrA	core	AMR	POINT	QUINOLONE	QUINOLONE	WP_000819084.1	NC_007795.1	No	ABD29197.1	CP000253.1	+	7005	9668	+	7005	9668					2026-08-07.1
gyrB_I55S	gyrB	Staphylococcus_aureus	DNA topoisomerase (ATP-hydrolyzing) subunit B GyrB	core	AMR	POINT	AMINOCOUMARIN	AMINOCOUMARIN	WP_010956585.1	NC_002952.2	No	CAG39033.1	BX571856.1	+	5037	6968	+	5037	6968					2026-08-07.1
gyrB_G84S	gyrB	Staphylococcus_aureus	DNA topoisomerase (ATP-hydrolyzing) subunit B GyrB	core	AMR	POINT	AMINOCOUMARIN	AMINOCOUMARIN	WP_010956585.1	NC_002952.2	No	CAG39033.1	BX571856.1	+	5037	6968	+	5037	6968					2026-08-07.1
gyrB_I101S	gyrB	Staphylococcus_aureus	DNA topoisomerase (ATP-hydrolyzing) subunit B GyrB	core	AMR	POINT	AMINOCOUMARIN	AMINOCOUMARIN	WP_010956585.1	NC_002952.2	No	CAG39033.1	BX571856.1	+	5037	6968	+	5037	6968					2026-08-07.1
gyrB_S127L	gyrB	Staphylococcus_aureus	DNA topoisomerase (ATP-hydrolyzing) subunit B GyrB	core	AMR	POINT	AMINOCOUMARIN	AMINOCOUMARIN	WP_010956585.1	NC_002952.2	No	CAG39033.1	BX571856.1	+	5037	6968	+	5037	6968					2026-08-07.1
gyrB_R143I	gyrB	Staphylococcus_aureus	DNA topoisomerase (ATP-hydrolyzing) subunit B GyrB	core	AMR	POINT	AMINOCOUMARIN	AMINOCOUMARIN	WP_010956585.1	NC_002952.2	No	CAG39033.1	BX571856.1	+	5037	6968	+	5037	6968					2026-08-07.1
gyrB_R143S	gyrB	Staphylococcus_aureus	DNA topoisomerase (ATP-hydrolyzing) subunit B GyrB	core	AMR	POINT	AMINOCOUMARIN	AMINOCOUMARIN	WP_010956585.1	NC_002952.2	No	CAG39033.1	BX571856.1	+	5037	6968	+	5037	6968					2026-08-07.1
gyrB_T172A	gyrB	Staphylococcus_aureus	DNA topoisomerase (ATP-hydrolyzing) subunit B GyrB	core	AMR	POINT	AMINOCOUMARIN	AMINOCOUMARIN	WP_010956585.1	NC_002952.2	No	CAG39033.1	BX571856.1	+	5037	6968	+	5037	6968					2026-08-07.1
gyrB_D436N	gyrB	Staphylococcus_aureus	DNA topoisomerase (ATP-hydrolyzing) subunit B GyrB	core	AMR	POINT	QUINOLONE	QUINOLONE	WP_010956585.1	NC_002952.2	No	CAG39033.1	BX571856.1	+	5037	6968	+	5037	6968					2026-08-07.1
gyrB_E476D	gyrB	Staphylococcus_aureus	DNA topoisomerase (ATP-hydrolyzing) subunit B GyrB	core	AMR	POINT	QUINOLONE	QUINOLONE	WP_010956585.1	NC_002952.2	No	CAG39033.1	BX571856.1	+	5037	6968	+	5037	6968					2026-08-07.1
ileS_H67Q	ileS	Staphylococcus_aureus	isoleucine--tRNA ligase IleS	core	AMR	POINT	MUPIROCIN	MUPIROCIN	WP_000384706.1	NZ_CP009361.1	No	AIO20795.1	CP009361.1	+	1153846	1156599	+	1153846	1156599					2026-08-07.1
ileS_F563L	ileS	Staphylococcus_aureus	isoleucine--tRNA ligase IleS	core	AMR	POINT	MUPIROCIN	MUPIROCIN	WP_000384706.1	NZ_CP009361.1	No	AIO20795.1	CP009361.1	+	1153846	1156599	+	1153846	1156599					2026-08-07.1
ileS_V588F	ileS	Staphylococcus_aureus	isoleucine--tRNA ligase IleS	core	AMR	POINT	MUPIROCIN	MUPIROCIN	WP_000384706.1	NZ_CP009361.1	No	AIO20795.1	CP009361.1	+	1153846	1156599	+	1153846	1156599					2026-08-07.1
ileS_G593V	ileS	Staphylococcus_aureus	isoleucine--tRNA ligase IleS	core	AMR	POINT	MUPIROCIN	MUPIROCIN	WP_000384706.1	NZ_CP009361.1	No	AIO20795.1	CP009361.1	+	1153846	1156599	+	1153846	1156599					2026-08-07.1
ileS_V631F	ileS	Staphylococcus_aureus	isoleucine--tRNA ligase IleS	core	AMR	POINT	MUPIROCIN	MUPIROCIN	WP_000384706.1	NZ_CP009361.1	No	AIO20795.1	CP009361.1	+	1153846	1156599	+	1153846	1156599					2026-08-07.1
ileS_R816C	ileS	Staphylococcus_aureus	isoleucine--tRNA ligase IleS	core	AMR	POINT	MUPIROCIN	MUPIROCIN	WP_000384706.1	NZ_CP009361.1	No	AIO20795.1	CP009361.1	+	1153846	1156599	+	1153846	1156599					2026-08-07.1
mepR_Q18P	mepR	Staphylococcus_aureus	multidrug efflux transporter transcriptional repressor MepR	core	AMR	POINT	TETRACYCLINE	TIGECYCLINE	WP_000397416.1	NC_002745.2	No	BAB41546.1	BA000018.3	+	379975	380394	+	379975	380394	23749979,23982071				2026-08-07.1
mepR_F27L	mepR	Staphylococcus_aureus	multidrug efflux transporter transcriptional repressor MepR	core	AMR	POINT	TETRACYCLINE	TIGECYCLINE	WP_000397416.1	NC_002745.2	No	BAB41546.1	BA000018.3	+	379975	380394	+	379975	380394	23749979				2026-08-07.1
mepR_G97E	mepR	Staphylococcus_aureus	multidrug efflux transporter transcriptional repressor MepR	core	AMR	POINT	TETRACYCLINE	TIGECYCLINE	WP_000397416.1	NC_002745.2	No	BAB41546.1	BA000018.3	+	379975	380394	+	379975	380394	23749979				2026-08-07.1
mepR_A103V	mepR	Staphylococcus_aureus	multidrug efflux transporter transcriptional repressor MepR	core	AMR	POINT	TETRACYCLINE	TIGECYCLINE	WP_000397416.1	NC_002745.2	No	BAB41546.1	BA000018.3	+	379975	380394	+	379975	380394	17576828,23749979				2026-08-07.1
mprF_G61V	mprF	Staphylococcus_aureus	bifunctional lysylphosphatidylglycerol flippase/synthetase MprF	core	AMR	POINT	LIPOPEPTIDE	DAPTOMYCIN	WP_001071135.1	NC_002951.2	No	AAW36644.1	CP000046.1	+	1405257	1407779	+	1405257	1407779					2026-08-07.1
mprF_S295L	mprF	Staphylococcus_aureus	bifunctional lysylphosphatidylglycerol flippase/synthetase MprF	core	AMR	POINT	LIPOPEPTIDE	DAPTOMYCIN	WP_001071135.1	NC_002951.2	No	AAW36644.1	CP000046.1	+	1405257	1407779	+	1405257	1407779	33796088				2026-08-07.1
mprF_P314L	mprF	Staphylococcus_aureus	bifunctional lysylphosphatidylglycerol flippase/synthetase MprF	core	AMR	POINT	LIPOPEPTIDE	DAPTOMYCIN	WP_001071135.1	NC_002951.2	No	AAW36644.1	CP000046.1	+	1405257	1407779	+	1405257	1407779					2026-08-07.1
mprF_S337L	mprF	Staphylococcus_aureus	bifunctional lysylphosphatidylglycerol flippase/synthetase MprF	core	AMR	POINT	LIPOPEPTIDE	DAPTOMYCIN	WP_001071135.1	NC_002951.2	No	AAW36644.1	CP000046.1	+	1405257	1407779	+	1405257	1407779	33796088				2026-08-07.1
mprF_L341S	mprF	Staphylococcus_aureus	bifunctional lysylphosphatidylglycerol flippase/synthetase MprF	core	AMR	POINT	LIPOPEPTIDE	DAPTOMYCIN	WP_001071135.1	NC_002951.2	No	AAW36644.1	CP000046.1	+	1405257	1407779	+	1405257	1407779					2026-08-07.1
mprF_T345A	mprF	Staphylococcus_aureus	bifunctional lysylphosphatidylglycerol flippase/synthetase MprF	core	AMR	POINT	LIPOPEPTIDE	DAPTOMYCIN	WP_001071135.1	NC_002951.2	No	AAW36644.1	CP000046.1	+	1405257	1407779	+	1405257	1407779					2026-08-07.1
mprF_T345I	mprF	Staphylococcus_aureus	bifunctional lysylphosphatidylglycerol flippase/synthetase MprF	core	AMR	POINT	LIPOPEPTIDE	DAPTOMYCIN	WP_001071135.1	NC_002951.2	No	AAW36644.1	CP000046.1	+	1405257	1407779	+	1405257	1407779	33796088				2026-08-07.1
mprF_T345K	mprF	Staphylococcus_aureus	bifunctional lysylphosphatidylglycerol flippase/synthetase MprF	core	AMR	POINT	LIPOPEPTIDE	DAPTOMYCIN	WP_001071135.1	NC_002951.2	No	AAW36644.1	CP000046.1	+	1405257	1407779	+	1405257	1407779					2026-08-07.1
mprF_M347R	mprF	Staphylococcus_aureus	bifunctional lysylphosphatidylglycerol flippase/synthetase MprF	core	AMR	POINT	LIPOPEPTIDE	DAPTOMYCIN	WP_001071135.1	NC_002951.2	No	AAW36644.1	CP000046.1	+	1405257	1407779	+	1405257	1407779					2026-08-07.1
mprF_V351E	mprF	Staphylococcus_aureus	bifunctional lysylphosphatidylglycerol flippase/synthetase MprF	core	AMR	POINT	LIPOPEPTIDE	DAPTOMYCIN	WP_001071135.1	NC_002951.2	No	AAW36644.1	CP000046.1	+	1405257	1407779	+	1405257	1407779					2026-08-07.1
mprF_I420N	mprF	Staphylococcus_aureus	bifunctional lysylphosphatidylglycerol flippase/synthetase MprF	core	AMR	POINT	LIPOPEPTIDE	DAPTOMYCIN	WP_001071135.1	NC_002951.2	No	AAW36644.1	CP000046.1	+	1405257	1407779	+	1405257	1407779	33796088				2026-08-07.1
mprF_L431F	mprF	Staphylococcus_aureus	bifunctional lysylphosphatidylglycerol flippase/synthetase MprF	core	AMR	POINT	GLYCOPEPTIDE/LIPOPEPTIDE	DAPTOMYCIN/VANCOMYCIN	WP_001071135.1	NC_002951.2	No	AAW36644.1	CP000046.1	+	1405257	1407779	+	1405257	1407779	29887848				2026-08-07.1
mprF_T472K	mprF	Staphylococcus_aureus	bifunctional lysylphosphatidylglycerol flippase/synthetase MprF	core	AMR	POINT	LIPOPEPTIDE	DAPTOMYCIN	WP_001071135.1	NC_002951.2	No	AAW36644.1	CP000046.1	+	1405257	1407779	+	1405257	1407779					2026-08-07.1
mprF_L826F	mprF	Staphylococcus_aureus	bifunctional lysylphosphatidylglycerol flippase/synthetase MprF	core	AMR	POINT	LIPOPEPTIDE	DAPTOMYCIN	WP_001071135.1	NC_002951.2	No	AAW36644.1	CP000046.1	+	1405257	1407779	+	1405257	1407779	33796088				2026-08-07.1
mprF_S829L	mprF	Staphylococcus_aureus	bifunctional lysylphosphatidylglycerol flippase/synthetase MprF	core	AMR	POINT	LIPOPEPTIDE	DAPTOMYCIN	WP_001071135.1	NC_002951.2	No	AAW36644.1	CP000046.1	+	1405257	1407779	+	1405257	1407779	30459746				2026-08-07.1
murA_L42Ter	murA	Staphylococcus_aureus	UDP-N-acetylglucosamine 1-carboxyvinyltransferase MurA	core	AMR	POINT	FOSFOMYCIN	FOSFOMYCIN	WP_000358006.1	NC_002951.2	No	AAW37053.1	CP000046.1	-	2154544	2155809	-	2154544	2155809	26793179				2026-08-07.1
murA_V65A	murA	Staphylococcus_aureus	UDP-N-acetylglucosamine 1-carboxyvinyltransferase MurA	core	AMR	POINT	FOSFOMYCIN	FOSFOMYCIN	WP_000358006.1	NC_002951.2	No	AAW37053.1	CP000046.1	-	2154544	2155809	-	2154544	2155809					2026-08-07.1
murA_G257D	murA	Staphylococcus_aureus	UDP-N-acetylglucosamine 1-carboxyvinyltransferase MurA	core	AMR	POINT	FOSFOMYCIN	FOSFOMYCIN	WP_000358006.1	NC_002951.2	No	AAW37053.1	CP000046.1	-	2154544	2155809	-	2154544	2155809					2026-08-07.1
murA_D278E	murA	Staphylococcus_aureus	UDP-N-acetylglucosamine 1-carboxyvinyltransferase MurA	core	AMR	POINT	FOSFOMYCIN	FOSFOMYCIN	WP_000358006.1	NC_002951.2	No	AAW37053.1	CP000046.1	-	2154544	2155809	-	2154544	2155809					2026-08-07.1
murA_E291D	murA	Staphylococcus_aureus	UDP-N-acetylglucosamine 1-carboxyvinyltransferase MurA	core	AMR	POINT	FOSFOMYCIN	FOSFOMYCIN	WP_000358006.1	NC_002951.2	No	AAW37053.1	CP000046.1	-	2154544	2155809	-	2154544	2155809					2026-08-07.1
murA_Q362R	murA	Staphylococcus_aureus	UDP-N-acetylglucosamine 1-carboxyvinyltransferase MurA	core	AMR	POINT	FOSFOMYCIN	FOSFOMYCIN	WP_000358006.1	NC_002951.2	No	AAW37053.1	CP000046.1	-	2154544	2155809	-	2154544	2155809					2026-08-07.1
murA_T396N	murA	Staphylococcus_aureus	UDP-N-acetylglucosamine 1-carboxyvinyltransferase MurA	core	AMR	POINT	FOSFOMYCIN	FOSFOMYCIN	WP_000358006.1	NC_002951.2	No	AAW37053.1	CP000046.1	-	2154544	2155809	-	2154544	2155809					2026-08-07.1
parC_S80F	parC	Staphylococcus_aureus	DNA topoisomerase IV subunit A ParC	core	AMR	POINT	QUINOLONE	QUINOLONE	WP_001289586.1	NZ_CP009361.1	No	AIO20977.1	CP009361.1	+	1345932	1348334	+	1345932	1348334					2026-08-07.1
parC_S80Y	parC	Staphylococcus_aureus	DNA topoisomerase IV subunit A ParC	core	AMR	POINT	QUINOLONE	QUINOLONE	WP_001289586.1	NZ_CP009361.1	No	AIO20977.1	CP009361.1	+	1345932	1348334	+	1345932	1348334					2026-08-07.1
parC_Y83N	parC	Staphylococcus_aureus	DNA topoisomerase IV subunit A ParC	core	AMR	POINT	QUINOLONE	QUINOLONE	WP_001289586.1	NZ_CP009361.1	No	AIO20977.1	CP009361.1	+	1345932	1348334	+	1345932	1348334					2026-08-07.1
parC_E84G	parC	Staphylococcus_aureus	DNA topoisomerase IV subunit A ParC	core	AMR	POINT	QUINOLONE	QUINOLONE	WP_001289586.1	NZ_CP009361.1	No	AIO20977.1	CP009361.1	+	1345932	1348334	+	1345932	1348334					2026-08-07.1
parC_E84K	parC	Staphylococcus_aureus	DNA topoisomerase IV subunit A ParC	core	AMR	POINT	QUINOLONE	QUINOLONE	WP_001289586.1	NZ_CP009361.1	No	AIO20977.1	CP009361.1	+	1345932	1348334	+	1345932	1348334					2026-08-07.1
parC_E84L	parC	Staphylococcus_aureus	DNA topoisomerase IV subunit A ParC	core	AMR	POINT	QUINOLONE	QUINOLONE	WP_001289586.1	NZ_CP009361.1	No	AIO20977.1	CP009361.1	+	1345932	1348334	+	1345932	1348334					2026-08-07.1
parC_E84V	parC	Staphylococcus_aureus	DNA topoisomerase IV subunit A ParC	core	AMR	POINT	QUINOLONE	QUINOLONE	WP_001289586.1	NZ_CP009361.1	No	AIO20977.1	CP009361.1	+	1345932	1348334	+	1345932	1348334					2026-08-07.1
parC_A116E	parC	Staphylococcus_aureus	DNA topoisomerase IV subunit A ParC	core	AMR	POINT	QUINOLONE	QUINOLONE	WP_001289586.1	NZ_CP009361.1	No	AIO20977.1	CP009361.1	+	1345932	1348334	+	1345932	1348334					2026-08-07.1
parC_A116V	parC	Staphylococcus_aureus	DNA topoisomerase IV subunit A ParC	core	AMR	POINT	QUINOLONE	QUINOLONE	WP_001289586.1	NZ_CP009361.1	No	AIO20977.1	CP009361.1	+	1345932	1348334	+	1345932	1348334					2026-08-07.1
parE_G78S	parE	Staphylococcus_aureus	DNA topoisomerase IV subunit B ParE	core	AMR	POINT	AMINOCOUMARIN	AMINOCOUMARIN	WP_001837315.1	NZ_CP026964.1	No	AVG68064.1	CP026964.1	-	2176023	2178014	-	2176023	2178014					2026-08-07.1
parE_R136G	parE	Staphylococcus_aureus	DNA topoisomerase IV subunit B ParE	core	AMR	POINT	AMINOCOUMARIN	AMINOCOUMARIN	WP_001837315.1	NZ_CP026964.1	No	AVG68064.1	CP026964.1	-	2176023	2178014	-	2176023	2178014					2026-08-07.1
parE_D432H	parE	Staphylococcus_aureus	DNA topoisomerase IV subunit B ParE	core	AMR	POINT	QUINOLONE	QUINOLONE	WP_001837315.1	NZ_CP026964.1	No	AVG68064.1	CP026964.1	-	2176023	2178014	-	2176023	2178014	21996946				2026-08-07.1
parE_D432N	parE	Staphylococcus_aureus	DNA topoisomerase IV subunit B ParE	core	AMR	POINT	QUINOLONE	QUINOLONE	WP_001837315.1	NZ_CP026964.1	No	AVG68064.1	CP026964.1	-	2176023	2178014	-	2176023	2178014	21996946				2026-08-07.1
parE_D432V	parE	Staphylococcus_aureus	DNA topoisomerase IV subunit B ParE	core	AMR	POINT	QUINOLONE	QUINOLONE	WP_001837315.1	NZ_CP026964.1	No	AVG68064.1	CP026964.1	-	2176023	2178014	-	2176023	2178014					2026-08-07.1
parE_D443E	parE	Staphylococcus_aureus	DNA topoisomerase IV subunit B ParE	core	AMR	POINT	QUINOLONE	QUINOLONE	WP_001837315.1	NZ_CP026964.1	No	AVG68064.1	CP026964.1	-	2176023	2178014	-	2176023	2178014					2026-08-07.1
parE_R444S	parE	Staphylococcus_aureus	DNA topoisomerase IV subunit B ParE	core	AMR	POINT	QUINOLONE	QUINOLONE	WP_001837315.1	NZ_CP026964.1	No	AVG68064.1	CP026964.1	-	2176023	2178014	-	2176023	2178014					2026-08-07.1
parE_P451S	parE	Staphylococcus_aureus	DNA topoisomerase IV subunit B ParE	core	AMR	POINT	QUINOLONE	QUINOLONE	WP_001837315.1	NZ_CP026964.1	No	AVG68064.1	CP026964.1	-	2176023	2178014	-	2176023	2178014					2026-08-07.1
parE_N470S	parE	Staphylococcus_aureus	DNA topoisomerase IV subunit B ParE	core	AMR	POINT	QUINOLONE	QUINOLONE	WP_001837315.1	NZ_CP026964.1	No	AVG68064.1	CP026964.1	-	2176023	2178014	-	2176023	2178014					2026-08-07.1
parE_P585S	parE	Staphylococcus_aureus	DNA topoisomerase IV subunit B ParE	core	AMR	POINT	QUINOLONE	QUINOLONE	WP_001837315.1	NZ_CP026964.1	No	AVG68064.1	CP026964.1	-	2176023	2178014	-	2176023	2178014	21996946				2026-08-07.1
pbp2_S569A	pbp2	Staphylococcus_aureus	penicillin-binding protein PBP2	core	AMR	POINT	BETA-LACTAM	CEPHALOSPORIN	WP_000138348.1		No	AAX13704.1	AY920400.1	+	1	2184								2026-08-07.1
pbp4_E183A	pbp4	Staphylococcus_aureus	D-alanyl-D-alanine carboxypeptidase PBP4	core	AMR	POINT	BETA-LACTAM	CEPHALOSPORIN	WP_123090655.1	NZ_RIXR01000001.1	No	RNG97442.1	RIXR01000001.1	+	740321	741616	+	740321	741616	20805396				2026-08-07.1
pbp4_R200L	pbp4	Staphylococcus_aureus	D-alanyl-D-alanine carboxypeptidase PBP4	core	AMR	POINT	BETA-LACTAM	CEPHALOSPORIN	WP_123090655.1	NZ_RIXR01000001.1	No	RNG97442.1	RIXR01000001.1	+	740321	741616	+	740321	741616	34151961				2026-08-07.1
pbp4_E218K	pbp4	Staphylococcus_aureus	D-alanyl-D-alanine carboxypeptidase PBP4	core	AMR	POINT	BETA-LACTAM	CEPHALOSPORIN	WP_123090655.1	NZ_RIXR01000001.1	No	RNG97442.1	RIXR01000001.1	+	740321	741616	+	740321	741616	34151961				2026-08-07.1
pbp4_F241R	pbp4	Staphylococcus_aureus	D-alanyl-D-alanine carboxypeptidase PBP4	core	AMR	POINT	BETA-LACTAM	CEPHALOSPORIN	WP_123090655.1	NZ_RIXR01000001.1	No	RNG97442.1	RIXR01000001.1	+	740321	741616	+	740321	741616	20805396				2026-08-07.1
pgsA_V59N	pgsA	Staphylococcus_aureus	CDP-diacylglycerol--glycerol-3-phosphate 3-phosphatidyltransferase PgsA	core	AMR	POINT	LIPOPEPTIDE	DAPTOMYCIN	WP_001025093.1	NC_003923.1	No	BAB95031.1	BA000033.2	+	1278586	1279164	+	1278586	1279164					2026-08-07.1
pgsA_A64V	pgsA	Staphylococcus_aureus	CDP-diacylglycerol--glycerol-3-phosphate 3-phosphatidyltransferase PgsA	core	AMR	POINT	LIPOPEPTIDE	DAPTOMYCIN	WP_001025093.1	NC_003923.1	No	BAB95031.1	BA000033.2	+	1278586	1279164	+	1278586	1279164					2026-08-07.1
pgsA_K66R	pgsA	Staphylococcus_aureus	CDP-diacylglycerol--glycerol-3-phosphate 3-phosphatidyltransferase PgsA	core	AMR	POINT	LIPOPEPTIDE	DAPTOMYCIN	WP_001025093.1	NC_003923.1	No	BAB95031.1	BA000033.2	+	1278586	1279164	+	1278586	1279164					2026-08-07.1
pgsA_S177F	pgsA	Staphylococcus_aureus	CDP-diacylglycerol--glycerol-3-phosphate 3-phosphatidyltransferase PgsA	core	AMR	POINT	LIPOPEPTIDE	DAPTOMYCIN	WP_001025093.1	NC_003923.1	No	BAB95031.1	BA000033.2	+	1278586	1279164	+	1278586	1279164					2026-08-07.1
rplC_G139R	rplC	Staphylococcus_aureus	50S ribosomal protein L3	core	AMR	POINT	OXAZOLIDINONE	LINEZOLID	WP_000160212.1	NC_017763.1	No	CCG16860.1	HE681097.1	-	2326275	2326937	-	2326275	2326937					2026-08-07.1
rplC_S145del	rplC	Staphylococcus_aureus	50S ribosomal protein L3	core	AMR	POINT	OXAZOLIDINONE	LINEZOLID	WP_000160212.1	NC_017763.1	No	CCG16860.1	HE681097.1	-	2326275	2326937	-	2326275	2326937					2026-08-07.1
rplC_G152D	rplC	Staphylococcus_aureus	50S ribosomal protein L3	core	AMR	POINT	OXAZOLIDINONE	LINEZOLID	WP_000160212.1	NC_017763.1	No	CCG16860.1	HE681097.1	-	2326275	2326937	-	2326275	2326937					2026-08-07.1
rplC_G155R	rplC	Staphylococcus_aureus	50S ribosomal protein L3	core	AMR	POINT	OXAZOLIDINONE	LINEZOLID	WP_000160212.1	NC_017763.1	No	CCG16860.1	HE681097.1	-	2326275	2326937	-	2326275	2326937					2026-08-07.1
rplC_M169L	rplC	Staphylococcus_aureus	50S ribosomal protein L3	core	AMR	POINT	OXAZOLIDINONE	LINEZOLID	WP_000160212.1	NC_017763.1	No	CCG16860.1	HE681097.1	-	2326275	2326937	-	2326275	2326937					2026-08-07.1
rpoB_S463N	rpoB	Staphylococcus_aureus	DNA-directed RNA polymerase subunit beta RpoB	core	AMR	POINT	RIFAMYCIN	RIFAMPIN	WP_000918664.1	NC_002952.2	No	CAG39568.1	BX571856.1	+	590831	594382	+	590831	594382					2026-08-07.1
rpoB_S463P	rpoB	Staphylococcus_aureus	DNA-directed RNA polymerase subunit beta RpoB	core	AMR	POINT	RIFAMYCIN	RIFAMPIN	WP_000918664.1	NC_002952.2	No	CAG39568.1	BX571856.1	+	590831	594382	+	590831	594382					2026-08-07.1
rpoB_S464P	rpoB	Staphylococcus_aureus	DNA-directed RNA polymerase subunit beta RpoB	core	AMR	POINT	RIFAMYCIN	RIFAMPIN	WP_000918664.1	NC_002952.2	No	CAG39568.1	BX571856.1	+	590831	594382	+	590831	594382	12384339				2026-08-07.1
rpoB_Q465K	rpoB	Staphylococcus_aureus	DNA-directed RNA polymerase subunit beta RpoB	core	AMR	POINT	RIFAMYCIN	RIFAMPIN	WP_000918664.1	NC_002952.2	No	CAG39568.1	BX571856.1	+	590831	594382	+	590831	594382					2026-08-07.1
rpoB_Q465R	rpoB	Staphylococcus_aureus	DNA-directed RNA polymerase subunit beta RpoB	core	AMR	POINT	RIFAMYCIN	RIFAMPIN	WP_000918664.1	NC_002952.2	No	CAG39568.1	BX571856.1	+	590831	594382	+	590831	594382					2026-08-07.1
rpoB_L466S	rpoB	Staphylococcus_aureus	DNA-directed RNA polymerase subunit beta RpoB	core	AMR	POINT	RIFAMYCIN	RIFAMPIN	WP_000918664.1	NC_002952.2	No	CAG39568.1	BX571856.1	+	590831	594382	+	590831	594382	29404415				2026-08-07.1
rpoB_Q468I	rpoB	Staphylococcus_aureus	DNA-directed RNA polymerase subunit beta RpoB	core	AMR	POINT	RIFAMYCIN	RIFAMPIN	WP_000918664.1	NC_002952.2	No	CAG39568.1	BX571856.1	+	590831	594382	+	590831	594382					2026-08-07.1
rpoB_Q468K	rpoB	Staphylococcus_aureus	DNA-directed RNA polymerase subunit beta RpoB	core	AMR	POINT	RIFAMYCIN	RIFAMPIN	WP_000918664.1	NC_002952.2	No	CAG39568.1	BX571856.1	+	590831	594382	+	590831	594382					2026-08-07.1
rpoB_Q468L	rpoB	Staphylococcus_aureus	DNA-directed RNA polymerase subunit beta RpoB	core	AMR	POINT	RIFAMYCIN	RIFAMPIN	WP_000918664.1	NC_002952.2	No	CAG39568.1	BX571856.1	+	590831	594382	+	590831	594382	12384339				2026-08-07.1
rpoB_Q468R	rpoB	Staphylococcus_aureus	DNA-directed RNA polymerase subunit beta RpoB	core	AMR	POINT	RIFAMYCIN	RIFAMPIN	WP_000918664.1	NC_002952.2	No	CAG39568.1	BX571856.1	+	590831	594382	+	590831	594382	12384339				2026-08-07.1
rpoB_M470T	rpoB	Staphylococcus_aureus	DNA-directed RNA polymerase subunit beta RpoB	core	AMR	POINT	RIFAMYCIN	RIFAMPIN	WP_000918664.1	NC_002952.2	No	CAG39568.1	BX571856.1	+	590831	594382	+	590831	594382					2026-08-07.1
rpoB_D471E	rpoB	Staphylococcus_aureus	DNA-directed RNA polymerase subunit beta RpoB	core	AMR	POINT	RIFAMYCIN	RIFAMPIN	WP_000918664.1	NC_002952.2	No	CAG39568.1	BX571856.1	+	590831	594382	+	590831	594382	12384339				2026-08-07.1
rpoB_D471G	rpoB	Staphylococcus_aureus	DNA-directed RNA polymerase subunit beta RpoB	core	AMR	POINT	RIFAMYCIN	RIFAMPIN	WP_000918664.1	NC_002952.2	No	CAG39568.1	BX571856.1	+	590831	594382	+	590831	594382	12384339				2026-08-07.1
rpoB_D471Y	rpoB	Staphylococcus_aureus	DNA-directed RNA polymerase subunit beta RpoB	core	AMR	POINT	RIFAMYCIN	RIFAMPIN	WP_000918664.1	NC_002952.2	No	CAG39568.1	BX571856.1	+	590831	594382	+	590831	594382	12384339				2026-08-07.1
rpoB_A473T	rpoB	Staphylococcus_aureus	DNA-directed RNA polymerase subunit beta RpoB	core	AMR	POINT	RIFAMYCIN	RIFAMPIN	WP_000918664.1	NC_002952.2	No	CAG39568.1	BX571856.1	+	590831	594382	+	590831	594382					2026-08-07.1
rpoB_N474K	rpoB	Staphylococcus_aureus	DNA-directed RNA polymerase subunit beta RpoB	core	AMR	POINT	RIFAMYCIN	RIFAMPIN	WP_000918664.1	NC_002952.2	No	CAG39568.1	BX571856.1	+	590831	594382	+	590831	594382					2026-08-07.1
rpoB_N474KG	rpoB	Staphylococcus_aureus	DNA-directed RNA polymerase subunit beta RpoB	core	AMR	POINT	RIFAMYCIN	RIFAMPIN	WP_000918664.1	NC_002952.2	No	CAG39568.1	BX571856.1	+	590831	594382	+	590831	594382					2026-08-07.1
rpoB_N474L	rpoB	Staphylococcus_aureus	DNA-directed RNA polymerase subunit beta RpoB	core	AMR	POINT	RIFAMYCIN	RIFAMPIN	WP_000918664.1	NC_002952.2	No	CAG39568.1	BX571856.1	+	590831	594382	+	590831	594382	12384339				2026-08-07.1
rpoB_N474NH	rpoB	Staphylococcus_aureus	DNA-directed RNA polymerase subunit beta RpoB	core	AMR	POINT	RIFAMYCIN	RIFAMPIN	WP_000918664.1	NC_002952.2	No	CAG39568.1	BX571856.1	+	590831	594382	+	590831	594382					2026-08-07.1
rpoB_A477D	rpoB	Staphylococcus_aureus	DNA-directed RNA polymerase subunit beta RpoB	core	AMR	POINT	RIFAMYCIN	RIFAMPIN	WP_000918664.1	NC_002952.2	No	CAG39568.1	BX571856.1	+	590831	594382	+	590831	594382	12384339				2026-08-07.1
rpoB_A477G	rpoB	Staphylococcus_aureus	DNA-directed RNA polymerase subunit beta RpoB	core	AMR	POINT	RIFAMYCIN	RIFAMPIN	WP_000918664.1	NC_002952.2	No	CAG39568.1	BX571856.1	+	590831	594382	+	590831	594382					2026-08-07.1
rpoB_A477T	rpoB	Staphylococcus_aureus	DNA-directed RNA polymerase subunit beta RpoB	core	AMR	POINT	RIFAMYCIN	RIFAMPIN	WP_000918664.1	NC_002952.2	No	CAG39568.1	BX571856.1	+	590831	594382	+	590831	594382					2026-08-07.1
rpoB_A477V	rpoB	Staphylococcus_aureus	DNA-directed RNA polymerase subunit beta RpoB	core	AMR	POINT	BETA-LACTAM/RIFAMYCIN	BETA-LACTAM/RIFAMPIN	WP_000918664.1	NC_002952.2	No	CAG39568.1	BX571856.1	+	590831	594382	+	590831	594382	12384339,26324273				2026-08-07.1
rpoB_H481D	rpoB	Staphylococcus_aureus	DNA-directed RNA polymerase subunit beta RpoB	core	AMR	POINT	RIFAMYCIN	RIFAMPIN	WP_000918664.1	NC_002952.2	No	CAG39568.1	BX571856.1	+	590831	594382	+	590831	594382					2026-08-07.1
rpoB_H481N	rpoB	Staphylococcus_aureus	DNA-directed RNA polymerase subunit beta RpoB	core	AMR	POINT	RIFAMYCIN	RIFAMPIN	WP_000918664.1	NC_002952.2	No	CAG39568.1	BX571856.1	+	590831	594382	+	590831	594382	12384339				2026-08-07.1
rpoB_H481Y	rpoB	Staphylococcus_aureus	DNA-directed RNA polymerase subunit beta RpoB	core	AMR	POINT	RIFAMYCIN	RIFAMPIN	WP_000918664.1	NC_002952.2	No	CAG39568.1	BX571856.1	+	590831	594382	+	590831	594382	12384339				2026-08-07.1
rpoB_R484C	rpoB	Staphylococcus_aureus	DNA-directed RNA polymerase subunit beta RpoB	core	AMR	POINT	RIFAMYCIN	RIFAMPIN	WP_000918664.1	NC_002952.2	No	CAG39568.1	BX571856.1	+	590831	594382	+	590831	594382					2026-08-07.1
rpoB_R484H	rpoB	Staphylococcus_aureus	DNA-directed RNA polymerase subunit beta RpoB	core	AMR	POINT	RIFAMYCIN	RIFAMPIN	WP_000918664.1	NC_002952.2	No	CAG39568.1	BX571856.1	+	590831	594382	+	590831	594382	12384339				2026-08-07.1
rpoB_S486L	rpoB	Staphylococcus_aureus	DNA-directed RNA polymerase subunit beta RpoB	core	AMR	POINT	RIFAMYCIN	RIFAMPIN	WP_000918664.1	NC_002952.2	No	CAG39568.1	BX571856.1	+	590831	594382	+	590831	594382	12384339				2026-08-07.1
rpoB_I527F	rpoB	Staphylococcus_aureus	DNA-directed RNA polymerase subunit beta RpoB	core	AMR	POINT	RIFAMYCIN	RIFAMPIN	WP_000918664.1	NC_002952.2	No	CAG39568.1	BX571856.1	+	590831	594382	+	590831	594382	12384339				2026-08-07.1
rpoB_I527L	rpoB	Staphylococcus_aureus	DNA-directed RNA polymerase subunit beta RpoB	core	AMR	POINT	RIFAMYCIN	RIFAMPIN	WP_000918664.1	NC_002952.2	No	CAG39568.1	BX571856.1	+	590831	594382	+	590831	594382					2026-08-07.1
rpoB_I527M	rpoB	Staphylococcus_aureus	DNA-directed RNA polymerase subunit beta RpoB	core	AMR	POINT	RIFAMYCIN	RIFAMPIN	WP_000918664.1	NC_002952.2	No	CAG39568.1	BX571856.1	+	590831	594382	+	590831	594382					2026-08-07.1
rpoB_S529L	rpoB	Staphylococcus_aureus	DNA-directed RNA polymerase subunit beta RpoB	core	AMR	POINT	RIFAMYCIN	RIFAMPIN	WP_000918664.1	NC_002952.2	No	CAG39568.1	BX571856.1	+	590831	594382	+	590831	594382	29404415				2026-08-07.1
rpoB_D550G	rpoB	Staphylococcus_aureus	DNA-directed RNA polymerase subunit beta RpoB	core	AMR	POINT	RIFAMYCIN	RIFAMPIN	WP_000918664.1	NC_002952.2	No	CAG39568.1	BX571856.1	+	590831	594382	+	590831	594382					2026-08-07.1
rpoB_A621E	rpoB	Staphylococcus_aureus	DNA-directed RNA polymerase subunit beta RpoB	core	AMR	POINT	LIPOPEPTIDE	DAPTOMYCIN	WP_000918664.1	NC_002952.2	No	CAG39568.1	BX571856.1	+	590831	594382	+	590831	594382					2026-08-07.1
rpoB_G639C	rpoB	Staphylococcus_aureus	DNA-directed RNA polymerase subunit beta RpoB	core	AMR	POINT	BETA-LACTAM	BETA-LACTAM	WP_000918664.1	NC_002952.2	No	CAG39568.1	BX571856.1	+	590831	594382	+	590831	594382	32706832				2026-08-07.1
rpoB_Q643P	rpoB	Staphylococcus_aureus	DNA-directed RNA polymerase subunit beta RpoB	core	AMR	POINT	BETA-LACTAM	BETA-LACTAM	WP_000918664.1	NC_002952.2	No	CAG39568.1	BX571856.1	+	590831	594382	+	590831	594382	32706832				2026-08-07.1
rpoB_R644H	rpoB	Staphylococcus_aureus	DNA-directed RNA polymerase subunit beta RpoB	core	AMR	POINT	BETA-LACTAM	BETA-LACTAM	WP_000918664.1	NC_002952.2	No	CAG39568.1	BX571856.1	+	590831	594382	+	590831	594382	23877693				2026-08-07.1
rpoB_H929Q	rpoB	Staphylococcus_aureus	DNA-directed RNA polymerase subunit beta RpoB	core	AMR	POINT	BETA-LACTAM	BETA-LACTAM	WP_000918664.1	NC_002952.2	No	CAG39568.1	BX571856.1	+	590831	594382	+	590831	594382	32706832				2026-08-07.1
rpoB_D949H	rpoB	Staphylococcus_aureus	DNA-directed RNA polymerase subunit beta RpoB	core	AMR	POINT	BETA-LACTAM	BETA-LACTAM	WP_000918664.1	NC_002952.2	No	CAG39568.1	BX571856.1	+	590831	594382	+	590831	594382	32706832				2026-08-07.1
rpoB_I953S	rpoB	Staphylococcus_aureus	DNA-directed RNA polymerase subunit beta RpoB	core	AMR	POINT	LIPOPEPTIDE	DAPTOMYCIN	WP_000918664.1	NC_002952.2	No	CAG39568.1	BX571856.1	+	590831	594382	+	590831	594382					2026-08-07.1
rpoB_N967I	rpoB	Staphylococcus_aureus	DNA-directed RNA polymerase subunit beta RpoB	core	AMR	POINT	BETA-LACTAM	BETA-LACTAM	WP_000918664.1	NC_002952.2	No	CAG39568.1	BX571856.1	+	590831	594382	+	590831	594382	23877693				2026-08-07.1
rpoB_A1085V	rpoB	Staphylococcus_aureus	DNA-directed RNA polymerase subunit beta RpoB	core	AMR	POINT	LIPOPEPTIDE	DAPTOMYCIN	WP_000918664.1	NC_002952.2	No	CAG39568.1	BX571856.1	+	590831	594382	+	590831	594382					2026-08-07.1
rpoB_G1139D	rpoB	Staphylococcus_aureus	DNA-directed RNA polymerase subunit beta RpoB	core	AMR	POINT	BETA-LACTAM	BETA-LACTAM	WP_000918664.1	NC_002952.2	No	CAG39568.1	BX571856.1	+	590831	594382	+	590831	594382	32706832				2026-08-07.1
rpoC_F632S	rpoC	Staphylococcus_aureus	DNA-directed RNA polymerase subunit beta RpoC	core	AMR	POINT	LIPOPEPTIDE	DAPTOMYCIN	WP_000567963.1	NC_002952.2	No	CAG39569.1	BX571856.1	+	594519	598142	+	594519	598142					2026-08-07.1
rpoC_A738T	rpoC	Staphylococcus_aureus	DNA-directed RNA polymerase subunit beta RpoC	core	AMR	POINT	BETA-LACTAM	BETA-LACTAM	WP_000567963.1	NC_002952.2	No	CAG39569.1	BX571856.1	+	594519	598142	+	594519	598142	32706832				2026-08-07.1
rpoC_R739S	rpoC	Staphylococcus_aureus	DNA-directed RNA polymerase subunit beta RpoC	core	AMR	POINT	BETA-LACTAM	BETA-LACTAM	WP_000567963.1	NC_002952.2	No	CAG39569.1	BX571856.1	+	594519	598142	+	594519	598142	32706832				2026-08-07.1
rpoC_G740R	rpoC	Staphylococcus_aureus	DNA-directed RNA polymerase subunit beta RpoC	core	AMR	POINT	BETA-LACTAM	BETA-LACTAM	WP_000567963.1	NC_002952.2	No	CAG39569.1	BX571856.1	+	594519	598142	+	594519	598142	32706832				2026-08-07.1
rpoC_S852Y	rpoC	Staphylococcus_aureus	DNA-directed RNA polymerase subunit beta RpoC	core	AMR	POINT	BETA-LACTAM	BETA-LACTAM	WP_000567963.1	NC_002952.2	No	CAG39569.1	BX571856.1	+	594519	598142	+	594519	598142	32706832				2026-08-07.1
rpoC_E933Q	rpoC	Staphylococcus_aureus	DNA-directed RNA polymerase subunit beta RpoC	core	AMR	POINT	BETA-LACTAM	BETA-LACTAM	WP_000567963.1	NC_002952.2	No	CAG39569.1	BX571856.1	+	594519	598142	+	594519	598142	32706832				2026-08-07.1
rpoC_G950R	rpoC	Staphylococcus_aureus	DNA-directed RNA polymerase subunit beta RpoC	core	AMR	POINT	BETA-LACTAM	BETA-LACTAM	WP_000567963.1	NC_002952.2	No	CAG39569.1	BX571856.1	+	594519	598142	+	594519	598142	32706832				2026-08-07.1
rpoC_Q961K	rpoC	Staphylococcus_aureus	DNA-directed RNA polymerase subunit beta RpoC	core	AMR	POINT	LIPOPEPTIDE	DAPTOMYCIN	WP_000567963.1	NC_002952.2	No	CAG39569.1	BX571856.1	+	594519	598142	+	594519	598142					2026-08-07.1
rpoC_I1084F	rpoC	Staphylococcus_aureus	DNA-directed RNA polymerase subunit beta RpoC	core	AMR	POINT	BETA-LACTAM	BETA-LACTAM	WP_000567963.1	NC_002952.2	No	CAG39569.1	BX571856.1	+	594519	598142	+	594519	598142	32706832				2026-08-07.1
rpsJ_HKYK56del	rpsJ	Staphylococcus_aureus	30S ribosomal protein S10	core	AMR	POINT	TETRACYCLINE	TIGECYCLINE	WP_001118667.1	NC_013893.1	No	ADC86919.1	CP001837.1	+	835822	836130	+	835822	836130	29084741				2026-08-07.1
rpsJ_K57M	rpsJ	Staphylococcus_aureus	30S ribosomal protein S10	core	AMR	POINT	TETRACYCLINE	TIGECYCLINE	WP_001118667.1	NC_013893.1	No	ADC86919.1	CP001837.1	+	835822	836130	+	835822	836130	33588015				2026-08-07.1
rpsJ_K57Q	rpsJ	Staphylococcus_aureus	30S ribosomal protein S10	core	AMR	POINT	TETRACYCLINE	TIGECYCLINE	WP_001118667.1	NC_013893.1	No	ADC86919.1	CP001837.1	+	835822	836130	+	835822	836130	33588015				2026-08-07.1
rpsJ_KY57MF	rpsJ	Staphylococcus_aureus	30S ribosomal protein S10	core	AMR	POINT	TETRACYCLINE	TIGECYCLINE	WP_001118667.1	NC_013893.1	No	ADC86919.1	CP001837.1	+	835822	836130	+	835822	836130	29038088,29084741				2026-08-07.1
rpsJ_Y58D	rpsJ	Staphylococcus_aureus	30S ribosomal protein S10	core	AMR	POINT	TETRACYCLINE	TIGECYCLINE	WP_001118667.1	NC_013893.1	No	ADC86919.1	CP001837.1	+	835822	836130	+	835822	836130	37287125				2026-08-07.1
uhpT_G112E	uhpT	Staphylococcus_aureus	hexose phosphate transporter UhpT	core	AMR	POINT	FOSFOMYCIN	FOSFOMYCIN	WP_001008722.1	NC_002952.2	No	CAG39240.1	BX571856.1	+	246978	248357	+	246978	248357					2026-08-07.1
uhpT_W228Ter	uhpT	Staphylococcus_aureus	hexose phosphate transporter UhpT	core	AMR	POINT	FOSFOMYCIN	FOSFOMYCIN	WP_001008722.1	NC_002952.2	No	CAG39240.1	BX571856.1	+	246978	248357	+	246978	248357					2026-08-07.1
uhpT_Y314Ter	uhpT	Staphylococcus_aureus	hexose phosphate transporter UhpT	core	AMR	POINT	FOSFOMYCIN	FOSFOMYCIN	WP_001008722.1	NC_002952.2	No	CAG39240.1	BX571856.1	+	246978	248357	+	246978	248357					2026-08-07.1
uhpT_G358V	uhpT	Staphylococcus_aureus	hexose phosphate transporter UhpT	core	AMR	POINT	FOSFOMYCIN	FOSFOMYCIN	WP_001008722.1	NC_002952.2	No	CAG39240.1	BX571856.1	+	246978	248357	+	246978	248357					2026-08-07.1
uhpT_W425R	uhpT	Staphylococcus_aureus	hexose phosphate transporter UhpT	core	AMR	POINT	FOSFOMYCIN	FOSFOMYCIN	WP_001008722.1	NC_002952.2	No	CAG39240.1	BX571856.1	+	246978	248357	+	246978	248357					2026-08-07.1
	uhpT	Staphylococcus_aureus	Staphylococcus aureus hexose phosphate transporter UhpT	core	AMR	POINT_DISRUPT	FOSFOMYCIN	FOSFOMYCIN	WP_001008722.1		No	AAW37496.1	CP000046.1	+	234223	235602				28579984,35848785			uhpT	2026-08-07.1
vraS_T331I	vraS	Staphylococcus_aureus	sensor histidine kinase VraS	core	AMR	POINT	GLYCOPEPTIDE/LIPOPEPTIDE	DAPTOMYCIN/VANCOMYCIN	WP_001017131.1	NC_002951.2	No	AAW38384.1	CP000046.1	-	2005560	2006603	-	2005560	2006603	29887848,30459746,40233945				2026-08-07.1
walK_L10F	walK	Staphylococcus_aureus	cell wall metabolism sensor histidine kinase WalK	core	AMR	POINT	LIPOPEPTIDE	DAPTOMYCIN	WP_000871610.1	NC_002952.2	No	CAG39047.1	BX571856.1	+	25617	27443	+	25617	27443					2026-08-07.1
walK_S221P	walK	Staphylococcus_aureus	cell wall metabolism sensor histidine kinase WalK	core	AMR	POINT	LIPOPEPTIDE	DAPTOMYCIN	WP_000871610.1	NC_002952.2	No	CAG39047.1	BX571856.1	+	25617	27443	+	25617	27443					2026-08-07.1
walK_R263C	walK	Staphylococcus_aureus	cell wall metabolism sensor histidine kinase WalK	core	AMR	POINT	LIPOPEPTIDE	DAPTOMYCIN	WP_000871610.1	NC_002952.2	No	CAG39047.1	BX571856.1	+	25617	27443	+	25617	27443					2026-08-07.1
rpoB_L466S	rpoB	Staphylococcus_epidermidis	DNA-directed RNA polymerase subunit beta RpoB	core	AMR	POINT	RIFAMYCIN	RIFAMPIN	WP_001833083.1	NC_004461.1	No	AAO03903.1	AE015929.1	+	301678	305229	+	301678	305229	39913260				2026-08-07.1
rpoB_Q468K	rpoB	Staphylococcus_epidermidis	DNA-directed RNA polymerase subunit beta RpoB	core	AMR	POINT	RIFAMYCIN	RIFAMPIN	WP_001833083.1	NC_004461.1	No	AAO03903.1	AE015929.1	+	301678	305229	+	301678	305229	29287710				2026-08-07.1
rpoB_Q468L	rpoB	Staphylococcus_epidermidis	DNA-directed RNA polymerase subunit beta RpoB	core	AMR	POINT	RIFAMYCIN	RIFAMPIN	WP_001833083.1	NC_004461.1	No	AAO03903.1	AE015929.1	+	301678	305229	+	301678	305229	39913260				2026-08-07.1
rpoB_D471E	rpoB	Staphylococcus_epidermidis	DNA-directed RNA polymerase subunit beta RpoB	core	AMR	POINT	GLYCOPEPTIDE/RIFAMPIN	RIFAMPIN/TEICOPLANIN/VANCOMYCIN	WP_001833083.1	NC_004461.1	No	AAO03903.1	AE015929.1	+	301678	305229	+	301678	305229	30177740,39913260				2026-08-07.1
rpoB_H481C	rpoB	Staphylococcus_epidermidis	DNA-directed RNA polymerase subunit beta RpoB	core	AMR	POINT	RIFAMYCIN	RIFAMPIN	WP_001833083.1	NC_004461.1	No	AAO03903.1	AE015929.1	+	301678	305229	+	301678	305229	39913260				2026-08-07.1
rpoB_H481N	rpoB	Staphylococcus_epidermidis	DNA-directed RNA polymerase subunit beta RpoB	core	AMR	POINT	RIFAMYCIN	RIFAMPIN	WP_001833083.1	NC_004461.1	No	AAO03903.1	AE015929.1	+	301678	305229	+	301678	305229	34589061				2026-08-07.1
rpoB_H481Y	rpoB	Staphylococcus_epidermidis	DNA-directed RNA polymerase subunit beta RpoB	core	AMR	POINT	RIFAMYCIN	RIFAMPIN	WP_001833083.1	NC_004461.1	No	AAO03903.1	AE015929.1	+	301678	305229	+	301678	305229	29287710				2026-08-07.1
rpoB_S486F	rpoB	Staphylococcus_epidermidis	DNA-directed RNA polymerase subunit beta RpoB	core	AMR	POINT	RIFAMYCIN	RIFAMPIN	WP_001833083.1	NC_004461.1	No	AAO03903.1	AE015929.1	+	301678	305229	+	301678	305229	31451499				2026-08-07.1
rpoB_S486Y	rpoB	Staphylococcus_epidermidis	DNA-directed RNA polymerase subunit beta RpoB	core	AMR	POINT	RIFAMYCIN	RIFAMPIN	WP_001833083.1	NC_004461.1	No	AAO03903.1	AE015929.1	+	301678	305229	+	301678	305229	31451499				2026-08-07.1
rpoB_I527M	rpoB	Staphylococcus_epidermidis	DNA-directed RNA polymerase subunit beta RpoB	core	AMR	POINT	GLYCOPEPTIDE/RIFAMPIN	RIFAMPIN/TEICOPLANIN/VANCOMYCIN	WP_001833083.1	NC_004461.1	No	AAO03903.1	AE015929.1	+	301678	305229	+	301678	305229	30177740,39913260				2026-08-07.1
rpoB_S529L	rpoB	Staphylococcus_epidermidis	DNA-directed RNA polymerase subunit beta RpoB	core	AMR	POINT	RIFAMYCIN	RIFAMPIN	WP_001833083.1	NC_004461.1	No	AAO03903.1	AE015929.1	+	301678	305229	+	301678	305229	39913260				2026-08-07.1
grlA_S80I	grlA	Staphylococcus_pseudintermedius	DNA topoisomerase GrlA	core	AMR	POINT	QUINOLONE	QUINOLONE	WP_019167736.1		No	CAK18888.1	AM262970.1	+	2048	4459				18305127				2026-08-07.1
grlA_S80R	grlA	Staphylococcus_pseudintermedius	DNA topoisomerase GrlA	core	AMR	POINT	QUINOLONE	QUINOLONE	WP_019167736.1		No	CAK18888.1	AM262970.1	+	2048	4459				18305127				2026-08-07.1
grlA_D84G	grlA	Staphylococcus_pseudintermedius	DNA topoisomerase GrlA	core	AMR	POINT	QUINOLONE	QUINOLONE	WP_019167736.1		No	CAK18888.1	AM262970.1	+	2048	4459				18305127				2026-08-07.1
grlA_D84H	grlA	Staphylococcus_pseudintermedius	DNA topoisomerase GrlA	core	AMR	POINT	QUINOLONE	QUINOLONE	WP_019167736.1		No	CAK18888.1	AM262970.1	+	2048	4459				18305127				2026-08-07.1
grlA_D84N	grlA	Staphylococcus_pseudintermedius	DNA topoisomerase GrlA	core	AMR	POINT	QUINOLONE	QUINOLONE	WP_019167736.1		No	CAK18888.1	AM262970.1	+	2048	4459				18305127				2026-08-07.1
grlA_D84Y	grlA	Staphylococcus_pseudintermedius	DNA topoisomerase GrlA	core	AMR	POINT	QUINOLONE	QUINOLONE	WP_019167736.1		No	CAK18888.1	AM262970.1	+	2048	4459				18305127				2026-08-07.1
gyrA_S84A	gyrA	Staphylococcus_pseudintermedius	DNA gyrase subunit A GyrA	core	AMR	POINT	QUINOLONE	QUINOLONE	WP_103263503.1	NZ_PPRB01000023.1	No	PNZ22052.1	PPRB01000023.1	-	23677	26313	-	23677	26313	18305127				2026-08-07.1
gyrA_S84L	gyrA	Staphylococcus_pseudintermedius	DNA gyrase subunit A GyrA	core	AMR	POINT	QUINOLONE	QUINOLONE	WP_103263503.1	NZ_PPRB01000023.1	No	PNZ22052.1	PPRB01000023.1	-	23677	26313	-	23677	26313	18305127				2026-08-07.1
gyrA_S84W	gyrA	Staphylococcus_pseudintermedius	DNA gyrase subunit A GyrA	core	AMR	POINT	QUINOLONE	QUINOLONE	WP_103263503.1	NZ_PPRB01000023.1	No	PNZ22052.1	PPRB01000023.1	-	23677	26313	-	23677	26313	18305127				2026-08-07.1
gyrA_S85A	gyrA	Staphylococcus_pseudintermedius	DNA gyrase subunit A GyrA	core	AMR	POINT	QUINOLONE	QUINOLONE	WP_103263503.1	NZ_PPRB01000023.1	No	PNZ22052.1	PPRB01000023.1	-	23677	26313	-	23677	26313	18305127				2026-08-07.1
gyrA_E88G	gyrA	Staphylococcus_pseudintermedius	DNA gyrase subunit A GyrA	core	AMR	POINT	QUINOLONE	QUINOLONE	WP_103263503.1	NZ_PPRB01000023.1	No	PNZ22052.1	PPRB01000023.1	-	23677	26313	-	23677	26313	18305127				2026-08-07.1
gyrA_E88K	gyrA	Staphylococcus_pseudintermedius	DNA gyrase subunit A GyrA	core	AMR	POINT	QUINOLONE	QUINOLONE	WP_103263503.1	NZ_PPRB01000023.1	No	PNZ22052.1	PPRB01000023.1	-	23677	26313	-	23677	26313	18305127				2026-08-07.1
rpoB_A473AA	rpoB	Staphylococcus_pseudintermedius	DNA-directed RNA polymerase subunit beta RpoB	core	AMR	POINT	RIFAMYCIN	RIFAMPIN	WP_014614750.1	NZ_PPRB01000139.1	No	PNZ17473.1	PPRB01000139.1	-	16983	20537	-	16983	20537	18305127				2026-08-07.1
rpoB_H481Y	rpoB	Staphylococcus_pseudintermedius	DNA-directed RNA polymerase subunit beta RpoB	core	AMR	POINT	RIFAMYCIN	RIFAMPIN	WP_014614750.1	NZ_PPRB01000139.1	No	PNZ17473.1	PPRB01000139.1	-	16983	20537	-	16983	20537	18305127				2026-08-07.1
rpoB_S486L	rpoB	Staphylococcus_pseudintermedius	DNA-directed RNA polymerase subunit beta RpoB	core	AMR	POINT	RIFAMYCIN	RIFAMPIN	WP_014614750.1	NZ_PPRB01000139.1	No	PNZ17473.1	PPRB01000139.1	-	16983	20537	-	16983	20537	18305127				2026-08-07.1
pbp2x_Q557E	pbp2x	Streptococcus_agalactiae	penicillin-binding protein 2X	core	AMR	POINT	BETA-LACTAM	BETA-LACTAM	WP_017647104.1	NZ_CP010319.1	No	AKI56768.1	CP010319.1	+	279781	282039	+	279781	282039	18541727				2026-08-07.1
cdsA_D222N	cdsA	Streptococcus_pneumoniae	phosphatidate cytidylyltransferase CdsA	core	AMR	POINT	LIPOPEPTIDE	DAPTOMYCIN	WP_000159119.1	NZ_CP019562.1	No	AQA08261.1	CP019562.1	+	220126	220929	+	220126	220929	28115347				2026-08-07.1
parC_S79F	parC	Streptococcus_pneumoniae	DNA topoisomerase IV subunit A ParC	core	AMR	POINT	QUINOLONE	QUINOLONE	WP_001836116.1	NZ_CNUN02000060.1	No	CTF80544.1	CNUN02000060.1	+	3211	5682	+	3211	5682	8913454				2026-08-07.1
parC_S79Y	parC	Streptococcus_pneumoniae	DNA topoisomerase IV subunit A ParC	core	AMR	POINT	QUINOLONE	QUINOLONE	WP_001836116.1	NZ_CNUN02000060.1	No	CTF80544.1	CNUN02000060.1	+	3211	5682	+	3211	5682	8913454				2026-08-07.1
parC_D83H	parC	Streptococcus_pneumoniae	DNA topoisomerase IV subunit A ParC	core	AMR	POINT	QUINOLONE	QUINOLONE	WP_001836116.1	NZ_CNUN02000060.1	No	CTF80544.1	CNUN02000060.1	+	3211	5682	+	3211	5682	8913454				2026-08-07.1
pbp1a_T371S	pbp1a	Streptococcus_pneumoniae	penicillin-binding protein PBP-1A	core	AMR	POINT	BETA-LACTAM	BETA-LACTAM	WP_050199696.1		No	BAD00750.1	AB119762.1	+	1	2160				31235623				2026-08-07.1
pbp1a_S575T	pbp1a	Streptococcus_pneumoniae	penicillin-binding protein PBP-1A	core	AMR	POINT	BETA-LACTAM	BETA-LACTAM	WP_050199696.1		No	BAD00750.1	AB119762.1	+	1	2160				18394970				2026-08-07.1
pbp1a_N609D	pbp1a	Streptococcus_pneumoniae	penicillin-binding protein PBP-1A	core	AMR	POINT	BETA-LACTAM	BETA-LACTAM	WP_050199696.1		No	BAD00750.1	AB119762.1	+	1	2160				18394970				2026-08-07.1
	pbp1a	Streptococcus_pneumoniae	Streptococcus pneumoniae penicillin-binding protein PBP1A1	core	AMR	AMR-SUSCEPTIBLE	BETA-LACTAM	BETA-LACTAM	WP_001039998.1		No	MTV43544.1	WNHU01000041.1	+	8102	10261							pbp1a	2026-08-07.1
	pbp1a	Streptococcus_pneumoniae	Streptococcus pneumoniae penicillin-binding protein PBP1A3	core	AMR	AMR-SUSCEPTIBLE	BETA-LACTAM	BETA-LACTAM	WP_001040004.1		No	SUO36701.1	UHGV01000002.1	-	370523	372682							pbp1a	2026-08-07.1
	pbp1a	Streptococcus_pneumoniae	Streptococcus pneumoniae penicillin-binding protein PBP1A2	core	AMR	AMR-SUSCEPTIBLE	BETA-LACTAM	BETA-LACTAM	WP_001040010.1		No	ADM83986.1	CP002121.1	-	366096	368255							pbp1a	2026-08-07.1
	pbp1a	Streptococcus_pneumoniae	Streptococcus pneumoniae penicillin-binding protein PBP1A0	core	AMR	AMR-SUSCEPTIBLE	BETA-LACTAM	BETA-LACTAM	WP_001040013.1		No	AAK74536.1	AE005672.3	-	346853	349012							pbp1a	2026-08-07.1
	pbp1a	Streptococcus_pneumoniae	Streptococcus pneumoniae penicillin-binding protein PBP1A11	core	AMR	AMR-SUSCEPTIBLE	BETA-LACTAM	BETA-LACTAM	WP_050078510.1		No	SUN90660.1	UHGB01000001.1	-	328885	331044							pbp1a	2026-08-07.1
	pbp1a	Streptococcus_pneumoniae	Streptococcus pneumoniae penicillin-binding protein PBP1A12	core	AMR	AMR-SUSCEPTIBLE	BETA-LACTAM	BETA-LACTAM	WP_050208712.1		No	SUN89985.1	UHFY01000001.1	-	1133878	1136037							pbp1a	2026-08-07.1
	pbp1a	Streptococcus_pneumoniae	Streptococcus pneumoniae penicillin-binding protein PBP1A9	core	AMR	AMR-SUSCEPTIBLE	BETA-LACTAM	BETA-LACTAM	WP_054370471.1		No	CTN64071.1	CNZD02000033.1	-	27933	30092							pbp1a	2026-08-07.1
pbp2b_T446A	pbp2b	Streptococcus_pneumoniae	penicillin-binding protein 2B	core	AMR	POINT	BETA-LACTAM	BETA-LACTAM	WP_001224900.1	NZ_CIFD01000003.1	No	CNA39593.1	CIFD01000003.1	-	59482	61524	-	59482	61524	18394970				2026-08-07.1
pbp2b_E476G	pbp2b	Streptococcus_pneumoniae	penicillin-binding protein 2B	core	AMR	POINT	BETA-LACTAM	BETA-LACTAM	WP_001224900.1	NZ_CIFD01000003.1	No	CNA39593.1	CIFD01000003.1	-	59482	61524	-	59482	61524	18394970				2026-08-07.1
pbp2b_T489A	pbp2b	Streptococcus_pneumoniae	penicillin-binding protein 2B	core	AMR	POINT	BETA-LACTAM	BETA-LACTAM	WP_001224900.1	NZ_CIFD01000003.1	No	CNA39593.1	CIFD01000003.1	-	59482	61524	-	59482	61524	18394970				2026-08-07.1
	pbp2b	Streptococcus_pneumoniae	Streptococcus pneumoniae penicillin-binding protein PBP2B0	core	AMR	AMR-SUSCEPTIBLE	BETA-LACTAM	BETA-LACTAM	WP_001224867.1		No	SUO08321.1	UHGI01000001.1	-	1034840	1036882							pbp2b	2026-08-07.1
	pbp2b	Streptococcus_pneumoniae	Streptococcus pneumoniae penicillin-binding protein PBP2B3	core	AMR	AMR-SUSCEPTIBLE	BETA-LACTAM	BETA-LACTAM	WP_001224871.1		No	CBW33123.1	FQ312027.1	-	1491139	1493181							pbp2b	2026-08-07.1
	pbp2b	Streptococcus_pneumoniae	Streptococcus pneumoniae penicillin-binding protein PBP2B2	core	AMR	AMR-SUSCEPTIBLE	BETA-LACTAM	BETA-LACTAM	WP_001224884.1		No	EJG35019.1	ALAW01000018.1	-	179999	182041							pbp2b	2026-08-07.1
	pbp2b	Streptococcus_pneumoniae	Streptococcus pneumoniae penicillin-binding protein PBP2B6	core	AMR	AMR-SUSCEPTIBLE	BETA-LACTAM	BETA-LACTAM	WP_001224885.1		No	ADM85262.1	CP002121.1	-	1581369	1583411							pbp2b	2026-08-07.1
	pbp2b	Streptococcus_pneumoniae	Streptococcus pneumoniae penicillin-binding protein PBP2B4	core	AMR	AMR-SUSCEPTIBLE	BETA-LACTAM	BETA-LACTAM	WP_001224886.1		No	CXF06025.1	FFQV01000008.1	+	53588	55630							pbp2b	2026-08-07.1
	pbp2b	Streptococcus_pneumoniae	Streptococcus pneumoniae penicillin-binding protein PBP2B5	core	AMR	AMR-SUSCEPTIBLE	BETA-LACTAM	BETA-LACTAM	WP_061634854.1		No	VJH99099.1	FHTX02000001.1	-	155743	157785							pbp2b	2026-08-07.1
pbp2x_M339T	pbp2x	Streptococcus_pneumoniae	penicillin-binding protein 2X	core	AMR	POINT	BETA-LACTAM	BETA-LACTAM	WP_050199044.1	NZ_CFEG01000005.1	No	CEX17384.1	CFEG01000005.1	-	3853	6105	-	3853	6105	18394970				2026-08-07.1
pbp2x_I371T	pbp2x	Streptococcus_pneumoniae	penicillin-binding protein 2X	core	AMR	POINT	BETA-LACTAM	BETA-LACTAM	WP_050199044.1	NZ_CFEG01000005.1	No	CEX17384.1	CFEG01000005.1	-	3853	6105	-	3853	6105	18394970				2026-08-07.1
pbp2x_M400T	pbp2x	Streptococcus_pneumoniae	penicillin-binding protein 2X	core	AMR	POINT	BETA-LACTAM	BETA-LACTAM	WP_050199044.1	NZ_CFEG01000005.1	No	CEX17384.1	CFEG01000005.1	-	3853	6105	-	3853	6105	18394970				2026-08-07.1
pbp2x_N514H	pbp2x	Streptococcus_pneumoniae	penicillin-binding protein 2X	core	AMR	POINT	BETA-LACTAM	BETA-LACTAM	WP_050199044.1	NZ_CFEG01000005.1	No	CEX17384.1	CFEG01000005.1	-	3853	6105	-	3853	6105	18394970				2026-08-07.1
pbp2x_L546V	pbp2x	Streptococcus_pneumoniae	penicillin-binding protein 2X	core	AMR	POINT	BETA-LACTAM	BETA-LACTAM	WP_050199044.1	NZ_CFEG01000005.1	No	CEX17384.1	CFEG01000005.1	-	3853	6105	-	3853	6105	18394970				2026-08-07.1
pbp2x_N605T	pbp2x	Streptococcus_pneumoniae	penicillin-binding protein 2X	core	AMR	POINT	BETA-LACTAM	BETA-LACTAM	WP_050199044.1	NZ_CFEG01000005.1	No	CEX17384.1	CFEG01000005.1	-	3853	6105	-	3853	6105	18394970				2026-08-07.1
	pbp2x	Streptococcus_pneumoniae	Streptococcus pneumoniae penicillin-binding protein PBP2X59	core	AMR	AMR-SUSCEPTIBLE	BETA-LACTAM	BETA-LACTAM	WP_000872264.1		No	EJH07906.1	ALCO01000001.1	+	296114	298366							pbp2x	2026-08-07.1
	pbp2x	Streptococcus_pneumoniae	Streptococcus pneumoniae penicillin-binding protein PBP2X2	core	AMR	AMR-SUSCEPTIBLE	BETA-LACTAM	BETA-LACTAM	WP_000872267.1		No	OIB10928.1	MLGJ01000011.1	+	28545	30797							pbp2x	2026-08-07.1
	pbp2x	Streptococcus_pneumoniae	Streptococcus pneumoniae penicillin-binding protein PBP2X4	core	AMR	AMR-SUSCEPTIBLE	BETA-LACTAM	BETA-LACTAM	WP_000872270.1		No	NMG91507.1	JAAAQR010000224.1	-	8712	10964							pbp2x	2026-08-07.1
	pbp2x	Streptococcus_pneumoniae	Streptococcus pneumoniae penicillin-binding protein PBP2X0	core	AMR	AMR-SUSCEPTIBLE	BETA-LACTAM	BETA-LACTAM	WP_000872271.1		No	ADM83960.1	CP002121.1	+	331629	333881							pbp2x	2026-08-07.1
	pbp2x	Streptococcus_pneumoniae	Streptococcus pneumoniae penicillin-binding protein PBP2X10	core	AMR	AMR-SUSCEPTIBLE	BETA-LACTAM	BETA-LACTAM	WP_000872273.1		No	CTF03593.1	CNXL02000011.1	+	142548	144800							pbp2x	2026-08-07.1
	pbp2x	Streptococcus_pneumoniae	Streptococcus pneumoniae penicillin-binding protein PBP2X3	core	AMR	AMR-SUSCEPTIBLE	BETA-LACTAM	BETA-LACTAM	WP_000872275.1		No	AAK74511.1	AE005672.3	+	306880	309132							pbp2x	2026-08-07.1
	pbp2x	Streptococcus_pneumoniae	Streptococcus pneumoniae penicillin-binding protein PBP2X6	core	AMR	AMR-SUSCEPTIBLE	BETA-LACTAM	BETA-LACTAM	WP_000872277.1		No	SUO05487.1	UHGH01000001.1	+	314812	317064							pbp2x	2026-08-07.1
	pbp2x	Streptococcus_pneumoniae	Streptococcus pneumoniae penicillin-binding protein PBP2X5	core	AMR	AMR-SUSCEPTIBLE	BETA-LACTAM	BETA-LACTAM	WP_000872282.1		No	VDG79030.1	UYIP01000001.1	-	1374745	1376997							pbp2x	2026-08-07.1
	pbp2x	Streptococcus_pneumoniae	Streptococcus pneumoniae penicillin-binding protein PBP2X23	core	AMR	AMR-SUSCEPTIBLE	BETA-LACTAM	BETA-LACTAM	WP_033707918.1		No	KYA87151.1	LJMO01000139.1	+	23601	25853							pbp2x	2026-08-07.1
	pbp2x	Streptococcus_pneumoniae	Streptococcus pneumoniae penicillin-binding protein PBP2X27	core	AMR	AMR-SUSCEPTIBLE	BETA-LACTAM	BETA-LACTAM	WP_050293540.1		No	OCQ83618.1	LWGW01000042.1	+	29068	31320							pbp2x	2026-08-07.1
	pbp2x	Streptococcus_pneumoniae	Streptococcus pneumoniae penicillin-binding protein PBP2X12	core	AMR	AMR-SUSCEPTIBLE	BETA-LACTAM	BETA-LACTAM	WP_054364452.1		No	CTH70606.1	CNPV02000129.1	+	63769	66021							pbp2x	2026-08-07.1
	pbp2x	Streptococcus_pneumoniae	Streptococcus pneumoniae penicillin-binding protein PBP2X17	core	AMR	AMR-SUSCEPTIBLE	BETA-LACTAM	BETA-LACTAM	WP_061745305.1		No	VMM09393.1	FHSK02000014.1	+	32010	34262							pbp2x	2026-08-07.1
rplD_WR65del	rplD	Streptococcus_pneumoniae	50S ribosomal protein L4	core	AMR	POINT	MACROLIDE/OXAZOLIDINONE/PHENICOL	AZITHROMYCIN/CHLORAMPHENICOL/CLARITHROMYCIN/ERYTHROMYCIN/LINEZOLID	WP_000024543.1		No	CAG5729792.1	CAJRQK010000002.1	-	123863	124486				16048983				2026-08-07.1
rplD_KG68del	rplD	Streptococcus_pneumoniae	50S ribosomal protein L4	core	AMR	POINT	MACROLIDE/OXAZOLIDINONE/PHENICOL	AZITHROMYCIN/CHLORAMPHENICOL/CLARITHROMYCIN/ERYTHROMYCIN/LINEZOLID	WP_000024543.1		No	CAG5729792.1	CAJRQK010000002.1	-	123863	124486				16048983				2026-08-07.1
folP_F25I	folP	Streptococcus_pyogenes	dihydropteroate synthase FolP	core	AMR	POINT	SULFONAMIDE	SULFONAMIDE	WP_011017740.1	NC_003485.1	No	AAL97684.1	AE009949.1	+	878482	879282	+	878482	879282	9593127				2026-08-07.1
folP_R213G	folP	Streptococcus_pyogenes	dihydropteroate synthase FolP	core	AMR	POINT	SULFONAMIDE	SULFONAMIDE	WP_011017740.1	NC_003485.1	No	AAL97684.1	AE009949.1	+	878482	879282	+	878482	879282	12820799,14506050				2026-08-07.1
pbp2x_P601L	pbp2x	Streptococcus_pyogenes	penicillin-binding protein 2X	core	AMR	POINT	BETA-LACTAM	BETA-LACTAM	WP_032462817.1	NZ_CP010450.1	No	AKZ52543.1	CP010450.1	-	1277189	1279444	-	1277189	1279444	31996443				2026-08-07.1
gyrA_S83I	gyrA	Vibrio_cholerae	DNA gyrase subunit A GyrA	core	AMR	POINT	QUINOLONE	QUINOLONE	WP_001281183.1	NZ_ACHY01000018.1	No	EEO12360.1	ACHY01000018.1	+	252429	255113	+	252429	255113	12121955				2026-08-07.1
gyrA_D87N	gyrA	Vibrio_cholerae	DNA gyrase subunit A GyrA	core	AMR	POINT	QUINOLONE	QUINOLONE	WP_001281183.1	NZ_ACHY01000018.1	No	EEO12360.1	ACHY01000018.1	+	252429	255113	+	252429	255113	23643392				2026-08-07.1
parC_S85I	parC	Vibrio_cholerae	DNA topoisomerase IV subunit A ParC	core	AMR	POINT	QUINOLONE	QUINOLONE	WP_001960919.1	NZ_AIJR01000072.1	No	EKY32321.1	AIJR01000072.1	-	7466	9751	-	7466	9751	24867982				2026-08-07.1
parC_S85L	parC	Vibrio_cholerae	DNA topoisomerase IV subunit A ParC	core	AMR	POINT	QUINOLONE	QUINOLONE	WP_001960919.1	NZ_AIJR01000072.1	No	EKY32321.1	AIJR01000072.1	-	7466	9751	-	7466	9751	12121955				2026-08-07.1
parE_D420N	parE	Vibrio_cholerae	DNA topoisomerase IV subunit B ParE	core	AMR	POINT	QUINOLONE	QUINOLONE	WP_010445819.1		No	AFK29135.1	JQ677134.1	+	4618	6498				23643392				2026-08-07.1
parE_P439S	parE	Vibrio_cholerae	DNA topoisomerase IV subunit B ParE	core	AMR	POINT	QUINOLONE	QUINOLONE	WP_010445819.1		No	AFK29135.1	JQ677134.1	+	4618	6498				23643392				2026-08-07.1
gyrA_S83F	gyrA	Vibrio_parahaemolyticus	DNA gyrase subunit A GyrA	core	AMR	POINT	QUINOLONE	QUINOLONE	WP_005494728.1	NZ_CP009982.1	No	AKU54609.1	CP009982.1	+	1215090	1217726	+	1215090	1217726	31794931				2026-08-07.1
gyrA_S83I	gyrA	Vibrio_parahaemolyticus	DNA gyrase subunit A GyrA	core	AMR	POINT	QUINOLONE	QUINOLONE	WP_005494728.1	NZ_CP009982.1	No	AKU54609.1	CP009982.1	+	1215090	1217726	+	1215090	1217726	10223929				2026-08-07.1
parC_S85F	parC	Vibrio_parahaemolyticus	DNA topoisomerase IV subunit A ParC	core	AMR	POINT	QUINOLONE	QUINOLONE	WP_005482017.1	NZ_CP007004.1	No	AHI98384.1	CP007004.1	+	448539	450824	+	448539	450824	10223929				2026-08-07.1
parC_S85L	parC	Vibrio_parahaemolyticus	DNA topoisomerase IV subunit A ParC	core	AMR	POINT	QUINOLONE	QUINOLONE	WP_005482017.1	NZ_CP007004.1	No	AHI98384.1	CP007004.1	+	448539	450824	+	448539	450824	31794931				2026-08-07.1
gyrA_S83I	gyrA	Vibrio_vulnificus	DNA gyrase subunit A GyrA	core	AMR	POINT	QUINOLONE	QUINOLONE	WP_039540073.1	NZ_CP016321.1	No	ASC56713.1	CP016321.1	+	1117373	1120084	+	1117373	1120084	19218407				2026-08-07.1
gyrA_S83R	gyrA	Vibrio_vulnificus	DNA gyrase subunit A GyrA	core	AMR	POINT	QUINOLONE	QUINOLONE	WP_039540073.1	NZ_CP016321.1	No	ASC56713.1	CP016321.1	+	1117373	1120084	+	1117373	1120084	19218407				2026-08-07.1
parC_S85L	parC	Vibrio_vulnificus	DNA topoisomerase IV subunit A ParC	core	AMR	POINT	QUINOLONE	QUINOLONE	WP_011078689.1	NC_004459.3	No	AAO09120.1	AE016795.3	-	617399	619684	-	617399	619684	19218407				2026-08-07.1
