Organism	Gene Name	Mutation	Phenotype	Assertion	Reference	_n_support	_flags	_citations	_pmids	_chunk_ids	_markers	_standard_notation	_as_written	_query_id	_template	_template_version	_template_hash	_model	_collection	_top_k	_retrieval_mode	_retrieved_at	_request_id	_generator	_llm_endpoint	_prompt_hash
Staphylococcus aureus	acrB		Antimicrobial resistance	Reported	1	3	missing:Mutation	Harshad Lade et al. Antibiotics PMID:33917043; João Anes et al. Frontiers in Microbiology (2019) PMID:30814979; Siyan Lian et al. BMC Microbiology PMID:39342086	33917043;30814979;39342086	88bf9f33-6449-59d7-8ed6-105d0d9593bd;af0cd47c-ab0f-5e92-a6e7-3e6fba523810;521d33d0-3112-557e-8926-e87535c7405a	1;27;30			4fcc1f22e78f	mutation	2	84cd8501d39dfaa4	Qwen/Qwen3.6-35B-A3B	open-access	50	hybrid	2026-09-18T11:41:30Z		local	http://mango.cels.anl.gov:8004/v1	05438fc4f1f5572f
Enterobacter cloacae	acrB		Antimicrobial resistance (colistin heteroresistance); Tigecycline resistance (overexpression); Antimicrobial resistance (efflux pump component)	reported; measured	[9]	8	missing:Mutation;merged_variants:Phenotype;merged_variants:Assertion	Yinhuan Ding et al. Frontiers in Microbiology (2023) PMID:37601369; Lukasz Korczak et al. Frontiers in Cellular and Infection Microbiology (2024) PMID:38655285; Lukasz Korczak et al. Frontiers in Cellular and Infection Microbiology (2026) PMID:41822337; Marc Gaona et al. PLOS One PMID:40063617; Frédéric Raymond et al. The ISME Journal (2015) PMID:26359913; Layla Tajer et al. Microorganisms PMID:39065030; Xin Zhang et al. Frontiers in Microbiology (2017) PMID:29276505; Mitali Mishra et al. Frontiers in Microbiology (2018) PMID:29780364	37601369;38655285;41822337;40063617;26359913;39065030;29276505;29780364	e5c77e46-38cd-5262-af78-4d19844d4853;ee780c36-c996-5177-917e-2d280069ae4a;1a8f570d-f371-5069-a3bd-d1bae9a57485;00b88633-79a9-5745-bd14-b25ff3f5e02b;dbdea9e0-837b-51a3-8e67-99f091d687cf;01c18bae-6a5b-533a-8736-a6a4a3a78e94;3a92123c-5217-5ae4-8dca-7667682e54a5;389cf02b-5123-5e8d-a252-88f575669779	3;4;9;13;15;17;27;44			8258a808d992	mutation	2	84cd8501d39dfaa4	Qwen/Qwen3.6-35B-A3B	open-access	50	hybrid	2026-09-18T11:41:31Z		local	http://mango.cels.anl.gov:8004/v1	a62a251c0675553a
Escherichia coli	acrB	H596N	Antimicrobial resistance (predicted impact on substrate transport)	predicted	[7]	1		Simone Giuliano et al. Scientific Reports PMID:40595049	40595049	535064e1-4175-5fb9-b796-4f693aee7e70	7	H596N	p.His596Asn	ca8258905a3d	mutation	2	84cd8501d39dfaa4	Qwen/Qwen3.6-35B-A3B	open-access	50	hybrid	2026-09-18T11:41:33Z		local	http://mango.cels.anl.gov:8004/v1	8d61438c23b81e27
Escherichia coli	acrB	S1043N	Antimicrobial resistance (unknown role)	reported	[7]	1		Simone Giuliano et al. Scientific Reports PMID:40595049	40595049	535064e1-4175-5fb9-b796-4f693aee7e70	7	S1043N	p.Ser1043Asn	ca8258905a3d	mutation	2	84cd8501d39dfaa4	Qwen/Qwen3.6-35B-A3B	open-access	50	hybrid	2026-09-18T11:41:33Z		local	http://mango.cels.anl.gov:8004/v1	8d61438c23b81e27
Escherichia coli	acrB	V139F	Antimicrobial resistance	reported	[34]	1		Martijn Zwama et al. Antibiotics PMID:34201908	34201908	03698625-07ae-5d7e-ab97-89e9dfbf4aa3	34			ca8258905a3d	mutation	2	84cd8501d39dfaa4	Qwen/Qwen3.6-35B-A3B	open-access	50	hybrid	2026-09-18T11:41:33Z		local	http://mango.cels.anl.gov:8004/v1	8d61438c23b81e27
Escherichia coli	acrB	G288S/M/C	Antimicrobial resistance	reported	[34]	1		Martijn Zwama et al. Antibiotics PMID:34201908	34201908	03698625-07ae-5d7e-ab97-89e9dfbf4aa3	34			ca8258905a3d	mutation	2	84cd8501d39dfaa4	Qwen/Qwen3.6-35B-A3B	open-access	50	hybrid	2026-09-18T11:41:33Z		local	http://mango.cels.anl.gov:8004/v1	8d61438c23b81e27
Escherichia coli	acrB	A279T	Increased 1-Hexene tolerance; Antimicrobial resistance	reported	[34]	2	merged_variants:Phenotype	Martijn Zwama et al. Antibiotics PMID:34201908	34201908	03698625-07ae-5d7e-ab97-89e9dfbf4aa3	34			ca8258905a3d	mutation	2	84cd8501d39dfaa4	Qwen/Qwen3.6-35B-A3B	open-access	50	hybrid	2026-09-18T11:41:33Z		local	http://mango.cels.anl.gov:8004/v1	8d61438c23b81e27
Escherichia coli	acrB	F617L	Increased 1-Hexene tolerance	reported	[34]	1		Martijn Zwama et al. Antibiotics PMID:34201908	34201908	03698625-07ae-5d7e-ab97-89e9dfbf4aa3	34			ca8258905a3d	mutation	2	84cd8501d39dfaa4	Qwen/Qwen3.6-35B-A3B	open-access	50	hybrid	2026-09-18T11:41:33Z		local	http://mango.cels.anl.gov:8004/v1	8d61438c23b81e27
Escherichia coli	acrB	F610A	Reduced efflux of 1,2′-dinaphthylamine	reported	[30]	1		Jürgen A. Bohnert et al. PLoS ONE PMID:21698261	21698261	15d17c86-b6e8-5c64-af8c-526f1b270cf8	30			ca8258905a3d	mutation	2	84cd8501d39dfaa4	Qwen/Qwen3.6-35B-A3B	open-access	50	hybrid	2026-09-18T11:41:33Z		local	http://mango.cels.anl.gov:8004/v1	8d61438c23b81e27
Escherichia coli	acrB	F628A	Reduced efflux of 1,2′-dinaphthylamine	reported	[30]	1		Jürgen A. Bohnert et al. PLoS ONE PMID:21698261	21698261	15d17c86-b6e8-5c64-af8c-526f1b270cf8	30			ca8258905a3d	mutation	2	84cd8501d39dfaa4	Qwen/Qwen3.6-35B-A3B	open-access	50	hybrid	2026-09-18T11:41:33Z		local	http://mango.cels.anl.gov:8004/v1	8d61438c23b81e27
Escherichia coli	acrB	F615A	Reduced efflux of 1,2′-dinaphthylamine	reported	[30]	1		Jürgen A. Bohnert et al. PLoS ONE PMID:21698261	21698261	15d17c86-b6e8-5c64-af8c-526f1b270cf8	30			ca8258905a3d	mutation	2	84cd8501d39dfaa4	Qwen/Qwen3.6-35B-A3B	open-access	50	hybrid	2026-09-18T11:41:33Z		local	http://mango.cels.anl.gov:8004/v1	8d61438c23b81e27
Escherichia coli	acrB	F136A	Reduced efflux of 1,2′-dinaphthylamine	reported	[30]	1		Jürgen A. Bohnert et al. PLoS ONE PMID:21698261	21698261	15d17c86-b6e8-5c64-af8c-526f1b270cf8	30			ca8258905a3d	mutation	2	84cd8501d39dfaa4	Qwen/Qwen3.6-35B-A3B	open-access	50	hybrid	2026-09-18T11:41:33Z		local	http://mango.cels.anl.gov:8004/v1	8d61438c23b81e27
Escherichia coli	acrB	F178A	Reduced efflux of 1,2′-dinaphthylamine	reported	[30]	1		Jürgen A. Bohnert et al. PLoS ONE PMID:21698261	21698261	15d17c86-b6e8-5c64-af8c-526f1b270cf8	30			ca8258905a3d	mutation	2	84cd8501d39dfaa4	Qwen/Qwen3.6-35B-A3B	open-access	50	hybrid	2026-09-18T11:41:33Z		local	http://mango.cels.anl.gov:8004/v1	8d61438c23b81e27
Escherichia coli	acrB	D408A	Inactivation of AcrB	reported	[40]	1		Maria Laura Ciusa et al. Journal of Antimicrobial Chemotherapy PMID:34897478	34897478	cd9a4600-e6a3-5579-951f-236de32b77c0	40			ca8258905a3d	mutation	2	84cd8501d39dfaa4	Qwen/Qwen3.6-35B-A3B	open-access	50	hybrid	2026-09-18T11:41:33Z		local	http://mango.cels.anl.gov:8004/v1	8d61438c23b81e27
Escherichia coli	acrB	G288D	Resistance to ciprofloxacin	reported	[27]	2		Gang Zhou et al. International Journal of Molecular Sciences PMID:26370986; Martijn Zwama et al. Antibiotics PMID:34201908	26370986;34201908	7e5769f4-a0ed-5b92-b7a4-856ee692d111;ece6e9e0-0c82-5653-bd0c-2af004add77d	22;27			ca8258905a3d	mutation	2	84cd8501d39dfaa4	Qwen/Qwen3.6-35B-A3B	open-access	50	hybrid	2026-09-18T11:41:33Z		local	http://mango.cels.anl.gov:8004/v1	8d61438c23b81e27
Salmonella	acrB	R717L	Antimicrobial resistance (azithromycin, erythromycin); Antimicrobial resistance (azithromycin)	measured; reported	[1]	6	merged_variants:Phenotype;merged_variants:Assertion	Yogesh Hooda et al. PLoS Neglected Tropical Diseases PMID:31730615; Sophie Octavia et al. Emerging Infectious Diseases PMID:33496224; Martijn Zwama et al. Antibiotics PMID:34201908; Xinya Xie et al. Frontiers in Cellular and Infection Microbiology (2025) PMID:41078357	31730615;33496224;34201908;41078357	dcc89ee3-ae39-50f7-8a30-bff25db0939e;ad70a81e-3750-5637-b9b3-a80460677471;934c5347-c47b-593a-bdc9-b1b3440c99b6;04c1a596-7df5-5edd-b3a9-9a6e932ea951;d955f6ad-1099-5ee2-acca-3a734c780cda;3310d3cb-c545-5a75-afc3-1ebb07cde5d2	1;10;13;17;21;24			535e88cec961	mutation	2	84cd8501d39dfaa4	Qwen/Qwen3.6-35B-A3B	open-access	50	hybrid	2026-09-18T11:41:36Z		local	http://mango.cels.anl.gov:8004/v1	d54f9d08c47a345e
Salmonella	acrB	R717Q	Antimicrobial resistance (azithromycin)	reported; measured	[1]	6	merged_variants:Assertion	Yogesh Hooda et al. PLoS Neglected Tropical Diseases PMID:31730615; Sophie Octavia et al. Emerging Infectious Diseases PMID:33496224; Martijn Zwama et al. Antibiotics PMID:34201908	31730615;33496224;34201908	dcc89ee3-ae39-50f7-8a30-bff25db0939e;94a7fbb4-5b52-5ab3-99b2-3b2e31ab1bf7;ad70a81e-3750-5637-b9b3-a80460677471;934c5347-c47b-593a-bdc9-b1b3440c99b6;04c1a596-7df5-5edd-b3a9-9a6e932ea951;d955f6ad-1099-5ee2-acca-3a734c780cda	1;10;13;14;17;24			535e88cec961	mutation	2	84cd8501d39dfaa4	Qwen/Qwen3.6-35B-A3B	open-access	50	hybrid	2026-09-18T11:41:36Z		local	http://mango.cels.anl.gov:8004/v1	d54f9d08c47a345e
Salmonella	acrB	G288D	Antimicrobial resistance (fluoroquinolones, ciprofloxacin)	reported	[3]	3		Rachel M. Johnson et al. Microorganisms PMID:32585951; Martijn Zwama et al. Antibiotics PMID:34201908	32585951;34201908	c50f85c7-de77-517c-986d-7005552614f5;bb6d4778-fc10-5f74-9caf-c00b74c24ab5;ece6e9e0-0c82-5653-bd0c-2af004add77d	3;11;12			535e88cec961	mutation	2	84cd8501d39dfaa4	Qwen/Qwen3.6-35B-A3B	open-access	50	hybrid	2026-09-18T11:41:36Z		local	http://mango.cels.anl.gov:8004/v1	d54f9d08c47a345e
Salmonella	acrB	F28L	Antimicrobial resistance (multidrug)	reported	[29]	6		Syahidiah Syed Abu Thahir et al. Antibiotics PMID:37627750	37627750	e94b6225-070e-5a76-9bd7-1c6f547b346a;9d741a1f-ae49-5e75-beed-82ac38ff5b69;d9195a82-f961-568a-907c-fe09d05a6fba;6df6d9e9-d462-5296-a16f-185d53aecb7f;1bc9fd99-f2c8-51ea-a699-e5e66cc2debb;8ed372d5-c3d4-5b8c-8af5-7c4a700e8705	29;33;34;35;36;42			535e88cec961	mutation	2	84cd8501d39dfaa4	Qwen/Qwen3.6-35B-A3B	open-access	50	hybrid	2026-09-18T11:41:36Z		local	http://mango.cels.anl.gov:8004/v1	d54f9d08c47a345e
Salmonella	acrB	L40P	Antimicrobial resistance (multidrug)	reported	[29]	6		Syahidiah Syed Abu Thahir et al. Antibiotics PMID:37627750	37627750	e94b6225-070e-5a76-9bd7-1c6f547b346a;9d741a1f-ae49-5e75-beed-82ac38ff5b69;d9195a82-f961-568a-907c-fe09d05a6fba;6df6d9e9-d462-5296-a16f-185d53aecb7f;1bc9fd99-f2c8-51ea-a699-e5e66cc2debb;8ed372d5-c3d4-5b8c-8af5-7c4a700e8705	29;33;34;35;36;42			535e88cec961	mutation	2	84cd8501d39dfaa4	Qwen/Qwen3.6-35B-A3B	open-access	50	hybrid	2026-09-18T11:41:36Z		local	http://mango.cels.anl.gov:8004/v1	d54f9d08c47a345e
Acinetobacter baumannii	adeL	mutation	activating drug egress pump regulator AdeL, driving persistence in presence of antibiotic; overexpression of AdeFGH efflux system and multidrug resistance; overexpression of AdeFGH and multidrug resistance	reported	[19]	8	merged_variants:Phenotype	Ignasi Roca et al. Frontiers in Microbiology (2012) PMID:22536199; Diego Lucas Neres Rodrigues et al. Antibiotics PMID:34069870; Soroosh Monem et al. International Journal of Molecular Sciences PMID:32752093; Guiqiu Li et al. Frontiers in Microbiology (2025) PMID:41140395; Wenwen Huo et al. Nature Microbiology PMID:35618774; Qi Liu et al. Journal of Antimicrobial Chemotherapy PMID:29481596	22536199;34069870;32752093;41140395;35618774;29481596	44ead138-8e32-576c-b361-b5e0abffbc42;45cef6e1-1587-58fa-8608-69927bcd57ab;3bb21a03-ecd1-5118-a2d1-e76103d22dc4;041214e5-aa54-5be4-ab54-98415fcd3b53;fef267e0-08f0-5232-8957-f57ff8da5de0;86aaac8b-a42d-5ec9-8f3a-98f5e4a144c8;6f0b979f-ed35-5fba-b100-362d58c58ca5;2502224e-81a4-5386-b166-cd3d2b87f77e	2;5;6;8;9;11;12;19			279952d12692	mutation	2	84cd8501d39dfaa4	Qwen/Qwen3.6-35B-A3B	open-access	50	hybrid	2026-09-18T11:41:38Z		local	http://mango.cels.anl.gov:8004/v1	93a9365b4d719585
Acinetobacter baumannii	adeL	Transposon insertion	reduced sensitivity to tigecycline (tigecycline resistance)	measured	[7]	3		Ping Wang et al. Antibiotics PMID:36290038	36290038	c89be9f8-996a-5e02-a8b9-7a42fd86c4ca;a09918a6-25ca-52a3-a75c-b8e67b6aa548;63e22c02-4196-5f63-8c2c-0764431294e1	7;10;13			279952d12692	mutation	2	84cd8501d39dfaa4	Qwen/Qwen3.6-35B-A3B	open-access	50	hybrid	2026-09-18T11:41:38Z		local	http://mango.cels.anl.gov:8004/v1	93a9365b4d719585
Acinetobacter baumannii	adeL	M7*	unknown (associated with strain lacking AdeABC)	reported	[23]	1		Maria López et al. Frontiers in Cellular and Infection Microbiology (2017) PMID:28536672	28536672	cd3fd7f6-b42a-5887-8f11-236457c96210	23	M7*	mutation (Met7 → Stop)	279952d12692	mutation	2	84cd8501d39dfaa4	Qwen/Qwen3.6-35B-A3B	open-access	50	hybrid	2026-09-18T11:41:38Z		local	http://mango.cels.anl.gov:8004/v1	93a9365b4d719585
Pseudomonas aeruginosa	amgS	V121G	Reduced susceptibility to aminoglycosides; Increased expression of mexXY efflux pump; Increased MIC for aminoglycosides	measured	[1]	3	merged_variants:Phenotype	Aswin Thacharodi et al. Antibiotics PMID:36671353	36671353	25d89f1b-b2ce-59e4-9b5f-c24819868bf7;33f77d19-4f58-58a2-95c7-4eb606d7c264;9b4059b2-afd9-589b-bf80-ecae93fce1a3	1;4;19			ec2c2db42680	mutation	2	84cd8501d39dfaa4	Qwen/Qwen3.6-35B-A3B	open-access	50	hybrid	2026-09-18T11:41:39Z		local	http://mango.cels.anl.gov:8004/v1	e7f8c6bbc4502fa3
Pseudomonas aeruginosa	amgS	Deletion	Increased susceptibility to kanamycin and amikacin	measured	[10]	1		Xinbo Wang et al. Nucleic Acids Research PMID:40464689	40464689	85c8d6a9-887c-5e82-8bb4-42e30f450790	10			ec2c2db42680	mutation	2	84cd8501d39dfaa4	Qwen/Qwen3.6-35B-A3B	open-access	50	hybrid	2026-09-18T11:41:39Z		local	http://mango.cels.anl.gov:8004/v1	e7f8c6bbc4502fa3
Pseudomonas aeruginosa	amgS	I260V		inferred	[18]	1		Ana Paula Barbosa do Nascimento et al. Scientific Reports PMID:32764694	32764694	0843f9f5-009a-5c90-a889-4ed7980dedb2	18			ec2c2db42680	mutation	2	84cd8501d39dfaa4	Qwen/Qwen3.6-35B-A3B	open-access	50	hybrid	2026-09-18T11:41:39Z		local	http://mango.cels.anl.gov:8004/v1	e7f8c6bbc4502fa3
Burkholderia cepacia	ampD	P39S	antimicrobial resistance	reported	[22]	1		Julio Diaz Caballero et al. PLoS Pathogens PMID:30532201	30532201	d0cf9fe8-81a3-5c2e-9dce-0e021ea40906	22			cc46faa049dd	mutation	2	84cd8501d39dfaa4	Qwen/Qwen3.6-35B-A3B	open-access	50	hybrid	2026-09-18T11:41:39Z		local	http://mango.cels.anl.gov:8004/v1	6409d9e7d461f7b5
Enterobacter cloacae	ampD		Antimicrobial resistance (AmpC hyperproduction)	reported	1	8	missing:Mutation	Matthieu Pot et al. Frontiers in Microbiology (2021) PMID:34248862; Caroline Derrick et al. Antibiotics PMID:32423104; Isabel M. Barceló et al. Scientific Reports PMID:38167986; Elke van Gorp et al. BMC Microbiology PMID:41618131; Mako Watanabe et al. Antibiotics PMID:40868019; Xianggui Yang et al. BMC Microbiology PMID:36443681	34248862;32423104;38167986;41618131;40868019;36443681	4bfb9428-4927-5711-988a-b023f7d5832f;dc384460-b618-5f0a-918e-8e0e898df1df;f150e044-9d80-5b0d-8ff6-f1084eb5937b;ad603a0d-4cc0-5b64-8b8b-00a613f6fcca;1a7b61a6-0380-5937-a8db-39a4a9519dba;a1153893-f4da-5700-9a9c-ec9bcd7dfba7;f7de3eea-7f2f-54a9-a00f-08743d9c68e1;e18c9aa9-b3ef-58d0-9372-1c0979cbd933	1;8;9;11;30;35;37;38			16e3e6f422f0	mutation	2	84cd8501d39dfaa4	Qwen/Qwen3.6-35B-A3B	open-access	50	hybrid	2026-09-18T11:41:42Z		local	http://mango.cels.anl.gov:8004/v1	f718cbdbe0d6652a
Escherichia coli	acrR	AcrR mutation	Resistance to ciprofloxacin, tetracycline, and ceftazidime; Multidrug resistance	reported	[1]	6	merged_variants:Phenotype	Artun Yibar et al. BMC Genomics PMID:39487414; Kandhan Srinivas et al. Frontiers in Microbiology (2025) PMID:40083789; Zaineb Hamzaoui et al. Antibiotics PMID:42192671	39487414;40083789;42192671	ff70d5f0-4421-5d22-a00c-ba0c574184a9;78206e94-76d4-5661-a37d-210785656a76;4dc8ab87-cbf7-501c-bcb9-e9417a592ece;bccba71d-a75f-5763-bbb5-2500c1a026f2;8399ef0b-ea55-581b-b7a8-663e02764769;7515277f-43b0-5e36-8e2a-022adddf9887	1;2;6;7;8;13			69f200dea1b2	mutation	2	84cd8501d39dfaa4	Qwen/Qwen3.6-35B-A3B	open-access	50	hybrid	2026-09-18T11:41:45Z		local	http://mango.cels.anl.gov:8004/v1	3fad275702608620
Escherichia coli	acrR	High-frequency substitutions (R173G, P161R, L195V, K201M)	Multidrug resistance phenotype	reported	[3]	1		Linda Erlina et al. Antibiotics PMID:42041294	42041294	ac082f98-4b54-5e46-ae71-5ad8c491309f	3			69f200dea1b2	mutation	2	84cd8501d39dfaa4	Qwen/Qwen3.6-35B-A3B	open-access	50	hybrid	2026-09-18T11:41:45Z		local	http://mango.cels.anl.gov:8004/v1	3fad275702608620
Escherichia coli	acrR	Mutations widely observed	Quinolone resistance	reported	[4]	1		Shingo Suzuki et al. Nature Communications PMID:25517437	25517437	d15a437d-5650-5be5-b9a5-92b53efebdad	4			69f200dea1b2	mutation	2	84cd8501d39dfaa4	Qwen/Qwen3.6-35B-A3B	open-access	50	hybrid	2026-09-18T11:41:45Z		local	http://mango.cels.anl.gov:8004/v1	3fad275702608620
Escherichia coli	acrR	AcrR with mutation conferring multidrug antibiotic resistance	Multidrug antibiotic resistance	reported	[5]	3		Adrienn Gréta Tóth et al. Antibiotics PMID:34827225; Hengzhong Lun et al. Frontiers in Microbiology (2026) PMID:41859454; Ayman Ahmad Al kraiem et al. Frontiers in Cellular and Infection Microbiology (2019) PMID:31824867	34827225;41859454;31824867	a123d47e-095d-5f69-969a-e66573fdae92;90e2ef23-fae6-578e-8dae-466179b7e8b5;854f81c8-ffdf-58bb-8fbb-93ffd476d4e4	5;21;24			69f200dea1b2	mutation	2	84cd8501d39dfaa4	Qwen/Qwen3.6-35B-A3B	open-access	50	hybrid	2026-09-18T11:41:45Z		local	http://mango.cels.anl.gov:8004/v1	3fad275702608620
Escherichia coli	acrR	G169D	Multidrug resistance	reported	[9]	1		Ádám Kerek et al. Antibiotics PMID:38136762	38136762	1f0ee00a-2a40-598c-9620-a42fd3c5c503	9	G169D	p.Gly169Asp (c.506G>A)	69f200dea1b2	mutation	2	84cd8501d39dfaa4	Qwen/Qwen3.6-35B-A3B	open-access	50	hybrid	2026-09-18T11:41:45Z		local	http://mango.cels.anl.gov:8004/v1	3fad275702608620
Escherichia coli	acrR	Mutation in regulatory gene	Increased multidrug efflux pump activation	reported	[10]	1		Ádám Kerek et al. Antibiotics PMID:38136762	38136762	1b785010-2088-554f-aa50-494ca34c4bef	10			69f200dea1b2	mutation	2	84cd8501d39dfaa4	Qwen/Qwen3.6-35B-A3B	open-access	50	hybrid	2026-09-18T11:41:45Z		local	http://mango.cels.anl.gov:8004/v1	3fad275702608620
Escherichia coli	acrR	High-frequency mutations	Multidrug resistance (fluoroquinolones and tigecycline)	reported	[11]	1		Linda Erlina et al. Antibiotics PMID:42041294	42041294	b5cbfee5-bd42-5ba2-ad08-ecd71382f268	11			69f200dea1b2	mutation	2	84cd8501d39dfaa4	Qwen/Qwen3.6-35B-A3B	open-access	50	hybrid	2026-09-18T11:41:45Z		local	http://mango.cels.anl.gov:8004/v1	3fad275702608620
Escherichia coli	acrR	No missense mutation identified		reported	[12]	1		Simone Giuliano et al. Scientific Reports PMID:40595049	40595049	535064e1-4175-5fb9-b796-4f693aee7e70	12			69f200dea1b2	mutation	2	84cd8501d39dfaa4	Qwen/Qwen3.6-35B-A3B	open-access	50	hybrid	2026-09-18T11:41:45Z		local	http://mango.cels.anl.gov:8004/v1	3fad275702608620
Escherichia coli	acrR	AcrR mutation conferring resistance to ciprofloxacin	Resistance to ciprofloxacin, tetracycline, and ceftazidime	reported	[14]	2		Oluwaseyi Samuel Olanrewaju et al. BMC Genomics PMID:38459466; Kandhan Srinivas et al. Frontiers in Microbiology (2022) PMID:36741902	38459466;36741902	d3dd2271-157e-5aea-954a-5991db9ecdc4;6f679b72-7ed1-599e-be0d-6bea0914991c	14;20			69f200dea1b2	mutation	2	84cd8501d39dfaa4	Qwen/Qwen3.6-35B-A3B	open-access	50	hybrid	2026-09-18T11:41:45Z		local	http://mango.cels.anl.gov:8004/v1	3fad275702608620
Escherichia coli	acrR	tetracycline	Resistance to ciprofloxacin, tetracycline, and ceftazidime	reported	[14]	2		Oluwaseyi Samuel Olanrewaju et al. BMC Genomics PMID:38459466; Kandhan Srinivas et al. Frontiers in Microbiology (2022) PMID:36741902	38459466;36741902	d3dd2271-157e-5aea-954a-5991db9ecdc4;6f679b72-7ed1-599e-be0d-6bea0914991c	14;20			69f200dea1b2	mutation	2	84cd8501d39dfaa4	Qwen/Qwen3.6-35B-A3B	open-access	50	hybrid	2026-09-18T11:41:45Z		local	http://mango.cels.anl.gov:8004/v1	3fad275702608620
Escherichia coli	acrR	and ceftazidime	Resistance to ciprofloxacin, tetracycline, and ceftazidime	reported	[14]	2		Oluwaseyi Samuel Olanrewaju et al. BMC Genomics PMID:38459466; Kandhan Srinivas et al. Frontiers in Microbiology (2022) PMID:36741902	38459466;36741902	d3dd2271-157e-5aea-954a-5991db9ecdc4;6f679b72-7ed1-599e-be0d-6bea0914991c	14;20			69f200dea1b2	mutation	2	84cd8501d39dfaa4	Qwen/Qwen3.6-35B-A3B	open-access	50	hybrid	2026-09-18T11:41:45Z		local	http://mango.cels.anl.gov:8004/v1	3fad275702608620
Escherichia coli	acrR		Multidrug resistance	reported	[15]	3	missing:Mutation	Yongfeng Yu et al. Microorganisms PMID:36557685; Kandhan Srinivas et al. Frontiers in Microbiology (2025) PMID:40083789; Pavel G. Alexyuk et al. Pathogens PMID:39861051	36557685;40083789;39861051	9771697d-662a-5521-a093-1a4d1191a875;8426363c-c42f-51aa-9068-470ba93b8a19;cd14811b-18ad-534e-8bfc-3b05dc31163d	15;18;26			69f200dea1b2	mutation	2	84cd8501d39dfaa4	Qwen/Qwen3.6-35B-A3B	open-access	50	hybrid	2026-09-18T11:41:45Z		local	http://mango.cels.anl.gov:8004/v1	3fad275702608620
Escherichia coli	acrR	Mutations in acrR gene	Fluoroquinolone resistance	reported	[16]	1		Po-Ren Hsueh et al. Emerging Infectious Diseases (2004) PMID:15078598	15078598	51840f7d-2dba-5fcc-a4be-174609fd75de	16			69f200dea1b2	mutation	2	84cd8501d39dfaa4	Qwen/Qwen3.6-35B-A3B	open-access	50	hybrid	2026-09-18T11:41:45Z		local	http://mango.cels.anl.gov:8004/v1	3fad275702608620
Escherichia coli	acrR	P161R	Fluoroquinolone resistance	reported	[17]	2		Mehwish Rizvi et al. Microorganisms PMID:40732086; Nehal Adel Abdelsalam et al. BMC Infectious Diseases PMID:39438795	40732086;39438795	42e23c3e-f081-5385-93cc-67ae4b036a04;96ed6da5-6a17-5f72-9c99-d12ad11dfd0a	17;23	P161R	p.P161R	69f200dea1b2	mutation	2	84cd8501d39dfaa4	Qwen/Qwen3.6-35B-A3B	open-access	50	hybrid	2026-09-18T11:41:45Z		local	http://mango.cels.anl.gov:8004/v1	3fad275702608620
Escherichia coli	acrR	G164A	Fluoroquinolone resistance	reported	[17]	2		Mehwish Rizvi et al. Microorganisms PMID:40732086; Nehal Adel Abdelsalam et al. BMC Infectious Diseases PMID:39438795	40732086;39438795	42e23c3e-f081-5385-93cc-67ae4b036a04;96ed6da5-6a17-5f72-9c99-d12ad11dfd0a	17;23	G164A	p.G164A	69f200dea1b2	mutation	2	84cd8501d39dfaa4	Qwen/Qwen3.6-35B-A3B	open-access	50	hybrid	2026-09-18T11:41:45Z		local	http://mango.cels.anl.gov:8004/v1	3fad275702608620
Escherichia coli	acrR	F172S	Fluoroquinolone resistance	reported	[17]	2		Mehwish Rizvi et al. Microorganisms PMID:40732086; Nehal Adel Abdelsalam et al. BMC Infectious Diseases PMID:39438795	40732086;39438795	42e23c3e-f081-5385-93cc-67ae4b036a04;96ed6da5-6a17-5f72-9c99-d12ad11dfd0a	17;23	F172S	p.F172S	69f200dea1b2	mutation	2	84cd8501d39dfaa4	Qwen/Qwen3.6-35B-A3B	open-access	50	hybrid	2026-09-18T11:41:45Z		local	http://mango.cels.anl.gov:8004/v1	3fad275702608620
Escherichia coli	acrR	R173G	Fluoroquinolone resistance	reported	[17]	2		Mehwish Rizvi et al. Microorganisms PMID:40732086; Nehal Adel Abdelsalam et al. BMC Infectious Diseases PMID:39438795	40732086;39438795	42e23c3e-f081-5385-93cc-67ae4b036a04;96ed6da5-6a17-5f72-9c99-d12ad11dfd0a	17;23	R173G	p.R173G	69f200dea1b2	mutation	2	84cd8501d39dfaa4	Qwen/Qwen3.6-35B-A3B	open-access	50	hybrid	2026-09-18T11:41:45Z		local	http://mango.cels.anl.gov:8004/v1	3fad275702608620
Escherichia coli	acrR	L195V	Fluoroquinolone resistance	reported	[17]	2		Mehwish Rizvi et al. Microorganisms PMID:40732086; Nehal Adel Abdelsalam et al. BMC Infectious Diseases PMID:39438795	40732086;39438795	42e23c3e-f081-5385-93cc-67ae4b036a04;96ed6da5-6a17-5f72-9c99-d12ad11dfd0a	17;23	L195V	p.L195V	69f200dea1b2	mutation	2	84cd8501d39dfaa4	Qwen/Qwen3.6-35B-A3B	open-access	50	hybrid	2026-09-18T11:41:45Z		local	http://mango.cels.anl.gov:8004/v1	3fad275702608620
Escherichia coli	acrR	F197I	Fluoroquinolone resistance	reported	[17]	2		Mehwish Rizvi et al. Microorganisms PMID:40732086; Nehal Adel Abdelsalam et al. BMC Infectious Diseases PMID:39438795	40732086;39438795	42e23c3e-f081-5385-93cc-67ae4b036a04;96ed6da5-6a17-5f72-9c99-d12ad11dfd0a	17;23	F197I	p.F197I	69f200dea1b2	mutation	2	84cd8501d39dfaa4	Qwen/Qwen3.6-35B-A3B	open-access	50	hybrid	2026-09-18T11:41:45Z		local	http://mango.cels.anl.gov:8004/v1	3fad275702608620
Escherichia coli	acrR	K201M	Fluoroquinolone resistance	reported	[17]	2		Mehwish Rizvi et al. Microorganisms PMID:40732086; Nehal Adel Abdelsalam et al. BMC Infectious Diseases PMID:39438795	40732086;39438795	42e23c3e-f081-5385-93cc-67ae4b036a04;96ed6da5-6a17-5f72-9c99-d12ad11dfd0a	17;23	K201M	p.K201M	69f200dea1b2	mutation	2	84cd8501d39dfaa4	Qwen/Qwen3.6-35B-A3B	open-access	50	hybrid	2026-09-18T11:41:45Z		local	http://mango.cels.anl.gov:8004/v1	3fad275702608620
Escherichia coli	acrR	Mutational resistotypes predicted	Multidrug resistance	reported	[19]	1		Amit Kumar et al. PLOS One PMID:42348609	42348609	fc0fcc5d-057a-5c16-b2fc-8411bdcf896b	19			69f200dea1b2	mutation	2	84cd8501d39dfaa4	Qwen/Qwen3.6-35B-A3B	open-access	50	hybrid	2026-09-18T11:41:45Z		local	http://mango.cels.anl.gov:8004/v1	3fad275702608620
Escherichia coli	acrR	I141T		reported	[25]	1		Yuqiong Li et al. Frontiers in Cellular and Infection Microbiology (2025) PMID:40182765	40182765	bc8e5194-ba84-53f2-99a5-336bdbd0ba26	25			69f200dea1b2	mutation	2	84cd8501d39dfaa4	Qwen/Qwen3.6-35B-A3B	open-access	50	hybrid	2026-09-18T11:41:45Z		local	http://mango.cels.anl.gov:8004/v1	3fad275702608620
Escherichia coli	acrR	C292ins-frameshiftmutation E182*		reported	[25]	1		Yuqiong Li et al. Frontiers in Cellular and Infection Microbiology (2025) PMID:40182765	40182765	bc8e5194-ba84-53f2-99a5-336bdbd0ba26	25			69f200dea1b2	mutation	2	84cd8501d39dfaa4	Qwen/Qwen3.6-35B-A3B	open-access	50	hybrid	2026-09-18T11:41:45Z		local	http://mango.cels.anl.gov:8004/v1	3fad275702608620
Escherichia coli	acrR	2nt Δ(226-227)		reported	[25]	1		Yuqiong Li et al. Frontiers in Cellular and Infection Microbiology (2025) PMID:40182765	40182765	bc8e5194-ba84-53f2-99a5-336bdbd0ba26	25			69f200dea1b2	mutation	2	84cd8501d39dfaa4	Qwen/Qwen3.6-35B-A3B	open-access	50	hybrid	2026-09-18T11:41:45Z		local	http://mango.cels.anl.gov:8004/v1	3fad275702608620
Escherichia coli	acrR	Y147C		reported	[25]	1		Yuqiong Li et al. Frontiers in Cellular and Infection Microbiology (2025) PMID:40182765	40182765	bc8e5194-ba84-53f2-99a5-336bdbd0ba26	25			69f200dea1b2	mutation	2	84cd8501d39dfaa4	Qwen/Qwen3.6-35B-A3B	open-access	50	hybrid	2026-09-18T11:41:45Z		local	http://mango.cels.anl.gov:8004/v1	3fad275702608620
Escherichia coli	acrR	G151D		reported	[25]	1		Yuqiong Li et al. Frontiers in Cellular and Infection Microbiology (2025) PMID:40182765	40182765	bc8e5194-ba84-53f2-99a5-336bdbd0ba26	25			69f200dea1b2	mutation	2	84cd8501d39dfaa4	Qwen/Qwen3.6-35B-A3B	open-access	50	hybrid	2026-09-18T11:41:45Z		local	http://mango.cels.anl.gov:8004/v1	3fad275702608620
Escherichia coli	acrR	A183T		reported	[25]	1		Yuqiong Li et al. Frontiers in Cellular and Infection Microbiology (2025) PMID:40182765	40182765	bc8e5194-ba84-53f2-99a5-336bdbd0ba26	25			69f200dea1b2	mutation	2	84cd8501d39dfaa4	Qwen/Qwen3.6-35B-A3B	open-access	50	hybrid	2026-09-18T11:41:45Z		local	http://mango.cels.anl.gov:8004/v1	3fad275702608620
Escherichia coli	acrR	fs (frameshift)		reported	[27]	1		Hao Chung The et al. Nature Communications PMID:31645551	31645551	a176b41b-235a-5f32-a619-2644fd28995d	27			69f200dea1b2	mutation	2	84cd8501d39dfaa4	Qwen/Qwen3.6-35B-A3B	open-access	50	hybrid	2026-09-18T11:41:45Z		local	http://mango.cels.anl.gov:8004/v1	3fad275702608620
Escherichia coli	acrR	Missense	Tigecycline non-susceptibility	reported	[28]	1		Zhiren Wang et al. Frontiers in Cellular and Infection Microbiology (2024) PMID:39635040	39635040	8f010ff8-c278-5a80-858f-a9e12e13b50d	28			69f200dea1b2	mutation	2	84cd8501d39dfaa4	Qwen/Qwen3.6-35B-A3B	open-access	50	hybrid	2026-09-18T11:41:45Z		local	http://mango.cels.anl.gov:8004/v1	3fad275702608620
Escherichia coli	acrR	nonsense	Tigecycline non-susceptibility	reported	[28]	1		Zhiren Wang et al. Frontiers in Cellular and Infection Microbiology (2024) PMID:39635040	39635040	8f010ff8-c278-5a80-858f-a9e12e13b50d	28			69f200dea1b2	mutation	2	84cd8501d39dfaa4	Qwen/Qwen3.6-35B-A3B	open-access	50	hybrid	2026-09-18T11:41:45Z		local	http://mango.cels.anl.gov:8004/v1	3fad275702608620
Escherichia coli	acrR	insertions	Tigecycline non-susceptibility	reported	[28]	1		Zhiren Wang et al. Frontiers in Cellular and Infection Microbiology (2024) PMID:39635040	39635040	8f010ff8-c278-5a80-858f-a9e12e13b50d	28			69f200dea1b2	mutation	2	84cd8501d39dfaa4	Qwen/Qwen3.6-35B-A3B	open-access	50	hybrid	2026-09-18T11:41:45Z		local	http://mango.cels.anl.gov:8004/v1	3fad275702608620
Escherichia coli	acrR	deletions	Tigecycline non-susceptibility	reported	[28]	1		Zhiren Wang et al. Frontiers in Cellular and Infection Microbiology (2024) PMID:39635040	39635040	8f010ff8-c278-5a80-858f-a9e12e13b50d	28			69f200dea1b2	mutation	2	84cd8501d39dfaa4	Qwen/Qwen3.6-35B-A3B	open-access	50	hybrid	2026-09-18T11:41:45Z		local	http://mango.cels.anl.gov:8004/v1	3fad275702608620
Escherichia coli	acrR	amino acid substitutions	Tigecycline non-susceptibility	reported	[28]	1		Zhiren Wang et al. Frontiers in Cellular and Infection Microbiology (2024) PMID:39635040	39635040	8f010ff8-c278-5a80-858f-a9e12e13b50d	28			69f200dea1b2	mutation	2	84cd8501d39dfaa4	Qwen/Qwen3.6-35B-A3B	open-access	50	hybrid	2026-09-18T11:41:45Z		local	http://mango.cels.anl.gov:8004/v1	3fad275702608620
Escherichia coli	acrR	frame-shift mutations	Tigecycline non-susceptibility	reported	[28]	1		Zhiren Wang et al. Frontiers in Cellular and Infection Microbiology (2024) PMID:39635040	39635040	8f010ff8-c278-5a80-858f-a9e12e13b50d	28			69f200dea1b2	mutation	2	84cd8501d39dfaa4	Qwen/Qwen3.6-35B-A3B	open-access	50	hybrid	2026-09-18T11:41:45Z		local	http://mango.cels.anl.gov:8004/v1	3fad275702608620
Escherichia coli	acrR	Nonsense mutation (AcrR1-121)	Constitutive expression of AcrA and AcrB	reported	[29]	1		Nakjun Choi et al. Virulence (2024) PMID:38899601	38899601	087e8ce1-ce3b-5c14-bd45-20bab283f747	29			69f200dea1b2	mutation	2	84cd8501d39dfaa4	Qwen/Qwen3.6-35B-A3B	open-access	50	hybrid	2026-09-18T11:41:45Z		local	http://mango.cels.anl.gov:8004/v1	3fad275702608620
Escherichia coli	acrR	Single-base deletion at position 362 (premature termination at amino acid 123)	Tigecycline resistance	reported	[32]	1		Jiankang Zhao et al. Frontiers in Cellular and Infection Microbiology (2022) PMID:35899054	35899054	18a13ce4-4e89-5d1f-9e6b-9d0e374cea19	32			69f200dea1b2	mutation	2	84cd8501d39dfaa4	Qwen/Qwen3.6-35B-A3B	open-access	50	hybrid	2026-09-18T11:41:45Z		local	http://mango.cels.anl.gov:8004/v1	3fad275702608620
Escherichia coli	acrR	V29fs	Tigecycline resistance	reported	[43]	1		David Ortega-Paredes et al. Antibiotics PMID:40001449	40001449	b4c66a68-306f-5cbf-8828-c0f96ac195e6	43			69f200dea1b2	mutation	2	84cd8501d39dfaa4	Qwen/Qwen3.6-35B-A3B	open-access	50	hybrid	2026-09-18T11:41:45Z		local	http://mango.cels.anl.gov:8004/v1	3fad275702608620
Burkholderia cepacia	amrR	AmrRG149fs	Antimicrobial resistance (meropenem)	reported	[6]	1		Danielle E. Madden et al. EBioMedicine (2020) PMID:33285499	33285499	356a8f6e-7ff3-556f-9de4-bb8fff9290ed	6			fb2db8e9249f	mutation	2	84cd8501d39dfaa4	Qwen/Qwen3.6-35B-A3B	open-access	50	hybrid	2026-09-18T11:41:47Z		local	http://mango.cels.anl.gov:8004/v1	f24dd84747fe83b0
Burkholderia cepacia	amrR	AmrR∆P81-H223	Antimicrobial resistance (meropenem)	reported	[6]	1		Danielle E. Madden et al. EBioMedicine (2020) PMID:33285499	33285499	356a8f6e-7ff3-556f-9de4-bb8fff9290ed	6			fb2db8e9249f	mutation	2	84cd8501d39dfaa4	Qwen/Qwen3.6-35B-A3B	open-access	50	hybrid	2026-09-18T11:41:47Z		local	http://mango.cels.anl.gov:8004/v1	f24dd84747fe83b0
Burkholderia cepacia	amrR	AmrR∆A128-H223	Antimicrobial resistance (meropenem)	reported	[6]	1		Danielle E. Madden et al. EBioMedicine (2020) PMID:33285499	33285499	356a8f6e-7ff3-556f-9de4-bb8fff9290ed	6			fb2db8e9249f	mutation	2	84cd8501d39dfaa4	Qwen/Qwen3.6-35B-A3B	open-access	50	hybrid	2026-09-18T11:41:47Z		local	http://mango.cels.anl.gov:8004/v1	f24dd84747fe83b0
Pseudomonas aeruginosa	ampR	T105A	Antimicrobial resistance	measured	1	1		Héctor E. A. Méndez et al. BMC Infectious Diseases PMID:41840565	41840565	a6d961ea-fdb0-5a6d-b1c2-8d2f467d3533	1			4728a23b85ab	mutation	2	84cd8501d39dfaa4	Qwen/Qwen3.6-35B-A3B	open-access	50	hybrid	2026-09-18T11:41:47Z		local	http://mango.cels.anl.gov:8004/v1	ab2879fd6ec7e3a7
Pseudomonas aeruginosa	ampR	E114A	Antimicrobial resistance	reported	2	1		Ana M. Rada et al. Frontiers in Microbiology (2021) PMID:34512563	34512563	1980f44f-683f-5efe-9a26-ed4196b8317d	2			4728a23b85ab	mutation	2	84cd8501d39dfaa4	Qwen/Qwen3.6-35B-A3B	open-access	50	hybrid	2026-09-18T11:41:47Z		local	http://mango.cels.anl.gov:8004/v1	ab2879fd6ec7e3a7
Pseudomonas aeruginosa	ampR	S179T	Antimicrobial resistance	reported	2	1		Ana M. Rada et al. Frontiers in Microbiology (2021) PMID:34512563	34512563	1980f44f-683f-5efe-9a26-ed4196b8317d	2			4728a23b85ab	mutation	2	84cd8501d39dfaa4	Qwen/Qwen3.6-35B-A3B	open-access	50	hybrid	2026-09-18T11:41:47Z		local	http://mango.cels.anl.gov:8004/v1	ab2879fd6ec7e3a7
Pseudomonas aeruginosa	ampR	A194S	Antimicrobial resistance	reported	2	1		Ana M. Rada et al. Frontiers in Microbiology (2021) PMID:34512563	34512563	1980f44f-683f-5efe-9a26-ed4196b8317d	2			4728a23b85ab	mutation	2	84cd8501d39dfaa4	Qwen/Qwen3.6-35B-A3B	open-access	50	hybrid	2026-09-18T11:41:47Z		local	http://mango.cels.anl.gov:8004/v1	ab2879fd6ec7e3a7
Pseudomonas aeruginosa	ampR	I251V	Antimicrobial resistance	reported	2	1		Ana M. Rada et al. Frontiers in Microbiology (2021) PMID:34512563	34512563	1980f44f-683f-5efe-9a26-ed4196b8317d	2			4728a23b85ab	mutation	2	84cd8501d39dfaa4	Qwen/Qwen3.6-35B-A3B	open-access	50	hybrid	2026-09-18T11:41:47Z		local	http://mango.cels.anl.gov:8004/v1	ab2879fd6ec7e3a7
Pseudomonas aeruginosa	ampR	G283E	Antimicrobial resistance	reported	2	1		Ana M. Rada et al. Frontiers in Microbiology (2021) PMID:34512563	34512563	1980f44f-683f-5efe-9a26-ed4196b8317d	2			4728a23b85ab	mutation	2	84cd8501d39dfaa4	Qwen/Qwen3.6-35B-A3B	open-access	50	hybrid	2026-09-18T11:41:47Z		local	http://mango.cels.anl.gov:8004/v1	ab2879fd6ec7e3a7
Pseudomonas aeruginosa	ampR	E287G	Antimicrobial resistance	reported	2	1		Ana M. Rada et al. Frontiers in Microbiology (2021) PMID:34512563	34512563	1980f44f-683f-5efe-9a26-ed4196b8317d	2			4728a23b85ab	mutation	2	84cd8501d39dfaa4	Qwen/Qwen3.6-35B-A3B	open-access	50	hybrid	2026-09-18T11:41:47Z		local	http://mango.cels.anl.gov:8004/v1	ab2879fd6ec7e3a7
Pseudomonas aeruginosa	ampR	M288R	Antimicrobial resistance	reported	2	1		Ana M. Rada et al. Frontiers in Microbiology (2021) PMID:34512563	34512563	1980f44f-683f-5efe-9a26-ed4196b8317d	2			4728a23b85ab	mutation	2	84cd8501d39dfaa4	Qwen/Qwen3.6-35B-A3B	open-access	50	hybrid	2026-09-18T11:41:47Z		local	http://mango.cels.anl.gov:8004/v1	ab2879fd6ec7e3a7
Pseudomonas aeruginosa	ampR	M288Q	Antimicrobial resistance	reported	2	1		Ana M. Rada et al. Frontiers in Microbiology (2021) PMID:34512563	34512563	1980f44f-683f-5efe-9a26-ed4196b8317d	2			4728a23b85ab	mutation	2	84cd8501d39dfaa4	Qwen/Qwen3.6-35B-A3B	open-access	50	hybrid	2026-09-18T11:41:47Z		local	http://mango.cels.anl.gov:8004/v1	ab2879fd6ec7e3a7
Pseudomonas aeruginosa	ampR	A290V	Antimicrobial resistance	reported	2	1		Ana M. Rada et al. Frontiers in Microbiology (2021) PMID:34512563	34512563	1980f44f-683f-5efe-9a26-ed4196b8317d	2			4728a23b85ab	mutation	2	84cd8501d39dfaa4	Qwen/Qwen3.6-35B-A3B	open-access	50	hybrid	2026-09-18T11:41:47Z		local	http://mango.cels.anl.gov:8004/v1	ab2879fd6ec7e3a7
Pseudomonas aeruginosa	ampR	V291L	Antimicrobial resistance	reported	2	1		Ana M. Rada et al. Frontiers in Microbiology (2021) PMID:34512563	34512563	1980f44f-683f-5efe-9a26-ed4196b8317d	2			4728a23b85ab	mutation	2	84cd8501d39dfaa4	Qwen/Qwen3.6-35B-A3B	open-access	50	hybrid	2026-09-18T11:41:47Z		local	http://mango.cels.anl.gov:8004/v1	ab2879fd6ec7e3a7
Pseudomonas aeruginosa	ampR	A293S	Antimicrobial resistance	reported	2	1		Ana M. Rada et al. Frontiers in Microbiology (2021) PMID:34512563	34512563	1980f44f-683f-5efe-9a26-ed4196b8317d	2			4728a23b85ab	mutation	2	84cd8501d39dfaa4	Qwen/Qwen3.6-35B-A3B	open-access	50	hybrid	2026-09-18T11:41:47Z		local	http://mango.cels.anl.gov:8004/v1	ab2879fd6ec7e3a7
Pseudomonas aeruginosa	ampR	D135N	Antimicrobial resistance	reported; measured	4	4	merged_variants:Assertion	Carla López-Causapé et al. Frontiers in Microbiology (2018) PMID:29681898; T. Nicholas Domitrovic et al. Open Forum Infectious Diseases PMID:29057280	29681898;29057280	38efc52a-f83f-534d-a58d-2c7281a233f5;0b3c5ac6-aff7-56d9-817d-7e2d473f1e88;230ffa91-fccb-5fef-8a99-483a4bf5095a;67f2d799-5902-531e-b550-f03d733b909f	4;6;10;39			4728a23b85ab	mutation	2	84cd8501d39dfaa4	Qwen/Qwen3.6-35B-A3B	open-access	50	hybrid	2026-09-18T11:41:47Z		local	http://mango.cels.anl.gov:8004/v1	ab2879fd6ec7e3a7
Pseudomonas aeruginosa	ampR	R154H	Antimicrobial resistance	reported	30	1		Ahmed Elfadadny et al. Frontiers in Microbiology (2024) PMID:38646632	38646632	d36ca127-678a-5534-84f8-87cc3c9aa7a0	30			4728a23b85ab	mutation	2	84cd8501d39dfaa4	Qwen/Qwen3.6-35B-A3B	open-access	50	hybrid	2026-09-18T11:41:47Z		local	http://mango.cels.anl.gov:8004/v1	ab2879fd6ec7e3a7
Pseudomonas aeruginosa	ampR	Stop codon at nucleotide 874	Antimicrobial resistance	reported	22	1		Catalina Díaz-Ríos et al. Antibiotics PMID:33922748	33922748	1cd1b889-441f-5715-8dde-9bccad58570c	22			4728a23b85ab	mutation	2	84cd8501d39dfaa4	Qwen/Qwen3.6-35B-A3B	open-access	50	hybrid	2026-09-18T11:41:47Z		local	http://mango.cels.anl.gov:8004/v1	ab2879fd6ec7e3a7
Klebsiella pneumoniae	arnC		antimicrobial resistance	reported	1	5	missing:Mutation	Aiman Waheed et al. Pathogens PMID:41754468; Huijuan Song et al. Antibiotics PMID:41750481; Khuram U. Ashraf et al. Nature Communications PMID:41366200; Shan Yang et al. Frontiers in Pharmacology (2024) PMID:38974043	41754468;41750481;41366200;38974043	1de18046-0ef3-521f-b1bb-77161e57fca5;1b8cd335-14b4-5a2c-9582-c8746aa705ae;ff60d269-2662-5561-80db-b735eac0149d;24d52416-57ca-5870-bab1-20767586e490;88312b6a-7f59-5024-aeb0-30e7d751e6f5	1;3;23;24;31			8781ca8692b7	mutation	2	84cd8501d39dfaa4	Qwen/Qwen3.6-35B-A3B	open-access	50	hybrid	2026-09-18T11:41:49Z		local	http://mango.cels.anl.gov:8004/v1	2ff587a0ad45a974
Acinetobacter baumannii	baeR	deletion	tigecycline susceptibility; tigecycline resistance	measured	[7]	3	merged_variants:Phenotype	Ming-Feng Lin et al. BMC Microbiology PMID:24885279; Ming-Feng Lin et al. PLoS ONE PMID:26161744	24885279;26161744	2675ba22-153d-5667-953f-a10e90d5eeac;673adedc-dad3-5e9a-9fa3-cccf5d78556a;c21fdf3a-738f-5731-8eec-34cc45204a16	7;16;18			459ec2faf71b	mutation	2	84cd8501d39dfaa4	Qwen/Qwen3.6-35B-A3B	open-access	50	hybrid	2026-09-18T11:41:52Z		local	http://mango.cels.anl.gov:8004/v1	f364c158e0d1f1f7
Acinetobacter baumannii	baeR	overexpression	tigecycline resistance	measured	[7]	1		Ming-Feng Lin et al. BMC Microbiology PMID:24885279	24885279	2675ba22-153d-5667-953f-a10e90d5eeac	7			459ec2faf71b	mutation	2	84cd8501d39dfaa4	Qwen/Qwen3.6-35B-A3B	open-access	50	hybrid	2026-09-18T11:41:52Z		local	http://mango.cels.anl.gov:8004/v1	f364c158e0d1f1f7
Acinetobacter baumannii	baeR	S437T	tigecycline resistance	reported	[28]	1		Srinivasan Vijaya Bharathi et al. Frontiers in Microbiology (2021) PMID:35002996	35002996	4d568053-6c24-5679-ab46-2a4faaae4dd9	28			459ec2faf71b	mutation	2	84cd8501d39dfaa4	Qwen/Qwen3.6-35B-A3B	open-access	50	hybrid	2026-09-18T11:41:52Z		local	http://mango.cels.anl.gov:8004/v1	f364c158e0d1f1f7
Escherichia coli	baeR		Resistance to carbenicillin, aztreonam, and carumonam; Multidrug resistance; Efflux; Resistance to novobiocin and deoxycholate; Regulation of tigecycline susceptibility	reported	[7]	21	missing:Mutation;merged_variants:Phenotype	Wan Ratmaazila Wan Makhtar et al. Microorganisms PMID:34683476; Kandhan Srinivas et al. Frontiers in Microbiology (2025) PMID:40083789; Hengzhong Lun et al. Frontiers in Microbiology (2026) PMID:41859454; Mabel Kamweli Aworh et al. BMC Microbiology PMID:40200154; Adrienn Gréta Tóth et al. Antibiotics PMID:40426500; Aviaja Lyberth Hauptmann et al. Frontiers in Microbiology (2024) PMID:39539714; Danitza Xiomara Romero-Calle et al. Microorganisms PMID:36677403; Nurun Nahar Akter et al. BMC Microbiology PMID:41606458; Víctor V. Calderón et al. Frontiers in Microbiology (2020) PMID:33519720; Michela Galgano et al. Pathogens PMID:37375494; Pavel G. Alexyuk et al. Pathogens PMID:39861051; Xin Wang et al. BMC Microbiology PMID:35421931; Long He et al. Frontiers in Cellular and Infection Microbiology (2024) PMID:39015336; Jakob Prochaska et al. Antibiotics PMID:40149073; Yuhao Chen et al. Microbial Genomics PMID:32436839; Ronit Vogt Sionov et al. Microorganisms PMID:35744757	34683476;40083789;41859454;40200154;40426500;39539714;36677403;41606458;33519720;37375494;39861051;35421931;39015336;40149073;32436839;35744757	b9c34d01-9958-5ac7-b666-cfeb45f283f3;8426363c-c42f-51aa-9068-470ba93b8a19;54d54bbf-575e-5815-ae62-e50392c3c237;c85598cb-0a4d-53ff-b623-6ef1f16dd749;3cc4d9a5-22c3-5981-b775-b677770b3b86;72914c12-38a9-5736-9a61-4dd0925bb4b2;bda5914f-1f39-5ea0-9ea3-9b69bc9a6f01;18e7b5a5-11ec-5061-894b-97155648c220;554b6639-1123-5bd2-85d8-2141e19a52e5;c791e3ba-28f9-5d3b-8877-f7bc3f9cac3c;0cf83369-b648-5d9e-93c5-44369aebd65b;2bfce076-3807-51ca-bf9a-0495e4909081;cd14811b-18ad-534e-8bfc-3b05dc31163d;cedbf7d3-3ab0-5df7-8e65-7b8e41e848e2;024f3645-ac28-5b76-83f9-b98cef603dbd;3afe19a4-1fb2-5254-93d3-236b55871289;8a3f742d-fa44-5f4c-bd9d-54e7c1cc8a75;1847878c-81e0-558f-8909-fdb633a2ebe7;620c2f03-5e6d-5d57-b4f4-171d290e9da1	2;4;7;8;9;10;13;14;15;16;17;18;19;21;22;23;26;27;28			3e08fca5cb02	mutation	2	84cd8501d39dfaa4	Qwen/Qwen3.6-35B-A3B	open-access	50	hybrid	2026-09-18T11:41:57Z		local	http://mango.cels.anl.gov:8004/v1	7da9cd92df34770e
Pseudomonas aeruginosa	ampD	T70I	Antimicrobial resistance (ceftolozane/tazobactam)	measured	[1]	1		Léa Bientz et al. BMC Microbiology PMID:41361747	41361747	0277b0e0-9960-52ad-8de6-ced76834b92c	1	T70I	Thr70Ile	7b14916caf2f	mutation	2	84cd8501d39dfaa4	Qwen/Qwen3.6-35B-A3B	open-access	50	hybrid	2026-09-18T11:41:58Z		local	http://mango.cels.anl.gov:8004/v1	3c163f5937d03800
Pseudomonas aeruginosa	ampD	F121L	Antimicrobial resistance (ceftolozane/tazobactam)	measured	[1]	1		Léa Bientz et al. BMC Microbiology PMID:41361747	41361747	0277b0e0-9960-52ad-8de6-ced76834b92c	1	F121L	Phe121Leu	7b14916caf2f	mutation	2	84cd8501d39dfaa4	Qwen/Qwen3.6-35B-A3B	open-access	50	hybrid	2026-09-18T11:41:58Z		local	http://mango.cels.anl.gov:8004/v1	3c163f5937d03800
Pseudomonas aeruginosa	ampD	P154L	Antimicrobial resistance (ceftolozane/tazobactam)	measured	[1]	1		Léa Bientz et al. BMC Microbiology PMID:41361747	41361747	0277b0e0-9960-52ad-8de6-ced76834b92c	1	P154L	Pro154Leu	7b14916caf2f	mutation	2	84cd8501d39dfaa4	Qwen/Qwen3.6-35B-A3B	open-access	50	hybrid	2026-09-18T11:41:58Z		local	http://mango.cels.anl.gov:8004/v1	3c163f5937d03800
Pseudomonas aeruginosa	ampD	G157D	Antimicrobial resistance (ceftolozane/tazobactam)	measured	[1]	1		Léa Bientz et al. BMC Microbiology PMID:41361747	41361747	0277b0e0-9960-52ad-8de6-ced76834b92c	1	G157D	Gly157Asp	7b14916caf2f	mutation	2	84cd8501d39dfaa4	Qwen/Qwen3.6-35B-A3B	open-access	50	hybrid	2026-09-18T11:41:58Z		local	http://mango.cels.anl.gov:8004/v1	3c163f5937d03800
Pseudomonas aeruginosa	ampD	del210-216	Antimicrobial resistance (ceftolozane/tazobactam)	measured	[1]	1		Léa Bientz et al. BMC Microbiology PMID:41361747	41361747	0277b0e0-9960-52ad-8de6-ced76834b92c	1			7b14916caf2f	mutation	2	84cd8501d39dfaa4	Qwen/Qwen3.6-35B-A3B	open-access	50	hybrid	2026-09-18T11:41:58Z		local	http://mango.cels.anl.gov:8004/v1	3c163f5937d03800
Pseudomonas aeruginosa	ampD	E221K	Antimicrobial resistance (ceftolozane/tazobactam)	measured	[1]	1		Léa Bientz et al. BMC Microbiology PMID:41361747	41361747	0277b0e0-9960-52ad-8de6-ced76834b92c	1	E221K	Glu221Lys	7b14916caf2f	mutation	2	84cd8501d39dfaa4	Qwen/Qwen3.6-35B-A3B	open-access	50	hybrid	2026-09-18T11:41:58Z		local	http://mango.cels.anl.gov:8004/v1	3c163f5937d03800
Pseudomonas aeruginosa	ampD	P217Q	Antimicrobial resistance (ceftolozane/tazobactam)	measured	[1]	1		Léa Bientz et al. BMC Microbiology PMID:41361747	41361747	0277b0e0-9960-52ad-8de6-ced76834b92c	1	P217Q	Pro217Gln	7b14916caf2f	mutation	2	84cd8501d39dfaa4	Qwen/Qwen3.6-35B-A3B	open-access	50	hybrid	2026-09-18T11:41:58Z		local	http://mango.cels.anl.gov:8004/v1	3c163f5937d03800
Pseudomonas aeruginosa	ampD		Antimicrobial resistance (ampC overproduction); Antimicrobial resistance (cefepime); Antimicrobial resistance (ceftazidime)	reported; measured	[2]	43	missing:Mutation;merged_variants:Phenotype;merged_variants:Assertion	Shahiid Kiyaga et al. Frontiers in Microbiology (2022) PMID:35369511; Ahmed Elfadadny et al. Frontiers in Microbiology (2024) PMID:38646632; John J. Varga et al. BMC Genomics PMID:26519161; George L. Daikos et al. Antibiotics PMID:34572708; Gabriel Torrens et al. PLoS ONE PMID:28742861; Ad C. Fluit et al. PLOS One PMID:41790776; Carla López-Causapé et al. Frontiers in Microbiology (2018) PMID:29681898; Karina Klycheva et al. PLOS Pathogens PMID:41118418; Cristian Gustavo Aguilera Rossi et al. BMC Microbiology PMID:27716106; Isabel M. Barceló et al. Scientific Reports PMID:38167986; Danna Gifford et al. Nature ecology & evolution PMID:29686236; Jessica Gómez-Martínez et al. Antibiotics PMID:37237769; Lianyan Xie et al. BMC Microbiology PMID:40993575; Ryuichi Nakano et al. Frontiers in Microbiology (2021) PMID:35095805; Xianggui Yang et al. BMC Microbiology PMID:36443681; Natasha Spottiswoode et al. Frontiers in Cellular and Infection Microbiology (2023) PMID:37712060; Qi Liu et al. Microorganisms PMID:36557649; Catalina Díaz-Ríos et al. Antibiotics PMID:33922748; Bartolomé Moya et al. PLoS Pathogens PMID:19325877; T. Nicholas Domitrovic et al. Open Forum Infectious Diseases PMID:29057280; Estelle Longla Madaha et al. Microorganisms PMID:32403300; Nahla Yassin Sahloul et al. BMC Infectious Diseases PMID:41877050; Supeng Yin et al. Frontiers in Microbiology (2018) PMID:29896186; Babu Ramanathan et al. PLoS ONE PMID:28797043; Noha A. Kamel et al. BMC Microbiology PMID:38745145; Marta Hernández-García et al. Frontiers in Cellular and Infection Microbiology (2024) PMID:39711784	35369511;38646632;26519161;34572708;28742861;41790776;29681898;41118418;27716106;38167986;29686236;37237769;40993575;35095805;36443681;37712060;36557649;33922748;19325877;29057280;32403300;41877050;29896186;28797043;38745145;39711784	47bfe5c5-b5f9-590c-89d5-05420e070e29;59f56fe7-7c85-55ec-ae1a-74546662f8cc;3e28bbf3-0714-5a13-ba27-73eb9239be3a;6f3b36f9-8a6c-5fd5-8536-65ed591bc2fe;e6643604-05a9-5ba6-b0c6-0fa3dd5be935;6b3bc766-f0c4-5e03-8ac6-0b1ec647080e;38efc52a-f83f-534d-a58d-2c7281a233f5;1c641703-9675-5583-ba62-723e71ff6c00;27684d0c-beb4-5466-8960-c176974ed412;33bfa798-c084-5868-a77c-9aec125d1d3c;a215ac91-4e75-5c2d-8f57-6185b1d83b45;f150e044-9d80-5b0d-8ff6-f1084eb5937b;9ddd1d8f-e4a9-5723-8fdb-e0982e8dfb39;630e2935-92aa-56e6-85e1-b1242ee1b674;e584ae76-7851-5883-9b07-35903fd32b2a;dc0ca86a-4886-5795-8252-b64951c2f1c1;f7de3eea-7f2f-54a9-a00f-08743d9c68e1;10123e67-f5bd-5308-93b9-60483b353180;6847ea97-6c96-5144-9665-5780458bca94;356a2721-ae30-5f38-aefe-61dd0876209c;b02fcc25-6293-5b4e-9d60-4de1d8d8050c;6079ccfa-e18b-51a4-b6bb-91a784f8709a;86f590ae-c788-5c8a-b967-5fe702387951;d58fd537-0970-5c4e-b1fc-4540823a6d62;2b2f0c05-7c1a-57e8-9234-c1139867c6d6;1cd1b889-441f-5715-8dde-9bccad58570c;2ff842c2-0753-535b-ac8c-fb32844977a3;4aca3e86-9c75-54e7-a095-4f109ff13a91;8e181f0e-f5ee-5944-8e87-f49debb3da88;230ffa91-fccb-5fef-8a99-483a4bf5095a;67f2d799-5902-531e-b550-f03d733b909f;d996618e-ce91-50fe-ba34-bb2b1cf28a1f;c1446954-749b-5163-8573-adabd4886a7f;c5fb3a73-9bc9-52fa-bdce-3b48b6c93339;b2641e1b-e04d-5cfa-bb0f-2ecc079a1daa;53fdbe53-c4d3-5c21-abb2-f08a3b4254c9;be1505dc-a1da-54c0-8551-285a3cf52f08;80d55f77-840d-56ff-9726-36e339c1d16a	2;3;4;5;6;8;9;11;13;14;16;18;19;21;22;26;28;29;31;32;33;34;35;36;37;38;39;40;41;42;43;44;45;46;47;48;49;50			7b14916caf2f	mutation	2	84cd8501d39dfaa4	Qwen/Qwen3.6-35B-A3B	open-access	50	hybrid	2026-09-18T11:41:58Z		local	http://mango.cels.anl.gov:8004/v1	3c163f5937d03800
Pseudomonas aeruginosa	ampD	I67T	Antimicrobial resistance	reported	[7]	1		Ana M. Rada et al. Frontiers in Microbiology (2021) PMID:34512563	34512563	1980f44f-683f-5efe-9a26-ed4196b8317d	7			7b14916caf2f	mutation	2	84cd8501d39dfaa4	Qwen/Qwen3.6-35B-A3B	open-access	50	hybrid	2026-09-18T11:41:58Z		local	http://mango.cels.anl.gov:8004/v1	3c163f5937d03800
Pseudomonas aeruginosa	ampD	A208V	Antimicrobial resistance	reported	[7]	1		Ana M. Rada et al. Frontiers in Microbiology (2021) PMID:34512563	34512563	1980f44f-683f-5efe-9a26-ed4196b8317d	7			7b14916caf2f	mutation	2	84cd8501d39dfaa4	Qwen/Qwen3.6-35B-A3B	open-access	50	hybrid	2026-09-18T11:41:58Z		local	http://mango.cels.anl.gov:8004/v1	3c163f5937d03800
Pseudomonas aeruginosa	ampD	A219T	Antimicrobial resistance	reported	[7]	1		Ana M. Rada et al. Frontiers in Microbiology (2021) PMID:34512563	34512563	1980f44f-683f-5efe-9a26-ed4196b8317d	7			7b14916caf2f	mutation	2	84cd8501d39dfaa4	Qwen/Qwen3.6-35B-A3B	open-access	50	hybrid	2026-09-18T11:41:58Z		local	http://mango.cels.anl.gov:8004/v1	3c163f5937d03800
Pseudomonas aeruginosa	ampD	A29V	Antimicrobial resistance (CAZ, CEF, PPT)	reported	[10]	1		Ana M. Rada et al. Frontiers in Microbiology (2021) PMID:34512563	34512563	5c092cda-7069-5086-a563-55916c93ca14	10			7b14916caf2f	mutation	2	84cd8501d39dfaa4	Qwen/Qwen3.6-35B-A3B	open-access	50	hybrid	2026-09-18T11:41:58Z		local	http://mango.cels.anl.gov:8004/v1	3c163f5937d03800
Pseudomonas aeruginosa	ampD	Q44H	Antimicrobial resistance (CAZ, CEF, PPT)	reported	[10]	1		Ana M. Rada et al. Frontiers in Microbiology (2021) PMID:34512563	34512563	5c092cda-7069-5086-a563-55916c93ca14	10			7b14916caf2f	mutation	2	84cd8501d39dfaa4	Qwen/Qwen3.6-35B-A3B	open-access	50	hybrid	2026-09-18T11:41:58Z		local	http://mango.cels.anl.gov:8004/v1	3c163f5937d03800
Pseudomonas aeruginosa	ampD	E68D	Antimicrobial resistance (CAZ, CEF, PPT)	reported	[10]	1		Ana M. Rada et al. Frontiers in Microbiology (2021) PMID:34512563	34512563	5c092cda-7069-5086-a563-55916c93ca14	10			7b14916caf2f	mutation	2	84cd8501d39dfaa4	Qwen/Qwen3.6-35B-A3B	open-access	50	hybrid	2026-09-18T11:41:58Z		local	http://mango.cels.anl.gov:8004/v1	3c163f5937d03800
Pseudomonas aeruginosa	ampD	G148A	Antimicrobial resistance (CAZ, CEF, PPT); Antimicrobial resistance	reported	[10]	2	merged_variants:Phenotype	Ana M. Rada et al. Frontiers in Microbiology (2021) PMID:34512563; Ana P. B. Nascimento et al. Frontiers in Microbiology (2016) PMID:27994579	34512563;27994579	5c092cda-7069-5086-a563-55916c93ca14;20652405-2310-5162-9d1b-2163490ff5bd	10;15			7b14916caf2f	mutation	2	84cd8501d39dfaa4	Qwen/Qwen3.6-35B-A3B	open-access	50	hybrid	2026-09-18T11:41:58Z		local	http://mango.cels.anl.gov:8004/v1	3c163f5937d03800
Pseudomonas aeruginosa	ampD	S175L	Antimicrobial resistance (CAZ, CEF, PPT); Antimicrobial resistance	reported	[10]	2	merged_variants:Phenotype	Ana M. Rada et al. Frontiers in Microbiology (2021) PMID:34512563; Ana P. B. Nascimento et al. Frontiers in Microbiology (2016) PMID:27994579	34512563;27994579	5c092cda-7069-5086-a563-55916c93ca14;20652405-2310-5162-9d1b-2163490ff5bd	10;15			7b14916caf2f	mutation	2	84cd8501d39dfaa4	Qwen/Qwen3.6-35B-A3B	open-access	50	hybrid	2026-09-18T11:41:58Z		local	http://mango.cels.anl.gov:8004/v1	3c163f5937d03800
Pseudomonas aeruginosa	ampD	P39S	Antimicrobial resistance (β-lactams)	predicted	[25]	1		Julio Diaz Caballero et al. PLoS Pathogens PMID:30532201	30532201	d0cf9fe8-81a3-5c2e-9dce-0e021ea40906	25			7b14916caf2f	mutation	2	84cd8501d39dfaa4	Qwen/Qwen3.6-35B-A3B	open-access	50	hybrid	2026-09-18T11:41:58Z		local	http://mango.cels.anl.gov:8004/v1	3c163f5937d03800
Acinetobacter baumannii	baeS	A436T	tigecycline resistance	reported	[10]	1		Samira M. Hamed et al. Antibiotics PMID:37508245	37508245	84d60b7c-3d03-503f-a2a4-e816e8bca8c6	10			d04333abb797	mutation	2	84cd8501d39dfaa4	Qwen/Qwen3.6-35B-A3B	open-access	50	hybrid	2026-09-18T11:41:58Z		local	http://mango.cels.anl.gov:8004/v1	6313616395ac980c
Acinetobacter baumannii	baeS	S437T	tigecycline resistance	reported	[33]	1		Srinivasan Vijaya Bharathi et al. Frontiers in Microbiology (2021) PMID:35002996	35002996	4d568053-6c24-5679-ab46-2a4faaae4dd9	33			d04333abb797	mutation	2	84cd8501d39dfaa4	Qwen/Qwen3.6-35B-A3B	open-access	50	hybrid	2026-09-18T11:41:58Z		local	http://mango.cels.anl.gov:8004/v1	6313616395ac980c
Enterobacter asburiae	baeS		temocillin resistance	reported	[1]	1	missing:Mutation	Patricia Pérez-Palacios et al. Journal of Antimicrobial Chemotherapy PMID:38305703	38305703	c93ef1bf-23f3-5afa-bdf7-4f081ce5d404	1			f052402f5879	mutation	2	84cd8501d39dfaa4	Qwen/Qwen3.6-35B-A3B	open-access	50	hybrid	2026-09-18T11:42:00Z		local	http://mango.cels.anl.gov:8004/v1	e56b8e888a54c99a
Enterobacter cloacae	baeS		Antimicrobial resistance (inferred from efflux pump regulation context)	inferred	3	1	missing:Mutation	Patricia Pérez-Palacios et al. Journal of Antimicrobial Chemotherapy PMID:38305703	38305703	c93ef1bf-23f3-5afa-bdf7-4f081ce5d404	3			76a14538401a	mutation	2	84cd8501d39dfaa4	Qwen/Qwen3.6-35B-A3B	open-access	50	hybrid	2026-09-18T11:42:00Z		local	http://mango.cels.anl.gov:8004/v1	a256e91c9817f627
Klebsiella pneumoniae	baeS		Antimicrobial resistance	reported	[23]	1	missing:Mutation	María F. Chevalier-Alba et al. Frontiers in Microbiology (2026) PMID:42094768	42094768	cb276a94-0d37-5a7f-b6b4-af1027928ee6	23			133ee7186920	mutation	2	84cd8501d39dfaa4	Qwen/Qwen3.6-35B-A3B	open-access	50	hybrid	2026-09-18T11:42:02Z		local	http://mango.cels.anl.gov:8004/v1	1d38383461651adb
Escherichia coli	baeS	Q163E	temocillin resistance	measured	[2]	1		Patricia Pérez-Palacios et al. Journal of Antimicrobial Chemotherapy PMID:38305703	38305703	92dd122e-d466-5f75-891c-35e7e12ab182	2			f75eb48c4037	mutation	2	84cd8501d39dfaa4	Qwen/Qwen3.6-35B-A3B	open-access	50	hybrid	2026-09-18T11:42:03Z		local	http://mango.cels.anl.gov:8004/v1	d412d4ec24f7ae32
Escherichia coli	baeS	S167I	temocillin resistance	measured	[2]	1		Patricia Pérez-Palacios et al. Journal of Antimicrobial Chemotherapy PMID:38305703	38305703	92dd122e-d466-5f75-891c-35e7e12ab182	2			f75eb48c4037	mutation	2	84cd8501d39dfaa4	Qwen/Qwen3.6-35B-A3B	open-access	50	hybrid	2026-09-18T11:42:03Z		local	http://mango.cels.anl.gov:8004/v1	d412d4ec24f7ae32
Escherichia coli	baeS	ΔbaeS	temocillin resistance	measured	[2]	1		Patricia Pérez-Palacios et al. Journal of Antimicrobial Chemotherapy PMID:38305703	38305703	92dd122e-d466-5f75-891c-35e7e12ab182	2			f75eb48c4037	mutation	2	84cd8501d39dfaa4	Qwen/Qwen3.6-35B-A3B	open-access	50	hybrid	2026-09-18T11:42:03Z		local	http://mango.cels.anl.gov:8004/v1	d412d4ec24f7ae32
Escherichia coli	baeS	H250A	loss of autophosphorylation	measured	[8]	1		Shurong Chen et al. Microorganisms PMID:42197417	42197417	4e92cde3-a430-5dac-bbd3-92a217dfd9ec	8			f75eb48c4037	mutation	2	84cd8501d39dfaa4	Qwen/Qwen3.6-35B-A3B	open-access	50	hybrid	2026-09-18T11:42:03Z		local	http://mango.cels.anl.gov:8004/v1	d412d4ec24f7ae32
Escherichia coli	baeS	N364A	loss of inducible signaling	measured	[8]	2		Shurong Chen et al. Microorganisms PMID:42197417	42197417	4e92cde3-a430-5dac-bbd3-92a217dfd9ec;d52f04b5-a50d-5cca-9ca8-c0c1d2b724e7	8;26			f75eb48c4037	mutation	2	84cd8501d39dfaa4	Qwen/Qwen3.6-35B-A3B	open-access	50	hybrid	2026-09-18T11:42:03Z		local	http://mango.cels.anl.gov:8004/v1	d412d4ec24f7ae32
Escherichia	basR	G53V	Polymyxin B resistance	measured; reported	[1]	2	merged_variants:Assertion	Patrycja Gorzelak et al. International Journal of Molecular Sciences PMID:34065855	34065855	2324cd8c-af93-596b-b42e-32e8d51e28e1	1			0079122cda52	mutation	2	84cd8501d39dfaa4	Qwen/Qwen3.6-35B-A3B	open-access	50	hybrid	2026-09-18T11:42:05Z		local	http://mango.cels.anl.gov:8004/v1	c083f81600459e84
Escherichia	basR		Polymyxin B resistance and sensitivity to deoxycholic acid; Colistin resistance; Antimicrobial resistance; Cationic antimicrobial peptide resistance	reported	[5]	9	missing:Mutation;merged_variants:Phenotype	Giuseppe Valerio De Gaetano et al. Antibiotics PMID:37370284; David C. Marciano et al. Nature Communications PMID:35680894; Claire Shaw et al. Virulence (2022) PMID:36128741; Xin Wang et al. BMC Microbiology PMID:35421931; Anis Mansouri et al. Journal of Antimicrobial Chemotherapy PMID:41217903; Ivana Cirkovic et al. Antibiotics PMID:36830261; Clinical Microbiology and Infection (2011) DOI:10.1111/j.1469-0691.2011.03559.x	37370284;35680894;36128741;35421931;41217903;36830261	03722514-248e-548d-ab8a-b6fa8fa3e220;5d3858cf-6575-543d-b14a-4d9ebc3f201d;906e453b-9dfc-5366-b4d8-a00604b1cf9e;4c4fdfb4-b624-5f01-9908-fd56f59eb530;437885f3-fc2a-5fcf-9abb-5933b3381b4c;11068884-a637-52a0-a8c4-65de5acef8dd;3f3b9842-f17b-521d-af14-9b9e6a3eb02b;ca602a92-a91d-5410-b118-b1aab5c013bd;67c82bac-569f-59f3-baa1-1262377ea34f	5;9;10;11;19;21;22;23;24			0079122cda52	mutation	2	84cd8501d39dfaa4	Qwen/Qwen3.6-35B-A3B	open-access	50	hybrid	2026-09-18T11:42:05Z		local	http://mango.cels.anl.gov:8004/v1	c083f81600459e84
Burkholderia pseudomallei	bpeR	BpeRL85fs	Meropenem resistance	Measured	[32]	1		Danielle E. Madden et al. EBioMedicine (2020) PMID:33285499	33285499	976f1a83-6841-592d-b8a5-19c5279026df	32			6d32be44cec7	mutation	2	84cd8501d39dfaa4	Qwen/Qwen3.6-35B-A3B	open-access	50	hybrid	2026-09-18T11:42:06Z		local	http://mango.cels.anl.gov:8004/v1	9eba1a410c2fa3e7
Burkholderia pseudomallei	bpeR	BpeRD176A	Ceftazidime intermediate resistance, Meropenem resistance, Trimethoprim-sulfamethoxazole intermediate resistance	Measured	[33]	1		Danielle E. Madden et al. EBioMedicine (2020) PMID:33285499	33285499	4f165868-a685-585b-8942-bf62c8dd050c	33			6d32be44cec7	mutation	2	84cd8501d39dfaa4	Qwen/Qwen3.6-35B-A3B	open-access	50	hybrid	2026-09-18T11:42:06Z		local	http://mango.cels.anl.gov:8004/v1	9eba1a410c2fa3e7
Burkholderia pseudomallei	bpeR		BpeR mutations identified in Hainan genomes, association with macrolide or meropenem resistance inferred but not experimentally verified for specific BpeR variants in this study; bpeR expression increased in bprR and bprS mutants, associated with antibiotic resistance phenotype; bpeR mutants exhibit low-level chloramphenicol, fluoroquinolone, tetracycline, and macrolide resistance	Inferred; Measured; Reported	[4]	3	missing:Mutation;merged_variants:Phenotype;merged_variants:Assertion	Hongyuan Zheng et al. Microbial Genomics PMID:34762026; Natalie R. Lazar Adler et al. BMC Genomics PMID:27147217; Nicole L. Podnecky et al. Frontiers in Microbiology (2015) PMID:25926825	34762026;27147217;25926825	a0d69166-64d5-557e-b72b-a26abd212d9e;39f1c2eb-1540-5efa-905a-545ffd5d8bb4;724b150b-d5a2-5c87-bc04-6a2361dcfbd2	4;41;45			6d32be44cec7	mutation	2	84cd8501d39dfaa4	Qwen/Qwen3.6-35B-A3B	open-access	50	hybrid	2026-09-18T11:42:06Z		local	http://mango.cels.anl.gov:8004/v1	9eba1a410c2fa3e7
Burkholderia pseudomallei	bpeT	800kb inversion affecting 3' end	Increased DOX MIC (stepwise variant)	reported	[1]	1		Danielle E. Madden et al. EBioMedicine (2020) PMID:33285499	33285499	6e42706d-6bff-534d-80f3-2217e2dd4f4a	1			d1b6a95d85e8	mutation	2	84cd8501d39dfaa4	Qwen/Qwen3.6-35B-A3B	open-access	50	hybrid	2026-09-18T11:42:08Z		local	http://mango.cels.anl.gov:8004/v1	8f1e4d0c4869ed93
Burkholderia pseudomallei	bpeT	T314fs	Increased chloramphenicol and trimethoprim susceptibility (reduced); SXT resistance (MIC≥32 μg/ml); Upregulation of bpeEF-oprC (38-111x); SXT resistance (SXTr)	measured; reported	[2]	4	merged_variants:Phenotype;merged_variants:Assertion	Erin P. Price et al. Microbial Genomics PMID:29989529; Danielle E. Madden et al. EBioMedicine (2020) PMID:33285499; Hillary S. Hayden et al. PLoS ONE PMID:22615773	29989529;33285499;22615773	24e8fee8-46b0-5538-aca6-9c36d81be857;91fc4203-8048-580f-8342-7ed054fd144e;e3e78104-00c8-5e74-8fbc-9c475bcd1d14;4fff9f77-4522-564b-b3b0-f12884075130	2;16;41;45			d1b6a95d85e8	mutation	2	84cd8501d39dfaa4	Qwen/Qwen3.6-35B-A3B	open-access	50	hybrid	2026-09-18T11:42:08Z		local	http://mango.cels.anl.gov:8004/v1	8f1e4d0c4869ed93
Burkholderia pseudomallei	bpeT	Structural variant	SXT resistance (SXTi)	reported	[6]	1		Danielle E. Madden et al. EBioMedicine (2020) PMID:33285499	33285499	6441f80b-59d5-52ba-8885-dc7a29e65264	6			d1b6a95d85e8	mutation	2	84cd8501d39dfaa4	Qwen/Qwen3.6-35B-A3B	open-access	50	hybrid	2026-09-18T11:42:08Z		local	http://mango.cels.anl.gov:8004/v1	8f1e4d0c4869ed93
Burkholderia pseudomallei	bpeT	H278Y	SXT resistance (SXTr)	reported	[22]	1		Danielle E. Madden et al. EBioMedicine (2020) PMID:33285499	33285499	13903931-3e9e-56f7-89f7-ea6d0be34bc1	22			d1b6a95d85e8	mutation	2	84cd8501d39dfaa4	Qwen/Qwen3.6-35B-A3B	open-access	50	hybrid	2026-09-18T11:42:08Z		local	http://mango.cels.anl.gov:8004/v1	8f1e4d0c4869ed93
Streptococcus pneumoniae	PBP2b	T446A	Penicillin resistance	reported	[1]	1	off_target_gene	Xing Shi et al. Frontiers in Cellular and Infection Microbiology (2023) PMID:38268793	38268793	c2e18765-36bb-5cee-8973-c32f4b718efe	1	T446A	Thr446Ala	3ae72479f432	mutation	2	84cd8501d39dfaa4	Qwen/Qwen3.6-35B-A3B	open-access	50	hybrid	2026-09-18T11:42:10Z		local	http://mango.cels.anl.gov:8004/v1	7ea3b015129ec5d5
Streptococcus pneumoniae	parC	First-step mutation	Fluoroquinolone resistance	reported	[2]	1	off_target_gene	Sue Lim et al. Emerging Infectious Diseases (2003) PMID:12890324	12890324	4e5caa8a-dc85-5091-a4c0-7d4113ff8ce2	2			3ae72479f432	mutation	2	84cd8501d39dfaa4	Qwen/Qwen3.6-35B-A3B	open-access	50	hybrid	2026-09-18T11:42:10Z		local	http://mango.cels.anl.gov:8004/v1	7ea3b015129ec5d5
Streptococcus pneumoniae	PBP2x	T338A	Antimicrobial resistance; β-lactam resistance; Increased MIC	reported	[6]	8	off_target_gene;merged_variants:Phenotype	Avani Panickar et al. Scientific Reports PMID:41203706; Yuan Li et al. Nature Communications PMID:30643125; Kamonwan Lunha et al. Antibiotics PMID:36671359; Raina Gergova et al. Antibiotics PMID:38667036	41203706;30643125;36671359;38667036	2aa9d5b5-d259-54cd-aa2d-cca4cd22f22c;4640b6e2-cdb4-56da-ace6-e576174c9415;2fe575bf-139d-57e9-8017-e54cf21416de;302e0520-8a02-5d8c-ae66-1cf7f212c63e;c7018988-6b99-5e01-b6f1-eecba3d01995;6ccdb082-d33a-5cd8-8d83-fdfbc7e27cd7	2;3;6;11;13			3ae72479f432	mutation	2	84cd8501d39dfaa4	Qwen/Qwen3.6-35B-A3B	open-access	50	hybrid	2026-09-18T11:42:10Z		local	http://mango.cels.anl.gov:8004/v1	7ea3b015129ec5d5
Streptococcus pneumoniae	PBP2x	T338G	Antimicrobial resistance; β-lactam resistance	reported	[6]	4	off_target_gene;merged_variants:Phenotype	Avani Panickar et al. Scientific Reports PMID:41203706	41203706	2aa9d5b5-d259-54cd-aa2d-cca4cd22f22c;4640b6e2-cdb4-56da-ace6-e576174c9415;2fe575bf-139d-57e9-8017-e54cf21416de	2;3;6			3ae72479f432	mutation	2	84cd8501d39dfaa4	Qwen/Qwen3.6-35B-A3B	open-access	50	hybrid	2026-09-18T11:42:10Z		local	http://mango.cels.anl.gov:8004/v1	7ea3b015129ec5d5
Streptococcus pneumoniae	PBP2x	T338P	Antimicrobial resistance; β-lactam resistance	reported	[6]	4	off_target_gene;merged_variants:Phenotype	Avani Panickar et al. Scientific Reports PMID:41203706	41203706	2aa9d5b5-d259-54cd-aa2d-cca4cd22f22c;4640b6e2-cdb4-56da-ace6-e576174c9415;2fe575bf-139d-57e9-8017-e54cf21416de	2;3;6			3ae72479f432	mutation	2	84cd8501d39dfaa4	Qwen/Qwen3.6-35B-A3B	open-access	50	hybrid	2026-09-18T11:42:10Z		local	http://mango.cels.anl.gov:8004/v1	7ea3b015129ec5d5
Streptococcus pneumoniae	PBP2x	K547G	Antimicrobial resistance; β-lactam resistance	reported	[6]	3	off_target_gene;merged_variants:Phenotype	Avani Panickar et al. Scientific Reports PMID:41203706	41203706	2aa9d5b5-d259-54cd-aa2d-cca4cd22f22c;2fe575bf-139d-57e9-8017-e54cf21416de	2;6			3ae72479f432	mutation	2	84cd8501d39dfaa4	Qwen/Qwen3.6-35B-A3B	open-access	50	hybrid	2026-09-18T11:42:10Z		local	http://mango.cels.anl.gov:8004/v1	7ea3b015129ec5d5
Streptococcus pneumoniae	PBP2x	K547T	Antimicrobial resistance; β-lactam resistance	reported	[6]	3	off_target_gene;merged_variants:Phenotype	Avani Panickar et al. Scientific Reports PMID:41203706	41203706	2aa9d5b5-d259-54cd-aa2d-cca4cd22f22c;2fe575bf-139d-57e9-8017-e54cf21416de	2;6			3ae72479f432	mutation	2	84cd8501d39dfaa4	Qwen/Qwen3.6-35B-A3B	open-access	50	hybrid	2026-09-18T11:42:10Z		local	http://mango.cels.anl.gov:8004/v1	7ea3b015129ec5d5
Streptococcus pneumoniae	PBP2x	R384G	Antimicrobial resistance; Increased MIC	reported	[11]	2	off_target_gene;merged_variants:Phenotype	Yuan Li et al. Nature Communications PMID:30643125	30643125	302e0520-8a02-5d8c-ae66-1cf7f212c63e	11			3ae72479f432	mutation	2	84cd8501d39dfaa4	Qwen/Qwen3.6-35B-A3B	open-access	50	hybrid	2026-09-18T11:42:10Z		local	http://mango.cels.anl.gov:8004/v1	7ea3b015129ec5d5
Streptococcus pneumoniae	PBP2x	L546V	Antimicrobial resistance; Increased MIC	reported	[11]	2	off_target_gene;merged_variants:Phenotype	Yuan Li et al. Nature Communications PMID:30643125	30643125	302e0520-8a02-5d8c-ae66-1cf7f212c63e	11			3ae72479f432	mutation	2	84cd8501d39dfaa4	Qwen/Qwen3.6-35B-A3B	open-access	50	hybrid	2026-09-18T11:42:10Z		local	http://mango.cels.anl.gov:8004/v1	7ea3b015129ec5d5
Streptococcus pneumoniae	rplA		Erythromycin resistance	measured	[16]	1	missing:Mutation;off_target_gene	Yuliia Baranchyk et al. PeerJ PMID:38827315	38827315	839a6266-6c6e-574c-b359-e3d9c60fc381	16			3ae72479f432	mutation	2	84cd8501d39dfaa4	Qwen/Qwen3.6-35B-A3B	open-access	50	hybrid	2026-09-18T11:42:10Z		local	http://mango.cels.anl.gov:8004/v1	7ea3b015129ec5d5
Streptococcus pneumoniae	folA	I100L	Trimethoprim-sulfamethoxazole resistance	reported	[20]	1	off_target_gene	Tiara Putri et al. Scientific Reports PMID:42031823	42031823	574ec08e-8311-59f7-a3a6-cc02ebd6e4a1	20			3ae72479f432	mutation	2	84cd8501d39dfaa4	Qwen/Qwen3.6-35B-A3B	open-access	50	hybrid	2026-09-18T11:42:10Z		local	http://mango.cels.anl.gov:8004/v1	7ea3b015129ec5d5
Streptococcus pneumoniae	pde1		Penicillin resistance	reported	[41]	1	missing:Mutation;off_target_gene	Carolin M. Kobras et al. Proceedings of the National Academy of Sciences of the United States of America PMID:37796984	37796984	9f6aca51-b7cc-535a-a35f-f8158cc7261a	41			3ae72479f432	mutation	2	84cd8501d39dfaa4	Qwen/Qwen3.6-35B-A3B	open-access	50	hybrid	2026-09-18T11:42:10Z		local	http://mango.cels.anl.gov:8004/v1	7ea3b015129ec5d5
Escherichia	cirA		Cefiderocol resistance; Colicin Ib resistance	reported	1	2	missing:Mutation;merged_variants:Phenotype	Nicole A Lerminiaux et al. The ISME Journal PMID:39969895; Sabrina Klein et al. Clinical Infectious Diseases: An Official Publication of the Infectious Diseases Society of America PMID:34079986	39969895;34079986	1bdbdd45-1c7a-5fdf-a7ce-66160111bc64;9f5f8734-ccfc-5eb5-bd1f-3c66b5c7b84b	1;7			f39a5b591213	mutation	2	84cd8501d39dfaa4	Qwen/Qwen3.6-35B-A3B	open-access	50	hybrid	2026-09-18T11:42:11Z		local	http://mango.cels.anl.gov:8004/v1	639d504364d310ed
Escherichia	cirA	c.268_269delAG	p.Ser90fs	Cefiderocol resistance	measured 17	1	column_count_mismatch;citation_not_in_sources							f39a5b591213	mutation	2	84cd8501d39dfaa4	Qwen/Qwen3.6-35B-A3B	open-access	50	hybrid	2026-09-18T11:42:11Z		local	http://mango.cels.anl.gov:8004/v1	639d504364d310ed
Escherichia	cirA	c.1540_1545delCGCATAinsTGTG	p.Arg514fs	Cefiderocol resistance	measured 19	1	column_count_mismatch;citation_not_in_sources							f39a5b591213	mutation	2	84cd8501d39dfaa4	Qwen/Qwen3.6-35B-A3B	open-access	50	hybrid	2026-09-18T11:42:11Z		local	http://mango.cels.anl.gov:8004/v1	639d504364d310ed
Escherichia	cirA	c.1519_1535delGAGACGGGCGCTAACGGinsACAGCGA	p.Glu507fs	Cefiderocol resistance	measured 19	1	column_count_mismatch;citation_not_in_sources							f39a5b591213	mutation	2	84cd8501d39dfaa4	Qwen/Qwen3.6-35B-A3B	open-access	50	hybrid	2026-09-18T11:42:11Z		local	http://mango.cels.anl.gov:8004/v1	639d504364d310ed
Escherichia	cirA	n1395C	p.Glu465Asp	Cefiderocol resistance	measured 19	1	column_count_mismatch;citation_not_in_sources					n1395C	c.1395A>C	f39a5b591213	mutation	2	84cd8501d39dfaa4	Qwen/Qwen3.6-35B-A3B	open-access	50	hybrid	2026-09-18T11:42:11Z		local	http://mango.cels.anl.gov:8004/v1	639d504364d310ed
Enterococcus faecalis	parC	S80I	Fluoroquinolone resistance	measured	[1]	11	off_target_gene;merged_variants:Assertion	Xue-Song Li et al. Frontiers in Microbiology (2023) PMID:37577435; Grebstad Rabbi Amuasi et al. Frontiers in Microbiology (2023) PMID:38192291; Stephanie E. Woods et al. PLoS ONE PMID:28081148; Ana R. Freitas et al. Microbial Genomics PMID:32149599; Pedro Martínez-Ayala et al. Microorganisms PMID:40142576	37577435;38192291;28081148;32149599;40142576	a20ee15d-e096-5758-968c-5d41cb156f9c;16ad56d4-5a57-58e4-90d0-7e10ae3b0da3;3408cd54-f955-52ff-b0de-efbbb7eca39d;7549bd89-de03-57a2-b810-e72aa4f97eb1;816c0b62-7127-5a7b-9b46-8eda222221f2;47954696-2834-5ea8-ac8a-b2f5496039fe;0aa67f95-e35c-5c20-9039-e408da710d68;5b763aca-4294-5707-bbd0-4f507081806a;78e2a2ff-52cc-50e5-b5e9-19979bfcd2b6;d003001b-5c55-5d75-9f6c-606ba6c61d9c	1;4;18;24;44;45;46;47;48;49			2f5b3c76efbe	mutation	2	84cd8501d39dfaa4	Qwen/Qwen3.6-35B-A3B	open-access	50	hybrid	2026-09-18T11:42:13Z		local	http://mango.cels.anl.gov:8004/v1	0b11246b90154355
Enterococcus faecalis	cls	R218Q	Daptomycin resistance	inferred	[14]	1		Brian L. Hollenbeck et al. Virulence PMID:23076243	23076243	40fad878-6cd0-53bd-99f9-b50d98c4f1c5	14			2f5b3c76efbe	mutation	2	84cd8501d39dfaa4	Qwen/Qwen3.6-35B-A3B	open-access	50	hybrid	2026-09-18T11:42:13Z		local	http://mango.cels.anl.gov:8004/v1	0b11246b90154355
Enterococcus faecalis	cls		Daptomycin resistance	reported	[14]	3	missing:Mutation	Brian L. Hollenbeck et al. Virulence PMID:23076243; Amy S. Gargis et al. Frontiers in Microbiology (2021) PMID:35178041; Carlos Rodríguez-Lucas et al. Antibiotics PMID:37237745	23076243;35178041;37237745	40fad878-6cd0-53bd-99f9-b50d98c4f1c5;773f8790-9e7c-5694-9efc-dd700792b1b6;61ff53a7-bf78-5675-8f4e-bd497c5a0fad	14;26;37			2f5b3c76efbe	mutation	2	84cd8501d39dfaa4	Qwen/Qwen3.6-35B-A3B	open-access	50	hybrid	2026-09-18T11:42:13Z		local	http://mango.cels.anl.gov:8004/v1	0b11246b90154355
Enterococcus faecalis	23S rDNA	G2576T	Linezolid resistance	measured	[5]	1	off_target_gene	Laura Ruiz-Ripa et al. Microorganisms PMID:32751552	32751552	e1377a4c-7b4f-51ea-9ef4-92bb25cfbe0a	5			2f5b3c76efbe	mutation	2	84cd8501d39dfaa4	Qwen/Qwen3.6-35B-A3B	open-access	50	hybrid	2026-09-18T11:42:13Z		local	http://mango.cels.anl.gov:8004/v1	0b11246b90154355
Klebsiella pneumoniae	cirA	Val611TyrfsTer32	cefiderocol resistance	measured; reported	[4]	4	merged_variants:Assertion	Peiyao Zhou et al. BMC Microbiology PMID:41787288	41787288	430bde5e-9f5c-5d42-be83-db7a1f2c6dd0;865cec3e-c7bf-57c6-9fc4-0a9319660977;235b1614-929e-549a-83be-ab0854e3df06;0f7f72a4-e0f3-579b-9012-fd5c917bc41c	4;13;27;32			9a62f07d19be	mutation	2	84cd8501d39dfaa4	Qwen/Qwen3.6-35B-A3B	open-access	50	hybrid	2026-09-18T11:42:15Z		local	http://mango.cels.anl.gov:8004/v1	ac49be5dbbbdf463
Klebsiella pneumoniae	cirA	E133*	cefiderocol resistance	measured	[31]	1		Gabriele Arcari et al. Emerging Infectious Diseases PMID:37877547	37877547	ddbc44f4-d3d4-58a6-8cdf-a092b7751e6e	31			9a62f07d19be	mutation	2	84cd8501d39dfaa4	Qwen/Qwen3.6-35B-A3B	open-access	50	hybrid	2026-09-18T11:42:15Z		local	http://mango.cels.anl.gov:8004/v1	ac49be5dbbbdf463
Klebsiella pneumoniae	cirA	p.Y253CfsTer5	cefiderocol resistance	measured	[26]	1		Marco Coppi et al. Eurosurveillance (2022) PMID:36305334	36305334	32794383-f7c2-55bd-b0e7-16e99a0ae058	26			9a62f07d19be	mutation	2	84cd8501d39dfaa4	Qwen/Qwen3.6-35B-A3B	open-access	50	hybrid	2026-09-18T11:42:15Z		local	http://mango.cels.anl.gov:8004/v1	ac49be5dbbbdf463
Klebsiella pneumoniae	cirA	p.D426Ter	cefiderocol resistance	measured	[26]	1		Marco Coppi et al. Eurosurveillance (2022) PMID:36305334	36305334	32794383-f7c2-55bd-b0e7-16e99a0ae058	26			9a62f07d19be	mutation	2	84cd8501d39dfaa4	Qwen/Qwen3.6-35B-A3B	open-access	50	hybrid	2026-09-18T11:42:15Z		local	http://mango.cels.anl.gov:8004/v1	ac49be5dbbbdf463
Klebsiella pneumoniae	cirA	G7	cefiderocol resistance	measured	[26]	1		Marco Coppi et al. Eurosurveillance (2022) PMID:36305334	36305334	32794383-f7c2-55bd-b0e7-16e99a0ae058	26			9a62f07d19be	mutation	2	84cd8501d39dfaa4	Qwen/Qwen3.6-35B-A3B	open-access	50	hybrid	2026-09-18T11:42:15Z		local	http://mango.cels.anl.gov:8004/v1	ac49be5dbbbdf463
Klebsiella pneumoniae	cirA	E644V	β-lactams (porin-related)	reported	[24]	1		Aiman Waheed et al. Pathogens PMID:41754468	41754468	6e34ad75-04eb-5419-b1e0-ea227d33ecb0	24			9a62f07d19be	mutation	2	84cd8501d39dfaa4	Qwen/Qwen3.6-35B-A3B	open-access	50	hybrid	2026-09-18T11:42:15Z		local	http://mango.cels.anl.gov:8004/v1	ac49be5dbbbdf463
Klebsiella pneumoniae	cirA	E81V	β-lactams (porin-related)	reported	[24]	1		Aiman Waheed et al. Pathogens PMID:41754468	41754468	6e34ad75-04eb-5419-b1e0-ea227d33ecb0	24			9a62f07d19be	mutation	2	84cd8501d39dfaa4	Qwen/Qwen3.6-35B-A3B	open-access	50	hybrid	2026-09-18T11:42:15Z		local	http://mango.cels.anl.gov:8004/v1	ac49be5dbbbdf463
Klebsiella pneumoniae	cirA	V237I	β-lactams (porin-related)	reported	[24]	1		Aiman Waheed et al. Pathogens PMID:41754468	41754468	6e34ad75-04eb-5419-b1e0-ea227d33ecb0	24			9a62f07d19be	mutation	2	84cd8501d39dfaa4	Qwen/Qwen3.6-35B-A3B	open-access	50	hybrid	2026-09-18T11:42:15Z		local	http://mango.cels.anl.gov:8004/v1	ac49be5dbbbdf463
Klebsiella pneumoniae	cirA	Y183W	β-lactams (porin-related)	reported	[24]	1		Aiman Waheed et al. Pathogens PMID:41754468	41754468	6e34ad75-04eb-5419-b1e0-ea227d33ecb0	24			9a62f07d19be	mutation	2	84cd8501d39dfaa4	Qwen/Qwen3.6-35B-A3B	open-access	50	hybrid	2026-09-18T11:42:15Z		local	http://mango.cels.anl.gov:8004/v1	ac49be5dbbbdf463
Staphylococcus aureus	relA	SACOL1689 mutation	Reduced linezolid susceptibility and stringent response activation	reported	[2]	1	off_target_gene	Wei Gao et al. PLoS Pathogens PMID:20548948	20548948	5709e85a-d6ef-59e7-b8cf-2335c825802b	2			4f639edce8e0	mutation	2	84cd8501d39dfaa4	Qwen/Qwen3.6-35B-A3B	open-access	50	hybrid	2026-09-18T11:42:17Z		local	http://mango.cels.anl.gov:8004/v1	5af0ea4561009df3
Staphylococcus aureus	rlmN	SACOL1230 mutation	Reduced linezolid susceptibility	reported	[2]	1	off_target_gene	Wei Gao et al. PLoS Pathogens PMID:20548948	20548948	5709e85a-d6ef-59e7-b8cf-2335c825802b	2			4f639edce8e0	mutation	2	84cd8501d39dfaa4	Qwen/Qwen3.6-35B-A3B	open-access	50	hybrid	2026-09-18T11:42:17Z		local	http://mango.cels.anl.gov:8004/v1	5af0ea4561009df3
Staphylococcus aureus	mprF	P314T	Antimicrobial resistance (Daptomycin); Daptomycin non-susceptibility	reported; measured	[12]	2	off_target_gene;merged_variants:Phenotype;merged_variants:Assertion	Natalia Gómez-Casanova et al. Pathogens PMID:38535549	38535549	d35fc140-adc5-5a23-a388-c2ebd19e307b	12			4f639edce8e0	mutation	2	84cd8501d39dfaa4	Qwen/Qwen3.6-35B-A3B	open-access	50	hybrid	2026-09-18T11:42:17Z		local	http://mango.cels.anl.gov:8004/v1	5af0ea4561009df3
Staphylococcus aureus	gdpP	Truncations	β-lactam resistance in meticillin-resistant lacking mec (MRLM); β-lactam resistance (MRLM phenotype)	reported	[20]	2	off_target_gene;merged_variants:Phenotype	Anna Sommer et al. Microbial Genomics PMID:34486969	34486969	847093b2-79ea-5bb5-98c5-15cb5b76fe5f	20			4f639edce8e0	mutation	2	84cd8501d39dfaa4	Qwen/Qwen3.6-35B-A3B	open-access	50	hybrid	2026-09-18T11:42:17Z		local	http://mango.cels.anl.gov:8004/v1	5af0ea4561009df3
Staphylococcus aureus	gdpP	insertions	β-lactam resistance in meticillin-resistant lacking mec (MRLM); β-lactam resistance (MRLM phenotype)	reported	[20]	2	off_target_gene;merged_variants:Phenotype	Anna Sommer et al. Microbial Genomics PMID:34486969	34486969	847093b2-79ea-5bb5-98c5-15cb5b76fe5f	20			4f639edce8e0	mutation	2	84cd8501d39dfaa4	Qwen/Qwen3.6-35B-A3B	open-access	50	hybrid	2026-09-18T11:42:17Z		local	http://mango.cels.anl.gov:8004/v1	5af0ea4561009df3
Staphylococcus aureus	gdpP	deletions	β-lactam resistance in meticillin-resistant lacking mec (MRLM); β-lactam resistance (MRLM phenotype)	reported	[20]	2	off_target_gene;merged_variants:Phenotype	Anna Sommer et al. Microbial Genomics PMID:34486969	34486969	847093b2-79ea-5bb5-98c5-15cb5b76fe5f	20			4f639edce8e0	mutation	2	84cd8501d39dfaa4	Qwen/Qwen3.6-35B-A3B	open-access	50	hybrid	2026-09-18T11:42:17Z		local	http://mango.cels.anl.gov:8004/v1	5af0ea4561009df3
Staphylococcus aureus	gdpP	or amino acid substitutions in DHH-domain	β-lactam resistance in meticillin-resistant lacking mec (MRLM)	reported	[20]	1	off_target_gene	Anna Sommer et al. Microbial Genomics PMID:34486969	34486969	847093b2-79ea-5bb5-98c5-15cb5b76fe5f	20			4f639edce8e0	mutation	2	84cd8501d39dfaa4	Qwen/Qwen3.6-35B-A3B	open-access	50	hybrid	2026-09-18T11:42:17Z		local	http://mango.cels.anl.gov:8004/v1	5af0ea4561009df3
Staphylococcus aureus	SigA	Point mutation	Resistance to GPI0363	reported	[8]	1	off_target_gene	Atmika Paudel et al. Frontiers in Microbiology (2017) PMID:28487682	28487682	18a61343-755d-5bee-907b-fdd59ebb932a	8			4f639edce8e0	mutation	2	84cd8501d39dfaa4	Qwen/Qwen3.6-35B-A3B	open-access	50	hybrid	2026-09-18T11:42:17Z		local	http://mango.cels.anl.gov:8004/v1	5af0ea4561009df3
Enterococcus faecium	cls	I203V	Daptomycin resistance	reported	[8]	1		Weiwei Li et al. Frontiers in Microbiology (2022) PMID:35801099	35801099	7009f87a-63e3-5efb-817f-0f7f8ef7b370	8			9eb69f164565	mutation	2	84cd8501d39dfaa4	Qwen/Qwen3.6-35B-A3B	open-access	50	hybrid	2026-09-18T11:42:19Z		local	http://mango.cels.anl.gov:8004/v1	ebead0f43c6d4a24
Enterococcus faecium	cls	I269T	Daptomycin resistance	reported	[8]	1		Weiwei Li et al. Frontiers in Microbiology (2022) PMID:35801099	35801099	7009f87a-63e3-5efb-817f-0f7f8ef7b370	8			9eb69f164565	mutation	2	84cd8501d39dfaa4	Qwen/Qwen3.6-35B-A3B	open-access	50	hybrid	2026-09-18T11:42:19Z		local	http://mango.cels.anl.gov:8004/v1	ebead0f43c6d4a24
Enterococcus faecium	cls	S298T	Daptomycin resistance	reported	[8]	1		Weiwei Li et al. Frontiers in Microbiology (2022) PMID:35801099	35801099	7009f87a-63e3-5efb-817f-0f7f8ef7b370	8			9eb69f164565	mutation	2	84cd8501d39dfaa4	Qwen/Qwen3.6-35B-A3B	open-access	50	hybrid	2026-09-18T11:42:19Z		local	http://mango.cels.anl.gov:8004/v1	ebead0f43c6d4a24
Enterococcus faecium	cls	N13I	Daptomycin resistance	reported	[8]	1		Weiwei Li et al. Frontiers in Microbiology (2022) PMID:35801099	35801099	7009f87a-63e3-5efb-817f-0f7f8ef7b370	8			9eb69f164565	mutation	2	84cd8501d39dfaa4	Qwen/Qwen3.6-35B-A3B	open-access	50	hybrid	2026-09-18T11:42:19Z		local	http://mango.cels.anl.gov:8004/v1	ebead0f43c6d4a24
Enterococcus faecium	cls	H215R	Daptomycin resistance	reported	[8]	1		Weiwei Li et al. Frontiers in Microbiology (2022) PMID:35801099	35801099	7009f87a-63e3-5efb-817f-0f7f8ef7b370	8			9eb69f164565	mutation	2	84cd8501d39dfaa4	Qwen/Qwen3.6-35B-A3B	open-access	50	hybrid	2026-09-18T11:42:19Z		local	http://mango.cels.anl.gov:8004/v1	ebead0f43c6d4a24
Enterococcus faecium	cls	R218Q	Daptomycin resistance	reported	[8]	1		Weiwei Li et al. Frontiers in Microbiology (2022) PMID:35801099	35801099	7009f87a-63e3-5efb-817f-0f7f8ef7b370	8			9eb69f164565	mutation	2	84cd8501d39dfaa4	Qwen/Qwen3.6-35B-A3B	open-access	50	hybrid	2026-09-18T11:42:19Z		local	http://mango.cels.anl.gov:8004/v1	ebead0f43c6d4a24
Enterococcus faecium	cls	MPL110-112	Daptomycin resistance	reported	[8]	1		Weiwei Li et al. Frontiers in Microbiology (2022) PMID:35801099	35801099	7009f87a-63e3-5efb-817f-0f7f8ef7b370	8			9eb69f164565	mutation	2	84cd8501d39dfaa4	Qwen/Qwen3.6-35B-A3B	open-access	50	hybrid	2026-09-18T11:42:19Z		local	http://mango.cels.anl.gov:8004/v1	ebead0f43c6d4a24
Enterococcus faecium	cls	N13T	Daptomycin resistance	reported	[8]	1		Weiwei Li et al. Frontiers in Microbiology (2022) PMID:35801099	35801099	7009f87a-63e3-5efb-817f-0f7f8ef7b370	8			9eb69f164565	mutation	2	84cd8501d39dfaa4	Qwen/Qwen3.6-35B-A3B	open-access	50	hybrid	2026-09-18T11:42:19Z		local	http://mango.cels.anl.gov:8004/v1	ebead0f43c6d4a24
Enterococcus faecium	cls	K59T	Daptomycin resistance	reported	[8]	1		Weiwei Li et al. Frontiers in Microbiology (2022) PMID:35801099	35801099	7009f87a-63e3-5efb-817f-0f7f8ef7b370	8			9eb69f164565	mutation	2	84cd8501d39dfaa4	Qwen/Qwen3.6-35B-A3B	open-access	50	hybrid	2026-09-18T11:42:19Z		local	http://mango.cels.anl.gov:8004/v1	ebead0f43c6d4a24
Enterococcus faecium	cls	A20D	Daptomycin resistance	reported	[8]	1		Weiwei Li et al. Frontiers in Microbiology (2022) PMID:35801099	35801099	7009f87a-63e3-5efb-817f-0f7f8ef7b370	8			9eb69f164565	mutation	2	84cd8501d39dfaa4	Qwen/Qwen3.6-35B-A3B	open-access	50	hybrid	2026-09-18T11:42:19Z		local	http://mango.cels.anl.gov:8004/v1	ebead0f43c6d4a24
Enterococcus faecium	cls	D27N	Daptomycin resistance	reported	[8]	1		Weiwei Li et al. Frontiers in Microbiology (2022) PMID:35801099	35801099	7009f87a-63e3-5efb-817f-0f7f8ef7b370	8			9eb69f164565	mutation	2	84cd8501d39dfaa4	Qwen/Qwen3.6-35B-A3B	open-access	50	hybrid	2026-09-18T11:42:19Z		local	http://mango.cels.anl.gov:8004/v1	ebead0f43c6d4a24
Enterococcus faecium	cls	R267H	Daptomycin resistance	reported	[8]	1		Weiwei Li et al. Frontiers in Microbiology (2022) PMID:35801099	35801099	7009f87a-63e3-5efb-817f-0f7f8ef7b370	8			9eb69f164565	mutation	2	84cd8501d39dfaa4	Qwen/Qwen3.6-35B-A3B	open-access	50	hybrid	2026-09-18T11:42:19Z		local	http://mango.cels.anl.gov:8004/v1	ebead0f43c6d4a24
Enterococcus faecium	cls	V203T	Daptomycin resistance	measured	[18]	1		Weiwei Li et al. Frontiers in Microbiology (2022) PMID:35801099	35801099	12312e82-c513-59f0-8cf7-fe65489d0aaf	18			9eb69f164565	mutation	2	84cd8501d39dfaa4	Qwen/Qwen3.6-35B-A3B	open-access	50	hybrid	2026-09-18T11:42:19Z		local	http://mango.cels.anl.gov:8004/v1	ebead0f43c6d4a24
Enterococcus faecium	cls	T269I	Daptomycin resistance	measured	[18]	1		Weiwei Li et al. Frontiers in Microbiology (2022) PMID:35801099	35801099	12312e82-c513-59f0-8cf7-fe65489d0aaf	18			9eb69f164565	mutation	2	84cd8501d39dfaa4	Qwen/Qwen3.6-35B-A3B	open-access	50	hybrid	2026-09-18T11:42:19Z		local	http://mango.cels.anl.gov:8004/v1	ebead0f43c6d4a24
Enterococcus faecium	cls	T298S	Daptomycin resistance	measured	[18]	1		Weiwei Li et al. Frontiers in Microbiology (2022) PMID:35801099	35801099	12312e82-c513-59f0-8cf7-fe65489d0aaf	18			9eb69f164565	mutation	2	84cd8501d39dfaa4	Qwen/Qwen3.6-35B-A3B	open-access	50	hybrid	2026-09-18T11:42:19Z		local	http://mango.cels.anl.gov:8004/v1	ebead0f43c6d4a24
Enterococcus faecium	cls		Daptomycin resistance	reported	[3]	8	missing:Mutation	Guiqing Wang et al. PLoS ONE PMID:30576392; Alicia G. Beukers et al. Frontiers in Cellular and Infection Microbiology (2021) PMID:34094996; Brian L. Hollenbeck et al. Virulence PMID:23076243; Carlos Rodríguez-Lucas et al. Antibiotics PMID:37237745; Weiwei Li et al. Frontiers in Microbiology (2022) PMID:35801099; Laura Herrera-Hidalgo et al. Antibiotics PMID:37107066; Jingmin Xiao et al. Microorganisms PMID:38792822	30576392;34094996;23076243;37237745;35801099;37107066;38792822	20852dd7-1706-5e51-ab91-e16d0448fc8d;b789bd56-e179-500e-afb7-bfaf4e270a51;4cfff12d-d49d-5964-87a6-90e456018542;61ff53a7-bf78-5675-8f4e-bd497c5a0fad;d13d32ce-5015-59cf-918e-ae55e69d1ab7;adadb76c-7b33-53c2-9f7e-26d9ac95f265;8fa8808e-e692-5d46-b819-e5c25a090114;4f65a545-1140-5728-ad00-b6ab03789716	3;5;11;13;21;25;26;39			9eb69f164565	mutation	2	84cd8501d39dfaa4	Qwen/Qwen3.6-35B-A3B	open-access	50	hybrid	2026-09-18T11:42:19Z		local	http://mango.cels.anl.gov:8004/v1	ebead0f43c6d4a24
Pseudomonas aeruginosa	cmrA	A68V	MexEF-OprN hyperproduction; Meropenem resistance; Fluoroquinolone resistance	reported	[27]	1		Carla López-Causapé et al. Frontiers in Microbiology (2018) PMID:29681898	29681898	f2b267d4-96b4-563e-8dd3-f3b0361d1de2	27			95333b6c9faf	mutation	2	84cd8501d39dfaa4	Qwen/Qwen3.6-35B-A3B	open-access	50	hybrid	2026-09-18T11:42:21Z		local	http://mango.cels.anl.gov:8004/v1	5b631a27a4566ec5
Pseudomonas aeruginosa	cmrA	L89Q	MexEF-OprN hyperproduction; Meropenem resistance; Fluoroquinolone resistance	reported	[27]	1		Carla López-Causapé et al. Frontiers in Microbiology (2018) PMID:29681898	29681898	f2b267d4-96b4-563e-8dd3-f3b0361d1de2	27			95333b6c9faf	mutation	2	84cd8501d39dfaa4	Qwen/Qwen3.6-35B-A3B	open-access	50	hybrid	2026-09-18T11:42:21Z		local	http://mango.cels.anl.gov:8004/v1	5b631a27a4566ec5
Pseudomonas aeruginosa	cmrA	H204L	MexEF-OprN hyperproduction; Meropenem resistance; Fluoroquinolone resistance	reported	[27]	1		Carla López-Causapé et al. Frontiers in Microbiology (2018) PMID:29681898	29681898	f2b267d4-96b4-563e-8dd3-f3b0361d1de2	27			95333b6c9faf	mutation	2	84cd8501d39dfaa4	Qwen/Qwen3.6-35B-A3B	open-access	50	hybrid	2026-09-18T11:42:21Z		local	http://mango.cels.anl.gov:8004/v1	5b631a27a4566ec5
Pseudomonas aeruginosa	cmrA	N214K	MexEF-OprN hyperproduction; Meropenem resistance; Fluoroquinolone resistance	reported	[27]	1		Carla López-Causapé et al. Frontiers in Microbiology (2018) PMID:29681898	29681898	f2b267d4-96b4-563e-8dd3-f3b0361d1de2	27			95333b6c9faf	mutation	2	84cd8501d39dfaa4	Qwen/Qwen3.6-35B-A3B	open-access	50	hybrid	2026-09-18T11:42:21Z		local	http://mango.cels.anl.gov:8004/v1	5b631a27a4566ec5
Pseudomonas aeruginosa	colR	D32N	Antimicrobial resistance	reported	[29]	1		Carla López-Causapé et al. Frontiers in Microbiology (2018) PMID:29681898	29681898	9a1277e4-3102-5d81-810d-99a51af61701	29			903e2ccc0940	mutation	2	84cd8501d39dfaa4	Qwen/Qwen3.6-35B-A3B	open-access	50	hybrid	2026-09-18T11:42:30Z		local	http://mango.cels.anl.gov:8004/v1	12ea898cf4bc35f2
Pseudomonas aeruginosa	pmrB	S2P	Antimicrobial resistance; Colistin resistance	reported	[14]	2	off_target_gene;merged_variants:Phenotype	Ana M. Rada et al. Frontiers in Microbiology (2021) PMID:34512563	34512563	4fd9160d-0885-5b09-bdc8-212161ee938a	14			903e2ccc0940	mutation	2	84cd8501d39dfaa4	Qwen/Qwen3.6-35B-A3B	open-access	50	hybrid	2026-09-18T11:42:30Z		local	http://mango.cels.anl.gov:8004/v1	12ea898cf4bc35f2
Pseudomonas aeruginosa	pmrB	A4T	Antimicrobial resistance; Colistin resistance	reported	[14]	2	off_target_gene;merged_variants:Phenotype	Ana M. Rada et al. Frontiers in Microbiology (2021) PMID:34512563	34512563	4fd9160d-0885-5b09-bdc8-212161ee938a	14			903e2ccc0940	mutation	2	84cd8501d39dfaa4	Qwen/Qwen3.6-35B-A3B	open-access	50	hybrid	2026-09-18T11:42:30Z		local	http://mango.cels.anl.gov:8004/v1	12ea898cf4bc35f2
Pseudomonas aeruginosa	pmrB	V6A	Antimicrobial resistance; Colistin resistance	reported	[14]	2	off_target_gene;merged_variants:Phenotype	Ana M. Rada et al. Frontiers in Microbiology (2021) PMID:34512563	34512563	4fd9160d-0885-5b09-bdc8-212161ee938a	14			903e2ccc0940	mutation	2	84cd8501d39dfaa4	Qwen/Qwen3.6-35B-A3B	open-access	50	hybrid	2026-09-18T11:42:30Z		local	http://mango.cels.anl.gov:8004/v1	12ea898cf4bc35f2
Pseudomonas aeruginosa	pmrB	V15I	Antimicrobial resistance; Colistin resistance	reported	[14]	2	off_target_gene;merged_variants:Phenotype	Ana M. Rada et al. Frontiers in Microbiology (2021) PMID:34512563	34512563	4fd9160d-0885-5b09-bdc8-212161ee938a	14			903e2ccc0940	mutation	2	84cd8501d39dfaa4	Qwen/Qwen3.6-35B-A3B	open-access	50	hybrid	2026-09-18T11:42:30Z		local	http://mango.cels.anl.gov:8004/v1	12ea898cf4bc35f2
Pseudomonas aeruginosa	pmrB	G68S	Antimicrobial resistance; Colistin resistance	reported	[14]	3	off_target_gene;merged_variants:Phenotype	Ana M. Rada et al. Frontiers in Microbiology (2021) PMID:34512563; Yanghua Xiao et al. BMC Microbiology PMID:41772443	34512563;41772443	4fd9160d-0885-5b09-bdc8-212161ee938a;48111eb6-e5e4-5d04-9d81-cbc4f04f330d	14;31			903e2ccc0940	mutation	2	84cd8501d39dfaa4	Qwen/Qwen3.6-35B-A3B	open-access	50	hybrid	2026-09-18T11:42:30Z		local	http://mango.cels.anl.gov:8004/v1	12ea898cf4bc35f2
Pseudomonas aeruginosa	pmrB	Y345H	Antimicrobial resistance; Colistin resistance	reported	[14]	5	off_target_gene;merged_variants:Phenotype	Ana M. Rada et al. Frontiers in Microbiology (2021) PMID:34512563; Saghar Jafari-Ramedani et al. BMC Microbiology PMID:38702660; Ana Paula Barbosa do Nascimento et al. Scientific Reports PMID:32764694; Yanghua Xiao et al. BMC Microbiology PMID:41772443	34512563;38702660;32764694;41772443	4fd9160d-0885-5b09-bdc8-212161ee938a;ebd3dd22-42c0-57e4-9606-4495b7239b46;370e0564-8ce3-5c53-8163-df071be4de72;48111eb6-e5e4-5d04-9d81-cbc4f04f330d	14;17;24;31	Y345H	Y345H	903e2ccc0940	mutation	2	84cd8501d39dfaa4	Qwen/Qwen3.6-35B-A3B	open-access	50	hybrid	2026-09-18T11:42:30Z		local	http://mango.cels.anl.gov:8004/v1	12ea898cf4bc35f2
Pseudomonas aeruginosa	pmrB	P169A	Antimicrobial resistance	measured	[43]	1	off_target_gene	Mareike B. Erdmann et al. PLOS ONE PMID:37824582	37824582	41e820ce-d1f2-59bf-b1b4-c8a48193af75	43			903e2ccc0940	mutation	2	84cd8501d39dfaa4	Qwen/Qwen3.6-35B-A3B	open-access	50	hybrid	2026-09-18T11:42:30Z		local	http://mango.cels.anl.gov:8004/v1	12ea898cf4bc35f2
Pseudomonas aeruginosa	pmrB	M292T	Antimicrobial resistance	measured; reported	[43]	2	off_target_gene;merged_variants:Assertion	Mareike B. Erdmann et al. PLOS ONE PMID:37824582; Carla López-Causapé et al. Frontiers in Microbiology (2018) PMID:29681898	37824582;29681898	41e820ce-d1f2-59bf-b1b4-c8a48193af75;12ee947e-26ea-5950-99f1-4686c6c08db5	31;43			903e2ccc0940	mutation	2	84cd8501d39dfaa4	Qwen/Qwen3.6-35B-A3B	open-access	50	hybrid	2026-09-18T11:42:30Z		local	http://mango.cels.anl.gov:8004/v1	12ea898cf4bc35f2
Pseudomonas aeruginosa	pmrB	A248T	Antimicrobial resistance	reported	[8]	2	off_target_gene	Nicholas Jochumsen et al. Nature Communications PMID:27694971; Carla López-Causapé et al. Frontiers in Microbiology (2018) PMID:29681898	27694971;29681898	6ec6c1c2-432a-5dd4-87b5-de0979cea452;12ee947e-26ea-5950-99f1-4686c6c08db5	8;31			903e2ccc0940	mutation	2	84cd8501d39dfaa4	Qwen/Qwen3.6-35B-A3B	open-access	50	hybrid	2026-09-18T11:42:30Z		local	http://mango.cels.anl.gov:8004/v1	12ea898cf4bc35f2
Pseudomonas aeruginosa	pmrB	L14P	Antimicrobial resistance	reported	[31]	1	off_target_gene	Carla López-Causapé et al. Frontiers in Microbiology (2018) PMID:29681898	29681898	12ee947e-26ea-5950-99f1-4686c6c08db5	31			903e2ccc0940	mutation	2	84cd8501d39dfaa4	Qwen/Qwen3.6-35B-A3B	open-access	50	hybrid	2026-09-18T11:42:30Z		local	http://mango.cels.anl.gov:8004/v1	12ea898cf4bc35f2
Pseudomonas aeruginosa	pmrB	A54V	Antimicrobial resistance	reported	[31]	1	off_target_gene	Carla López-Causapé et al. Frontiers in Microbiology (2018) PMID:29681898	29681898	12ee947e-26ea-5950-99f1-4686c6c08db5	31			903e2ccc0940	mutation	2	84cd8501d39dfaa4	Qwen/Qwen3.6-35B-A3B	open-access	50	hybrid	2026-09-18T11:42:30Z		local	http://mango.cels.anl.gov:8004/v1	12ea898cf4bc35f2
Pseudomonas aeruginosa	pmrB	R79H	Antimicrobial resistance	reported	[31]	1	off_target_gene	Carla López-Causapé et al. Frontiers in Microbiology (2018) PMID:29681898	29681898	12ee947e-26ea-5950-99f1-4686c6c08db5	31			903e2ccc0940	mutation	2	84cd8501d39dfaa4	Qwen/Qwen3.6-35B-A3B	open-access	50	hybrid	2026-09-18T11:42:30Z		local	http://mango.cels.anl.gov:8004/v1	12ea898cf4bc35f2
Pseudomonas aeruginosa	pmrB	R135Q	Antimicrobial resistance	reported	[31]	1	off_target_gene	Carla López-Causapé et al. Frontiers in Microbiology (2018) PMID:29681898	29681898	12ee947e-26ea-5950-99f1-4686c6c08db5	31			903e2ccc0940	mutation	2	84cd8501d39dfaa4	Qwen/Qwen3.6-35B-A3B	open-access	50	hybrid	2026-09-18T11:42:30Z		local	http://mango.cels.anl.gov:8004/v1	12ea898cf4bc35f2
Pseudomonas aeruginosa	pmrB	A247T	Antimicrobial resistance	reported	[31]	1	off_target_gene	Carla López-Causapé et al. Frontiers in Microbiology (2018) PMID:29681898	29681898	12ee947e-26ea-5950-99f1-4686c6c08db5	31			903e2ccc0940	mutation	2	84cd8501d39dfaa4	Qwen/Qwen3.6-35B-A3B	open-access	50	hybrid	2026-09-18T11:42:30Z		local	http://mango.cels.anl.gov:8004/v1	12ea898cf4bc35f2
Pseudomonas aeruginosa	pmrB	A248V	Antimicrobial resistance	reported	[31]	1	off_target_gene	Carla López-Causapé et al. Frontiers in Microbiology (2018) PMID:29681898	29681898	12ee947e-26ea-5950-99f1-4686c6c08db5	31			903e2ccc0940	mutation	2	84cd8501d39dfaa4	Qwen/Qwen3.6-35B-A3B	open-access	50	hybrid	2026-09-18T11:42:30Z		local	http://mango.cels.anl.gov:8004/v1	12ea898cf4bc35f2
Pseudomonas aeruginosa	pmrB	R259H	Antimicrobial resistance	reported	[31]	1	off_target_gene	Carla López-Causapé et al. Frontiers in Microbiology (2018) PMID:29681898	29681898	12ee947e-26ea-5950-99f1-4686c6c08db5	31			903e2ccc0940	mutation	2	84cd8501d39dfaa4	Qwen/Qwen3.6-35B-A3B	open-access	50	hybrid	2026-09-18T11:42:30Z		local	http://mango.cels.anl.gov:8004/v1	12ea898cf4bc35f2
Pseudomonas aeruginosa	pmrB	M292I	Antimicrobial resistance	reported	[31]	1	off_target_gene	Carla López-Causapé et al. Frontiers in Microbiology (2018) PMID:29681898	29681898	12ee947e-26ea-5950-99f1-4686c6c08db5	31			903e2ccc0940	mutation	2	84cd8501d39dfaa4	Qwen/Qwen3.6-35B-A3B	open-access	50	hybrid	2026-09-18T11:42:30Z		local	http://mango.cels.anl.gov:8004/v1	12ea898cf4bc35f2
Pseudomonas aeruginosa	pmrA	L71R	modulates resistance to cationic antimicrobial peptides; Antimicrobial resistance	reported	[14]	5	off_target_gene;merged_variants:Phenotype	Ana M. Rada et al. Frontiers in Microbiology (2021) PMID:34512563; Ana Paula Barbosa do Nascimento et al. Scientific Reports PMID:32764694; Syed A. K. Shifat Ahmed et al. Scientific Reports PMID:33707533; Mai A. Amer et al. BMC Microbiology PMID:42237234	34512563;32764694;33707533;42237234	4fd9160d-0885-5b09-bdc8-212161ee938a;9b5ce033-71b0-5eee-8aa1-295b93d4433f;cd09cda7-3b7b-5c42-8bda-c3c9922dfb7e;dea6b599-a2c4-5cc8-aaf5-975dd00d4faa	4;14;17;28			903e2ccc0940	mutation	2	84cd8501d39dfaa4	Qwen/Qwen3.6-35B-A3B	open-access	50	hybrid	2026-09-18T11:42:30Z		local	http://mango.cels.anl.gov:8004/v1	12ea898cf4bc35f2
Pseudomonas aeruginosa	phoQ	V260G	Antimicrobial resistance; Colistin resistance	measured	[43]	2	off_target_gene;merged_variants:Phenotype	Mareike B. Erdmann et al. PLOS ONE PMID:37824582; Bernardo Antunes et al. PLOS Biology PMID:38954678	37824582;38954678	41e820ce-d1f2-59bf-b1b4-c8a48193af75;5ace93cc-fd0e-5bd8-95d1-89aa159ca95c	12;43			903e2ccc0940	mutation	2	84cd8501d39dfaa4	Qwen/Qwen3.6-35B-A3B	open-access	50	hybrid	2026-09-18T11:42:30Z		local	http://mango.cels.anl.gov:8004/v1	12ea898cf4bc35f2
Pseudomonas aeruginosa	parS	R7H	Antimicrobial resistance; multidrug resistance	reported	[12]	2	off_target_gene;merged_variants:Phenotype	Ana M. Rada et al. Frontiers in Microbiology (2021) PMID:34512563	34512563	fff69d30-30e9-519e-aace-49cef6840747	12			903e2ccc0940	mutation	2	84cd8501d39dfaa4	Qwen/Qwen3.6-35B-A3B	open-access	50	hybrid	2026-09-18T11:42:30Z		local	http://mango.cels.anl.gov:8004/v1	12ea898cf4bc35f2
Pseudomonas aeruginosa	parS	L137P	Antimicrobial resistance; multidrug resistance	reported	[12]	5	off_target_gene;merged_variants:Phenotype	Ana M. Rada et al. Frontiers in Microbiology (2021) PMID:34512563; Carla López-Causapé et al. Frontiers in Microbiology (2018) PMID:29681898	34512563;29681898	fff69d30-30e9-519e-aace-49cef6840747;9a1277e4-3102-5d81-810d-99a51af61701	12;29			903e2ccc0940	mutation	2	84cd8501d39dfaa4	Qwen/Qwen3.6-35B-A3B	open-access	50	hybrid	2026-09-18T11:42:30Z		local	http://mango.cels.anl.gov:8004/v1	12ea898cf4bc35f2
Pseudomonas aeruginosa	parS	S277N	Antimicrobial resistance; multidrug resistance	reported	[12]	2	off_target_gene;merged_variants:Phenotype	Ana M. Rada et al. Frontiers in Microbiology (2021) PMID:34512563	34512563	fff69d30-30e9-519e-aace-49cef6840747	12			903e2ccc0940	mutation	2	84cd8501d39dfaa4	Qwen/Qwen3.6-35B-A3B	open-access	50	hybrid	2026-09-18T11:42:30Z		local	http://mango.cels.anl.gov:8004/v1	12ea898cf4bc35f2
Pseudomonas aeruginosa	parS	H398R	Antimicrobial resistance; multidrug resistance	reported	[12]	3	off_target_gene;merged_variants:Phenotype	Ana M. Rada et al. Frontiers in Microbiology (2021) PMID:34512563; Catalina Díaz-Ríos et al. Antibiotics PMID:33922748	34512563;33922748	fff69d30-30e9-519e-aace-49cef6840747;65765a35-6f50-57af-b37d-7f4f63e8b15f	9;12			903e2ccc0940	mutation	2	84cd8501d39dfaa4	Qwen/Qwen3.6-35B-A3B	open-access	50	hybrid	2026-09-18T11:42:30Z		local	http://mango.cels.anl.gov:8004/v1	12ea898cf4bc35f2
Pseudomonas aeruginosa	parS	L14Q	Antimicrobial resistance; colistin resistance	reported	[29]	2	off_target_gene;merged_variants:Phenotype	Carla López-Causapé et al. Frontiers in Microbiology (2018) PMID:29681898	29681898	9a1277e4-3102-5d81-810d-99a51af61701	29			903e2ccc0940	mutation	2	84cd8501d39dfaa4	Qwen/Qwen3.6-35B-A3B	open-access	50	hybrid	2026-09-18T11:42:30Z		local	http://mango.cels.anl.gov:8004/v1	12ea898cf4bc35f2
Pseudomonas aeruginosa	parS	V101M	Antimicrobial resistance; colistin resistance	reported	[29]	2	off_target_gene;merged_variants:Phenotype	Carla López-Causapé et al. Frontiers in Microbiology (2018) PMID:29681898	29681898	9a1277e4-3102-5d81-810d-99a51af61701	29			903e2ccc0940	mutation	2	84cd8501d39dfaa4	Qwen/Qwen3.6-35B-A3B	open-access	50	hybrid	2026-09-18T11:42:30Z		local	http://mango.cels.anl.gov:8004/v1	12ea898cf4bc35f2
Pseudomonas aeruginosa	parS	A138T	Antimicrobial resistance; colistin resistance	reported	[29]	2	off_target_gene;merged_variants:Phenotype	Carla López-Causapé et al. Frontiers in Microbiology (2018) PMID:29681898	29681898	9a1277e4-3102-5d81-810d-99a51af61701	29			903e2ccc0940	mutation	2	84cd8501d39dfaa4	Qwen/Qwen3.6-35B-A3B	open-access	50	hybrid	2026-09-18T11:42:30Z		local	http://mango.cels.anl.gov:8004/v1	12ea898cf4bc35f2
Pseudomonas aeruginosa	parS	A168V	Antimicrobial resistance; colistin resistance	reported	[29]	2	off_target_gene;merged_variants:Phenotype	Carla López-Causapé et al. Frontiers in Microbiology (2018) PMID:29681898	29681898	9a1277e4-3102-5d81-810d-99a51af61701	29			903e2ccc0940	mutation	2	84cd8501d39dfaa4	Qwen/Qwen3.6-35B-A3B	open-access	50	hybrid	2026-09-18T11:42:30Z		local	http://mango.cels.anl.gov:8004/v1	12ea898cf4bc35f2
Pseudomonas aeruginosa	parS	Q232E	Antimicrobial resistance; colistin resistance	reported	[29]	2	off_target_gene;merged_variants:Phenotype	Carla López-Causapé et al. Frontiers in Microbiology (2018) PMID:29681898	29681898	9a1277e4-3102-5d81-810d-99a51af61701	29			903e2ccc0940	mutation	2	84cd8501d39dfaa4	Qwen/Qwen3.6-35B-A3B	open-access	50	hybrid	2026-09-18T11:42:30Z		local	http://mango.cels.anl.gov:8004/v1	12ea898cf4bc35f2
Pseudomonas aeruginosa	parS	G361R	Antimicrobial resistance; colistin resistance	reported	[29]	2	off_target_gene;merged_variants:Phenotype	Carla López-Causapé et al. Frontiers in Microbiology (2018) PMID:29681898	29681898	9a1277e4-3102-5d81-810d-99a51af61701	29			903e2ccc0940	mutation	2	84cd8501d39dfaa4	Qwen/Qwen3.6-35B-A3B	open-access	50	hybrid	2026-09-18T11:42:30Z		local	http://mango.cels.anl.gov:8004/v1	12ea898cf4bc35f2
Pseudomonas aeruginosa	parR	R70W	Antimicrobial resistance; Colistin resistance	reported	[12]	2	off_target_gene;merged_variants:Phenotype	Ana M. Rada et al. Frontiers in Microbiology (2021) PMID:34512563	34512563	fff69d30-30e9-519e-aace-49cef6840747	12			903e2ccc0940	mutation	2	84cd8501d39dfaa4	Qwen/Qwen3.6-35B-A3B	open-access	50	hybrid	2026-09-18T11:42:30Z		local	http://mango.cels.anl.gov:8004/v1	12ea898cf4bc35f2
Pseudomonas aeruginosa	parR	L153R	Antimicrobial resistance; Colistin resistance	reported	[12]	3	off_target_gene;merged_variants:Phenotype	Ana M. Rada et al. Frontiers in Microbiology (2021) PMID:34512563; Catalina Díaz-Ríos et al. Antibiotics PMID:33922748	34512563;33922748	fff69d30-30e9-519e-aace-49cef6840747;65765a35-6f50-57af-b37d-7f4f63e8b15f	9;12			903e2ccc0940	mutation	2	84cd8501d39dfaa4	Qwen/Qwen3.6-35B-A3B	open-access	50	hybrid	2026-09-18T11:42:30Z		local	http://mango.cels.anl.gov:8004/v1	12ea898cf4bc35f2
Pseudomonas aeruginosa	parR	S170N	Antimicrobial resistance; Colistin resistance	reported	[12]	3	off_target_gene;merged_variants:Phenotype	Ana M. Rada et al. Frontiers in Microbiology (2021) PMID:34512563; Catalina Díaz-Ríos et al. Antibiotics PMID:33922748	34512563;33922748	fff69d30-30e9-519e-aace-49cef6840747;65765a35-6f50-57af-b37d-7f4f63e8b15f	9;12			903e2ccc0940	mutation	2	84cd8501d39dfaa4	Qwen/Qwen3.6-35B-A3B	open-access	50	hybrid	2026-09-18T11:42:30Z		local	http://mango.cels.anl.gov:8004/v1	12ea898cf4bc35f2
Pseudomonas aeruginosa	parR	M59I	Antimicrobial resistance	reported	[31]	1	off_target_gene	Carla López-Causapé et al. Frontiers in Microbiology (2018) PMID:29681898	29681898	12ee947e-26ea-5950-99f1-4686c6c08db5	31			903e2ccc0940	mutation	2	84cd8501d39dfaa4	Qwen/Qwen3.6-35B-A3B	open-access	50	hybrid	2026-09-18T11:42:30Z		local	http://mango.cels.anl.gov:8004/v1	12ea898cf4bc35f2
Pseudomonas aeruginosa	parR	E156K	Antimicrobial resistance	reported	[31]	1	off_target_gene	Carla López-Causapé et al. Frontiers in Microbiology (2018) PMID:29681898	29681898	12ee947e-26ea-5950-99f1-4686c6c08db5	31			903e2ccc0940	mutation	2	84cd8501d39dfaa4	Qwen/Qwen3.6-35B-A3B	open-access	50	hybrid	2026-09-18T11:42:30Z		local	http://mango.cels.anl.gov:8004/v1	12ea898cf4bc35f2
Pseudomonas aeruginosa	cprS	R241C	Antimicrobial resistance; colistin resistance	reported	[29]	2	off_target_gene;merged_variants:Phenotype	Carla López-Causapé et al. Frontiers in Microbiology (2018) PMID:29681898	29681898	9a1277e4-3102-5d81-810d-99a51af61701	29	R241C	R241C	903e2ccc0940	mutation	2	84cd8501d39dfaa4	Qwen/Qwen3.6-35B-A3B	open-access	50	hybrid	2026-09-18T11:42:30Z		local	http://mango.cels.anl.gov:8004/v1	12ea898cf4bc35f2
Pseudomonas aeruginosa	colS	H35A	Antimicrobial resistance	Reported	[27]	1		Kadi Ainsaar et al. BMC Microbiology PMID:24946800	24946800	d3e20774-d1fd-574c-a015-ca683af889f7	27			04ff99404dd3	mutation	2	84cd8501d39dfaa4	Qwen/Qwen3.6-35B-A3B	open-access	50	hybrid	2026-09-18T11:42:32Z		local	http://mango.cels.anl.gov:8004/v1	3492dfb6391a85fd
Pseudomonas aeruginosa	colS	E38Q	Antimicrobial resistance	Reported	[27]	1		Kadi Ainsaar et al. BMC Microbiology PMID:24946800	24946800	d3e20774-d1fd-574c-a015-ca683af889f7	27			04ff99404dd3	mutation	2	84cd8501d39dfaa4	Qwen/Qwen3.6-35B-A3B	open-access	50	hybrid	2026-09-18T11:42:32Z		local	http://mango.cels.anl.gov:8004/v1	3492dfb6391a85fd
Pseudomonas aeruginosa	colS	D57N	Antimicrobial resistance	Reported	[27]	1		Kadi Ainsaar et al. BMC Microbiology PMID:24946800	24946800	d3e20774-d1fd-574c-a015-ca683af889f7	27			04ff99404dd3	mutation	2	84cd8501d39dfaa4	Qwen/Qwen3.6-35B-A3B	open-access	50	hybrid	2026-09-18T11:42:32Z		local	http://mango.cels.anl.gov:8004/v1	3492dfb6391a85fd
Pseudomonas aeruginosa	colS	H105A	Antimicrobial resistance	Reported	[27]	1		Kadi Ainsaar et al. BMC Microbiology PMID:24946800	24946800	d3e20774-d1fd-574c-a015-ca683af889f7	27			04ff99404dd3	mutation	2	84cd8501d39dfaa4	Qwen/Qwen3.6-35B-A3B	open-access	50	hybrid	2026-09-18T11:42:32Z		local	http://mango.cels.anl.gov:8004/v1	3492dfb6391a85fd
Pseudomonas aeruginosa	colS	A106V	Antimicrobial resistance	Reported	[27]	1		Kadi Ainsaar et al. BMC Microbiology PMID:24946800	24946800	d3e20774-d1fd-574c-a015-ca683af889f7	27			04ff99404dd3	mutation	2	84cd8501d39dfaa4	Qwen/Qwen3.6-35B-A3B	open-access	50	hybrid	2026-09-18T11:42:32Z		local	http://mango.cels.anl.gov:8004/v1	3492dfb6391a85fd
Pseudomonas aeruginosa	cprS	A428S	colistin resistance	reported	[31]	1		Telma De Sousa et al. Pathogens PMID:40333140	40333140	cf9a8aef-bca1-5a60-877a-99f8a03e2763	31	A428S	p.Ala428Ser	b3df6adcb045	mutation	2	84cd8501d39dfaa4	Qwen/Qwen3.6-35B-A3B	open-access	50	hybrid	2026-09-18T11:42:34Z		local	http://mango.cels.anl.gov:8004/v1	e8d9a20c745eabbf
Pseudomonas aeruginosa	cprS	T16S	colistin resistance	reported	[31]	1		Telma De Sousa et al. Pathogens PMID:40333140	40333140	cf9a8aef-bca1-5a60-877a-99f8a03e2763	31	T16S	p.Thr16Ser	b3df6adcb045	mutation	2	84cd8501d39dfaa4	Qwen/Qwen3.6-35B-A3B	open-access	50	hybrid	2026-09-18T11:42:34Z		local	http://mango.cels.anl.gov:8004/v1	e8d9a20c745eabbf
Pseudomonas aeruginosa	cprS	A116V	colistin resistance	reported	[34]	1		Telma De Sousa et al. Pathogens PMID:40333140	40333140	64021da6-66ab-52e2-8750-aaed63b33522	34	A116V	p.Ala116Val	b3df6adcb045	mutation	2	84cd8501d39dfaa4	Qwen/Qwen3.6-35B-A3B	open-access	50	hybrid	2026-09-18T11:42:34Z		local	http://mango.cels.anl.gov:8004/v1	e8d9a20c745eabbf
Pseudomonas aeruginosa	cprS	D108N	colistin resistance	reported	[34]	1		Telma De Sousa et al. Pathogens PMID:40333140	40333140	64021da6-66ab-52e2-8750-aaed63b33522	34	D108N	p.Asp108Asn	b3df6adcb045	mutation	2	84cd8501d39dfaa4	Qwen/Qwen3.6-35B-A3B	open-access	50	hybrid	2026-09-18T11:42:34Z		local	http://mango.cels.anl.gov:8004/v1	e8d9a20c745eabbf
Pseudomonas aeruginosa	cprS	V159I	colistin resistance	reported	[34]	1		Telma De Sousa et al. Pathogens PMID:40333140	40333140	64021da6-66ab-52e2-8750-aaed63b33522	34	V159I	p.Val159Ile	b3df6adcb045	mutation	2	84cd8501d39dfaa4	Qwen/Qwen3.6-35B-A3B	open-access	50	hybrid	2026-09-18T11:42:34Z		local	http://mango.cels.anl.gov:8004/v1	e8d9a20c745eabbf
Pseudomonas aeruginosa	cprS	E386D	colistin resistance	reported	[34]	1		Telma De Sousa et al. Pathogens PMID:40333140	40333140	64021da6-66ab-52e2-8750-aaed63b33522	34	E386D	p.Glu386Asp	b3df6adcb045	mutation	2	84cd8501d39dfaa4	Qwen/Qwen3.6-35B-A3B	open-access	50	hybrid	2026-09-18T11:42:34Z		local	http://mango.cels.anl.gov:8004/v1	e8d9a20c745eabbf
Enterobacter cloacae	cpxA	C191R	Resistance to gentamicin and ertapenem	reported	[11]	1		Adriana Piza-Buitrago et al. BMC Microbiology (2015) PMID:33183231	33183231	aad9a66c-5ee7-58bf-a3a8-566542ff5169	11			03be1bc9dceb	mutation	2	84cd8501d39dfaa4	Qwen/Qwen3.6-35B-A3B	open-access	50	hybrid	2026-09-18T11:42:36Z		local	http://mango.cels.anl.gov:8004/v1	18a0210c09ae2094
Campylobacter	cmeR	Deletion of 122 bp resulting in premature stop codon (truncated 176-amino acid product)	Enhanced resistance to multiple antibiotics (erythromycin)	measured	[5]	1		Beata Wysok et al. Frontiers in Microbiology (2020) PMID:32849410	32849410	cc916342-4ba4-5447-852a-6e1980961ca3	5			a33d654380a0	mutation	2	84cd8501d39dfaa4	Qwen/Qwen3.6-35B-A3B	open-access	50	hybrid	2026-09-18T11:42:36Z		local	http://mango.cels.anl.gov:8004/v1	3b0be94bbd6d5c9e
Campylobacter	cmeR	G144D	Enhanced resistance to multiple antibiotics	reported	[8]	1		Beata Wysok et al. Frontiers in Microbiology (2020) PMID:32849410	32849410	b0bebb59-8a26-5bd8-92fe-ce9684ceba77	8			a33d654380a0	mutation	2	84cd8501d39dfaa4	Qwen/Qwen3.6-35B-A3B	open-access	50	hybrid	2026-09-18T11:42:36Z		local	http://mango.cels.anl.gov:8004/v1	3b0be94bbd6d5c9e
Campylobacter	cmeR	P183R	Enhanced resistance to multiple antibiotics	reported	[8]	1		Beata Wysok et al. Frontiers in Microbiology (2020) PMID:32849410	32849410	b0bebb59-8a26-5bd8-92fe-ce9684ceba77	8			a33d654380a0	mutation	2	84cd8501d39dfaa4	Qwen/Qwen3.6-35B-A3B	open-access	50	hybrid	2026-09-18T11:42:36Z		local	http://mango.cels.anl.gov:8004/v1	3b0be94bbd6d5c9e
Campylobacter	cmeR	S207G	Enhanced resistance to multiple antibiotics	reported	[8]	1		Beata Wysok et al. Frontiers in Microbiology (2020) PMID:32849410	32849410	b0bebb59-8a26-5bd8-92fe-ce9684ceba77	8			a33d654380a0	mutation	2	84cd8501d39dfaa4	Qwen/Qwen3.6-35B-A3B	open-access	50	hybrid	2026-09-18T11:42:36Z		local	http://mango.cels.anl.gov:8004/v1	3b0be94bbd6d5c9e
Campylobacter	cmeR	Mutation leading to C-terminal truncation	Abolished DNA-binding activity; increased cmeABC expression	reported	[7]	1		Tara Grinnage-Pulley et al. PLoS ONE PMID:26132196	26132196	b97505ef-7fdc-50da-8555-4b40c580e0bd	7			a33d654380a0	mutation	2	84cd8501d39dfaa4	Qwen/Qwen3.6-35B-A3B	open-access	50	hybrid	2026-09-18T11:42:36Z		local	http://mango.cels.anl.gov:8004/v1	3b0be94bbd6d5c9e
Campylobacter	cmeR	Mutation in CmeR-binding site	Enhanced antibiotic resistance	reported	[36]	1		Dawn M. Hull et al. PLoS ONE PMID:33571292	33571292	a548783f-dca9-5590-b754-49fccf7e3745	36			a33d654380a0	mutation	2	84cd8501d39dfaa4	Qwen/Qwen3.6-35B-A3B	open-access	50	hybrid	2026-09-18T11:42:36Z		local	http://mango.cels.anl.gov:8004/v1	3b0be94bbd6d5c9e
Campylobacter	cmeR	Mutation in cmeR gene	Overexpression of CmeABC; enhanced resistance to multiple antibiotics	reported	[5]	59	unresolved_citation	Beata Wysok et al. Frontiers in Microbiology (2020) PMID:32849410; Macarena Concha-Toloza et al. Antibiotics PMID:37237819; Konstantinos Papadimitriou et al. Microorganisms PMID:40572309; Mingfang Yang et al. Frontiers in Microbiology (2025) PMID:40625622; Tara Grinnage-Pulley et al. PLoS ONE PMID:26132196; Khaled Abdallah et al. International Journal of Molecular Sciences PMID:40429801; Irēna Meistere et al. Eurosurveillance (2019) PMID:31387670; Lei Dai et al. Proceedings of the National Academy of Sciences of the United States of America PMID:39602248; [51] unresolved; [52] unresolved; [53] unresolved; [54] unresolved; [55] unresolved; [56] unresolved; [57] unresolved; [58] unresolved; [59] unresolved; [60] unresolved; [61] unresolved; [62] unresolved; [63] unresolved; [64] unresolved; [65] unresolved; [66] unresolved; [67] unresolved; [68] unresolved; [69] unresolved; [70] unresolved; [71] unresolved; [72] unresolved; [73] unresolved; [74] unresolved; [75] unresolved; [76] unresolved; [77] unresolved; [78] unresolved; [79] unresolved; [80] unresolved; [81] unresolved; [82] unresolved; [83] unresolved; [84] unresolved; [85] unresolved; [86] unresolved; [87] unresolved; [88] unresolved; [89] unresolved; [90] unresolved; [91] unresolved; [92] unresolved; [93] unresolved; [94] unresolved; [95] unresolved; [96] unresolved; [97] unresolved; [98] unresolved; [99] unresolved; [100] unresolved	32849410;37237819;40572309;40625622;26132196;40429801;31387670;39602248	cc916342-4ba4-5447-852a-6e1980961ca3;3443c1ef-a04e-5a4a-91b7-c6bb417730cd;9f1adfb7-ef53-5841-bcbb-02f8a54a5f98;b378cd99-97b5-5f0a-a1f2-928cc4910cce;c9849a15-3648-536b-ad95-d6e6206eee39;d5fcfbe0-e5a5-5717-bdce-30d3d77c823c;25be03ed-140a-5487-89eb-f5ab6f77a81a;8108cd65-c50e-5901-8e71-6970878a014b;50972d01-06b3-55ef-b81d-3223b6a164a6	5;9;38;40;46;47;48;49;50;51;52;53;54;55;56;57;58;59;60;61;62;63;64;65;66;67;68;69;70;71;72;73;74;75;76;77;78;79;80;81;82;83;84;85;86;87;88;89;90;91;92;93;94;95;96;97;98;99;100			a33d654380a0	mutation	2	84cd8501d39dfaa4	Qwen/Qwen3.6-35B-A3B	open-access	50	hybrid	2026-09-18T11:42:36Z		local	http://mango.cels.anl.gov:8004/v1	3b0be94bbd6d5c9e
Klebsiella pneumoniae	crrB	N141I	Colistin resistance, tetracycline resistance, tigecycline resistance	measured	[2]	2		Yi-Hsiang Cheng et al. Journal of Antimicrobial Chemotherapy PMID:29506266	29506266	df0525e4-ab8a-5406-9d0f-7a7ec9f3493a;8d26d538-7ddf-5361-8b00-011c798386d9	2;3			71e24c2e4e1d	mutation	2	84cd8501d39dfaa4	Qwen/Qwen3.6-35B-A3B	open-access	50	hybrid	2026-09-18T11:42:42Z		local	http://mango.cels.anl.gov:8004/v1	4de0e0410e3653cb
Klebsiella pneumoniae	crrB	L87V	High-level polymyxin resistance	reported	[4]	1		Thomas H. McConville et al. Cell reports (2020) PMID:33113377	33113377	d38e7b07-496b-5165-8d91-b912d67c615e	4			71e24c2e4e1d	mutation	2	84cd8501d39dfaa4	Qwen/Qwen3.6-35B-A3B	open-access	50	hybrid	2026-09-18T11:42:42Z		local	http://mango.cels.anl.gov:8004/v1	4de0e0410e3653cb
Klebsiella pneumoniae	crrB	P151S	Colistin resistance	reported	[5]	1		Annamária Főldes et al. Antibiotics PMID:36139950	36139950	0a46161d-664e-5f85-95ca-e098de358d78	5			71e24c2e4e1d	mutation	2	84cd8501d39dfaa4	Qwen/Qwen3.6-35B-A3B	open-access	50	hybrid	2026-09-18T11:42:42Z		local	http://mango.cels.anl.gov:8004/v1	4de0e0410e3653cb
Klebsiella pneumoniae	crrB	S93N	Colistin resistance	measured	[25]	1		Amy K. Cain et al. Scientific Reports PMID:29959380	29959380	68076549-e34d-57fa-bbe0-defa7efa1a64	25			71e24c2e4e1d	mutation	2	84cd8501d39dfaa4	Qwen/Qwen3.6-35B-A3B	open-access	50	hybrid	2026-09-18T11:42:42Z		local	http://mango.cels.anl.gov:8004/v1	4de0e0410e3653cb
Klebsiella pneumoniae	crrB	G157A	Colistin resistance (potential)	reported	[25]	1		Amy K. Cain et al. Scientific Reports PMID:29959380	29959380	68076549-e34d-57fa-bbe0-defa7efa1a64	25			71e24c2e4e1d	mutation	2	84cd8501d39dfaa4	Qwen/Qwen3.6-35B-A3B	open-access	50	hybrid	2026-09-18T11:42:42Z		local	http://mango.cels.anl.gov:8004/v1	4de0e0410e3653cb
Klebsiella pneumoniae	crrB	S8N	Colistin resistance (potential)	reported	[25]	1		Amy K. Cain et al. Scientific Reports PMID:29959380	29959380	68076549-e34d-57fa-bbe0-defa7efa1a64	25			71e24c2e4e1d	mutation	2	84cd8501d39dfaa4	Qwen/Qwen3.6-35B-A3B	open-access	50	hybrid	2026-09-18T11:42:42Z		local	http://mango.cels.anl.gov:8004/v1	4de0e0410e3653cb
Klebsiella pneumoniae	crrB	C68S	Colistin resistance	reported	[20]	2		Sophie Alexandra Baron et al. Eurosurveillance (2021) PMID:34047270; Jiankang Zhao et al. Frontiers in Cellular and Infection Microbiology (2022) PMID:35899054	34047270;35899054	36ff0831-bd4f-50e2-a168-13df02d30fe5;18a13ce4-4e89-5d1f-9e6b-9d0e374cea19	20;28			71e24c2e4e1d	mutation	2	84cd8501d39dfaa4	Qwen/Qwen3.6-35B-A3B	open-access	50	hybrid	2026-09-18T11:42:42Z		local	http://mango.cels.anl.gov:8004/v1	4de0e0410e3653cb
Klebsiella pneumoniae	crrB	V193G	Colistin resistance	reported	[28]	1		Jiankang Zhao et al. Frontiers in Cellular and Infection Microbiology (2022) PMID:35899054	35899054	18a13ce4-4e89-5d1f-9e6b-9d0e374cea19	28			71e24c2e4e1d	mutation	2	84cd8501d39dfaa4	Qwen/Qwen3.6-35B-A3B	open-access	50	hybrid	2026-09-18T11:42:42Z		local	http://mango.cels.anl.gov:8004/v1	4de0e0410e3653cb
Klebsiella pneumoniae	crrB	P151L	Colistin resistance	measured	[34]	1		Wei Huang et al. Frontiers in Pharmacology (2022) PMID:36147339	36147339	3db16c21-5772-5937-bff7-f97a7b51f988	34			71e24c2e4e1d	mutation	2	84cd8501d39dfaa4	Qwen/Qwen3.6-35B-A3B	open-access	50	hybrid	2026-09-18T11:42:42Z		local	http://mango.cels.anl.gov:8004/v1	4de0e0410e3653cb
Klebsiella pneumoniae	crrB	L296Q	Colistin resistance (neutral)	reported	[36]	2		Eliana P. Esposito et al. Frontiers in Microbiology (2018) PMID:30061868; Irene Sánchez-León et al. Antibiotics PMID:37508209	30061868;37508209	46ff0285-b6cf-52f1-9e82-a9027dcc8cda;312b091e-f2dd-521b-8b50-d460cf35b03e	15;36			71e24c2e4e1d	mutation	2	84cd8501d39dfaa4	Qwen/Qwen3.6-35B-A3B	open-access	50	hybrid	2026-09-18T11:42:42Z		local	http://mango.cels.anl.gov:8004/v1	4de0e0410e3653cb
Klebsiella pneumoniae	crrB	Q10L	High-level polymyxin resistance	reported	[24]	1		Elsa De La Cadena et al. Antibiotics PMID:33801833	33801833	d5c0ba33-4811-5ca9-a811-390378045aaa	24			71e24c2e4e1d	mutation	2	84cd8501d39dfaa4	Qwen/Qwen3.6-35B-A3B	open-access	50	hybrid	2026-09-18T11:42:42Z		local	http://mango.cels.anl.gov:8004/v1	4de0e0410e3653cb
Klebsiella pneumoniae	crrB	L94M	High-level polymyxin resistance	reported	[24]	1		Elsa De La Cadena et al. Antibiotics PMID:33801833	33801833	d5c0ba33-4811-5ca9-a811-390378045aaa	24			71e24c2e4e1d	mutation	2	84cd8501d39dfaa4	Qwen/Qwen3.6-35B-A3B	open-access	50	hybrid	2026-09-18T11:42:42Z		local	http://mango.cels.anl.gov:8004/v1	4de0e0410e3653cb
Klebsiella pneumoniae	crrB	N141Y	High-level polymyxin resistance	reported	[24]	1		Elsa De La Cadena et al. Antibiotics PMID:33801833	33801833	d5c0ba33-4811-5ca9-a811-390378045aaa	24			71e24c2e4e1d	mutation	2	84cd8501d39dfaa4	Qwen/Qwen3.6-35B-A3B	open-access	50	hybrid	2026-09-18T11:42:42Z		local	http://mango.cels.anl.gov:8004/v1	4de0e0410e3653cb
Klebsiella pneumoniae	crrB	G183V	Colistin resistance	reported	[24]	1		Elsa De La Cadena et al. Antibiotics PMID:33801833	33801833	d5c0ba33-4811-5ca9-a811-390378045aaa	24			71e24c2e4e1d	mutation	2	84cd8501d39dfaa4	Qwen/Qwen3.6-35B-A3B	open-access	50	hybrid	2026-09-18T11:42:42Z		local	http://mango.cels.anl.gov:8004/v1	4de0e0410e3653cb
Klebsiella pneumoniae	crrB	Q296L	Colistin resistance	reported	[24]	1		Elsa De La Cadena et al. Antibiotics PMID:33801833	33801833	d5c0ba33-4811-5ca9-a811-390378045aaa	24			71e24c2e4e1d	mutation	2	84cd8501d39dfaa4	Qwen/Qwen3.6-35B-A3B	open-access	50	hybrid	2026-09-18T11:42:42Z		local	http://mango.cels.anl.gov:8004/v1	4de0e0410e3653cb
Klebsiella pneumoniae	crrB	Y31H	Decreased susceptibility to colistin	reported	[15]	1		Irene Sánchez-León et al. Antibiotics PMID:37508209	37508209	312b091e-f2dd-521b-8b50-d460cf35b03e	15			71e24c2e4e1d	mutation	2	84cd8501d39dfaa4	Qwen/Qwen3.6-35B-A3B	open-access	50	hybrid	2026-09-18T11:42:42Z		local	http://mango.cels.anl.gov:8004/v1	4de0e0410e3653cb
Klebsiella pneumoniae	crrB	Y308C	Colistin resistance (neutral)	reported	[15]	1		Irene Sánchez-León et al. Antibiotics PMID:37508209	37508209	312b091e-f2dd-521b-8b50-d460cf35b03e	15			71e24c2e4e1d	mutation	2	84cd8501d39dfaa4	Qwen/Qwen3.6-35B-A3B	open-access	50	hybrid	2026-09-18T11:42:42Z		local	http://mango.cels.anl.gov:8004/v1	4de0e0410e3653cb
Pseudomonas aeruginosa	cpxR		Ciprofloxacin resistance via MexAB-OprM upregulation in nalB-type isolates; Vancomycin resistance dependent on CpxR; Multidrug resistance enhancement in nalB-type isolates; Multidrug resistance in clinical nalB-type isolates; Multidrug resistance in nalB-type isolates	reported	[4]	16	missing:Mutation;merged_variants:Phenotype	Zhe-Xian Tian et al. PLoS Pathogens PMID:27736975; Derek et al. ACS Infectious Diseases PMID:37279282	27736975;37279282	0d815bbb-b731-5fdc-8e2d-2b9515bb6997;3538cc28-1d42-5aba-859a-fa71c100500a;23f9c2a5-9602-52ae-b585-f572c74893f5;9902c79d-0545-5a63-912d-aa5716190338;2ad70a31-ab76-5310-ba6f-c745c9268b18;47ebef24-d291-58e0-99c4-8e340da7d112;3bcff1ef-22ea-511c-ae6a-97d9d4796541;60790a41-e90d-528a-a56b-15e751a9fbd0;ff012180-2433-5b53-a63f-1b41d629ba7a;fbedb346-20d9-5107-aeaa-1b5f915596c0;05f8122b-a945-5185-a298-95c4a7ebd956;de3a8466-87f2-51e6-a9c9-758c843a974d;7a4e2115-bd09-505f-885e-4a153d57c8d7;f329e382-9b95-5ee5-88f6-4af2a788d715;85147a4b-0e30-53e0-9e5e-227320486696;078792f1-edbe-5c74-9bbe-56cd1b05964f	4;5;11;14;18;19;21;26;27;29;33;36;39;41;45;48			6c6f75d16719	mutation	2	84cd8501d39dfaa4	Qwen/Qwen3.6-35B-A3B	open-access	50	hybrid	2026-09-18T11:42:42Z		local	http://mango.cels.anl.gov:8004/v1	100f0318e6dda588
Pseudomonas aeruginosa	cpxS	T163P	Vancomycin resistance	reported	[5]	6	off_target_gene	Derek et al. ACS Infectious Diseases PMID:37279282; Florian Buchholz et al. Nature Communications PMID:41888145	37279282;41888145	078792f1-edbe-5c74-9bbe-56cd1b05964f;b318d581-9ba9-5278-bc0a-109ca0629274;35cb8438-db77-5953-91ad-f4446dc87d44;a5805445-3366-5045-b65f-f6dfe01536d8;35df98e5-64e2-5c5f-aa55-841b2117c545;1867eb89-f8a2-5a36-89e8-181817ee8a60	5;10;12;17;20;42			6c6f75d16719	mutation	2	84cd8501d39dfaa4	Qwen/Qwen3.6-35B-A3B	open-access	50	hybrid	2026-09-18T11:42:42Z		local	http://mango.cels.anl.gov:8004/v1	100f0318e6dda588
Escherichia	cyaA	S352T	fosfomycin resistance	reported	[2]	2		Zaineb Hamzaoui et al. Antibiotics PMID:42192671	42192671	1a48bcc7-462f-5d31-ab87-2fce93ef3aea;573077b3-230d-55c6-9757-0e265e5f7060	2;5			dd325898ae41	mutation	2	84cd8501d39dfaa4	Qwen/Qwen3.6-35B-A3B	open-access	50	hybrid	2026-09-18T11:42:45Z		local	http://mango.cels.anl.gov:8004/v1	9de301d21eabeb8c
Escherichia	cyaA		quiescent bacteria/persister emergence; fosfomycin resistance; fosmidomycin resistance	reported; inferred	[3]	4	missing:Mutation;merged_variants:Phenotype;merged_variants:Assertion	Hengzhong Lun et al. Frontiers in Microbiology (2026) PMID:41859454; Yu-Ping Wang et al. Frontiers in Microbiology (2022) PMID:35173700; Ola H. Moghnia et al. Microorganisms PMID:35336083; Shingo Suzuki et al. BMC Genomics PMID:28446153	41859454;35173700;35336083;28446153	54d54bbf-575e-5815-ae62-e50392c3c237;a4de5763-1775-5ce5-919e-57e50a31f3ab;51780457-9685-5b33-8eef-7f779686a7e3;da244359-ab6d-5016-8a0a-9f7fa8c40e0a	3;20;22;30			dd325898ae41	mutation	2	84cd8501d39dfaa4	Qwen/Qwen3.6-35B-A3B	open-access	50	hybrid	2026-09-18T11:42:45Z		local	http://mango.cels.anl.gov:8004/v1	9de301d21eabeb8c
Pseudomonas aeruginosa	czcS	H55A	Loss of Zn(II)-inducible resistance to meropenem	measured	[7]	1		Dan Wang et al. PLoS Pathogens PMID:28732057	28732057	ad7ebdee-7199-5bfe-bbde-677b48955822	7			9834b738a735	mutation	2	84cd8501d39dfaa4	Qwen/Qwen3.6-35B-A3B	open-access	50	hybrid	2026-09-18T11:42:45Z		local	http://mango.cels.anl.gov:8004/v1	a55be5021036504d
Pseudomonas aeruginosa	czcS	H55R	Loss of Zn(II)-inducible resistance to meropenem	measured	[7]	1		Dan Wang et al. PLoS Pathogens PMID:28732057	28732057	ad7ebdee-7199-5bfe-bbde-677b48955822	7			9834b738a735	mutation	2	84cd8501d39dfaa4	Qwen/Qwen3.6-35B-A3B	open-access	50	hybrid	2026-09-18T11:42:45Z		local	http://mango.cels.anl.gov:8004/v1	a55be5021036504d
Pseudomonas aeruginosa	czcS	D60A	Loss of Zn(II)-inducible resistance to meropenem	measured	[7]	1		Dan Wang et al. PLoS Pathogens PMID:28732057	28732057	ad7ebdee-7199-5bfe-bbde-677b48955822	7			9834b738a735	mutation	2	84cd8501d39dfaa4	Qwen/Qwen3.6-35B-A3B	open-access	50	hybrid	2026-09-18T11:42:45Z		local	http://mango.cels.anl.gov:8004/v1	a55be5021036504d
Pseudomonas aeruginosa	czcS	H55C	Partial preservation of Zn(II) detoxification and meropenem resistance	measured	[7]	1		Dan Wang et al. PLoS Pathogens PMID:28732057	28732057	ad7ebdee-7199-5bfe-bbde-677b48955822	7			9834b738a735	mutation	2	84cd8501d39dfaa4	Qwen/Qwen3.6-35B-A3B	open-access	50	hybrid	2026-09-18T11:42:45Z		local	http://mango.cels.anl.gov:8004/v1	a55be5021036504d
Pseudomonas aeruginosa	czcS	D60C	Equivalent responsiveness to Zn(II) and meropenem to wild type; Acquisition of Co(II)-inducible resistance to meropenem	measured	[7]	2	merged_variants:Phenotype	Dan Wang et al. PLoS Pathogens PMID:28732057	28732057	ad7ebdee-7199-5bfe-bbde-677b48955822	7			9834b738a735	mutation	2	84cd8501d39dfaa4	Qwen/Qwen3.6-35B-A3B	open-access	50	hybrid	2026-09-18T11:42:45Z		local	http://mango.cels.anl.gov:8004/v1	a55be5021036504d
Clostridioides difficile	dacS	V183A	Reduced susceptibility to beta-lactams (MIC 16 mg/L)	reported	[35]	1		Baban Kolte et al. Journal of Antimicrobial Chemotherapy PMID:38598696	38598696	ac5effd4-fa1c-5e62-a0be-edf14da48216	35			a66119c5c550	mutation	2	84cd8501d39dfaa4	Qwen/Qwen3.6-35B-A3B	open-access	50	hybrid	2026-09-18T11:42:47Z		local	http://mango.cels.anl.gov:8004/v1	614ce034ad3630c0
Clostridioides difficile	dacS	E238D	Reduced susceptibility to beta-lactams (MIC 16 mg/L)	reported	[35]	1		Baban Kolte et al. Journal of Antimicrobial Chemotherapy PMID:38598696	38598696	ac5effd4-fa1c-5e62-a0be-edf14da48216	35			a66119c5c550	mutation	2	84cd8501d39dfaa4	Qwen/Qwen3.6-35B-A3B	open-access	50	hybrid	2026-09-18T11:42:47Z		local	http://mango.cels.anl.gov:8004/v1	614ce034ad3630c0
Pseudomonas aeruginosa	dacB	truncation	antimicrobial resistance	reported	[3]	1		Baharak Babouee Flury et al. Frontiers in Cellular and Infection Microbiology (2023) PMID:37180441	37180441	1facd416-5a9a-5119-b027-2a0261931e24	3			9a18cac00749	mutation	2	84cd8501d39dfaa4	Qwen/Qwen3.6-35B-A3B	open-access	50	hybrid	2026-09-18T11:42:48Z		local	http://mango.cels.anl.gov:8004/v1	b9d8f86fced06dc0
Pseudomonas aeruginosa	dacB	G115D	antimicrobial resistance	reported	[13]	1		Baharak Babouee Flury et al. Frontiers in Cellular and Infection Microbiology (2023) PMID:37180441	37180441	c0a0c96e-f100-58c5-a817-e1ae834db888	13			9a18cac00749	mutation	2	84cd8501d39dfaa4	Qwen/Qwen3.6-35B-A3B	open-access	50	hybrid	2026-09-18T11:42:48Z		local	http://mango.cels.anl.gov:8004/v1	b9d8f86fced06dc0
Pseudomonas aeruginosa	dacB	G437D	antimicrobial resistance	reported	[13]	1		Baharak Babouee Flury et al. Frontiers in Cellular and Infection Microbiology (2023) PMID:37180441	37180441	c0a0c96e-f100-58c5-a817-e1ae834db888	13			9a18cac00749	mutation	2	84cd8501d39dfaa4	Qwen/Qwen3.6-35B-A3B	open-access	50	hybrid	2026-09-18T11:42:48Z		local	http://mango.cels.anl.gov:8004/v1	b9d8f86fced06dc0
Pseudomonas aeruginosa	dacB	W388L	antimicrobial resistance	reported	[13]	1		Baharak Babouee Flury et al. Frontiers in Cellular and Infection Microbiology (2023) PMID:37180441	37180441	c0a0c96e-f100-58c5-a817-e1ae834db888	13			9a18cac00749	mutation	2	84cd8501d39dfaa4	Qwen/Qwen3.6-35B-A3B	open-access	50	hybrid	2026-09-18T11:42:48Z		local	http://mango.cels.anl.gov:8004/v1	b9d8f86fced06dc0
Pseudomonas aeruginosa	dacB	A394P	antimicrobial resistance	reported	[19]	1		Ana P. B. Nascimento et al. Frontiers in Microbiology (2016) PMID:27994579	27994579	20652405-2310-5162-9d1b-2163490ff5bd	19			9a18cac00749	mutation	2	84cd8501d39dfaa4	Qwen/Qwen3.6-35B-A3B	open-access	50	hybrid	2026-09-18T11:42:48Z		local	http://mango.cels.anl.gov:8004/v1	b9d8f86fced06dc0
Pseudomonas aeruginosa	dacB	T428P	antimicrobial resistance	reported	[20]	1		Bartolomé Moya et al. PLoS Pathogens PMID:19325877	19325877	2d0c9fe4-1d1e-5cf0-a28d-7d1b7401187f	20			9a18cac00749	mutation	2	84cd8501d39dfaa4	Qwen/Qwen3.6-35B-A3B	open-access	50	hybrid	2026-09-18T11:42:48Z		local	http://mango.cels.anl.gov:8004/v1	b9d8f86fced06dc0
Pseudomonas aeruginosa	dacB	W273X	antimicrobial resistance	measured	[39]	1		Bartolomé Moya et al. PLoS Pathogens PMID:19325877	19325877	ab5ef214-5512-5f0f-8326-0c46b6730965	39			9a18cac00749	mutation	2	84cd8501d39dfaa4	Qwen/Qwen3.6-35B-A3B	open-access	50	hybrid	2026-09-18T11:42:48Z		local	http://mango.cels.anl.gov:8004/v1	b9d8f86fced06dc0
Pseudomonas aeruginosa	dacB	T79P	antimicrobial resistance	measured	[39]	1		Bartolomé Moya et al. PLoS Pathogens PMID:19325877	19325877	ab5ef214-5512-5f0f-8326-0c46b6730965	39			9a18cac00749	mutation	2	84cd8501d39dfaa4	Qwen/Qwen3.6-35B-A3B	open-access	50	hybrid	2026-09-18T11:42:48Z		local	http://mango.cels.anl.gov:8004/v1	b9d8f86fced06dc0
Klebsiella pneumoniae	acrR	L154R	Antimicrobial resistance (Tigecycline)	reported	3	1		Nachat Chirabhundhu et al. Scientific Reports PMID:38433246	38433246	2d123231-a2c1-53e3-8f08-f76efe10111b	3			ed1f7345600f	mutation	2	84cd8501d39dfaa4	Qwen/Qwen3.6-35B-A3B	open-access	50	hybrid	2026-09-18T11:42:49Z		local	http://mango.cels.anl.gov:8004/v1	d83297953c587a39
Klebsiella pneumoniae	acrR	R13Q	Antimicrobial resistance (Tigecycline)	reported	3	1		Nachat Chirabhundhu et al. Scientific Reports PMID:38433246	38433246	2d123231-a2c1-53e3-8f08-f76efe10111b	3			ed1f7345600f	mutation	2	84cd8501d39dfaa4	Qwen/Qwen3.6-35B-A3B	open-access	50	hybrid	2026-09-18T11:42:49Z		local	http://mango.cels.anl.gov:8004/v1	d83297953c587a39
Klebsiella pneumoniae	acrR	P161R	Antimicrobial resistance (Fluoroquinolones/Tigecycline); Antimicrobial resistance (Fluoroquinolones); Antimicrobial resistance	reported	4	3	merged_variants:Phenotype	Mehwish Rizvi et al. Microorganisms PMID:40732086; Mohamed E. El Zowalaty et al. Frontiers in Microbiology (2026) PMID:42293561	40732086;42293561	3f87290a-6d3c-53e9-bfe4-68845d431c42;42e23c3e-f081-5385-93cc-67ae4b036a04;70a20f28-6edf-569b-87ef-a5e26f8186c9	4;9;10	P161R	P161R	ed1f7345600f	mutation	2	84cd8501d39dfaa4	Qwen/Qwen3.6-35B-A3B	open-access	50	hybrid	2026-09-18T11:42:49Z		local	http://mango.cels.anl.gov:8004/v1	d83297953c587a39
Klebsiella pneumoniae	acrR	G164A	Antimicrobial resistance (Fluoroquinolones/Tigecycline); Antimicrobial resistance (Fluoroquinolones); Antimicrobial resistance	reported	4	3	merged_variants:Phenotype	Mehwish Rizvi et al. Microorganisms PMID:40732086; Mohamed E. El Zowalaty et al. Frontiers in Microbiology (2026) PMID:42293561	40732086;42293561	3f87290a-6d3c-53e9-bfe4-68845d431c42;42e23c3e-f081-5385-93cc-67ae4b036a04;70a20f28-6edf-569b-87ef-a5e26f8186c9	4;9;10	G164A	G164A	ed1f7345600f	mutation	2	84cd8501d39dfaa4	Qwen/Qwen3.6-35B-A3B	open-access	50	hybrid	2026-09-18T11:42:49Z		local	http://mango.cels.anl.gov:8004/v1	d83297953c587a39
Klebsiella pneumoniae	acrR	P157*	Antimicrobial resistance (Fluoroquinolones/Tigecycline)	reported	4	1		Mehwish Rizvi et al. Microorganisms PMID:40732086	40732086	3f87290a-6d3c-53e9-bfe4-68845d431c42	4			ed1f7345600f	mutation	2	84cd8501d39dfaa4	Qwen/Qwen3.6-35B-A3B	open-access	50	hybrid	2026-09-18T11:42:49Z		local	http://mango.cels.anl.gov:8004/v1	d83297953c587a39
Klebsiella pneumoniae	acrR	F172S	Antimicrobial resistance (Fluoroquinolones); Antimicrobial resistance	reported	9	2	merged_variants:Phenotype	Mehwish Rizvi et al. Microorganisms PMID:40732086; Mohamed E. El Zowalaty et al. Frontiers in Microbiology (2026) PMID:42293561	40732086;42293561	42e23c3e-f081-5385-93cc-67ae4b036a04;70a20f28-6edf-569b-87ef-a5e26f8186c9	9;10	F172S	p.F172S	ed1f7345600f	mutation	2	84cd8501d39dfaa4	Qwen/Qwen3.6-35B-A3B	open-access	50	hybrid	2026-09-18T11:42:49Z		local	http://mango.cels.anl.gov:8004/v1	d83297953c587a39
Klebsiella pneumoniae	acrR	R173G	Antimicrobial resistance (Fluoroquinolones); Antimicrobial resistance	reported	9	2	merged_variants:Phenotype	Mehwish Rizvi et al. Microorganisms PMID:40732086; Mohamed E. El Zowalaty et al. Frontiers in Microbiology (2026) PMID:42293561	40732086;42293561	42e23c3e-f081-5385-93cc-67ae4b036a04;70a20f28-6edf-569b-87ef-a5e26f8186c9	9;10	R173G	p.R173G	ed1f7345600f	mutation	2	84cd8501d39dfaa4	Qwen/Qwen3.6-35B-A3B	open-access	50	hybrid	2026-09-18T11:42:49Z		local	http://mango.cels.anl.gov:8004/v1	d83297953c587a39
Klebsiella pneumoniae	acrR	L195V	Antimicrobial resistance (Fluoroquinolones); Antimicrobial resistance	reported	9	2	merged_variants:Phenotype	Mehwish Rizvi et al. Microorganisms PMID:40732086; Mohamed E. El Zowalaty et al. Frontiers in Microbiology (2026) PMID:42293561	40732086;42293561	42e23c3e-f081-5385-93cc-67ae4b036a04;70a20f28-6edf-569b-87ef-a5e26f8186c9	9;10	L195V	p.L195V	ed1f7345600f	mutation	2	84cd8501d39dfaa4	Qwen/Qwen3.6-35B-A3B	open-access	50	hybrid	2026-09-18T11:42:49Z		local	http://mango.cels.anl.gov:8004/v1	d83297953c587a39
Klebsiella pneumoniae	acrR	F197I	Antimicrobial resistance (Fluoroquinolones); Antimicrobial resistance	reported	9	2	merged_variants:Phenotype	Mehwish Rizvi et al. Microorganisms PMID:40732086; Mohamed E. El Zowalaty et al. Frontiers in Microbiology (2026) PMID:42293561	40732086;42293561	42e23c3e-f081-5385-93cc-67ae4b036a04;70a20f28-6edf-569b-87ef-a5e26f8186c9	9;10	F197I	p.F197I	ed1f7345600f	mutation	2	84cd8501d39dfaa4	Qwen/Qwen3.6-35B-A3B	open-access	50	hybrid	2026-09-18T11:42:49Z		local	http://mango.cels.anl.gov:8004/v1	d83297953c587a39
Klebsiella pneumoniae	acrR	K201M	Antimicrobial resistance (Fluoroquinolones); Antimicrobial resistance	reported	9	2	merged_variants:Phenotype	Mehwish Rizvi et al. Microorganisms PMID:40732086; Mohamed E. El Zowalaty et al. Frontiers in Microbiology (2026) PMID:42293561	40732086;42293561	42e23c3e-f081-5385-93cc-67ae4b036a04;70a20f28-6edf-569b-87ef-a5e26f8186c9	9;10	K201M	p.K201M	ed1f7345600f	mutation	2	84cd8501d39dfaa4	Qwen/Qwen3.6-35B-A3B	open-access	50	hybrid	2026-09-18T11:42:49Z		local	http://mango.cels.anl.gov:8004/v1	d83297953c587a39
Klebsiella pneumoniae	acrR	+	Antimicrobial resistance	reported	11	341		Yuqiong Li et al. Frontiers in Cellular and Infection Microbiology (2025) PMID:40182765	40182765	d30155e3-daa6-5d4c-a0b0-50b90453c391	11			ed1f7345600f	mutation	2	84cd8501d39dfaa4	Qwen/Qwen3.6-35B-A3B	open-access	50	hybrid	2026-09-18T11:42:49Z		local	http://mango.cels.anl.gov:8004/v1	d83297953c587a39
Klebsiella pneumoniae	acrR	+(2nt Δ(226-227))	Antimicrobial resistance	reported	11	1		Yuqiong Li et al. Frontiers in Cellular and Infection Microbiology (2025) PMID:40182765	40182765	d30155e3-daa6-5d4c-a0b0-50b90453c391	11			ed1f7345600f	mutation	2	84cd8501d39dfaa4	Qwen/Qwen3.6-35B-A3B	open-access	50	hybrid	2026-09-18T11:42:49Z		local	http://mango.cels.anl.gov:8004/v1	d83297953c587a39
Burkholderia pseudomallei	dut	DutV77A	Trimethoprim-sulfamethoxazole resistance	measured	[22]	1		Danielle E. Madden et al. EBioMedicine (2020) PMID:33285499	33285499	b1abdf1b-02c4-5271-8052-5b1eed49aa5b	22			2eea0b9ff172	mutation	2	84cd8501d39dfaa4	Qwen/Qwen3.6-35B-A3B	open-access	50	hybrid	2026-09-18T11:42:51Z		local	http://mango.cels.anl.gov:8004/v1	fdac0b7625be299a
Burkholderia pseudomallei	dut	DutN99S	Trimethoprim-sulfamethoxazole resistance	measured	[22]	1		Danielle E. Madden et al. EBioMedicine (2020) PMID:33285499	33285499	b1abdf1b-02c4-5271-8052-5b1eed49aa5b	22			2eea0b9ff172	mutation	2	84cd8501d39dfaa4	Qwen/Qwen3.6-35B-A3B	open-access	50	hybrid	2026-09-18T11:42:51Z		local	http://mango.cels.anl.gov:8004/v1	fdac0b7625be299a
Burkholderia pseudomallei	dut	DutG91A	Trimethoprim-sulfamethoxazole resistance	measured	[23]	1		Danielle E. Madden et al. EBioMedicine (2020) PMID:33285499	33285499	d5bf28fa-7025-5aae-bb4b-b1deb35ef830	23			2eea0b9ff172	mutation	2	84cd8501d39dfaa4	Qwen/Qwen3.6-35B-A3B	open-access	50	hybrid	2026-09-18T11:42:51Z		local	http://mango.cels.anl.gov:8004/v1	fdac0b7625be299a
Staphylococcus aureus	dfrB	F99Y	Antimicrobial resistance	Reported	[1]	1		Bernadette C. Young et al. Microbial Genomics PMID:34812717	34812717	c106a996-93fc-5e8c-b077-83beffb99071	1			f70c24e5edec	mutation	2	84cd8501d39dfaa4	Qwen/Qwen3.6-35B-A3B	open-access	50	hybrid	2026-09-18T11:42:51Z		local	http://mango.cels.anl.gov:8004/v1	5faff6d9960d45d4
Staphylococcus aureus	dfrB	F99Y/H150R	Antimicrobial resistance	Reported	[3]	1		Louise Kime et al. Journal of Antimicrobial Chemotherapy PMID:36935372	36935372	96a38fba-c767-533f-b388-8553130c9b0c	3			f70c24e5edec	mutation	2	84cd8501d39dfaa4	Qwen/Qwen3.6-35B-A3B	open-access	50	hybrid	2026-09-18T11:42:51Z		local	http://mango.cels.anl.gov:8004/v1	5faff6d9960d45d4
Staphylococcus aureus	dfrB	L21V/N60I/F99Y	Antimicrobial resistance	Reported	[3]	1		Louise Kime et al. Journal of Antimicrobial Chemotherapy PMID:36935372	36935372	96a38fba-c767-533f-b388-8553130c9b0c	3			f70c24e5edec	mutation	2	84cd8501d39dfaa4	Qwen/Qwen3.6-35B-A3B	open-access	50	hybrid	2026-09-18T11:42:51Z		local	http://mango.cels.anl.gov:8004/v1	5faff6d9960d45d4
Staphylococcus aureus	dfrB	L25I	Antimicrobial resistance	Reported	[3]	1		Louise Kime et al. Journal of Antimicrobial Chemotherapy PMID:36935372	36935372	96a38fba-c767-533f-b388-8553130c9b0c	3			f70c24e5edec	mutation	2	84cd8501d39dfaa4	Qwen/Qwen3.6-35B-A3B	open-access	50	hybrid	2026-09-18T11:42:51Z		local	http://mango.cels.anl.gov:8004/v1	5faff6d9960d45d4
Staphylococcus aureus	dfrB	L41F	Antimicrobial resistance	Reported	[3]	1		Louise Kime et al. Journal of Antimicrobial Chemotherapy PMID:36935372	36935372	96a38fba-c767-533f-b388-8553130c9b0c	3			f70c24e5edec	mutation	2	84cd8501d39dfaa4	Qwen/Qwen3.6-35B-A3B	open-access	50	hybrid	2026-09-18T11:42:51Z		local	http://mango.cels.anl.gov:8004/v1	5faff6d9960d45d4
Staphylococcus aureus	dfrB	G73D	Antimicrobial resistance	Predicted	[3]	1		Louise Kime et al. Journal of Antimicrobial Chemotherapy PMID:36935372	36935372	96a38fba-c767-533f-b388-8553130c9b0c	3			f70c24e5edec	mutation	2	84cd8501d39dfaa4	Qwen/Qwen3.6-35B-A3B	open-access	50	hybrid	2026-09-18T11:42:51Z		local	http://mango.cels.anl.gov:8004/v1	5faff6d9960d45d4
Staphylococcus aureus	dfrB	F98Y	Antimicrobial resistance	Reported	[5]	3		Harshad Lade et al. Antibiotics PMID:36290036	36290036	87b1417a-1bcf-533a-b795-b935535b7677;89df0701-84b5-543e-bb2e-401d3088ae27	5;8	F98Y	Phe98Tyr	f70c24e5edec	mutation	2	84cd8501d39dfaa4	Qwen/Qwen3.6-35B-A3B	open-access	50	hybrid	2026-09-18T11:42:51Z		local	http://mango.cels.anl.gov:8004/v1	5faff6d9960d45d4
Enterococcus faecium	dltC	S63C	daptomycin resistance	reported	[8]	3		Lucy Li et al. Frontiers in Microbiology (2021) PMID:34745054	34745054	030a28ea-4ef6-5ea5-bade-65c1f8894473;ebf3f437-22db-51d1-8862-a9a472810108;1bbad5d2-9ba8-5219-bfc5-183f01617f93	8;10;22			346d89aae137	mutation	2	84cd8501d39dfaa4	Qwen/Qwen3.6-35B-A3B	open-access	50	hybrid	2026-09-18T11:42:51Z		local	http://mango.cels.anl.gov:8004/v1	63407574f02553eb
Enterococcus faecium	dltC	S63F	daptomycin resistance	reported	[44]	1		Lucy Li et al. Frontiers in Microbiology (2021) PMID:34745054	34745054	516311b4-3915-5ca1-a669-e21648e0b1aa	44			346d89aae137	mutation	2	84cd8501d39dfaa4	Qwen/Qwen3.6-35B-A3B	open-access	50	hybrid	2026-09-18T11:42:51Z		local	http://mango.cels.anl.gov:8004/v1	63407574f02553eb
Enterococcus faecium	eat(A)	C1349T	LSAP resistance	reported	[13]	1		Valerie Wist et al. Microorganisms PMID:32075283	32075283	39055d27-2443-52c9-9188-7806dff7ef1f	13			36d28390daaa	mutation	2	84cd8501d39dfaa4	Qwen/Qwen3.6-35B-A3B	open-access	50	hybrid	2026-09-18T11:42:54Z		local	http://mango.cels.anl.gov:8004/v1	d93f57fa977a3231
Escherichia coli	emrR	N43K	Antimicrobial resistance (multidrug efflux)	measured	[2]	1		Ádám Kerek et al. Antibiotics PMID:38136762	38136762	1f0ee00a-2a40-598c-9620-a42fd3c5c503	2	N43K	p.Asn43Lys	e254a6824af2	mutation	2	84cd8501d39dfaa4	Qwen/Qwen3.6-35B-A3B	open-access	50	hybrid	2026-09-18T11:42:54Z		local	http://mango.cels.anl.gov:8004/v1	8df155699f5df540
Escherichia coli	emrR		Antimicrobial resistance (nitroxoline resistance); Antimicrobial resistance (fluoroquinolone)	reported	[15]	2	missing:Mutation;merged_variants:Phenotype	Elisabetta Cacace et al. Nature Communications PMID:40263263; Daniel Yu et al. Frontiers in Microbiology (2022) PMID:35707173	40263263;35707173	9a4d58f1-aeda-5bf0-aa80-379122343f52;518458dd-7297-5ebc-8013-66ee170aaf79	15;33			e254a6824af2	mutation	2	84cd8501d39dfaa4	Qwen/Qwen3.6-35B-A3B	open-access	50	hybrid	2026-09-18T11:42:54Z		local	http://mango.cels.anl.gov:8004/v1	8df155699f5df540
Klebsiella pneumoniae	envZ	A231V	cefiderocol resistance	reported	[5]	1		Simone Ambretti et al. Antibiotics PMID:41009872	41009872	4e19d625-c602-54d6-9f51-163e0cff3868	5	A231V	Ala231Val	2fbfd316ca7b	mutation	2	84cd8501d39dfaa4	Qwen/Qwen3.6-35B-A3B	open-access	50	hybrid	2026-09-18T11:42:56Z		local	http://mango.cels.anl.gov:8004/v1	e3f2d352b73ac7f7
Klebsiella pneumoniae	envZ	V145G	cefiderocol resistance	measured	[7]	1		Bowen Li et al. Science Advances PMID:41894506	41894506	863f5439-fd99-5952-83f0-a3d8770648a0	7			2fbfd316ca7b	mutation	2	84cd8501d39dfaa4	Qwen/Qwen3.6-35B-A3B	open-access	50	hybrid	2026-09-18T11:42:56Z		local	http://mango.cels.anl.gov:8004/v1	e3f2d352b73ac7f7
Klebsiella pneumoniae	envZ	V147G	cefiderocol resistance	reported	[7]	1		Bowen Li et al. Science Advances PMID:41894506	41894506	863f5439-fd99-5952-83f0-a3d8770648a0	7			2fbfd316ca7b	mutation	2	84cd8501d39dfaa4	Qwen/Qwen3.6-35B-A3B	open-access	50	hybrid	2026-09-18T11:42:56Z		local	http://mango.cels.anl.gov:8004/v1	e3f2d352b73ac7f7
Klebsiella pneumoniae	envZ	L27P	cefiderocol resistance	reported	[7]	1		Bowen Li et al. Science Advances PMID:41894506	41894506	863f5439-fd99-5952-83f0-a3d8770648a0	7			2fbfd316ca7b	mutation	2	84cd8501d39dfaa4	Qwen/Qwen3.6-35B-A3B	open-access	50	hybrid	2026-09-18T11:42:56Z		local	http://mango.cels.anl.gov:8004/v1	e3f2d352b73ac7f7
Klebsiella pneumoniae	envZ	T247I	cefiderocol resistance	reported	[7]	1		Bowen Li et al. Science Advances PMID:41894506	41894506	863f5439-fd99-5952-83f0-a3d8770648a0	7			2fbfd316ca7b	mutation	2	84cd8501d39dfaa4	Qwen/Qwen3.6-35B-A3B	open-access	50	hybrid	2026-09-18T11:42:56Z		local	http://mango.cels.anl.gov:8004/v1	e3f2d352b73ac7f7
Klebsiella pneumoniae	envZ	T247P	cefiderocol resistance	reported	[7]	1		Bowen Li et al. Science Advances PMID:41894506	41894506	863f5439-fd99-5952-83f0-a3d8770648a0	7			2fbfd316ca7b	mutation	2	84cd8501d39dfaa4	Qwen/Qwen3.6-35B-A3B	open-access	50	hybrid	2026-09-18T11:42:56Z		local	http://mango.cels.anl.gov:8004/v1	e3f2d352b73ac7f7
Klebsiella pneumoniae	envZ	P148S	cefiderocol resistance	measured	[33]	1		Ruyu Yan et al. Frontiers in Microbiology (2025) PMID:41113641	41113641	d883f0d1-ffae-50c8-9bd2-c3c974197fb5	33	P148S	Pro148Ser	2fbfd316ca7b	mutation	2	84cd8501d39dfaa4	Qwen/Qwen3.6-35B-A3B	open-access	50	hybrid	2026-09-18T11:42:56Z		local	http://mango.cels.anl.gov:8004/v1	e3f2d352b73ac7f7
Escherichia coli	fabG	Y151V	Triclosan resistance	reported	[6]	1		Raees Khan et al. Scientific Reports PMID:27577999	27577999	edd6a70d-fa52-513f-9973-541b01d8f9fe	6			ddc53e028dd6	mutation	2	84cd8501d39dfaa4	Qwen/Qwen3.6-35B-A3B	open-access	50	hybrid	2026-09-18T11:42:58Z		local	http://mango.cels.anl.gov:8004/v1	84110ee74b068213
Escherichia coli	fabG		Fatty acid biosynthesis pathway enrichment; Triclosan resistance; Antimicrobial activity (inhibition target); Target protein for molecular docking	reported	[14]	4	missing:Mutation;merged_variants:Phenotype	Swati Sucharita Satpathy et al. Scientific Reports PMID:40998902; Anis Mansouri et al. Journal of Antimicrobial Chemotherapy PMID:41217903; Cunbao Liu et al. Frontiers in Microbiology (2018) PMID:29765362; Weizhong Zhao et al. Bioinformatics PMID:39932977	40998902;41217903;29765362;39932977	1a5900f3-851a-5043-852c-19ac197ee294;11068884-a637-52a0-a8c4-65de5acef8dd;534ea54c-0b5a-5a46-9adf-a09b57ac15f4;93885264-ab86-5cf4-8033-ce8b7375696a	14;15;29;31			ddc53e028dd6	mutation	2	84cd8501d39dfaa4	Qwen/Qwen3.6-35B-A3B	open-access	50	hybrid	2026-09-18T11:42:58Z		local	http://mango.cels.anl.gov:8004/v1	84110ee74b068213
Escherichia coli	fabG	S138A		reported	[22]	1		Zhe Hu et al. The Journal of Biological Chemistry (2021) PMID:33545175	33545175	43596f5c-f9eb-5bd2-b4c2-1fcf0d305c2a	22			ddc53e028dd6	mutation	2	84cd8501d39dfaa4	Qwen/Qwen3.6-35B-A3B	open-access	50	hybrid	2026-09-18T11:42:58Z		local	http://mango.cels.anl.gov:8004/v1	84110ee74b068213
Escherichia coli	fabG	S138T		reported	[22]	1		Zhe Hu et al. The Journal of Biological Chemistry (2021) PMID:33545175	33545175	43596f5c-f9eb-5bd2-b4c2-1fcf0d305c2a	22			ddc53e028dd6	mutation	2	84cd8501d39dfaa4	Qwen/Qwen3.6-35B-A3B	open-access	50	hybrid	2026-09-18T11:42:58Z		local	http://mango.cels.anl.gov:8004/v1	84110ee74b068213
Escherichia coli	fabG	Y151F		reported	[22]	1		Zhe Hu et al. The Journal of Biological Chemistry (2021) PMID:33545175	33545175	43596f5c-f9eb-5bd2-b4c2-1fcf0d305c2a	22			ddc53e028dd6	mutation	2	84cd8501d39dfaa4	Qwen/Qwen3.6-35B-A3B	open-access	50	hybrid	2026-09-18T11:42:58Z		local	http://mango.cels.anl.gov:8004/v1	84110ee74b068213
Escherichia coli	fabG	K155A		reported	[22]	1		Zhe Hu et al. The Journal of Biological Chemistry (2021) PMID:33545175	33545175	43596f5c-f9eb-5bd2-b4c2-1fcf0d305c2a	22			ddc53e028dd6	mutation	2	84cd8501d39dfaa4	Qwen/Qwen3.6-35B-A3B	open-access	50	hybrid	2026-09-18T11:42:58Z		local	http://mango.cels.anl.gov:8004/v1	84110ee74b068213
Escherichia coli	fabG	S138A/Y151F/K155A		reported	[22]	1		Zhe Hu et al. The Journal of Biological Chemistry (2021) PMID:33545175	33545175	43596f5c-f9eb-5bd2-b4c2-1fcf0d305c2a	22			ddc53e028dd6	mutation	2	84cd8501d39dfaa4	Qwen/Qwen3.6-35B-A3B	open-access	50	hybrid	2026-09-18T11:42:58Z		local	http://mango.cels.anl.gov:8004/v1	84110ee74b068213
Staphylococcus aureus	fexA	C110T	Chloramphenicol resistance; loss of florfenicol resistance	measured	[3]	1		Anja Müller et al. Frontiers in Microbiology (2021) PMID:35069492	35069492	5f05d773-5cb0-503e-8e90-d5d4be295782	3			baa1a387aa64	mutation	2	84cd8501d39dfaa4	Qwen/Qwen3.6-35B-A3B	open-access	50	hybrid	2026-09-18T11:42:58Z		local	http://mango.cels.anl.gov:8004/v1	fc292912c8442da8
Staphylococcus aureus	fexA	G98C	Chloramphenicol resistance; loss of florfenicol resistance	measured	[3]	1		Anja Müller et al. Frontiers in Microbiology (2021) PMID:35069492	35069492	5f05d773-5cb0-503e-8e90-d5d4be295782	3			baa1a387aa64	mutation	2	84cd8501d39dfaa4	Qwen/Qwen3.6-35B-A3B	open-access	50	hybrid	2026-09-18T11:42:58Z		local	http://mango.cels.anl.gov:8004/v1	fc292912c8442da8
Staphylococcus aureus	fexA	A391G	Chloramphenicol resistance; florfenicol resistance maintained	measured	[3]	1		Anja Müller et al. Frontiers in Microbiology (2021) PMID:35069492	35069492	5f05d773-5cb0-503e-8e90-d5d4be295782	3			baa1a387aa64	mutation	2	84cd8501d39dfaa4	Qwen/Qwen3.6-35B-A3B	open-access	50	hybrid	2026-09-18T11:42:58Z		local	http://mango.cels.anl.gov:8004/v1	fc292912c8442da8
Staphylococcus aureus	fexA	C961A	Chloramphenicol resistance; florfenicol resistance maintained	measured	[3]	1		Anja Müller et al. Frontiers in Microbiology (2021) PMID:35069492	35069492	5f05d773-5cb0-503e-8e90-d5d4be295782	3			baa1a387aa64	mutation	2	84cd8501d39dfaa4	Qwen/Qwen3.6-35B-A3B	open-access	50	hybrid	2026-09-18T11:42:58Z		local	http://mango.cels.anl.gov:8004/v1	fc292912c8442da8
Escherichia coli	fabI	G93V	Antimicrobial resistance (Triclosan)	reported	[12]	2		Raees Khan et al. PLoS ONE PMID:29420585; Syed A. Ali et al. PLoS ONE PMID:26057251	29420585;26057251	5e6fb0b2-0356-519b-a407-63f8037f1d67;418be9d4-016f-5574-811d-4b9cffe583f1	12;31			ea08f2e142d1	mutation	2	84cd8501d39dfaa4	Qwen/Qwen3.6-35B-A3B	open-access	50	hybrid	2026-09-18T11:42:58Z		local	http://mango.cels.anl.gov:8004/v1	acb0e3b7f048ec6b
Escherichia coli	fabI	G93S	Antimicrobial resistance (Triclosan)	reported	[12]	1		Raees Khan et al. PLoS ONE PMID:29420585	29420585	5e6fb0b2-0356-519b-a407-63f8037f1d67	12			ea08f2e142d1	mutation	2	84cd8501d39dfaa4	Qwen/Qwen3.6-35B-A3B	open-access	50	hybrid	2026-09-18T11:42:58Z		local	http://mango.cels.anl.gov:8004/v1	acb0e3b7f048ec6b
Escherichia coli	fabI	G93A	Antimicrobial resistance (Triclosan)	reported	[12]	1		Raees Khan et al. PLoS ONE PMID:29420585	29420585	5e6fb0b2-0356-519b-a407-63f8037f1d67	12			ea08f2e142d1	mutation	2	84cd8501d39dfaa4	Qwen/Qwen3.6-35B-A3B	open-access	50	hybrid	2026-09-18T11:42:58Z		local	http://mango.cels.anl.gov:8004/v1	acb0e3b7f048ec6b
Escherichia coli	fabI	M159T	Antimicrobial resistance (Triclosan)	reported	[12]	1		Raees Khan et al. PLoS ONE PMID:29420585	29420585	5e6fb0b2-0356-519b-a407-63f8037f1d67	12			ea08f2e142d1	mutation	2	84cd8501d39dfaa4	Qwen/Qwen3.6-35B-A3B	open-access	50	hybrid	2026-09-18T11:42:58Z		local	http://mango.cels.anl.gov:8004/v1	acb0e3b7f048ec6b
Escherichia coli	fabI	F203L	Antimicrobial resistance (Triclosan)	reported	[12]	1		Raees Khan et al. PLoS ONE PMID:29420585	29420585	5e6fb0b2-0356-519b-a407-63f8037f1d67	12			ea08f2e142d1	mutation	2	84cd8501d39dfaa4	Qwen/Qwen3.6-35B-A3B	open-access	50	hybrid	2026-09-18T11:42:58Z		local	http://mango.cels.anl.gov:8004/v1	acb0e3b7f048ec6b
Escherichia coli	fabI	F203C	Antimicrobial resistance (Triclosan)	reported	[12]	1		Raees Khan et al. PLoS ONE PMID:29420585	29420585	5e6fb0b2-0356-519b-a407-63f8037f1d67	12			ea08f2e142d1	mutation	2	84cd8501d39dfaa4	Qwen/Qwen3.6-35B-A3B	open-access	50	hybrid	2026-09-18T11:42:58Z		local	http://mango.cels.anl.gov:8004/v1	acb0e3b7f048ec6b
Escherichia coli	fabI	F203A	Antimicrobial resistance (Triclosan)	reported	[12]	1		Raees Khan et al. PLoS ONE PMID:29420585	29420585	5e6fb0b2-0356-519b-a407-63f8037f1d67	12			ea08f2e142d1	mutation	2	84cd8501d39dfaa4	Qwen/Qwen3.6-35B-A3B	open-access	50	hybrid	2026-09-18T11:42:58Z		local	http://mango.cels.anl.gov:8004/v1	acb0e3b7f048ec6b
Escherichia coli	fabI	S241F	Antimicrobial resistance (Triclosan)	reported	[12]	1		Raees Khan et al. PLoS ONE PMID:29420585	29420585	5e6fb0b2-0356-519b-a407-63f8037f1d67	12			ea08f2e142d1	mutation	2	84cd8501d39dfaa4	Qwen/Qwen3.6-35B-A3B	open-access	50	hybrid	2026-09-18T11:42:58Z		local	http://mango.cels.anl.gov:8004/v1	acb0e3b7f048ec6b
Escherichia coli	fabI		Antimicrobial resistance (Triclosan)	reported	[9]	1	missing:Mutation	Semen A. Leyn et al. Microbial Genomics PMID:33945454	33945454	07e89431-a591-51ac-b584-679fb099b34e	9			ea08f2e142d1	mutation	2	84cd8501d39dfaa4	Qwen/Qwen3.6-35B-A3B	open-access	50	hybrid	2026-09-18T11:42:58Z		local	http://mango.cels.anl.gov:8004/v1	acb0e3b7f048ec6b
Haemophilus influenzae	folP	P64E	Trimethoprim-sulfamethoxazole resistance	measured	[9]	1		Maria Paula Bajanca-Lavado et al. Microorganisms PMID:36296240	36296240	b4e85ddc-c53a-5bb1-935c-e589c359d613	9			e8064d7cbe88	mutation	2	84cd8501d39dfaa4	Qwen/Qwen3.6-35B-A3B	open-access	50	hybrid	2026-09-18T11:43:01Z		local	http://mango.cels.anl.gov:8004/v1	72400bffcd5e352f
Haemophilus influenzae	folP	Length variable insertion	Trimethoprim-sulfamethoxazole resistance	reported	[5]	1		Mélanie Denizon et al. Antibiotics PMID:39200061	39200061	332f5db8-aa8d-5ba3-9b24-d04d83a22f68	5			e8064d7cbe88	mutation	2	84cd8501d39dfaa4	Qwen/Qwen3.6-35B-A3B	open-access	50	hybrid	2026-09-18T11:43:01Z		local	http://mango.cels.anl.gov:8004/v1	72400bffcd5e352f
Haemophilus influenzae	folP		Trimethoprim-sulfamethoxazole resistance	reported	[4]	1	missing:Mutation	Maria Paula Bajanca-Lavado et al. Microorganisms PMID:36296240	36296240	4f1454b9-dfe5-5f5e-9946-6faeed33ab6e	4			e8064d7cbe88	mutation	2	84cd8501d39dfaa4	Qwen/Qwen3.6-35B-A3B	open-access	50	hybrid	2026-09-18T11:43:01Z		local	http://mango.cels.anl.gov:8004/v1	72400bffcd5e352f
Escherichia coli	folP	R228S	antimicrobial resistance	measured	3	1		Bo Fu et al. BMC Microbiology PMID:41486120	41486120	1b66eecd-4ab4-5f67-bcfc-224e79ab6156	3			05ae0116c8b9	mutation	2	84cd8501d39dfaa4	Qwen/Qwen3.6-35B-A3B	open-access	50	hybrid	2026-09-18T11:43:01Z		local	http://mango.cels.anl.gov:8004/v1	59fdf83fe3037762
Escherichia coli	folP	F17L	antimicrobial resistance	reported	5	1		Johanna Jahnen et al. Antibiotics PMID:41301578	41301578	a4061459-01f3-5d2b-94ac-94483b0c7abb	5			05ae0116c8b9	mutation	2	84cd8501d39dfaa4	Qwen/Qwen3.6-35B-A3B	open-access	50	hybrid	2026-09-18T11:43:01Z		local	http://mango.cels.anl.gov:8004/v1	59fdf83fe3037762
Escherichia coli	folP	A184V	antimicrobial resistance	reported	5	1		Johanna Jahnen et al. Antibiotics PMID:41301578	41301578	a4061459-01f3-5d2b-94ac-94483b0c7abb	5			05ae0116c8b9	mutation	2	84cd8501d39dfaa4	Qwen/Qwen3.6-35B-A3B	open-access	50	hybrid	2026-09-18T11:43:01Z		local	http://mango.cels.anl.gov:8004/v1	59fdf83fe3037762
Escherichia coli	folP	Gly72 → Glu72	antimicrobial resistance	reported	24	1		Yao-Ting Huang et al. Frontiers in Microbiology (2018) PMID:29867899	29867899	8cba15c5-c26b-555f-a58f-6fb38ad2d606	24			05ae0116c8b9	mutation	2	84cd8501d39dfaa4	Qwen/Qwen3.6-35B-A3B	open-access	50	hybrid	2026-09-18T11:43:01Z		local	http://mango.cels.anl.gov:8004/v1	59fdf83fe3037762
Haemophilus influenzae	folA	N13S	Trimethoprim-sulfamethoxazole resistance	reported; measured	[1]	2	merged_variants:Assertion	Pei-Yi Su et al. BMC Microbiology PMID:37407940	37407940	58ddb761-225b-5844-8701-2bae1dad67e7;43de4d32-adc2-5ed5-97c3-0c61629dd122	1;5	N13S	Asn13Ser	a286615923fa	mutation	2	84cd8501d39dfaa4	Qwen/Qwen3.6-35B-A3B	open-access	50	hybrid	2026-09-18T11:43:03Z		local	http://mango.cels.anl.gov:8004/v1	8ffe72a8641dac28
Haemophilus influenzae	folA	F154S	Trimethoprim-sulfamethoxazole resistance	reported; measured	[4]	2	merged_variants:Assertion	Maria Paula Bajanca-Lavado et al. Microorganisms PMID:36296240	36296240	4f1454b9-dfe5-5f5e-9946-6faeed33ab6e;b4e85ddc-c53a-5bb1-935c-e589c359d613	4;11			a286615923fa	mutation	2	84cd8501d39dfaa4	Qwen/Qwen3.6-35B-A3B	open-access	50	hybrid	2026-09-18T11:43:03Z		local	http://mango.cels.anl.gov:8004/v1	8ffe72a8641dac28
Haemophilus influenzae	folA	L67P	Trimethoprim-sulfamethoxazole resistance	reported	[5]	1		Pei-Yi Su et al. BMC Microbiology PMID:37407940	37407940	43de4d32-adc2-5ed5-97c3-0c61629dd122	5	L67P	Leu67Pro	a286615923fa	mutation	2	84cd8501d39dfaa4	Qwen/Qwen3.6-35B-A3B	open-access	50	hybrid	2026-09-18T11:43:03Z		local	http://mango.cels.anl.gov:8004/v1	8ffe72a8641dac28
Haemophilus influenzae	folA	I95L	Trimethoprim-sulfamethoxazole resistance	reported	[5]	1		Pei-Yi Su et al. BMC Microbiology PMID:37407940	37407940	43de4d32-adc2-5ed5-97c3-0c61629dd122	5	I95L	Ile95Leu	a286615923fa	mutation	2	84cd8501d39dfaa4	Qwen/Qwen3.6-35B-A3B	open-access	50	hybrid	2026-09-18T11:43:03Z		local	http://mango.cels.anl.gov:8004/v1	8ffe72a8641dac28
Haemophilus influenzae	folA	K107Q	Trimethoprim-sulfamethoxazole resistance	reported	[5]	1		Pei-Yi Su et al. BMC Microbiology PMID:37407940	37407940	43de4d32-adc2-5ed5-97c3-0c61629dd122	5	K107Q	Lys107Gln	a286615923fa	mutation	2	84cd8501d39dfaa4	Qwen/Qwen3.6-35B-A3B	open-access	50	hybrid	2026-09-18T11:43:03Z		local	http://mango.cels.anl.gov:8004/v1	8ffe72a8641dac28
Neisseria gonorrhoeae	folP	R228S	sulfonamide resistance	reported; measured	[9]	2	merged_variants:Assertion	Magnus Unemo et al. Journal of Antimicrobial Chemotherapy PMID:38889110; Muntasir Alam et al. BMC Infectious Diseases PMID:41345579	38889110;41345579	ffe0b0de-fa67-5b66-a60a-ce2e8e44a8e6;e9318c24-1658-51ef-82df-df9e920d0b22	9;44			2f147d04a8ec	mutation	2	84cd8501d39dfaa4	Qwen/Qwen3.6-35B-A3B	open-access	50	hybrid	2026-09-18T11:43:04Z		local	http://mango.cels.anl.gov:8004/v1	51e6dcf2e582a468
Neisseria gonorrhoeae	folP	E79	insertion associated with resistance (effect not validated)	reported	[15]	1		Meshack Juma et al. Frontiers in Microbiology (2021) PMID:34385981	34385981	35e86c73-dfe8-5ac8-b0e8-7afa2b2d7c68	15			2f147d04a8ec	mutation	2	84cd8501d39dfaa4	Qwen/Qwen3.6-35B-A3B	open-access	50	hybrid	2026-09-18T11:43:04Z		local	http://mango.cels.anl.gov:8004/v1	51e6dcf2e582a468
Salmonella	folP	R228S	antimicrobial resistance	reported	4	1		Bo Fu et al. BMC Microbiology PMID:41486120	41486120	1b66eecd-4ab4-5f67-bcfc-224e79ab6156	4			e264e25d75ff	mutation	2	84cd8501d39dfaa4	Qwen/Qwen3.6-35B-A3B	open-access	50	hybrid	2026-09-18T11:43:05Z		local	http://mango.cels.anl.gov:8004/v1	983f5994be422f88
Staphylococcus aureus	folP	indel between 56-67th amino acid	Trimethoprim-sulfamethoxazole resistance	reported	[11]	1		Paula Gagetti et al. Microbial Genomics PMID:34586054	34586054	6d2ff923-080a-5c6f-8ac4-4dbc6792e822	11			4f338e5236dc	mutation	2	84cd8501d39dfaa4	Qwen/Qwen3.6-35B-A3B	open-access	50	hybrid	2026-09-18T11:43:05Z		local	http://mango.cels.anl.gov:8004/v1	d1ea3b4800ec88e6
Neisseria meningitidis	folP	R228S	Antimicrobial resistance (reduced susceptibility to trimethoprim-sulfamethoxazole)	measured	[6]	1		Bo Fu et al. BMC Microbiology PMID:41486120	41486120	1b66eecd-4ab4-5f67-bcfc-224e79ab6156	6			e5764875b8b4	mutation	2	84cd8501d39dfaa4	Qwen/Qwen3.6-35B-A3B	open-access	50	hybrid	2026-09-18T11:43:07Z		local	http://mango.cels.anl.gov:8004/v1	09b5dfe06e3b969a
Neisseria meningitidis	folP	L31	Antimicrobial resistance (sulphonamide resistance)	reported	[5]	2		Yvonne Qvarnström et al. BMC Microbiology (2002) PMID:12435277	12435277	683e14cc-9d48-5b37-af9e-374caf76cfee;d277c7c9-001d-51d1-8fc8-839a0ec1f08e	5;17			e5764875b8b4	mutation	2	84cd8501d39dfaa4	Qwen/Qwen3.6-35B-A3B	open-access	50	hybrid	2026-09-18T11:43:07Z		local	http://mango.cels.anl.gov:8004/v1	09b5dfe06e3b969a
Neisseria meningitidis	folP	C194	Antimicrobial resistance (sulphonamide resistance)	reported	[5]	2		Yvonne Qvarnström et al. BMC Microbiology (2002) PMID:12435277	12435277	683e14cc-9d48-5b37-af9e-374caf76cfee;d277c7c9-001d-51d1-8fc8-839a0ec1f08e	5;17			e5764875b8b4	mutation	2	84cd8501d39dfaa4	Qwen/Qwen3.6-35B-A3B	open-access	50	hybrid	2026-09-18T11:43:07Z		local	http://mango.cels.anl.gov:8004/v1	09b5dfe06e3b969a
Neisseria meningitidis	folP	M66	Antimicrobial resistance (sulphonamide resistance)	reported	[17]	1		Yvonne Qvarnström et al. BMC Microbiology (2002) PMID:12435277	12435277	d277c7c9-001d-51d1-8fc8-839a0ec1f08e	17			e5764875b8b4	mutation	2	84cd8501d39dfaa4	Qwen/Qwen3.6-35B-A3B	open-access	50	hybrid	2026-09-18T11:43:07Z		local	http://mango.cels.anl.gov:8004/v1	09b5dfe06e3b969a
Neisseria meningitidis	folP	Insertion at position 76	Antimicrobial resistance (sulphonamide resistance)	reported	[17]	1		Yvonne Qvarnström et al. BMC Microbiology (2002) PMID:12435277	12435277	d277c7c9-001d-51d1-8fc8-839a0ec1f08e	17			e5764875b8b4	mutation	2	84cd8501d39dfaa4	Qwen/Qwen3.6-35B-A3B	open-access	50	hybrid	2026-09-18T11:43:07Z		local	http://mango.cels.anl.gov:8004/v1	09b5dfe06e3b969a
Neisseria meningitidis	folP	Insertion of Ser-Gly	Antimicrobial resistance (sulphonamide resistance)	reported	[19]	1		Meenakshi Venkatesan et al. Nature Communications PMID:37419898	37419898	f462b366-3691-56f3-8549-34f857c6684d	19			e5764875b8b4	mutation	2	84cd8501d39dfaa4	Qwen/Qwen3.6-35B-A3B	open-access	50	hybrid	2026-09-18T11:43:07Z		local	http://mango.cels.anl.gov:8004/v1	09b5dfe06e3b969a
Streptococcus pyogenes	folP	amino acid insertions in folP 57-70	antimicrobial resistance	inferred	[2]	1		Linda Yamba Yamba et al. Frontiers in Cellular and Infection Microbiology (2022) PMID:35392607	35392607	3955ba3b-c681-519b-980a-0a6bd93a028f	2			5cf0d08de720	mutation	2	84cd8501d39dfaa4	Qwen/Qwen3.6-35B-A3B	open-access	50	hybrid	2026-09-18T11:43:09Z		local	http://mango.cels.anl.gov:8004/v1	fbc07cad995b649d
Streptococcus pyogenes	folP	Insertion of 1 codon between bases 168 and 201	antimicrobial resistance	reported	[15]	1		Yi-Yin Chen et al. Emerging Infectious Diseases PMID:32186492	32186492	5e270e6b-2942-52f9-8191-224d3833b6bb	15			5cf0d08de720	mutation	2	84cd8501d39dfaa4	Qwen/Qwen3.6-35B-A3B	open-access	50	hybrid	2026-09-18T11:43:09Z		local	http://mango.cels.anl.gov:8004/v1	fbc07cad995b649d
Streptococcus pyogenes	folP	mosaic structure in the operon	antimicrobial resistance	reported	[29]	2		International Journal of Antimicrobial Agents (2002) PMID:12051200	12051200	b258e950-02bb-5a7e-aed4-e660ebe2f720;cd957d36-76ad-56de-b657-2febc513f022	29;36			5cf0d08de720	mutation	2	84cd8501d39dfaa4	Qwen/Qwen3.6-35B-A3B	open-access	50	hybrid	2026-09-18T11:43:09Z		local	http://mango.cels.anl.gov:8004/v1	fbc07cad995b649d
Burkholderia pseudomallei	amrR	mutation in amrR	meropenem resistance	measured	[1]	1		Marine Schnetterle et al. PLoS Neglected Tropical Diseases PMID:33592059	33592059	9385eae8-452a-5add-b40a-e8a4f95717b0	1			1b7d12f8a815	mutation	2	84cd8501d39dfaa4	Qwen/Qwen3.6-35B-A3B	open-access	50	hybrid	2026-09-18T11:43:09Z		local	http://mango.cels.anl.gov:8004/v1	1342178653d1bd5a
Burkholderia pseudomallei	amrR	AmrRV222M	varied level of resistance to macrolides or meropenem (noted as not causing AMR)	inferred	[4]	1		Hongyuan Zheng et al. Microbial Genomics PMID:34762026	34762026	a0d69166-64d5-557e-b72b-a26abd212d9e	4			1b7d12f8a815	mutation	2	84cd8501d39dfaa4	Qwen/Qwen3.6-35B-A3B	open-access	50	hybrid	2026-09-18T11:43:09Z		local	http://mango.cels.anl.gov:8004/v1	1342178653d1bd5a
Burkholderia pseudomallei	amrR	S-2365	varied level of resistance to macrolides or meropenem	inferred	[4]	1		Hongyuan Zheng et al. Microbial Genomics PMID:34762026	34762026	a0d69166-64d5-557e-b72b-a26abd212d9e	4			1b7d12f8a815	mutation	2	84cd8501d39dfaa4	Qwen/Qwen3.6-35B-A3B	open-access	50	hybrid	2026-09-18T11:43:09Z		local	http://mango.cels.anl.gov:8004/v1	1342178653d1bd5a
Burkholderia pseudomallei	amrR	S-301-17	varied level of resistance to macrolides or meropenem	inferred	[4]	1		Hongyuan Zheng et al. Microbial Genomics PMID:34762026	34762026	a0d69166-64d5-557e-b72b-a26abd212d9e	4			1b7d12f8a815	mutation	2	84cd8501d39dfaa4	Qwen/Qwen3.6-35B-A3B	open-access	50	hybrid	2026-09-18T11:43:09Z		local	http://mango.cels.anl.gov:8004/v1	1342178653d1bd5a
Burkholderia pseudomallei	amrR	S-57	varied level of resistance to macrolides or meropenem	inferred	[4]	1		Hongyuan Zheng et al. Microbial Genomics PMID:34762026	34762026	a0d69166-64d5-557e-b72b-a26abd212d9e	4			1b7d12f8a815	mutation	2	84cd8501d39dfaa4	Qwen/Qwen3.6-35B-A3B	open-access	50	hybrid	2026-09-18T11:43:09Z		local	http://mango.cels.anl.gov:8004/v1	1342178653d1bd5a
Burkholderia pseudomallei	amrR	S-110	varied level of resistance to macrolides or meropenem	inferred	[4]	1		Hongyuan Zheng et al. Microbial Genomics PMID:34762026	34762026	a0d69166-64d5-557e-b72b-a26abd212d9e	4			1b7d12f8a815	mutation	2	84cd8501d39dfaa4	Qwen/Qwen3.6-35B-A3B	open-access	50	hybrid	2026-09-18T11:43:09Z		local	http://mango.cels.anl.gov:8004/v1	1342178653d1bd5a
Burkholderia pseudomallei	amrR	S-59	varied level of resistance to macrolides or meropenem	inferred	[4]	1		Hongyuan Zheng et al. Microbial Genomics PMID:34762026	34762026	a0d69166-64d5-557e-b72b-a26abd212d9e	4			1b7d12f8a815	mutation	2	84cd8501d39dfaa4	Qwen/Qwen3.6-35B-A3B	open-access	50	hybrid	2026-09-18T11:43:09Z		local	http://mango.cels.anl.gov:8004/v1	1342178653d1bd5a
Burkholderia pseudomallei	amrR	S-69	varied level of resistance to macrolides or meropenem	inferred	[4]	1		Hongyuan Zheng et al. Microbial Genomics PMID:34762026	34762026	a0d69166-64d5-557e-b72b-a26abd212d9e	4			1b7d12f8a815	mutation	2	84cd8501d39dfaa4	Qwen/Qwen3.6-35B-A3B	open-access	50	hybrid	2026-09-18T11:43:09Z		local	http://mango.cels.anl.gov:8004/v1	1342178653d1bd5a
Burkholderia pseudomallei	amrR	Insertion45	varied level of resistance to macrolides or meropenem	inferred	[4]	1		Hongyuan Zheng et al. Microbial Genomics PMID:34762026	34762026	a0d69166-64d5-557e-b72b-a26abd212d9e	4			1b7d12f8a815	mutation	2	84cd8501d39dfaa4	Qwen/Qwen3.6-35B-A3B	open-access	50	hybrid	2026-09-18T11:43:09Z		local	http://mango.cels.anl.gov:8004/v1	1342178653d1bd5a
Burkholderia pseudomallei	amrR	Insertion68	varied level of resistance to macrolides or meropenem	inferred	[4]	1		Hongyuan Zheng et al. Microbial Genomics PMID:34762026	34762026	a0d69166-64d5-557e-b72b-a26abd212d9e	4			1b7d12f8a815	mutation	2	84cd8501d39dfaa4	Qwen/Qwen3.6-35B-A3B	open-access	50	hybrid	2026-09-18T11:43:09Z		local	http://mango.cels.anl.gov:8004/v1	1342178653d1bd5a
Burkholderia pseudomallei	amrR	Insertion73	varied level of resistance to macrolides or meropenem	inferred	[4]	1		Hongyuan Zheng et al. Microbial Genomics PMID:34762026	34762026	a0d69166-64d5-557e-b72b-a26abd212d9e	4			1b7d12f8a815	mutation	2	84cd8501d39dfaa4	Qwen/Qwen3.6-35B-A3B	open-access	50	hybrid	2026-09-18T11:43:09Z		local	http://mango.cels.anl.gov:8004/v1	1342178653d1bd5a
Burkholderia pseudomallei	amrR	Deletion159-end	varied level of resistance to macrolides or meropenem	inferred	[4]	1		Hongyuan Zheng et al. Microbial Genomics PMID:34762026	34762026	a0d69166-64d5-557e-b72b-a26abd212d9e	4			1b7d12f8a815	mutation	2	84cd8501d39dfaa4	Qwen/Qwen3.6-35B-A3B	open-access	50	hybrid	2026-09-18T11:43:09Z		local	http://mango.cels.anl.gov:8004/v1	1342178653d1bd5a
Burkholderia pseudomallei	amrR	Deletion199-205	varied level of resistance to macrolides or meropenem	inferred	[4]	1		Hongyuan Zheng et al. Microbial Genomics PMID:34762026	34762026	a0d69166-64d5-557e-b72b-a26abd212d9e	4			1b7d12f8a815	mutation	2	84cd8501d39dfaa4	Qwen/Qwen3.6-35B-A3B	open-access	50	hybrid	2026-09-18T11:43:09Z		local	http://mango.cels.anl.gov:8004/v1	1342178653d1bd5a
Burkholderia pseudomallei	amrR	AmrRK13fs	trimethoprim-sulfamethoxazole intermediate resistance; meropenem resistance	measured	[10]	2	merged_variants:Phenotype	Danielle E. Madden et al. EBioMedicine (2020) PMID:33285499	33285499	6af01796-5a82-5320-af7c-ca2340e1b2da	10			1b7d12f8a815	mutation	2	84cd8501d39dfaa4	Qwen/Qwen3.6-35B-A3B	open-access	50	hybrid	2026-09-18T11:43:09Z		local	http://mango.cels.anl.gov:8004/v1	1342178653d1bd5a
Burkholderia pseudomallei	amrR	AmrRΔV62-H223c	trimethoprim-sulfamethoxazole resistance; meropenem resistance; decreased doxycycline susceptibility; decreased meropenem susceptibility; doxycline intermediate resistance	measured	[12]	6	merged_variants:Phenotype	Danielle E. Madden et al. EBioMedicine (2020) PMID:33285499	33285499	ca0248df-3640-5fa7-85e6-562c36ab81a8;15b348e5-c637-51f2-8fb0-db41c48b418a;c866373d-cc03-5cbb-bd59-13bf1b1f0326	12;13;26			1b7d12f8a815	mutation	2	84cd8501d39dfaa4	Qwen/Qwen3.6-35B-A3B	open-access	50	hybrid	2026-09-18T11:43:09Z		local	http://mango.cels.anl.gov:8004/v1	1342178653d1bd5a
Burkholderia pseudomallei	amrR	AmrRΔA153-D156	meropenem resistance	measured	[14]	1		Danielle E. Madden et al. EBioMedicine (2020) PMID:33285499	33285499	d5bf28fa-7025-5aae-bb4b-b1deb35ef830	14			1b7d12f8a815	mutation	2	84cd8501d39dfaa4	Qwen/Qwen3.6-35B-A3B	open-access	50	hybrid	2026-09-18T11:43:09Z		local	http://mango.cels.anl.gov:8004/v1	1342178653d1bd5a
Burkholderia pseudomallei	amrR	AmrRS174P	doxycline resistance	measured	[15]	1		Danielle E. Madden et al. EBioMedicine (2020) PMID:33285499	33285499	13903931-3e9e-56f7-89f7-ea6d0be34bc1	15			1b7d12f8a815	mutation	2	84cd8501d39dfaa4	Qwen/Qwen3.6-35B-A3B	open-access	50	hybrid	2026-09-18T11:43:09Z		local	http://mango.cels.anl.gov:8004/v1	1342178653d1bd5a
Burkholderia pseudomallei	amrR	AmrR∆P81-H223	meropenem resistance	predicted	[23]	1		Danielle E. Madden et al. EBioMedicine (2020) PMID:33285499	33285499	7ca93f53-8c73-5f60-ac9a-6c01a301d0c2	23			1b7d12f8a815	mutation	2	84cd8501d39dfaa4	Qwen/Qwen3.6-35B-A3B	open-access	50	hybrid	2026-09-18T11:43:09Z		local	http://mango.cels.anl.gov:8004/v1	1342178653d1bd5a
Burkholderia pseudomallei	amrR	AmrRG149fs	meropenem resistance	predicted	[23]	1		Danielle E. Madden et al. EBioMedicine (2020) PMID:33285499	33285499	7ca93f53-8c73-5f60-ac9a-6c01a301d0c2	23			1b7d12f8a815	mutation	2	84cd8501d39dfaa4	Qwen/Qwen3.6-35B-A3B	open-access	50	hybrid	2026-09-18T11:43:09Z		local	http://mango.cels.anl.gov:8004/v1	1342178653d1bd5a
Burkholderia pseudomallei	amrR	AmrRΔA128-H223	meropenem resistance	predicted	[23]	1		Danielle E. Madden et al. EBioMedicine (2020) PMID:33285499	33285499	7ca93f53-8c73-5f60-ac9a-6c01a301d0c2	23			1b7d12f8a815	mutation	2	84cd8501d39dfaa4	Qwen/Qwen3.6-35B-A3B	open-access	50	hybrid	2026-09-18T11:43:09Z		local	http://mango.cels.anl.gov:8004/v1	1342178653d1bd5a
Burkholderia pseudomallei	amrR	AmrRG30D	trimethoprim-sulfamethoxazole resistance; meropenem resistance	measured	[25]	2	merged_variants:Phenotype	Danielle E. Madden et al. EBioMedicine (2020) PMID:33285499	33285499	3ec1852a-a76d-5804-a1c9-900fe5e85c15	25			1b7d12f8a815	mutation	2	84cd8501d39dfaa4	Qwen/Qwen3.6-35B-A3B	open-access	50	hybrid	2026-09-18T11:43:09Z		local	http://mango.cels.anl.gov:8004/v1	1342178653d1bd5a
Burkholderia pseudomallei	amrR	AmrR∆A70-H223d	meropenem resistance	measured	[26]	1		Danielle E. Madden et al. EBioMedicine (2020) PMID:33285499	33285499	c866373d-cc03-5cbb-bd59-13bf1b1f0326	26			1b7d12f8a815	mutation	2	84cd8501d39dfaa4	Qwen/Qwen3.6-35B-A3B	open-access	50	hybrid	2026-09-18T11:43:09Z		local	http://mango.cels.anl.gov:8004/v1	1342178653d1bd5a
Burkholderia pseudomallei	amrR	AmrRS166P	meropenem resistance	measured	[26]	1		Danielle E. Madden et al. EBioMedicine (2020) PMID:33285499	33285499	c866373d-cc03-5cbb-bd59-13bf1b1f0326	26			1b7d12f8a815	mutation	2	84cd8501d39dfaa4	Qwen/Qwen3.6-35B-A3B	open-access	50	hybrid	2026-09-18T11:43:09Z		local	http://mango.cels.anl.gov:8004/v1	1342178653d1bd5a
Burkholderia pseudomallei	amrR	AmrRA145fs	meropenem resistance	measured	[26]	1		Danielle E. Madden et al. EBioMedicine (2020) PMID:33285499	33285499	c866373d-cc03-5cbb-bd59-13bf1b1f0326	26			1b7d12f8a815	mutation	2	84cd8501d39dfaa4	Qwen/Qwen3.6-35B-A3B	open-access	50	hybrid	2026-09-18T11:43:09Z		local	http://mango.cels.anl.gov:8004/v1	1342178653d1bd5a
Burkholderia pseudomallei	amrR	AmrRE190*	meropenem resistance; doxycline resistance	measured	[27]	2	merged_variants:Phenotype	Danielle E. Madden et al. EBioMedicine (2020) PMID:33285499	33285499	798517cd-16f3-5b5d-b385-59eea0d5996e	27			1b7d12f8a815	mutation	2	84cd8501d39dfaa4	Qwen/Qwen3.6-35B-A3B	open-access	50	hybrid	2026-09-18T11:43:09Z		local	http://mango.cels.anl.gov:8004/v1	1342178653d1bd5a
Burkholderia pseudomallei	amrR	AmrRE21D	meropenem resistance	measured	[31]	1		Danielle E. Madden et al. EBioMedicine (2020) PMID:33285499	33285499	4f165868-a685-585b-8942-bf62c8dd050c	31			1b7d12f8a815	mutation	2	84cd8501d39dfaa4	Qwen/Qwen3.6-35B-A3B	open-access	50	hybrid	2026-09-18T11:43:09Z		local	http://mango.cels.anl.gov:8004/v1	1342178653d1bd5a
Burkholderia pseudomallei	amrR	AmrRΔV60-C63	meropenem resistance	measured	[33]	1		Danielle E. Madden et al. EBioMedicine (2020) PMID:33285499	33285499	6e723dcc-d142-5a1b-8957-09ff767d222d	33			1b7d12f8a815	mutation	2	84cd8501d39dfaa4	Qwen/Qwen3.6-35B-A3B	open-access	50	hybrid	2026-09-18T11:43:09Z		local	http://mango.cels.anl.gov:8004/v1	1342178653d1bd5a
Burkholderia pseudomallei	amrR	AmrRL132P	trimethoprim-sulfamethoxazole resistance; meropenem resistance; doxycline resistance	measured	[22]	3	merged_variants:Phenotype	Danielle E. Madden et al. EBioMedicine (2020) PMID:33285499	33285499	b1abdf1b-02c4-5271-8052-5b1eed49aa5b	22			1b7d12f8a815	mutation	2	84cd8501d39dfaa4	Qwen/Qwen3.6-35B-A3B	open-access	50	hybrid	2026-09-18T11:43:09Z		local	http://mango.cels.anl.gov:8004/v1	1342178653d1bd5a
Burkholderia pseudomallei	amrR	AmrBT368R	unusual sensitivity to aminoglycosides and macrolides	measured	[8]	1		Danielle E. Madden et al. EBioMedicine (2020) PMID:33285499	33285499	33d5710b-dfc2-5c0a-b3ff-c04d59750217	8			1b7d12f8a815	mutation	2	84cd8501d39dfaa4	Qwen/Qwen3.6-35B-A3B	open-access	50	hybrid	2026-09-18T11:43:09Z		local	http://mango.cels.anl.gov:8004/v1	1342178653d1bd5a
Burkholderia pseudomallei	amrR	AmrBA254fs	unusual sensitivity to aminoglycosides and macrolides	measured	[7]	1		Danielle E. Madden et al. EBioMedicine (2020) PMID:33285499	33285499	a2ee3613-3b67-5b08-ab98-b7b326294e83	7			1b7d12f8a815	mutation	2	84cd8501d39dfaa4	Qwen/Qwen3.6-35B-A3B	open-access	50	hybrid	2026-09-18T11:43:09Z		local	http://mango.cels.anl.gov:8004/v1	1342178653d1bd5a
Burkholderia pseudomallei	amrR	AmrAL247fs	unusual sensitivity to aminoglycosides	measured	[21]	1		Danielle E. Madden et al. EBioMedicine (2020) PMID:33285499	33285499	547cc4a4-2cdc-5310-a31e-eb4e5f361cd4	21			1b7d12f8a815	mutation	2	84cd8501d39dfaa4	Qwen/Qwen3.6-35B-A3B	open-access	50	hybrid	2026-09-18T11:43:09Z		local	http://mango.cels.anl.gov:8004/v1	1342178653d1bd5a
Burkholderia pseudomallei	amrR	AmrRΔV62-H223	loss-of-function (associated with unusual sensitivity to aminoglycosides and macrolides); loss-of-function (associated with meropenem resistance in other contexts); loss-of-function (associated with doxycycline resistance); loss-of-function (associated with trimethoprim-sulfamethoxazole resistance); loss-of-function (associated with decreased doxycycline susceptibility); loss-of-function (associated with decreased meropenem susceptibility); loss-of-function (associated with meropenem resistance); loss-of-function (associated with doxycycline intermediate resistance)	reported	[42]	147	merged_variants:Phenotype	Delaney Burnard et al. PLoS Neglected Tropical Diseases PMID:35700198; Erin P. Price et al. Microbial Genomics PMID:29989529; Danielle E. Madden et al. EBioMedicine (2020) PMID:33285499	35700198;29989529;33285499	5e5eb278-1717-5cb7-9e51-21314c060ad9;95befea0-6be6-528f-869d-0ebce5784283;d655788b-f416-521d-9abc-7a5fb9d44dbd	42;43;47			1b7d12f8a815	mutation	2	84cd8501d39dfaa4	Qwen/Qwen3.6-35B-A3B	open-access	50	hybrid	2026-09-18T11:43:09Z		local	http://mango.cels.anl.gov:8004/v1	1342178653d1bd5a
Escherichia	ftsI	P311S	Increased resistance to penicillin G	reported	[28]	1		Song Sun et al. PLoS ONE PMID:24810745	24810745	61e6bd45-9bc7-5e94-8e68-6ea85f764587	28			5042b62f4c56	mutation	2	84cd8501d39dfaa4	Qwen/Qwen3.6-35B-A3B	open-access	50	hybrid	2026-09-18T11:43:10Z		local	http://mango.cels.anl.gov:8004/v1	011b706b220d8d78
Escherichia	ftsI	V545I	Increased resistance to penicillin G	reported	[28]	1		Song Sun et al. PLoS ONE PMID:24810745	24810745	61e6bd45-9bc7-5e94-8e68-6ea85f764587	28			5042b62f4c56	mutation	2	84cd8501d39dfaa4	Qwen/Qwen3.6-35B-A3B	open-access	50	hybrid	2026-09-18T11:43:10Z		local	http://mango.cels.anl.gov:8004/v1	011b706b220d8d78
Escherichia	ftsI	V377I	Increased resistance to penicillin G	reported	[28]	1		Song Sun et al. PLoS ONE PMID:24810745	24810745	61e6bd45-9bc7-5e94-8e68-6ea85f764587	28			5042b62f4c56	mutation	2	84cd8501d39dfaa4	Qwen/Qwen3.6-35B-A3B	open-access	50	hybrid	2026-09-18T11:43:10Z		local	http://mango.cels.anl.gov:8004/v1	011b706b220d8d78
Acinetobacter baumannii	ftsI	A515V	meropenem resistance (MIC 32 μg/ml); meropenem resistance; antibiotic resistance	measured; reported	[3]	7	merged_variants:Phenotype;merged_variants:Assertion	Jane Hawkey et al. Microbial Genomics PMID:29547094; Nonlawat Boonyalai et al. Scientific Reports PMID:39289446; Justin Halim et al. Microorganisms PMID:39065123; Arianna Basile et al. Antibiotics PMID:42192686; Ioannis Kyriakidis et al. Pathogens PMID:33808905	29547094;39289446;39065123;42192686;33808905	ac10df43-0f84-5669-bf68-2bd22906ab8b;cb8345b3-c755-5593-b5b8-9cda98b805c9;8ee761ce-8172-5676-afbf-b43026b697a7;e71158a2-6461-5541-91c8-b03fde9a8918;762e9adc-d612-583d-b95a-0d6c82ddb8e7;ec018d1e-5173-5942-a02e-0e82d863b91c;50d9d7bf-3742-55a0-a3b8-bdb02a1de609	3;11;13;24;25;30;36			dabd3ba3c91c	mutation	2	84cd8501d39dfaa4	Qwen/Qwen3.6-35B-A3B	open-access	50	hybrid	2026-09-18T11:43:13Z		local	http://mango.cels.anl.gov:8004/v1	3c974d83bc290577
Acinetobacter baumannii	ftsI	S390T	sulbactam resistance	reported	[7]	1		Krisztina M Papp-Wallace et al. Clinical Infectious Diseases: An Official Publication of the Infectious Diseases Society of America PMID:37125470	37125470	41e157da-958e-501a-8bbc-e50086b015ae	7			dabd3ba3c91c	mutation	2	84cd8501d39dfaa4	Qwen/Qwen3.6-35B-A3B	open-access	50	hybrid	2026-09-18T11:43:13Z		local	http://mango.cels.anl.gov:8004/v1	3c974d83bc290577
Acinetobacter baumannii	ftsI	V505L	sulbactam resistance	reported	[7]	1		Krisztina M Papp-Wallace et al. Clinical Infectious Diseases: An Official Publication of the Infectious Diseases Society of America PMID:37125470	37125470	41e157da-958e-501a-8bbc-e50086b015ae	7			dabd3ba3c91c	mutation	2	84cd8501d39dfaa4	Qwen/Qwen3.6-35B-A3B	open-access	50	hybrid	2026-09-18T11:43:13Z		local	http://mango.cels.anl.gov:8004/v1	3c974d83bc290577
Acinetobacter baumannii	ftsI	T511A	sulbactam resistance	reported	[7]	1		Krisztina M Papp-Wallace et al. Clinical Infectious Diseases: An Official Publication of the Infectious Diseases Society of America PMID:37125470	37125470	41e157da-958e-501a-8bbc-e50086b015ae	7			dabd3ba3c91c	mutation	2	84cd8501d39dfaa4	Qwen/Qwen3.6-35B-A3B	open-access	50	hybrid	2026-09-18T11:43:13Z		local	http://mango.cels.anl.gov:8004/v1	3c974d83bc290577
Pseudomonas aeruginosa	ftsI		Antimicrobial resistance; Aztreonam resistance	Reported	[1]	4	missing:Mutation;merged_variants:Phenotype	Aditi Batra et al. eLife PMID:34318749; Even Heir et al. Microorganisms PMID:33498315; Myllena Pereira Silverio et al. Antibiotics PMID:35892375; Ionela-Larisa Miftode et al. Antibiotics PMID:41892432	34318749;33498315;35892375;41892432	12ae6f4d-c492-5db4-a57f-885c189d7256;f7ba1b19-e1e1-586e-acec-e11ece68e73f;2bedc7fd-0814-5fba-b5aa-a46a4ebd9c4e;2e39a7d7-7905-5a21-a1b3-19451ddd49e2	1;6;32;44			799ee38dafe7	mutation	2	84cd8501d39dfaa4	Qwen/Qwen3.6-35B-A3B	open-access	50	hybrid	2026-09-18T11:43:14Z		local	http://mango.cels.anl.gov:8004/v1	1bd471f5ac5e043a
Pseudomonas aeruginosa	ftsI	R504C	Antimicrobial resistance	Reported	[21]	1		Carla López-Causapé et al. Frontiers in Microbiology (2018) PMID:29681898	29681898	61eac80a-df13-5266-ae76-152b2cb6983a	21			799ee38dafe7	mutation	2	84cd8501d39dfaa4	Qwen/Qwen3.6-35B-A3B	open-access	50	hybrid	2026-09-18T11:43:14Z		local	http://mango.cels.anl.gov:8004/v1	1bd471f5ac5e043a
Pseudomonas aeruginosa	ftsI	R504H	Antimicrobial resistance	Reported	[21]	1		Carla López-Causapé et al. Frontiers in Microbiology (2018) PMID:29681898	29681898	61eac80a-df13-5266-ae76-152b2cb6983a	21			799ee38dafe7	mutation	2	84cd8501d39dfaa4	Qwen/Qwen3.6-35B-A3B	open-access	50	hybrid	2026-09-18T11:43:14Z		local	http://mango.cels.anl.gov:8004/v1	1bd471f5ac5e043a
Pseudomonas aeruginosa	ftsI	P527T	Antimicrobial resistance	Reported	[21]	1		Carla López-Causapé et al. Frontiers in Microbiology (2018) PMID:29681898	29681898	61eac80a-df13-5266-ae76-152b2cb6983a	21			799ee38dafe7	mutation	2	84cd8501d39dfaa4	Qwen/Qwen3.6-35B-A3B	open-access	50	hybrid	2026-09-18T11:43:14Z		local	http://mango.cels.anl.gov:8004/v1	1bd471f5ac5e043a
Pseudomonas aeruginosa	ftsI	F533L	Antimicrobial resistance	Reported	[21]	1		Carla López-Causapé et al. Frontiers in Microbiology (2018) PMID:29681898	29681898	61eac80a-df13-5266-ae76-152b2cb6983a	21			799ee38dafe7	mutation	2	84cd8501d39dfaa4	Qwen/Qwen3.6-35B-A3B	open-access	50	hybrid	2026-09-18T11:43:14Z		local	http://mango.cels.anl.gov:8004/v1	1bd471f5ac5e043a
Pseudomonas aeruginosa	ftsI	L219V	Antimicrobial resistance	Reported	[36]	1		Roberta Genova et al. International Journal of Molecular Sciences PMID:37108055	37108055	5a3be09a-5f9f-566c-a223-90e28b1a7781	36			799ee38dafe7	mutation	2	84cd8501d39dfaa4	Qwen/Qwen3.6-35B-A3B	open-access	50	hybrid	2026-09-18T11:43:14Z		local	http://mango.cels.anl.gov:8004/v1	1bd471f5ac5e043a
Klebsiella pneumoniae	ftsI	L367Q	CAZ-AVI resistance	reported	[3]	1		Jiaxin Ding et al. Frontiers in Cellular and Infection Microbiology (2025) PMID:41278478	41278478	34f5466f-de3b-5f46-96f5-ccd75a3e46ba	3			12938a07377b	mutation	2	84cd8501d39dfaa4	Qwen/Qwen3.6-35B-A3B	open-access	50	hybrid	2026-09-18T11:43:14Z		local	http://mango.cels.anl.gov:8004/v1	f1872ec530611e98
Klebsiella pneumoniae	ftsI	A233T	Antimicrobial resistance	reported	[9]	1		Simone Giuliano et al. Scientific Reports PMID:40595049	40595049	9d4499d1-869b-55b0-a4bd-96c555f9d4da	9			12938a07377b	mutation	2	84cd8501d39dfaa4	Qwen/Qwen3.6-35B-A3B	open-access	50	hybrid	2026-09-18T11:43:14Z		local	http://mango.cels.anl.gov:8004/v1	f1872ec530611e98
Klebsiella pneumoniae	ftsI	I332V	Antimicrobial resistance	reported	[9]	1		Simone Giuliano et al. Scientific Reports PMID:40595049	40595049	9d4499d1-869b-55b0-a4bd-96c555f9d4da	9			12938a07377b	mutation	2	84cd8501d39dfaa4	Qwen/Qwen3.6-35B-A3B	open-access	50	hybrid	2026-09-18T11:43:14Z		local	http://mango.cels.anl.gov:8004/v1	f1872ec530611e98
Klebsiella pneumoniae	ftsI	D350N	β-lactam resistance	reported	[20]	3		Spencer Mark Mondol et al. Scientific Reports PMID:39966674; Anahit Sedrakyan et al. International Journal of Molecular Sciences PMID:39859219; Aiman Waheed et al. Pathogens PMID:41754468	39966674;39859219;41754468	03e000f5-661d-582e-a42b-a8da00d9a1ec;2dcc5ad8-2742-5b3c-8b0f-c3cc0ad299a4;6e34ad75-04eb-5419-b1e0-ea227d33ecb0	20;23;27			12938a07377b	mutation	2	84cd8501d39dfaa4	Qwen/Qwen3.6-35B-A3B	open-access	50	hybrid	2026-09-18T11:43:14Z		local	http://mango.cels.anl.gov:8004/v1	f1872ec530611e98
Klebsiella pneumoniae	ftsI	S357N	β-lactam resistance	reported	[20]	3		Spencer Mark Mondol et al. Scientific Reports PMID:39966674; Anahit Sedrakyan et al. International Journal of Molecular Sciences PMID:39859219; Aiman Waheed et al. Pathogens PMID:41754468	39966674;39859219;41754468	03e000f5-661d-582e-a42b-a8da00d9a1ec;2dcc5ad8-2742-5b3c-8b0f-c3cc0ad299a4;6e34ad75-04eb-5419-b1e0-ea227d33ecb0	20;23;27			12938a07377b	mutation	2	84cd8501d39dfaa4	Qwen/Qwen3.6-35B-A3B	open-access	50	hybrid	2026-09-18T11:43:14Z		local	http://mango.cels.anl.gov:8004/v1	f1872ec530611e98
Klebsiella pneumoniae	ftsI	V192G	β-lactam resistance	reported	[27]	1		Aiman Waheed et al. Pathogens PMID:41754468	41754468	6e34ad75-04eb-5419-b1e0-ea227d33ecb0	27			12938a07377b	mutation	2	84cd8501d39dfaa4	Qwen/Qwen3.6-35B-A3B	open-access	50	hybrid	2026-09-18T11:43:14Z		local	http://mango.cels.anl.gov:8004/v1	f1872ec530611e98
Klebsiella pneumoniae	ftsI	V375A	β-lactam resistance	reported	[27]	1		Aiman Waheed et al. Pathogens PMID:41754468	41754468	6e34ad75-04eb-5419-b1e0-ea227d33ecb0	27			12938a07377b	mutation	2	84cd8501d39dfaa4	Qwen/Qwen3.6-35B-A3B	open-access	50	hybrid	2026-09-18T11:43:14Z		local	http://mango.cels.anl.gov:8004/v1	f1872ec530611e98
Staphylococcus aureus	fusE	rplF mutation	fusidic acid resistance	reported	[5]	5		Abiola Senok et al. PLoS ONE PMID:31689288; Jonas Lannergård et al. PLoS ONE PMID:22140579; Beata Mlynarczyk-Bonikowska et al. International Journal of Molecular Sciences PMID:35897667; Cheng-Mao Ho et al. Antibiotics PMID:41148707; Wenjing Chen et al. BMC Microbiology PMID:32600253	31689288;22140579;35897667;41148707;32600253	41c6408c-d8c1-5ec8-b9a3-51df68413f22;f1412526-2694-53b5-9422-6eacfda5c40c;f3bf72a9-2ac6-5fd3-ac26-a9d081311496;5b08b97d-549e-5a14-a1db-ff4914d4b438;d1caa199-3357-518e-9696-3594f650152e	5;19;23;26;40			4de0b1a50530	mutation	2	84cd8501d39dfaa4	Qwen/Qwen3.6-35B-A3B	open-access	50	hybrid	2026-09-18T11:43:17Z		local	http://mango.cels.anl.gov:8004/v1	e1ea3de637aee078
Staphylococcus aureus	fusA	H457Q	antimicrobial resistance	reported	[8]	3		Rachida Namoune et al. Microorganisms PMID:37630607; Carolina Ferreira et al. Antibiotics PMID:33804851; Wenjing Chen et al. BMC Microbiology PMID:32600253	37630607;33804851;32600253	a0c1ca00-a5e3-50aa-a012-6f0a586da8d8;67ba10a4-e778-539d-887f-cbb82f67cba1;d1caa199-3357-518e-9696-3594f650152e	8;9;44			28f766017270	mutation	2	84cd8501d39dfaa4	Qwen/Qwen3.6-35B-A3B	open-access	50	hybrid	2026-09-18T11:43:19Z		local	http://mango.cels.anl.gov:8004/v1	e73f4e96c86fe9f7
Staphylococcus aureus	fusA	A71V	antimicrobial resistance	reported	[9]	1		Carolina Ferreira et al. Antibiotics PMID:33804851	33804851	67ba10a4-e778-539d-887f-cbb82f67cba1	9			28f766017270	mutation	2	84cd8501d39dfaa4	Qwen/Qwen3.6-35B-A3B	open-access	50	hybrid	2026-09-18T11:43:19Z		local	http://mango.cels.anl.gov:8004/v1	e73f4e96c86fe9f7
Staphylococcus aureus	fusA	G476C	antimicrobial resistance	reported	[9]	1		Carolina Ferreira et al. Antibiotics PMID:33804851	33804851	67ba10a4-e778-539d-887f-cbb82f67cba1	9			28f766017270	mutation	2	84cd8501d39dfaa4	Qwen/Qwen3.6-35B-A3B	open-access	50	hybrid	2026-09-18T11:43:19Z		local	http://mango.cels.anl.gov:8004/v1	e73f4e96c86fe9f7
Staphylococcus aureus	fusA	P404Q	antimicrobial resistance	reported	[23]	1		Matchima Laowansiri et al. Scientific Reports PMID:40604030	40604030	861f63f5-c807-513c-a6d9-77ca918e6fe8	23			28f766017270	mutation	2	84cd8501d39dfaa4	Qwen/Qwen3.6-35B-A3B	open-access	50	hybrid	2026-09-18T11:43:19Z		local	http://mango.cels.anl.gov:8004/v1	e73f4e96c86fe9f7
Staphylococcus aureus	fusA	Q505H	antimicrobial resistance	reported	[23]	1		Matchima Laowansiri et al. Scientific Reports PMID:40604030	40604030	861f63f5-c807-513c-a6d9-77ca918e6fe8	23			28f766017270	mutation	2	84cd8501d39dfaa4	Qwen/Qwen3.6-35B-A3B	open-access	50	hybrid	2026-09-18T11:43:19Z		local	http://mango.cels.anl.gov:8004/v1	e73f4e96c86fe9f7
Staphylococcus aureus	fusA	S238A	antimicrobial resistance	reported	[23]	1		Matchima Laowansiri et al. Scientific Reports PMID:40604030	40604030	861f63f5-c807-513c-a6d9-77ca918e6fe8	23			28f766017270	mutation	2	84cd8501d39dfaa4	Qwen/Qwen3.6-35B-A3B	open-access	50	hybrid	2026-09-18T11:43:19Z		local	http://mango.cels.anl.gov:8004/v1	e73f4e96c86fe9f7
Staphylococcus aureus	fusA	C258W	antimicrobial resistance	reported	[23]	1		Matchima Laowansiri et al. Scientific Reports PMID:40604030	40604030	861f63f5-c807-513c-a6d9-77ca918e6fe8	23			28f766017270	mutation	2	84cd8501d39dfaa4	Qwen/Qwen3.6-35B-A3B	open-access	50	hybrid	2026-09-18T11:43:19Z		local	http://mango.cels.anl.gov:8004/v1	e73f4e96c86fe9f7
Staphylococcus aureus	fusA	H457Y	antimicrobial resistance	reported	[23]	3		Matchima Laowansiri et al. Scientific Reports PMID:40604030; Sushim K. Gupta et al. Antibiotics PMID:36009920; Wenjing Chen et al. BMC Microbiology PMID:32600253	40604030;36009920;32600253	861f63f5-c807-513c-a6d9-77ca918e6fe8;8b489e33-a492-5e04-a788-88cbe2b39256;d1caa199-3357-518e-9696-3594f650152e	23;35;44			28f766017270	mutation	2	84cd8501d39dfaa4	Qwen/Qwen3.6-35B-A3B	open-access	50	hybrid	2026-09-18T11:43:19Z		local	http://mango.cels.anl.gov:8004/v1	e73f4e96c86fe9f7
Staphylococcus aureus	fusA	R464H	antimicrobial resistance	reported	[24]	1		Amrita Lama et al. PLoS ONE PMID:22479511	22479511	1f3a5e99-1098-5532-b065-6ca22dc99b5a	24			28f766017270	mutation	2	84cd8501d39dfaa4	Qwen/Qwen3.6-35B-A3B	open-access	50	hybrid	2026-09-18T11:43:19Z		local	http://mango.cels.anl.gov:8004/v1	e73f4e96c86fe9f7
Staphylococcus aureus	fusA	G530V	antimicrobial resistance	reported	[24]	1		Amrita Lama et al. PLoS ONE PMID:22479511	22479511	1f3a5e99-1098-5532-b065-6ca22dc99b5a	24			28f766017270	mutation	2	84cd8501d39dfaa4	Qwen/Qwen3.6-35B-A3B	open-access	50	hybrid	2026-09-18T11:43:19Z		local	http://mango.cels.anl.gov:8004/v1	e73f4e96c86fe9f7
Staphylococcus aureus	fusA	G531S	antimicrobial resistance	reported	[24]	1		Amrita Lama et al. PLoS ONE PMID:22479511	22479511	1f3a5e99-1098-5532-b065-6ca22dc99b5a	24			28f766017270	mutation	2	84cd8501d39dfaa4	Qwen/Qwen3.6-35B-A3B	open-access	50	hybrid	2026-09-18T11:43:19Z		local	http://mango.cels.anl.gov:8004/v1	e73f4e96c86fe9f7
Staphylococcus aureus	fusA	V90I	antimicrobial resistance	reported	[44]	1		Wenjing Chen et al. BMC Microbiology PMID:32600253	32600253	d1caa199-3357-518e-9696-3594f650152e	44			28f766017270	mutation	2	84cd8501d39dfaa4	Qwen/Qwen3.6-35B-A3B	open-access	50	hybrid	2026-09-18T11:43:19Z		local	http://mango.cels.anl.gov:8004/v1	e73f4e96c86fe9f7
Staphylococcus aureus	fusA	L461K	antimicrobial resistance	reported	[44]	1		Wenjing Chen et al. BMC Microbiology PMID:32600253	32600253	d1caa199-3357-518e-9696-3594f650152e	44			28f766017270	mutation	2	84cd8501d39dfaa4	Qwen/Qwen3.6-35B-A3B	open-access	50	hybrid	2026-09-18T11:43:19Z		local	http://mango.cels.anl.gov:8004/v1	e73f4e96c86fe9f7
Staphylococcus aureus	fusA	E8K	antimicrobial resistance	reported	[44]	1		Wenjing Chen et al. BMC Microbiology PMID:32600253	32600253	d1caa199-3357-518e-9696-3594f650152e	44			28f766017270	mutation	2	84cd8501d39dfaa4	Qwen/Qwen3.6-35B-A3B	open-access	50	hybrid	2026-09-18T11:43:19Z		local	http://mango.cels.anl.gov:8004/v1	e73f4e96c86fe9f7
Pseudomonas aeruginosa	fusA1		Responsible for high level of aminoglycoside resistance; Decreased susceptibility to aminoglycoside antibiotics; Reduction in aminoglycoside susceptibility; Confers resistance to aminoglycosides; Decreased aminoglycoside susceptibility; Lowered susceptibility to tobramycin; High-level aminoglycoside resistance; Linked to aminoglycoside resistance; Key player in resistance to tobramycin	measured; reported	[1]	11	missing:Mutation;merged_variants:Phenotype;merged_variants:Assertion	Mona Bové et al. Microbiology PMID:36748633; Aswin Thacharodi et al. Antibiotics PMID:36671353; Bailey Secker et al. Frontiers in Microbiology (2025) PMID:40066269; R. Frèdi Langendonk et al. Frontiers in Cellular and Infection Microbiology (2021) PMID:33937104; Woravimol Krittaphol et al. Pathogens PMID:40005562; Catalina Díaz-Ríos et al. Antibiotics PMID:33922748; Carla López-Causapé et al. Scientific Reports PMID:28717172; Raúl Recio et al. Antibiotics PMID:35884125; Samuel J.T. Wardell et al. Microbial Genomics PMID:34826267	36748633;36671353;40066269;33937104;40005562;33922748;28717172;35884125;34826267	2d90c7cd-f2cc-5f71-9978-ab896c1308cd;25d89f1b-b2ce-59e4-9b5f-c24819868bf7;48347185-c394-5525-ac07-068b984ef4dd;c1070437-743a-5724-be4a-c00156971bdd;629adc34-a7c6-59b7-bb0f-d73490791eca;3f140581-8b11-5223-ab23-b5dc0ef78440;80314d58-4afc-59d7-92c8-bda55d5dce95;586006ee-57c4-5b8a-8b0e-0d5436572009;fb4e154b-9af9-51ae-a3cc-37b568be5d49;5f9200a5-126e-5b94-a26d-be587f061a27;4ee47c26-8091-573c-b037-cd61d7cc00f2	1;2;4;7;9;12;14;26;30;32;34			3ce9da47fe74	mutation	2	84cd8501d39dfaa4	Qwen/Qwen3.6-35B-A3B	open-access	50	hybrid	2026-09-18T11:43:21Z		local	http://mango.cels.anl.gov:8004/v1	250db377706768d8
Pseudomonas aeruginosa	fusA1	fusA1R680C	Enhanced mexXY expression and aminoglycoside MICs; Increased aminoglycoside susceptibility (MIC); 4-fold increase in MIC for aminoglycosides	measured	[3]	3	merged_variants:Phenotype	Aswin Thacharodi et al. Antibiotics PMID:36671353	36671353	33f77d19-4f58-58a2-95c7-4eb606d7c264;d9fdd532-5bef-58ab-b43d-ff7ae52023f4;9b4059b2-afd9-589b-bf80-ecae93fce1a3	3;17;28			3ce9da47fe74	mutation	2	84cd8501d39dfaa4	Qwen/Qwen3.6-35B-A3B	open-access	50	hybrid	2026-09-18T11:43:21Z		local	http://mango.cels.anl.gov:8004/v1	250db377706768d8
Pseudomonas aeruginosa	fusA1	V90I	Associated with aminoglycoside resistance	reported	[11]	1		Salma Salem et al. Scientific Reports PMID:38969684	38969684	9b83c36f-85b3-5b31-808d-196e7d2429e3	11			3ce9da47fe74	mutation	2	84cd8501d39dfaa4	Qwen/Qwen3.6-35B-A3B	open-access	50	hybrid	2026-09-18T11:43:21Z		local	http://mango.cels.anl.gov:8004/v1	250db377706768d8
Pseudomonas aeruginosa	fusA1	H457Q	Associated with aminoglycoside resistance	reported	[11]	1		Salma Salem et al. Scientific Reports PMID:38969684	38969684	9b83c36f-85b3-5b31-808d-196e7d2429e3	11			3ce9da47fe74	mutation	2	84cd8501d39dfaa4	Qwen/Qwen3.6-35B-A3B	open-access	50	hybrid	2026-09-18T11:43:21Z		local	http://mango.cels.anl.gov:8004/v1	250db377706768d8
Pseudomonas aeruginosa	fusA1	T671A	Significantly decrease susceptibility to aminoglycosides	reported	[18]	1		Bailey Secker et al. Frontiers in Microbiology (2025) PMID:40066269	40066269	8a4000cb-d619-57cf-a835-aaf4fb6aab4f	18			3ce9da47fe74	mutation	2	84cd8501d39dfaa4	Qwen/Qwen3.6-35B-A3B	open-access	50	hybrid	2026-09-18T11:43:21Z		local	http://mango.cels.anl.gov:8004/v1	250db377706768d8
Pseudomonas aeruginosa	fusA1	Q678L	Four-fold increase in MIC of tobramycin	reported	[18]	1		Bailey Secker et al. Frontiers in Microbiology (2025) PMID:40066269	40066269	8a4000cb-d619-57cf-a835-aaf4fb6aab4f	18			3ce9da47fe74	mutation	2	84cd8501d39dfaa4	Qwen/Qwen3.6-35B-A3B	open-access	50	hybrid	2026-09-18T11:43:21Z		local	http://mango.cels.anl.gov:8004/v1	250db377706768d8
Pseudomonas aeruginosa	fusA1	K430E	Associated with resistance	reported	[39]	1		Roberta Genova et al. International Journal of Molecular Sciences PMID:37108055	37108055	aead4e39-902c-53c3-99e5-4725af699aad	39			3ce9da47fe74	mutation	2	84cd8501d39dfaa4	Qwen/Qwen3.6-35B-A3B	open-access	50	hybrid	2026-09-18T11:43:21Z		local	http://mango.cels.anl.gov:8004/v1	250db377706768d8
Pseudomonas aeruginosa	fusA1	A555G	Increased tobramycin MICs	measured	[40]	2		Fauve Vergauwe et al. Microbiology PMID:42207565	42207565	5fc62f68-335f-552c-9bdc-632779d895f4;5f90a36e-f298-53c4-8283-d4d11ba0fa85	40;44	A555G	Ala555Gly	3ce9da47fe74	mutation	2	84cd8501d39dfaa4	Qwen/Qwen3.6-35B-A3B	open-access	50	hybrid	2026-09-18T11:43:21Z		local	http://mango.cels.anl.gov:8004/v1	250db377706768d8
Pseudomonas aeruginosa	fusA1	S591A	Increased tobramycin MICs	measured	[40]	2		Fauve Vergauwe et al. Microbiology PMID:42207565	42207565	5fc62f68-335f-552c-9bdc-632779d895f4;5f90a36e-f298-53c4-8283-d4d11ba0fa85	40;44	S591A	Ser591Ala	3ce9da47fe74	mutation	2	84cd8501d39dfaa4	Qwen/Qwen3.6-35B-A3B	open-access	50	hybrid	2026-09-18T11:43:21Z		local	http://mango.cels.anl.gov:8004/v1	250db377706768d8
Pseudomonas aeruginosa	galU	Deletion/Inactivation	Phage resistance and increased susceptibility to fluoroquinolones	measured	[7]	1		Diana P. Pires et al. Frontiers in Microbiology (2017) PMID:28713356	28713356	97504f6d-1e2a-50fc-8921-a9e0a2a062ae	7			bbd0286fc8d5	mutation	2	84cd8501d39dfaa4	Qwen/Qwen3.6-35B-A3B	open-access	50	hybrid	2026-09-18T11:43:24Z		local	http://mango.cels.anl.gov:8004/v1	b50142eb1430b75b
Pseudomonas aeruginosa	galU	Deletion	Phage resistance and increased susceptibility to fluoroquinolones	measured; reported	[20]	20	merged_variants:Assertion	Jumpei Fujiki et al. Viruses PMID:40872794; Lili Guo et al. Frontiers in Cellular and Infection Microbiology (2023) PMID:37021122; Jumpei Fujiki et al. Frontiers in Microbiology (2024) PMID:38812675; Diana P. Pires et al. Frontiers in Microbiology (2017) PMID:28713356; Mareike B. Erdmann et al. PLOS ONE PMID:37824582; Yuhui Yang et al. Frontiers in Microbiology (2020) PMID:32194532; Mengyu Shen et al. Nucleic Acids Research PMID:29514250; Huong Minh Nguyen et al. International Journal of Molecular Sciences PMID:38069353; Mahadi Hasan et al. Antibiotics PMID:35884169; Mark Grevsen Martinet et al. Microorganisms PMID:39338555; Li Mei et al. Frontiers in Microbiology (2023) PMID:38088964; Valerie Defraine et al. Frontiers in Microbiology (2018) PMID:29472905; Hussein Fayyad-Kazan et al. BMC Infectious Diseases PMID:41606486; Mi Liu et al. BMC Microbiology PMID:37789331	40872794;37021122;38812675;28713356;37824582;32194532;29514250;38069353;35884169;39338555;38088964;29472905;41606486;37789331	a48fab2f-5828-5efb-9d00-28d6f5d59aff;a65915c0-1a8d-5527-9fb1-548a0e6000da;34d09a67-517c-5b7c-81c2-fe9a449dcfd1;9538f1f3-9db9-5719-a2e5-faff7c115063;dfc1683b-828d-5bdd-bacc-6b96f81eee6b;6126dc90-893e-5adf-91d0-25d0c44f1aa1;523bdbca-069a-5c17-9d08-3afd5230b2e8;2b791004-a3cc-57b2-811f-0f97ed31a7e5;fad45e86-754a-53d1-bf9a-7e74fd857f53;8e5c75f8-9900-50d1-9ae9-ef38dbf145fb;ce1fc518-4b48-5bce-b8fb-3ccad131bee1;f1de6a77-ba3e-52de-abd8-e2e83936c4b5;6382e072-73ea-539a-a0a8-35021201475b;34876155-fe8a-5292-a75b-0d76caa672c0;4fa897c4-7ea1-55ec-b7bc-59fb278491b0;eb4a79f5-6df7-5bf0-b81f-f77950daed0c;72d30010-fae4-57fe-9391-a474ec40daaa;4392d65d-20d0-5007-9a30-de8ca9da5a17;86fbaea0-e2ca-53e0-afbd-253e0f06543e;1ae74b6f-696f-5d82-8347-e5767291a9bd	10;11;15;20;21;22;23;25;31;32;33;35;37;38;43;46;47;48;49;50			bbd0286fc8d5	mutation	2	84cd8501d39dfaa4	Qwen/Qwen3.6-35B-A3B	open-access	50	hybrid	2026-09-18T11:43:24Z		local	http://mango.cels.anl.gov:8004/v1	b50142eb1430b75b
Pseudomonas aeruginosa	glpT		Antimicrobial resistance (fosfomycin)	reported	[1]	9	missing:Mutation	Giuseppe Pipitone et al. Antibiotics PMID:38136687; Ahmad Ayman Dabbousi et al. Antibiotics PMID:35625331; Wenya Xu et al. Frontiers in Microbiology (2020) PMID:32670230; Alexandro Rodríguez-Rojas et al. PLoS ONE PMID:20419114; Carla López-Causapé et al. Frontiers in Microbiology (2018) PMID:29681898; Laura Sánchez-Maroto et al. Antibiotics PMID:39596703; Su Xu et al. Frontiers in Microbiology (2017) PMID:28579984; Ricardo Martí-Arbona et al. BMC Genomics PMID:25523622	38136687;35625331;32670230;20419114;29681898;39596703;28579984;25523622	c9775d80-052f-504c-a6d7-ad06656e1e4f;04b2c389-bf05-5a82-9bc9-d5ffd90f696b;d72c9775-37bf-52dc-b5ed-885a1cc6fae0;3a4625eb-589e-58ec-acec-2fece3f86d09;7eef236b-434b-556b-b766-16fee247d9ef;86df569f-55e2-5b91-a6eb-ca50a0a4e7a8;7d89445d-1047-5cfe-82d9-01992653dee1;8d8fb998-af6c-5c8f-832a-c7f0898eaae8;a22b29b6-8456-5183-b290-3c673c259a57	1;5;8;10;12;19;20;34;35			8abf3a16a6a7	mutation	2	84cd8501d39dfaa4	Qwen/Qwen3.6-35B-A3B	open-access	50	hybrid	2026-09-18T11:43:24Z		local	http://mango.cels.anl.gov:8004/v1	146faef3adcbbc30
Pseudomonas aeruginosa	glpT	A439T	Antimicrobial resistance	reported	[22]	1		Ana Paula Barbosa do Nascimento et al. Scientific Reports PMID:32764694	32764694	399454b4-e41e-5148-9eef-c5b52428d474	22			8abf3a16a6a7	mutation	2	84cd8501d39dfaa4	Qwen/Qwen3.6-35B-A3B	open-access	50	hybrid	2026-09-18T11:43:24Z		local	http://mango.cels.anl.gov:8004/v1	146faef3adcbbc30
Staphylococcus aureus	gdpP	and amino acid substitutions	β-lactam resistance (MRLM phenotype)	reported	[3]	1		Anna Sommer et al. Microbial Genomics PMID:34486969	34486969	847093b2-79ea-5bb5-98c5-15cb5b76fe5f	3			f8f0c10dd82b	mutation	2	84cd8501d39dfaa4	Qwen/Qwen3.6-35B-A3B	open-access	50	hybrid	2026-09-18T11:43:27Z		local	http://mango.cels.anl.gov:8004/v1	f75cd214ec226bd4
Staphylococcus aureus	gdpP	truncating mutations	β-lactam resistance (MODSA phenotype)	reported	[4]	1		Melissa R Gitman et al. Journal of Antimicrobial Chemotherapy PMID:34368846	34368846	7397c54e-408a-5ccc-bbf8-f6023ca75afc	4			f8f0c10dd82b	mutation	2	84cd8501d39dfaa4	Qwen/Qwen3.6-35B-A3B	open-access	50	hybrid	2026-09-18T11:43:27Z		local	http://mango.cels.anl.gov:8004/v1	f75cd214ec226bd4
Staphylococcus aureus	gdpP	truncating frameshift deletion (M613fs)	β-lactam resistance	reported	[16]	1		Melissa R Gitman et al. Journal of Antimicrobial Chemotherapy PMID:34368846	34368846	d7a8cb0f-7072-5140-a385-472eb6c670e8	16			f8f0c10dd82b	mutation	2	84cd8501d39dfaa4	Qwen/Qwen3.6-35B-A3B	open-access	50	hybrid	2026-09-18T11:43:27Z		local	http://mango.cels.anl.gov:8004/v1	f75cd214ec226bd4
Staphylococcus aureus	gdpP	G291V	β-lactam resistance	reported	[16]	1		Melissa R Gitman et al. Journal of Antimicrobial Chemotherapy PMID:34368846	34368846	d7a8cb0f-7072-5140-a385-472eb6c670e8	16	G291V	substitution (G291V)	f8f0c10dd82b	mutation	2	84cd8501d39dfaa4	Qwen/Qwen3.6-35B-A3B	open-access	50	hybrid	2026-09-18T11:43:27Z		local	http://mango.cels.anl.gov:8004/v1	f75cd214ec226bd4
Staphylococcus aureus	gdpP	truncating frameshift insertion (V371fs)	β-lactam resistance	reported	[16]	1		Melissa R Gitman et al. Journal of Antimicrobial Chemotherapy PMID:34368846	34368846	d7a8cb0f-7072-5140-a385-472eb6c670e8	16			f8f0c10dd82b	mutation	2	84cd8501d39dfaa4	Qwen/Qwen3.6-35B-A3B	open-access	50	hybrid	2026-09-18T11:43:27Z		local	http://mango.cels.anl.gov:8004/v1	f75cd214ec226bd4
Staphylococcus aureus	gdpP	loss-of-function mutations	β-lactam resistance	reported	[10]	1		Sheida Heidarian et al. PLOS Biology PMID:38175839	38175839	bd4b47a3-acc2-58dc-aa23-d690879de9d3	10			f8f0c10dd82b	mutation	2	84cd8501d39dfaa4	Qwen/Qwen3.6-35B-A3B	open-access	50	hybrid	2026-09-18T11:43:27Z		local	http://mango.cels.anl.gov:8004/v1	f75cd214ec226bd4
Staphylococcus aureus	gdpP	R602H substitution	β-lactam resistance	reported	[34]	1		Clarissa Pozzi et al. PLoS Pathogens PMID:22496652	22496652	8d5e3ad7-966d-55e6-bb85-f38f8be77cdc	34			f8f0c10dd82b	mutation	2	84cd8501d39dfaa4	Qwen/Qwen3.6-35B-A3B	open-access	50	hybrid	2026-09-18T11:43:27Z		local	http://mango.cels.anl.gov:8004/v1	f75cd214ec226bd4
Staphylococcus aureus	gdpP	G308D substitution	β-lactam resistance	reported	[34]	1		Clarissa Pozzi et al. PLoS Pathogens PMID:22496652	22496652	8d5e3ad7-966d-55e6-bb85-f38f8be77cdc	34			f8f0c10dd82b	mutation	2	84cd8501d39dfaa4	Qwen/Qwen3.6-35B-A3B	open-access	50	hybrid	2026-09-18T11:43:27Z		local	http://mango.cels.anl.gov:8004/v1	f75cd214ec226bd4
Staphylococcus aureus	gdpP	Δ382-504 deletion	β-lactam resistance	reported	[34]	1		Clarissa Pozzi et al. PLoS Pathogens PMID:22496652	22496652	8d5e3ad7-966d-55e6-bb85-f38f8be77cdc	34			f8f0c10dd82b	mutation	2	84cd8501d39dfaa4	Qwen/Qwen3.6-35B-A3B	open-access	50	hybrid	2026-09-18T11:43:27Z		local	http://mango.cels.anl.gov:8004/v1	f75cd214ec226bd4
Staphylococcus aureus	gdpP	Δ80-174 deletion	β-lactam resistance	reported	[34]	1		Clarissa Pozzi et al. PLoS Pathogens PMID:22496652	22496652	8d5e3ad7-966d-55e6-bb85-f38f8be77cdc	34			f8f0c10dd82b	mutation	2	84cd8501d39dfaa4	Qwen/Qwen3.6-35B-A3B	open-access	50	hybrid	2026-09-18T11:43:27Z		local	http://mango.cels.anl.gov:8004/v1	f75cd214ec226bd4
Staphylococcus aureus	gdpP	T104I	β-lactam resistance	reported	[26]	1		Anna Sommer et al. Microbial Genomics PMID:34486969	34486969	66cfecd0-bfd1-59a8-b502-1190e3f4d279	26			f8f0c10dd82b	mutation	2	84cd8501d39dfaa4	Qwen/Qwen3.6-35B-A3B	open-access	50	hybrid	2026-09-18T11:43:27Z		local	http://mango.cels.anl.gov:8004/v1	f75cd214ec226bd4
Staphylococcus aureus	gdpP	T260K	β-lactam resistance	reported	[26]	1		Anna Sommer et al. Microbial Genomics PMID:34486969	34486969	66cfecd0-bfd1-59a8-b502-1190e3f4d279	26			f8f0c10dd82b	mutation	2	84cd8501d39dfaa4	Qwen/Qwen3.6-35B-A3B	open-access	50	hybrid	2026-09-18T11:43:27Z		local	http://mango.cels.anl.gov:8004/v1	f75cd214ec226bd4
Staphylococcus aureus	gdpP	E468K	β-lactam resistance	reported	[26]	1		Anna Sommer et al. Microbial Genomics PMID:34486969	34486969	66cfecd0-bfd1-59a8-b502-1190e3f4d279	26			f8f0c10dd82b	mutation	2	84cd8501d39dfaa4	Qwen/Qwen3.6-35B-A3B	open-access	50	hybrid	2026-09-18T11:43:27Z		local	http://mango.cels.anl.gov:8004/v1	f75cd214ec226bd4
Staphylococcus aureus	gdpP	Q56*	β-lactam resistance	reported	[26]	1		Anna Sommer et al. Microbial Genomics PMID:34486969	34486969	66cfecd0-bfd1-59a8-b502-1190e3f4d279	26			f8f0c10dd82b	mutation	2	84cd8501d39dfaa4	Qwen/Qwen3.6-35B-A3B	open-access	50	hybrid	2026-09-18T11:43:27Z		local	http://mango.cels.anl.gov:8004/v1	f75cd214ec226bd4
Staphylococcus aureus	gdpP	Q163*	β-lactam resistance	reported	[26]	1		Anna Sommer et al. Microbial Genomics PMID:34486969	34486969	66cfecd0-bfd1-59a8-b502-1190e3f4d279	26			f8f0c10dd82b	mutation	2	84cd8501d39dfaa4	Qwen/Qwen3.6-35B-A3B	open-access	50	hybrid	2026-09-18T11:43:27Z		local	http://mango.cels.anl.gov:8004/v1	f75cd214ec226bd4
Staphylococcus aureus	gdpP	Q258*	β-lactam resistance	reported	[26]	1		Anna Sommer et al. Microbial Genomics PMID:34486969	34486969	66cfecd0-bfd1-59a8-b502-1190e3f4d279	26			f8f0c10dd82b	mutation	2	84cd8501d39dfaa4	Qwen/Qwen3.6-35B-A3B	open-access	50	hybrid	2026-09-18T11:43:27Z		local	http://mango.cels.anl.gov:8004/v1	f75cd214ec226bd4
Staphylococcus aureus	gdpP	E314*	β-lactam resistance	reported	[26]	1		Anna Sommer et al. Microbial Genomics PMID:34486969	34486969	66cfecd0-bfd1-59a8-b502-1190e3f4d279	26			f8f0c10dd82b	mutation	2	84cd8501d39dfaa4	Qwen/Qwen3.6-35B-A3B	open-access	50	hybrid	2026-09-18T11:43:27Z		local	http://mango.cels.anl.gov:8004/v1	f75cd214ec226bd4
Staphylococcus aureus	gdpP	E334*	β-lactam resistance	reported	[26]	1		Anna Sommer et al. Microbial Genomics PMID:34486969	34486969	66cfecd0-bfd1-59a8-b502-1190e3f4d279	26			f8f0c10dd82b	mutation	2	84cd8501d39dfaa4	Qwen/Qwen3.6-35B-A3B	open-access	50	hybrid	2026-09-18T11:43:27Z		local	http://mango.cels.anl.gov:8004/v1	f75cd214ec226bd4
Staphylococcus aureus	gdpP	R397*	β-lactam resistance	reported	[26]	1		Anna Sommer et al. Microbial Genomics PMID:34486969	34486969	66cfecd0-bfd1-59a8-b502-1190e3f4d279	26			f8f0c10dd82b	mutation	2	84cd8501d39dfaa4	Qwen/Qwen3.6-35B-A3B	open-access	50	hybrid	2026-09-18T11:43:27Z		local	http://mango.cels.anl.gov:8004/v1	f75cd214ec226bd4
Staphylococcus aureus	gdpP	H442Q	β-lactam resistance	reported	[44]	1		Anna Sommer et al. Microbial Genomics PMID:34486969	34486969	88246856-a1bd-5045-96d6-92a0e949fcbb	44			f8f0c10dd82b	mutation	2	84cd8501d39dfaa4	Qwen/Qwen3.6-35B-A3B	open-access	50	hybrid	2026-09-18T11:43:27Z		local	http://mango.cels.anl.gov:8004/v1	f75cd214ec226bd4
Staphylococcus aureus	gdpP	N182K	β-lactam resistance	reported	[37]	1		Beata Mlynarczyk-Bonikowska et al. International Journal of Molecular Sciences PMID:35897667	35897667	47fb6ad2-b558-5d1c-9881-62bbf1bf5224	37			f8f0c10dd82b	mutation	2	84cd8501d39dfaa4	Qwen/Qwen3.6-35B-A3B	open-access	50	hybrid	2026-09-18T11:43:27Z		local	http://mango.cels.anl.gov:8004/v1	f75cd214ec226bd4
Staphylococcus pseudintermedius	grlA	S80I	Fluoroquinolone resistance	measured	[2]	7		Mariela E. Srednik et al. International Journal of Molecular Sciences PMID:37511121; Lorenzo Pace et al. Antibiotics PMID:42192702; Catarina Morais et al. Frontiers in Microbiology (2023) PMID:37138637; Stefano Azzariti et al. Antibiotics PMID:36139982; Marine Bergot et al. Frontiers in Microbiology (2018) PMID:30619143	37511121;42192702;37138637;36139982;30619143	09c1ff6c-4ace-5ba1-a0ec-a3c2980ff59d;c4d001a4-b83c-5152-9bbb-2ad000a1d717;0199c90d-d638-538f-b547-c9dd26e8c16c;5c4cd871-c3ce-54a1-92db-a222a299e6f8;c92c7535-84be-5156-bcf8-f08f9c2de053;c8284ba1-f147-5e83-9f2c-cb2c17e460f9;82e7ac0c-0342-5f73-afed-6e4754193677	2;4;7;15;17;21;43			d322b686316c	mutation	2	84cd8501d39dfaa4	Qwen/Qwen3.6-35B-A3B	open-access	50	hybrid	2026-09-18T11:43:28Z		local	http://mango.cels.anl.gov:8004/v1	fbf4870de404b8bb
Staphylococcus pseudintermedius	grlA	D84N	Fluoroquinolone resistance	measured	[2]	1		Mariela E. Srednik et al. International Journal of Molecular Sciences PMID:37511121	37511121	09c1ff6c-4ace-5ba1-a0ec-a3c2980ff59d	2			d322b686316c	mutation	2	84cd8501d39dfaa4	Qwen/Qwen3.6-35B-A3B	open-access	50	hybrid	2026-09-18T11:43:28Z		local	http://mango.cels.anl.gov:8004/v1	fbf4870de404b8bb
Staphylococcus pseudintermedius	grlA	S80R	Fluoroquinolone resistance	measured	[15]	1		Catarina Morais et al. Frontiers in Microbiology (2023) PMID:37138637	37138637	c92c7535-84be-5156-bcf8-f08f9c2de053	15			d322b686316c	mutation	2	84cd8501d39dfaa4	Qwen/Qwen3.6-35B-A3B	open-access	50	hybrid	2026-09-18T11:43:28Z		local	http://mango.cels.anl.gov:8004/v1	fbf4870de404b8bb
Staphylococcus pseudintermedius	grlA	I45M	Fluoroquinolone resistance	measured	[49]	1		Judit Sahin-Tóth et al. PLoS ONE PMID:33428679	33428679	9371f1f7-e4a1-5cac-aaac-8aedde16135c	49			d322b686316c	mutation	2	84cd8501d39dfaa4	Qwen/Qwen3.6-35B-A3B	open-access	50	hybrid	2026-09-18T11:43:28Z		local	http://mango.cels.anl.gov:8004/v1	fbf4870de404b8bb
Enterococcus faecalis	gshF		Daptomycin resistance	reported	[24]	1	missing:Mutation	Swati Sucharita Satpathy et al. Scientific Reports PMID:40998902	40998902	67f45adb-286c-522d-b2a6-c154e76cb8ee	24			c8008ed6887b	mutation	2	84cd8501d39dfaa4	Qwen/Qwen3.6-35B-A3B	open-access	50	hybrid	2026-09-18T11:43:28Z		local	http://mango.cels.anl.gov:8004/v1	85a723a4c5bd4d51
Burkholderia cepacia	gyrA	G81D	Levofloxacin resistance	reported	[17]	1		Viola C. Scoffone et al. Frontiers in Microbiology (2017) PMID:28878751	28878751	ad29ef05-1bc5-5060-a155-8e7e60351795	17			0476193cbec8	mutation	2	84cd8501d39dfaa4	Qwen/Qwen3.6-35B-A3B	open-access	50	hybrid	2026-09-18T11:43:31Z		local	http://mango.cels.anl.gov:8004/v1	f8fe0b7d1d83c08b
Burkholderia cepacia	gyrA	T83I	Fluoroquinolone resistance; Levofloxacin resistance	reported	[17]	2	merged_variants:Phenotype	Viola C. Scoffone et al. Frontiers in Microbiology (2017) PMID:28878751; Miklos Fuzi et al. Frontiers in Microbiology (2017) PMID:29250038	28878751;29250038	ad29ef05-1bc5-5060-a155-8e7e60351795;f245d5d3-c1ba-5cba-a4eb-afd311cbd2d9	17;26			0476193cbec8	mutation	2	84cd8501d39dfaa4	Qwen/Qwen3.6-35B-A3B	open-access	50	hybrid	2026-09-18T11:43:31Z		local	http://mango.cels.anl.gov:8004/v1	f8fe0b7d1d83c08b
Burkholderia cepacia	gyrA	D87H	Levofloxacin resistance	reported	[17]	1		Viola C. Scoffone et al. Frontiers in Microbiology (2017) PMID:28878751	28878751	ad29ef05-1bc5-5060-a155-8e7e60351795	17			0476193cbec8	mutation	2	84cd8501d39dfaa4	Qwen/Qwen3.6-35B-A3B	open-access	50	hybrid	2026-09-18T11:43:31Z		local	http://mango.cels.anl.gov:8004/v1	f8fe0b7d1d83c08b
Staphylococcus aureus	glpT		Antimicrobial resistance (fosfomycin)	reported; measured	[2]	18	missing:Mutation;merged_variants:Assertion	Gopalan Krishnan Sivaraman et al. PeerJ PMID:34113482; Su Xu et al. Frontiers in Microbiology (2017) PMID:28579984; Tianchi Chen et al. Journal of Antimicrobial Chemotherapy PMID:35848785; Wenya Xu et al. Frontiers in Microbiology (2020) PMID:32670230; Zhuyingjie Fu et al. Frontiers in Microbiology (2015) PMID:26793179; Benjamin Ulrich Bauer et al. Scientific Reports PMID:40251270; Anna Berthold-Pluta et al. International Journal of Molecular Sciences PMID:39201307; Yan Wu et al. Frontiers in Microbiology (2025) PMID:41341494; Weronika Goraj et al. Pathogens PMID:41599013; Rachel L. Edwards et al. PLoS Pathogens PMID:32497104	34113482;28579984;35848785;32670230;26793179;40251270;39201307;41341494;41599013;32497104	b6c3582f-2ec1-52e1-ac87-531487391abf;5d9b377c-cd4c-5817-92da-084ff882fbb9;8f44b18f-97aa-5fb9-ad70-2390777c6766;c6bb5d41-60c9-56b1-a4ca-fdf196aadd79;a1b63ac1-13c5-5150-abf7-05fdc08ef23c;b0d5d483-7fbe-594f-b364-76067f1151ce;b703aaeb-fdb3-574c-ad8c-055c38ade7da;6595bf9b-90d6-5a1f-a89f-4a5cd9f48fde;9d9e6fe3-216d-51f7-9a66-8e8c165a8933;1151f5ad-a37a-558d-85a6-88404882d180;9c56f4ac-73bf-5e12-9329-c1ed7e994921;c49a0306-3f80-58b7-a424-9c2bec3a1a33;e9fb966d-2d39-5a51-a021-2d378a1c2b10;938c1280-420f-5118-bb3a-367f7ee9ccc9;c0ffa908-7ce6-5ea4-813b-423f65566063;15c8f314-37bf-576f-8b2e-1a5119d217e3;ef0ac1df-9399-5169-bef3-f95c02e267ad;ab4b7ba4-b455-50ff-a52c-f2a7f4059e56	2;3;8;9;10;11;12;13;14;15;16;18;19;20;21;32;34;35			69cdefc5dd34	mutation	2	84cd8501d39dfaa4	Qwen/Qwen3.6-35B-A3B	open-access	50	hybrid	2026-09-18T11:43:32Z		local	http://mango.cels.anl.gov:8004/v1	2bf2f1742b95ca6e
Staphylococcus aureus	glpT	A100V	Antimicrobial resistance (fosfomycin)	reported	[4]	1		Adrienn Gréta Tóth et al. Frontiers in Microbiology (2026) PMID:42094763	42094763	8d65d2ee-ea92-5dcf-85c1-17e61c513bca	4			69cdefc5dd34	mutation	2	84cd8501d39dfaa4	Qwen/Qwen3.6-35B-A3B	open-access	50	hybrid	2026-09-18T11:43:32Z		local	http://mango.cels.anl.gov:8004/v1	2bf2f1742b95ca6e
Staphylococcus aureus	glpT	F3I	Antimicrobial resistance (fosfomycin)	reported	[4]	1		Adrienn Gréta Tóth et al. Frontiers in Microbiology (2026) PMID:42094763	42094763	8d65d2ee-ea92-5dcf-85c1-17e61c513bca	4			69cdefc5dd34	mutation	2	84cd8501d39dfaa4	Qwen/Qwen3.6-35B-A3B	open-access	50	hybrid	2026-09-18T11:43:32Z		local	http://mango.cels.anl.gov:8004/v1	2bf2f1742b95ca6e
Burkholderia pseudomallei	gyrA	G77S	Ciprofloxacin resistance (CIPr, ≥32 μg/mL)	measured	[4]	2		Erin P. Price et al. Microbial Genomics PMID:29989529; Danielle E. Madden et al. EBioMedicine (2020) PMID:33285499	29989529;33285499	ed3c8f2d-88f3-53c9-8d56-1c2a8437c336;e3e78104-00c8-5e74-8fbc-9c475bcd1d14	4;25			8af504f04a31	mutation	2	84cd8501d39dfaa4	Qwen/Qwen3.6-35B-A3B	open-access	50	hybrid	2026-09-18T11:43:34Z		local	http://mango.cels.anl.gov:8004/v1	3d25232418ae66f0
Acinetobacter baumannii	gyrA	S81L	Fluoroquinolone resistance	reported	[4]	7		Srimathy Ramachandran et al. BMC Microbiology PMID:41162893; Roshan D'Souza et al. Frontiers in Microbiology (2019) PMID:30972044; Salma Salem et al. BMC Infectious Diseases PMID:40500700; Mostafa Ahmed Mohammed et al. Scientific Reports PMID:34635692; Itziar Chapartegui-González et al. Antibiotics PMID:34206348; Made Rai Dwitya Wiradiputra et al. BMC Genomics PMID:37978344; Jonathan Koong et al. Microbial Genomics PMID:34874246	41162893;30972044;40500700;34635692;34206348;37978344;34874246	9423e05a-23d2-54db-9c8a-229a939c7f90;6da42b85-4acd-5e29-99b1-cabbbac779c5;10750661-52da-5183-9e28-27a85b2c0cee;325b5b16-6539-5e11-87bd-97b576134691;79f45caf-b2de-588a-ab04-2c9d8faea61a;f60d07b1-0b05-5494-9da3-57e6b4aa93df;3a1b3a42-4c9b-5035-afde-3e3776f97a17	4;12;13;16;31;35;47	S81L	Ser81Leu	5c164550ab43	mutation	2	84cd8501d39dfaa4	Qwen/Qwen3.6-35B-A3B	open-access	50	hybrid	2026-09-18T11:43:34Z		local	http://mango.cels.anl.gov:8004/v1	bf1d61db0036bf07
Acinetobacter baumannii	gyrA	S83L	Fluoroquinolone resistance	reported	[14]	2		Mai M. Zafer et al. Frontiers in Microbiology (2021) PMID:34880837; Nilma C. Leal et al. Frontiers in Microbiology (2020) PMID:32655514	34880837;32655514	1405b8c9-f607-5dbb-a3e4-3c3e1f598860;839444f0-ff4f-51f8-89be-96588b6c992a	14;25	S83L	Ser83Leu	5c164550ab43	mutation	2	84cd8501d39dfaa4	Qwen/Qwen3.6-35B-A3B	open-access	50	hybrid	2026-09-18T11:43:34Z		local	http://mango.cels.anl.gov:8004/v1	bf1d61db0036bf07
Acinetobacter baumannii	gyrA	S83F	Fluoroquinolone resistance	measured	[15]	2		Clinical Microbiology and Infection (2012) DOI:10.1111/j.1469-0691.2012.03802.x		452f3e9f-dddc-5121-a32b-bec45ae26ba1;19ecc7fd-92e1-5314-b550-9ff1edeed441	15;27	S83F	Ser83Phe	5c164550ab43	mutation	2	84cd8501d39dfaa4	Qwen/Qwen3.6-35B-A3B	open-access	50	hybrid	2026-09-18T11:43:34Z		local	http://mango.cels.anl.gov:8004/v1	bf1d61db0036bf07
Clostridioides difficile	gyrA	T82I	Fluoroquinolone resistance	reported	[17]	11		Nils Henning Zaiß et al. Emerging Infectious Diseases PMID:20350385; Miklos Fuzi et al. Frontiers in Microbiology (2025) PMID:40276228; Martina Masarikova et al. Microorganisms PMID:32549307; Abiola O. Olaitan et al. Nature Communications PMID:37438331; Xianzhuo Zhang et al. Frontiers in Microbiology (2023) PMID:38029189; Joana Isidro et al. Frontiers in Microbiology (2018) PMID:30574133; Emmanuel Aguilar-Zamora et al. Frontiers in Microbiology (2021) PMID:35360652; Emmanuel O. Ngbede et al. Microbial Genomics PMID:39883484	20350385;40276228;32549307;37438331;38029189;30574133;35360652;39883484	ecf961d1-afab-5cd2-870c-7f06e5bcfada;e460832e-7670-5332-b08b-cb093eef857e;99e18529-c004-5ac8-9944-86843803c701;75140919-a91c-5f05-b63b-7a64c8921ebb;0d7f011c-aa3b-50a2-a35f-c16071222df4;4082f1b2-8ed0-5c6e-8114-93734428479f;dd94b387-f5a9-5e5b-87c2-cdbb44c1aa9c;37c690c3-6a2f-589c-a98b-a13bedc25715;0d5666e1-a682-5f40-84c7-7d740e3878b3;03687359-0caf-53d9-8496-2e11613d7a54;02866b3c-0694-5022-be8e-527a5643779d	6;7;17;23;29;31;38;40;41;44;48			37a76b3fb66a	mutation	2	84cd8501d39dfaa4	Qwen/Qwen3.6-35B-A3B	open-access	50	hybrid	2026-09-18T11:43:42Z		local	http://mango.cels.anl.gov:8004/v1	0a2824c5f6c0075a
Clostridioides difficile	gyrA	T87I	Fluoroquinolone resistance	reported	[4]	2		Li-Juan Zhang et al. PLoS ONE PMID:30807599	30807599	3f8fc36d-ead1-59a5-881a-b8cb7f0620cd;22067bd5-46ec-5b87-b98b-927a164feb91	4;18			37a76b3fb66a	mutation	2	84cd8501d39dfaa4	Qwen/Qwen3.6-35B-A3B	open-access	50	hybrid	2026-09-18T11:43:42Z		local	http://mango.cels.anl.gov:8004/v1	0a2824c5f6c0075a
Clostridioides difficile	gyrA	D71E	Fluoroquinolone resistance	reported	[17]	1		Nils Henning Zaiß et al. Emerging Infectious Diseases PMID:20350385	20350385	ecf961d1-afab-5cd2-870c-7f06e5bcfada	17			37a76b3fb66a	mutation	2	84cd8501d39dfaa4	Qwen/Qwen3.6-35B-A3B	open-access	50	hybrid	2026-09-18T11:43:42Z		local	http://mango.cels.anl.gov:8004/v1	0a2824c5f6c0075a
Clostridioides difficile	gyrA	T82A	Fluoroquinolone resistance	reported	[17]	1		Nils Henning Zaiß et al. Emerging Infectious Diseases PMID:20350385	20350385	ecf961d1-afab-5cd2-870c-7f06e5bcfada	17			37a76b3fb66a	mutation	2	84cd8501d39dfaa4	Qwen/Qwen3.6-35B-A3B	open-access	50	hybrid	2026-09-18T11:43:42Z		local	http://mango.cels.anl.gov:8004/v1	0a2824c5f6c0075a
Clostridioides difficile	gyrA	L406I	Fluoroquinolone resistance	reported	[38]	1		Emmanuel Aguilar-Zamora et al. Frontiers in Microbiology (2021) PMID:35360652	35360652	03687359-0caf-53d9-8496-2e11613d7a54	38			37a76b3fb66a	mutation	2	84cd8501d39dfaa4	Qwen/Qwen3.6-35B-A3B	open-access	50	hybrid	2026-09-18T11:43:42Z		local	http://mango.cels.anl.gov:8004/v1	0a2824c5f6c0075a
Clostridioides difficile	gyrA	D468N	Fluoroquinolone resistance	reported	[38]	1		Emmanuel Aguilar-Zamora et al. Frontiers in Microbiology (2021) PMID:35360652	35360652	03687359-0caf-53d9-8496-2e11613d7a54	38			37a76b3fb66a	mutation	2	84cd8501d39dfaa4	Qwen/Qwen3.6-35B-A3B	open-access	50	hybrid	2026-09-18T11:43:42Z		local	http://mango.cels.anl.gov:8004/v1	0a2824c5f6c0075a
Clostridioides difficile	gyrA	M299V	Fluoroquinolone resistance	reported	[38]	1		Emmanuel Aguilar-Zamora et al. Frontiers in Microbiology (2021) PMID:35360652	35360652	03687359-0caf-53d9-8496-2e11613d7a54	38			37a76b3fb66a	mutation	2	84cd8501d39dfaa4	Qwen/Qwen3.6-35B-A3B	open-access	50	hybrid	2026-09-18T11:43:42Z		local	http://mango.cels.anl.gov:8004/v1	0a2824c5f6c0075a
Clostridioides difficile	gyrA	M324I	Fluoroquinolone resistance	reported	[38]	1		Emmanuel Aguilar-Zamora et al. Frontiers in Microbiology (2021) PMID:35360652	35360652	03687359-0caf-53d9-8496-2e11613d7a54	38			37a76b3fb66a	mutation	2	84cd8501d39dfaa4	Qwen/Qwen3.6-35B-A3B	open-access	50	hybrid	2026-09-18T11:43:42Z		local	http://mango.cels.anl.gov:8004/v1	0a2824c5f6c0075a
Clostridioides difficile	gyrA	H502N	Rifampicin resistance	reported	[6]	3		Emmanuel O. Ngbede et al. Microbial Genomics PMID:39883484; Joana Isidro et al. Frontiers in Microbiology (2018) PMID:30574133	39883484;30574133	02866b3c-0694-5022-be8e-527a5643779d;37c690c3-6a2f-589c-a98b-a13bedc25715;0d5666e1-a682-5f40-84c7-7d740e3878b3	6;7;40			37a76b3fb66a	mutation	2	84cd8501d39dfaa4	Qwen/Qwen3.6-35B-A3B	open-access	50	hybrid	2026-09-18T11:43:42Z		local	http://mango.cels.anl.gov:8004/v1	0a2824c5f6c0075a
Clostridioides difficile	gyrA	R505K	Rifampicin resistance	reported	[6]	3		Emmanuel O. Ngbede et al. Microbial Genomics PMID:39883484; Joana Isidro et al. Frontiers in Microbiology (2018) PMID:30574133	39883484;30574133	02866b3c-0694-5022-be8e-527a5643779d;37c690c3-6a2f-589c-a98b-a13bedc25715;0d5666e1-a682-5f40-84c7-7d740e3878b3	6;7;40			37a76b3fb66a	mutation	2	84cd8501d39dfaa4	Qwen/Qwen3.6-35B-A3B	open-access	50	hybrid	2026-09-18T11:43:42Z		local	http://mango.cels.anl.gov:8004/v1	0a2824c5f6c0075a
Clostridioides difficile	gyrA	S366A	Fluoroquinolone resistance	reported	[4]	3		Li-Juan Zhang et al. PLoS ONE PMID:30807599; Emmanuel Aguilar-Zamora et al. Frontiers in Microbiology (2021) PMID:35360652	30807599;35360652	3f8fc36d-ead1-59a5-881a-b8cb7f0620cd;22067bd5-46ec-5b87-b98b-927a164feb91;03687359-0caf-53d9-8496-2e11613d7a54	4;18;38			37a76b3fb66a	mutation	2	84cd8501d39dfaa4	Qwen/Qwen3.6-35B-A3B	open-access	50	hybrid	2026-09-18T11:43:42Z		local	http://mango.cels.anl.gov:8004/v1	0a2824c5f6c0075a
Clostridioides difficile	gyrA	Q160H	Fluoroquinolone resistance	reported	[38]	1		Emmanuel Aguilar-Zamora et al. Frontiers in Microbiology (2021) PMID:35360652	35360652	03687359-0caf-53d9-8496-2e11613d7a54	38			37a76b3fb66a	mutation	2	84cd8501d39dfaa4	Qwen/Qwen3.6-35B-A3B	open-access	50	hybrid	2026-09-18T11:43:42Z		local	http://mango.cels.anl.gov:8004/v1	0a2824c5f6c0075a
Clostridioides difficile	gyrA	S416A	Fluoroquinolone resistance	reported	[38]	1		Emmanuel Aguilar-Zamora et al. Frontiers in Microbiology (2021) PMID:35360652	35360652	03687359-0caf-53d9-8496-2e11613d7a54	38			37a76b3fb66a	mutation	2	84cd8501d39dfaa4	Qwen/Qwen3.6-35B-A3B	open-access	50	hybrid	2026-09-18T11:43:42Z		local	http://mango.cels.anl.gov:8004/v1	0a2824c5f6c0075a
Clostridioides difficile	gyrA	V130I	Fluoroquinolone resistance	reported	[38]	1		Emmanuel Aguilar-Zamora et al. Frontiers in Microbiology (2021) PMID:35360652	35360652	03687359-0caf-53d9-8496-2e11613d7a54	38			37a76b3fb66a	mutation	2	84cd8501d39dfaa4	Qwen/Qwen3.6-35B-A3B	open-access	50	hybrid	2026-09-18T11:43:42Z		local	http://mango.cels.anl.gov:8004/v1	0a2824c5f6c0075a
Clostridioides difficile	gyrA	R488M	Fluoroquinolone resistance	reported	[38]	1		Emmanuel Aguilar-Zamora et al. Frontiers in Microbiology (2021) PMID:35360652	35360652	03687359-0caf-53d9-8496-2e11613d7a54	38			37a76b3fb66a	mutation	2	84cd8501d39dfaa4	Qwen/Qwen3.6-35B-A3B	open-access	50	hybrid	2026-09-18T11:43:42Z		local	http://mango.cels.anl.gov:8004/v1	0a2824c5f6c0075a
Clostridioides difficile	gyrA	I139R	Fluoroquinolone resistance	reported	[38]	1		Emmanuel Aguilar-Zamora et al. Frontiers in Microbiology (2021) PMID:35360652	35360652	03687359-0caf-53d9-8496-2e11613d7a54	38			37a76b3fb66a	mutation	2	84cd8501d39dfaa4	Qwen/Qwen3.6-35B-A3B	open-access	50	hybrid	2026-09-18T11:43:42Z		local	http://mango.cels.anl.gov:8004/v1	0a2824c5f6c0075a
Clostridioides difficile	gyrA	D426V	Fluoroquinolone resistance	reported	[35]	1		Akram Baghani et al. Scientific Reports PMID:32170182	32170182	c9e4e158-e66b-5e79-960d-397d0ea1f612	35			37a76b3fb66a	mutation	2	84cd8501d39dfaa4	Qwen/Qwen3.6-35B-A3B	open-access	50	hybrid	2026-09-18T11:43:42Z		local	http://mango.cels.anl.gov:8004/v1	0a2824c5f6c0075a
Citrobacter freundii	gyrA	T59I	Fluoroquinolone resistance	measured; reported	[1]	17	merged_variants:Assertion	Liyun Liu et al. Frontiers in Cellular and Infection Microbiology (2021) PMID:34513738; Liyun Liu et al. Pathogens PMID:32155802	34513738;32155802	45b5e066-25a2-54ee-ae46-2163b38f976b;9a103f54-e7e6-5cbb-ba08-7f161e87470d;bd17874e-cb8b-5a76-84f2-97e0860a3809;45a99c0a-abb8-5a81-acab-d70e56218a3f;0f537a2b-66b6-5afe-90d3-b7832c0cab68;9a9e8982-a8b5-50fe-b64f-d1a6f6086a3c;3cb1314e-d61a-51b8-a45c-314c702cb5e6;a80ce466-da88-5e4b-a181-f8dcb11c33e3;3851454c-13d8-57e7-bb69-eaa3066ea334;1d651718-d2b5-527e-bd53-579ae355e2d0;f3e71c2b-b1e7-5e6d-a821-625fc29d406d;07fc0efa-c1d3-5d39-96ab-e1e2d1ec52a3;41360bd3-d240-57d1-96ac-4c2b74308764;46756a41-0491-502f-9fd8-cac5af2084da;02a6b821-231a-528e-baa1-a237eb95c0c2;9bc4a967-5ac2-5b89-9e97-0c6a5b6e77bf	1;7;11;16;17;20;26;32;33;34;35;36;39;41;45;46	T59I	Thr59Ile	77f1a03547a3	mutation	2	84cd8501d39dfaa4	Qwen/Qwen3.6-35B-A3B	open-access	50	hybrid	2026-09-18T11:43:44Z		local	http://mango.cels.anl.gov:8004/v1	85f763dd8350f980
Citrobacter freundii	gyrA	Q111R	Fluoroquinolone resistance	measured; reported	[7]	7	merged_variants:Assertion	Liyun Liu et al. Pathogens PMID:32155802; Liyun Liu et al. Frontiers in Cellular and Infection Microbiology (2021) PMID:34513738	32155802;34513738	9a9e8982-a8b5-50fe-b64f-d1a6f6086a3c;3cb1314e-d61a-51b8-a45c-314c702cb5e6;a80ce466-da88-5e4b-a181-f8dcb11c33e3;3851454c-13d8-57e7-bb69-eaa3066ea334;1d651718-d2b5-527e-bd53-579ae355e2d0;9a103f54-e7e6-5cbb-ba08-7f161e87470d	7;11;16;17;20;26	Q111R	Gln111Arg	77f1a03547a3	mutation	2	84cd8501d39dfaa4	Qwen/Qwen3.6-35B-A3B	open-access	50	hybrid	2026-09-18T11:43:44Z		local	http://mango.cels.anl.gov:8004/v1	85f763dd8350f980
Citrobacter freundii	gyrA	I134V	Fluoroquinolone resistance	measured; reported	[7]	7	merged_variants:Assertion	Liyun Liu et al. Pathogens PMID:32155802; Liyun Liu et al. Frontiers in Cellular and Infection Microbiology (2021) PMID:34513738	32155802;34513738	9a9e8982-a8b5-50fe-b64f-d1a6f6086a3c;3cb1314e-d61a-51b8-a45c-314c702cb5e6;a80ce466-da88-5e4b-a181-f8dcb11c33e3;3851454c-13d8-57e7-bb69-eaa3066ea334;1d651718-d2b5-527e-bd53-579ae355e2d0;9a103f54-e7e6-5cbb-ba08-7f161e87470d	7;11;16;17;20;26	I134V	Ile134Val	77f1a03547a3	mutation	2	84cd8501d39dfaa4	Qwen/Qwen3.6-35B-A3B	open-access	50	hybrid	2026-09-18T11:43:44Z		local	http://mango.cels.anl.gov:8004/v1	85f763dd8350f980
Citrobacter freundii	gyrA	T83I	Fluoroquinolone resistance	reported	[11]	3		Liyun Liu et al. Frontiers in Cellular and Infection Microbiology (2021) PMID:34513738; Liyun Liu et al. Pathogens PMID:32155802	34513738;32155802	9a103f54-e7e6-5cbb-ba08-7f161e87470d;a80ce466-da88-5e4b-a181-f8dcb11c33e3;3851454c-13d8-57e7-bb69-eaa3066ea334	11;17;20	T83I	Thr83Ile	77f1a03547a3	mutation	2	84cd8501d39dfaa4	Qwen/Qwen3.6-35B-A3B	open-access	50	hybrid	2026-09-18T11:43:44Z		local	http://mango.cels.anl.gov:8004/v1	85f763dd8350f980
Citrobacter freundii	gyrA	D87N	Fluoroquinolone resistance	reported	[11]	3		Liyun Liu et al. Frontiers in Cellular and Infection Microbiology (2021) PMID:34513738; Liyun Liu et al. Pathogens PMID:32155802	34513738;32155802	9a103f54-e7e6-5cbb-ba08-7f161e87470d;a80ce466-da88-5e4b-a181-f8dcb11c33e3;3851454c-13d8-57e7-bb69-eaa3066ea334	11;17;20	D87N	Asp87Asn	77f1a03547a3	mutation	2	84cd8501d39dfaa4	Qwen/Qwen3.6-35B-A3B	open-access	50	hybrid	2026-09-18T11:43:44Z		local	http://mango.cels.anl.gov:8004/v1	85f763dd8350f980
Citrobacter freundii	gyrA	D82N	Gepotidacin resistance	predicted	[24]	1		Ákos Nyerges et al. Proceedings of the National Academy of Sciences of the United States of America PMID:29871954	29871954	3796061c-a2d9-5ccd-8ecc-a47ba44ab563	24	D82N	Asp82Asn	77f1a03547a3	mutation	2	84cd8501d39dfaa4	Qwen/Qwen3.6-35B-A3B	open-access	50	hybrid	2026-09-18T11:43:44Z		local	http://mango.cels.anl.gov:8004/v1	85f763dd8350f980
Campylobacter	gyrA	C257T	Fluoroquinolone resistance (CIP, NAL); Fluoroquinolone resistance	measured; reported	[1]	15	merged_variants:Phenotype;merged_variants:Assertion	Noel Gahamanyi et al. Frontiers in Microbiology (2021) PMID:33859624; Mengjun Tang et al. Frontiers in Microbiology (2020) PMID:33193261; Małgorzata Murawska et al. Antibiotics PMID:35884218; Mohamed Elhadidy et al. Frontiers in Microbiology (2018) PMID:29867900; Mehmet Cemal Adiguzel et al. Pathogens PMID:33809410; Natalia Redondo et al. PLoS ONE PMID:31291319; Jing Han et al. Frontiers in Cellular and Infection Microbiology (2012) PMID:22919613; Mohamed Elhadidy et al. PLoS ONE PMID:31951631; Changyan Ju et al. Frontiers in Microbiology (2023) PMID:37323906; Willi Quino et al. Frontiers in Microbiology (2021) PMID:35087501; Caoimhe T. Lynch et al. Antibiotics PMID:32521746; Awatef Béjaoui et al. Antibiotics PMID:35884085	33859624;33193261;35884218;29867900;33809410;31291319;22919613;31951631;37323906;35087501;32521746;35884085	ec837237-0a45-561c-98a7-ab812a19b5b1;d020dffc-a63f-5b60-a56f-18cdc5398fc7;0cdc5887-d453-5a3a-b32f-9e2e76b95a6d;93165e1f-886c-5be2-b963-a34a14e30ea8;3aa95d2e-01c1-5a80-8b5c-5a7346e7fbde;a675d291-f4a1-54f4-8b6e-59051977fb66;0116a189-de52-5627-8aa0-c21d531cd790;e869148d-536b-5086-bbcf-c6b9811b482f;ea9fd5bc-0770-5c39-9249-0c2f1c73afff;6f74fa30-f451-59c0-9b1d-2535b0ac6275;43b747de-67fe-5282-8002-af4f05f67dda;1090bc09-0901-51f7-b96b-5b999cb21938;cfb201c4-6252-507f-a8cb-f0f7c7cce8b0;0e0151f1-02b7-556a-844d-13eae2eda7b2;48861b47-07b1-5685-8278-e55aa73145d3	1;3;5;9;12;13;14;16;21;27;37;42;43;45;46	C257T	C257T (T86I)	8711a59a007e	mutation	2	84cd8501d39dfaa4	Qwen/Qwen3.6-35B-A3B	open-access	50	hybrid	2026-09-18T11:43:44Z		local	http://mango.cels.anl.gov:8004/v1	66d44cf400299d8c
Campylobacter	gyrA	T86I	Fluoroquinolone resistance	predicted; measured; reported	[2]	33	merged_variants:Assertion	Stefan P. W. de Vries et al. PLoS ONE PMID:29561903; Iulia Adelina Bunduruș et al. Antibiotics PMID:36830312; Yuli Melisa Sierra-Arguello et al. PLoS ONE PMID:29979715; Michael Zarske et al. BMC Genomics PMID:38331708; Vanina Guernier-Cambert et al. Frontiers in Microbiology (2021) PMID:34646252; Abera Admasie et al. PLOS ONE PMID:39159178; Xiaoqi Zang et al. Frontiers in Microbiology (2021) PMID:34956150; Renata Urban-Chmiel et al. Antibiotics PMID:36009947; Manel Gharbi et al. Antibiotics PMID:37237793; Manel Gharbi et al. International Journal of Molecular Sciences PMID:38003307; Rhiannon L. Wallace et al. PLoS ONE PMID:32730330; Manel Gharbi et al. Antibiotics PMID:38927193; Nikki Owiredu et al. Scientific Reports PMID:40155698; Yao Bai et al. Microorganisms PMID:39203442; Lorena Montero et al. PLOS ONE PMID:39316598; Aurora Garcia-Fernandez et al. Frontiers in Microbiology (2023) PMID:38260875; Catherine Ragimbeau et al. BMC Microbiology PMID:25163418; Francesca Marotta et al. Pathogens PMID:32326051; Irēna Meistere et al. Eurosurveillance (2019) PMID:31387670; Helen ML Wimalarathna et al. BMC Microbiology PMID:23855904; Mingfang Yang et al. Frontiers in Microbiology (2025) PMID:40625622; Giovanni Ghielmetti et al. Microbial Genomics PMID:36809179; Juan Du et al. Frontiers in Microbiology (2019) PMID:31736887; Florencia Aylen Lencina et al. Antibiotics PMID:41750456; Khaled Abdallah et al. International Journal of Molecular Sciences PMID:40429801; Yinju Du et al. Frontiers in Microbiology (2018) PMID:30108555	29561903;36830312;29979715;38331708;34646252;39159178;34956150;36009947;37237793;38003307;32730330;38927193;40155698;39203442;39316598;38260875;25163418;32326051;31387670;23855904;40625622;36809179;31736887;41750456;40429801;30108555	7b0bac7d-5b22-58c5-ac39-d2ef74ed9175;7e22aa20-29b4-5623-803c-27b18be51e84;e766b67d-2923-5476-80f1-db83846a224c;103b530d-219a-56c5-aebb-ccb62cf021b8;28e3bfd8-0c5e-584b-b0af-ead1dd32ccfc;91c7bcc5-0d52-518b-a69d-2a4600e5cb86;1884cd3f-e755-5443-b614-5472d748e390;bdb24185-059a-5e64-ad4f-40a2c810a486;1ecc733f-bc17-521b-ac3e-5c0faf484396;fc28b1b6-a75c-56a3-af43-85192b1ed8f6;a7926b6d-1f97-5033-92be-cf9e1a68d53b;646b08f0-02fa-5ea5-986a-12c77d3fe174;8303dd6b-d512-5d5c-a245-5d216fdd2d9a;2353cdae-1b5d-5135-ad44-9c2a0cc62950;e64a0512-451f-56f3-942e-70f47519e0c1;8c186a28-cb9e-5622-a0f8-11542c3fd633;f8693a2a-c3a3-57aa-97fa-6b3b0c4b63be;971de97d-ef52-5b51-91f9-bf67acab9ca7;45853310-f4cb-5b3d-9d15-a67d4384c3f1;c46eda66-1835-594a-ba72-8176d1f92a51;cb609df4-4568-5b34-9aaa-59b95994de1b;fbf0bcd6-010e-5f02-8236-133ac66f53c9;2fa89ecd-4ef9-5a99-b537-7a7862e767b3;1b6fb1db-ddeb-54ec-b3e2-411b8bdeaea8;825f7c2d-083d-5706-8190-2dbc401c7f21;75826386-50ee-5f5f-babf-a857da82a441;46d1db39-0be3-535c-959b-8be608791dc8;55de1f67-d60e-58c9-b0d7-d1a03bac8d7b;ff48f029-dba4-5773-ad48-2f1b9ca97ad7;2434d67b-d574-5a71-af78-bef716cc0179;d905be76-23e9-55eb-891c-d41673a1ab52;25be03ed-140a-5487-89eb-f5ab6f77a81a;55a34d24-2371-5f59-b50e-961c1e2dda13	2;4;8;10;11;15;17;18;19;20;22;23;24;25;26;28;29;30;31;32;33;34;35;36;38;39;40;41;44;47;48;49;50			8711a59a007e	mutation	2	84cd8501d39dfaa4	Qwen/Qwen3.6-35B-A3B	open-access	50	hybrid	2026-09-18T11:43:44Z		local	http://mango.cels.anl.gov:8004/v1	66d44cf400299d8c
Corynebacterium diphtheriae	gyrA	S89F	Quinolone resistance	reported	[13]	1		Lamali Sadeesh Kumar et al. Microbial Genomics PMID:41032446	41032446	0fb43864-9d32-5f5f-9388-39763906a789	13			35889e04c27f	mutation	2	84cd8501d39dfaa4	Qwen/Qwen3.6-35B-A3B	open-access	50	hybrid	2026-09-18T11:43:46Z		local	http://mango.cels.anl.gov:8004/v1	ca2e2838dcf0c328
Corynebacterium diphtheriae	gyrA	S89V	Quinolone resistance	reported	[13]	1		Lamali Sadeesh Kumar et al. Microbial Genomics PMID:41032446	41032446	0fb43864-9d32-5f5f-9388-39763906a789	13			35889e04c27f	mutation	2	84cd8501d39dfaa4	Qwen/Qwen3.6-35B-A3B	open-access	50	hybrid	2026-09-18T11:43:46Z		local	http://mango.cels.anl.gov:8004/v1	ca2e2838dcf0c328
Corynebacterium diphtheriae	gyrA	D93Y	Quinolone resistance	reported	[13]	1		Lamali Sadeesh Kumar et al. Microbial Genomics PMID:41032446	41032446	0fb43864-9d32-5f5f-9388-39763906a789	13			35889e04c27f	mutation	2	84cd8501d39dfaa4	Qwen/Qwen3.6-35B-A3B	open-access	50	hybrid	2026-09-18T11:43:46Z		local	http://mango.cels.anl.gov:8004/v1	ca2e2838dcf0c328
Corynebacterium diphtheriae	gyrA	D93A	Quinolone resistance	reported	[13]	1		Lamali Sadeesh Kumar et al. Microbial Genomics PMID:41032446	41032446	0fb43864-9d32-5f5f-9388-39763906a789	13			35889e04c27f	mutation	2	84cd8501d39dfaa4	Qwen/Qwen3.6-35B-A3B	open-access	50	hybrid	2026-09-18T11:43:46Z		local	http://mango.cels.anl.gov:8004/v1	ca2e2838dcf0c328
Corynebacterium diphtheriae	gyrA	S90F	Ciprofloxacin resistance	reported	[26]	1		Gabriele Arcari et al. Microbial Genomics PMID:36748453	36748453	2e118da5-dcf5-55f5-b862-425b3897f0b5	26			35889e04c27f	mutation	2	84cd8501d39dfaa4	Qwen/Qwen3.6-35B-A3B	open-access	50	hybrid	2026-09-18T11:43:46Z		local	http://mango.cels.anl.gov:8004/v1	ca2e2838dcf0c328
Corynebacterium diphtheriae	gyrA	D94Y	Ciprofloxacin resistance	reported	[26]	1		Gabriele Arcari et al. Microbial Genomics PMID:36748453	36748453	2e118da5-dcf5-55f5-b862-425b3897f0b5	26			35889e04c27f	mutation	2	84cd8501d39dfaa4	Qwen/Qwen3.6-35B-A3B	open-access	50	hybrid	2026-09-18T11:43:46Z		local	http://mango.cels.anl.gov:8004/v1	ca2e2838dcf0c328
Enterobacter cloacae	gyrA	S83L	Fluoroquinolone resistance (ciprofloxacin, nalidixic acid); Fluoroquinolone resistance	reported	1	2	merged_variants:Phenotype	Qin Lu et al. BMC Microbiology PMID:35180845; Igor Loncaric et al. Antibiotics PMID:32645942	35180845;32645942	b2f9c747-4ddd-5f22-9715-adc493fd6d06;c6c7c0c2-9fde-59e3-9e60-4fe1f2043896	1;6	S83L	S83L	5d0145733cc4	mutation	2	84cd8501d39dfaa4	Qwen/Qwen3.6-35B-A3B	open-access	50	hybrid	2026-09-18T11:43:47Z		local	http://mango.cels.anl.gov:8004/v1	de530c306c8a690a
Enterobacter cloacae	gyrA	D87N	Fluoroquinolone resistance (ciprofloxacin, nalidixic acid)	reported	1	1		Qin Lu et al. BMC Microbiology PMID:35180845	35180845	b2f9c747-4ddd-5f22-9715-adc493fd6d06	1			5d0145733cc4	mutation	2	84cd8501d39dfaa4	Qwen/Qwen3.6-35B-A3B	open-access	50	hybrid	2026-09-18T11:43:47Z		local	http://mango.cels.anl.gov:8004/v1	de530c306c8a690a
Enterobacter cloacae	gyrA	S83I	Fluoroquinolone resistance	reported	12	1		Sien De Koster et al. PLOS ONE PMID:38394276	38394276	427fa0e7-1a96-584a-95ab-2d9255be418d	12			5d0145733cc4	mutation	2	84cd8501d39dfaa4	Qwen/Qwen3.6-35B-A3B	open-access	50	hybrid	2026-09-18T11:43:47Z		local	http://mango.cels.anl.gov:8004/v1	de530c306c8a690a
Enterobacter cloacae	gyrA	S83Y	Fluoroquinolone resistance	reported	12	1		Sien De Koster et al. PLOS ONE PMID:38394276	38394276	427fa0e7-1a96-584a-95ab-2d9255be418d	12			5d0145733cc4	mutation	2	84cd8501d39dfaa4	Qwen/Qwen3.6-35B-A3B	open-access	50	hybrid	2026-09-18T11:43:47Z		local	http://mango.cels.anl.gov:8004/v1	de530c306c8a690a
Enterococcus faecalis	gyrA	S84I	antimicrobial resistance	measured	1	14		Meiji Soe Aung et al. Antibiotics PMID:36671309; Sangjukta Roy et al. Microorganisms PMID:32824090	36671309;32824090	356ee560-8cd3-56b7-8b0a-934c4183e2b8;b41c09d7-847c-56a8-ab53-93577926c91d;ea418fd3-cce4-5e3e-9fb8-ff797d28388d;58b73859-78d0-5143-97b7-5fc1e70b6921;f14088ea-cfd9-5abd-925b-2383546c5a3d;d26dbfa7-c8f5-556f-9564-86f95a84f3ef;b0572b22-7d6f-55bf-9525-364ef65cbb13;9c3dc6af-6aca-54ee-a85a-6871bb29c9db;8d99ad94-eae9-5c68-8495-4e638617e170;31ec9385-e3e3-5e5f-a966-2a19ac6044d6;6e41a7b8-f51b-5c71-aad1-257c95a45b3d;e43300cc-108e-5f72-8367-474a33d86352;896953a9-f8b3-570e-b37d-87cd4afaac88;4f74f85f-e23d-5ba2-aca1-5cc67070bc38	1;5;8;11;13;14;17;18;21;26;27;29;32;33			ea62c2df6296	mutation	2	84cd8501d39dfaa4	Qwen/Qwen3.6-35B-A3B	open-access	50	hybrid	2026-09-18T11:43:49Z		local	http://mango.cels.anl.gov:8004/v1	0fca26d3f7882b3b
Enterococcus faecalis	gyrA	S84Y	antimicrobial resistance	measured	3	2		Meiji Soe Aung et al. Antibiotics PMID:36671309	36671309	47dc9933-4dcc-52c9-bcfc-9e4ba60b7f17;d69c9a8a-b49b-5f93-a110-cb0b2ec08640	3;24			ea62c2df6296	mutation	2	84cd8501d39dfaa4	Qwen/Qwen3.6-35B-A3B	open-access	50	hybrid	2026-09-18T11:43:49Z		local	http://mango.cels.anl.gov:8004/v1	0fca26d3f7882b3b
Enterococcus faecalis	gyrA	E88G	antimicrobial resistance	measured	3	2		Meiji Soe Aung et al. Antibiotics PMID:36671309	36671309	47dc9933-4dcc-52c9-bcfc-9e4ba60b7f17;685d9bb0-a2e2-5e05-864c-0dcb0971c364	3;10			ea62c2df6296	mutation	2	84cd8501d39dfaa4	Qwen/Qwen3.6-35B-A3B	open-access	50	hybrid	2026-09-18T11:43:49Z		local	http://mango.cels.anl.gov:8004/v1	0fca26d3f7882b3b
Enterococcus faecalis	gyrA	S84L	antimicrobial resistance	measured	20	1		Yuh Morimoto et al. Scientific Reports PMID:36720958	36720958	9aca72d2-f0da-53a1-9a78-273276224278	20			ea62c2df6296	mutation	2	84cd8501d39dfaa4	Qwen/Qwen3.6-35B-A3B	open-access	50	hybrid	2026-09-18T11:43:49Z		local	http://mango.cels.anl.gov:8004/v1	0fca26d3f7882b3b
Escherichia	gyrA	S83L	antimicrobial resistance	reported	[2]	21		Qin Lu et al. BMC Microbiology PMID:35180845; Debarati Choudhury et al. Frontiers in Microbiology (2024) PMID:39417079; Ana Rita Rebelo et al. Eurosurveillance (2018) PMID:29439754; Hibatallah Sultan Al-Habsi et al. Antibiotics PMID:42041374; Benti D. Gelalcha et al. Frontiers in Microbiology (2023) PMID:38029210; Ola H. Moghnia et al. Microorganisms PMID:35336083; Rehaiem Amel et al. Scientific Reports PMID:39592650; Nontombi Marylucy Mbelle et al. Scientific Reports PMID:31712587	35180845;39417079;29439754;42041374;38029210;35336083;39592650;31712587	b2f9c747-4ddd-5f22-9715-adc493fd6d06;9ba16588-1226-5ed9-915a-f0b63f58adcc;d648c8e0-1282-53cd-b002-e7e026190840;d8da0c61-2f49-59b6-ac69-25ef1e41ff15;82ca91bc-4e12-5689-a194-33eb65195973;8978def6-7339-5588-9f0a-03567fafb2d1;84ab3e6f-3c55-5163-9f79-808d2a11475f;542bbcad-093c-54cf-b81d-3e7d96bfbf8a;8c7822c2-daa3-564c-bcdf-b1ab4d6a7153;7609043c-249e-5847-8366-1a163ce7b6c9;598c16eb-1f41-5329-9aec-2cf054b70584;0bd5d27d-a00d-5d9d-b32b-9d9679e4a89c;6d79f541-aa18-5229-ba99-8e3986fd1e5f;636e4975-f3df-5a46-95ed-3e8dcbe7c494;e5a759a4-3a9d-5283-8ea2-a76e41d42c8a;83684343-cb80-58d3-946b-e41e9e815cb3;51780457-9685-5b33-8eef-7f779686a7e3;f1425eaf-fe9e-5b44-b377-07717139c291;36267bf1-f36c-506f-a923-e943b585679f;c606919e-b14a-59dc-a1f5-aff2c0c35d40;038c3a79-5465-53dc-bba2-3e8a96224daf	2;4;8;10;11;12;13;14;15;16;19;20;22;25;26;32;34;37;39;40;42			f99928852512	mutation	2	84cd8501d39dfaa4	Qwen/Qwen3.6-35B-A3B	open-access	50	hybrid	2026-09-18T11:43:55Z		local	http://mango.cels.anl.gov:8004/v1	ad427a00399e3480
Escherichia	gyrA	D87N	antimicrobial resistance	reported	[2]	18		Qin Lu et al. BMC Microbiology PMID:35180845; Ana Rita Rebelo et al. Eurosurveillance (2018) PMID:29439754; Hibatallah Sultan Al-Habsi et al. Antibiotics PMID:42041374; Ying Guan et al. Frontiers in Microbiology (2022) PMID:36274743; Rehaiem Amel et al. Scientific Reports PMID:39592650; Nontombi Marylucy Mbelle et al. Scientific Reports PMID:31712587	35180845;29439754;42041374;36274743;39592650;31712587	b2f9c747-4ddd-5f22-9715-adc493fd6d06;d648c8e0-1282-53cd-b002-e7e026190840;d8da0c61-2f49-59b6-ac69-25ef1e41ff15;82ca91bc-4e12-5689-a194-33eb65195973;8978def6-7339-5588-9f0a-03567fafb2d1;542bbcad-093c-54cf-b81d-3e7d96bfbf8a;8c7822c2-daa3-564c-bcdf-b1ab4d6a7153;7609043c-249e-5847-8366-1a163ce7b6c9;598c16eb-1f41-5329-9aec-2cf054b70584;0bd5d27d-a00d-5d9d-b32b-9d9679e4a89c;6d79f541-aa18-5229-ba99-8e3986fd1e5f;636e4975-f3df-5a46-95ed-3e8dcbe7c494;e5a759a4-3a9d-5283-8ea2-a76e41d42c8a;38933762-6546-5eef-9da9-521c537174a8;f1425eaf-fe9e-5b44-b377-07717139c291;36267bf1-f36c-506f-a923-e943b585679f;c606919e-b14a-59dc-a1f5-aff2c0c35d40;038c3a79-5465-53dc-bba2-3e8a96224daf	2;8;10;11;12;14;15;16;19;20;22;25;26;33;37;39;40;42			f99928852512	mutation	2	84cd8501d39dfaa4	Qwen/Qwen3.6-35B-A3B	open-access	50	hybrid	2026-09-18T11:43:55Z		local	http://mango.cels.anl.gov:8004/v1	ad427a00399e3480
Escherichia	gyrA	D87Y	antimicrobial resistance	reported	[13]	1		Ana Rita Rebelo et al. Eurosurveillance (2018) PMID:29439754	29439754	84ab3e6f-3c55-5163-9f79-808d2a11475f	13			f99928852512	mutation	2	84cd8501d39dfaa4	Qwen/Qwen3.6-35B-A3B	open-access	50	hybrid	2026-09-18T11:43:55Z		local	http://mango.cels.anl.gov:8004/v1	ad427a00399e3480
Escherichia	gyrA	S83F	antimicrobial resistance	reported	[33]	1		Ying Guan et al. Frontiers in Microbiology (2022) PMID:36274743	36274743	38933762-6546-5eef-9da9-521c537174a8	33			f99928852512	mutation	2	84cd8501d39dfaa4	Qwen/Qwen3.6-35B-A3B	open-access	50	hybrid	2026-09-18T11:43:55Z		local	http://mango.cels.anl.gov:8004/v1	ad427a00399e3480
Escherichia	gyrA	D87G	antimicrobial resistance	reported	[33]	1		Ying Guan et al. Frontiers in Microbiology (2022) PMID:36274743	36274743	38933762-6546-5eef-9da9-521c537174a8	33			f99928852512	mutation	2	84cd8501d39dfaa4	Qwen/Qwen3.6-35B-A3B	open-access	50	hybrid	2026-09-18T11:43:55Z		local	http://mango.cels.anl.gov:8004/v1	ad427a00399e3480
Escherichia	gyrA	S83T	antimicrobial resistance	reported	[37]	1		Rehaiem Amel et al. Scientific Reports PMID:39592650	39592650	f1425eaf-fe9e-5b44-b377-07717139c291	37			f99928852512	mutation	2	84cd8501d39dfaa4	Qwen/Qwen3.6-35B-A3B	open-access	50	hybrid	2026-09-18T11:43:55Z		local	http://mango.cels.anl.gov:8004/v1	ad427a00399e3480
Escherichia	gyrA	S83Y	antimicrobial resistance	reported	[37]	1		Rehaiem Amel et al. Scientific Reports PMID:39592650	39592650	f1425eaf-fe9e-5b44-b377-07717139c291	37			f99928852512	mutation	2	84cd8501d39dfaa4	Qwen/Qwen3.6-35B-A3B	open-access	50	hybrid	2026-09-18T11:43:55Z		local	http://mango.cels.anl.gov:8004/v1	ad427a00399e3480
Escherichia	gyrA	S83W	antimicrobial resistance	reported	[37]	1		Rehaiem Amel et al. Scientific Reports PMID:39592650	39592650	f1425eaf-fe9e-5b44-b377-07717139c291	37			f99928852512	mutation	2	84cd8501d39dfaa4	Qwen/Qwen3.6-35B-A3B	open-access	50	hybrid	2026-09-18T11:43:55Z		local	http://mango.cels.anl.gov:8004/v1	ad427a00399e3480
Enterococcus faecium	gyrA	S84I	Levofloxacin resistance	measured	[1]	12		Meiji Soe Aung et al. Antibiotics PMID:36671309	36671309	356ee560-8cd3-56b7-8b0a-934c4183e2b8;2d09b115-d0b4-5f86-864c-94c037905095;c6f6862a-e399-5b56-8633-b805dcd1a2dc;8c13f947-abf3-5545-b23a-2b60f3901517;42dad489-9259-552f-96d7-2a9f8ba09076;2e4ffc05-c931-55e6-80fc-164852dc3cd7;0e38d903-27f1-5afe-9ad4-a0c9f3382e2a;5e89af53-c669-53e8-8f9f-4767f8a97429;f8e083dd-b77e-576b-8bee-3e78b8ec3ad6;47fb727a-1665-5c61-bfe4-d87c37019028;9e35cf9b-91c8-52a4-b423-b879903bde1f;810540f3-0a41-5acc-a77b-f357ba6bc001	1;5;8;11;12;15;17;23;24;26;27;30			49b8d79c2052	mutation	2	84cd8501d39dfaa4	Qwen/Qwen3.6-35B-A3B	open-access	50	hybrid	2026-09-18T11:43:59Z		local	http://mango.cels.anl.gov:8004/v1	174fefe0a475ce68
Enterococcus faecium	gyrA	S84Y	Levofloxacin resistance	measured	[3]	12		Meiji Soe Aung et al. Antibiotics PMID:36671309	36671309	47dc9933-4dcc-52c9-bcfc-9e4ba60b7f17;7d2d395b-68a2-56d8-90eb-1c7982a55d81;6c4d3c6a-f33c-5600-91b5-951f641a8392;b3f76942-bf42-5171-9515-dcfa99385682;19923a9a-1dd0-5225-891e-cf1eb7811505;391dcae5-c4c9-5d31-87a1-d666f00651cf;d1ef4d54-0e42-5e45-b197-f375472ce919;5fc39f77-cca8-547e-b645-d8781f3ae15b;0399b436-abc3-52fb-b146-9dfafe5fafb5;c5622f6a-8b5a-5bbd-be3a-113b47c96f3e;2efc2f40-3816-50b0-8c9c-32e9f0b4b871;58436515-d6e6-5848-98e7-d3b666927c24	3;7;9;10;14;16;18;20;21;29;31;32			49b8d79c2052	mutation	2	84cd8501d39dfaa4	Qwen/Qwen3.6-35B-A3B	open-access	50	hybrid	2026-09-18T11:43:59Z		local	http://mango.cels.anl.gov:8004/v1	174fefe0a475ce68
Enterococcus faecium	gyrA	S84F	Levofloxacin resistance	measured	[3]	1		Meiji Soe Aung et al. Antibiotics PMID:36671309	36671309	47dc9933-4dcc-52c9-bcfc-9e4ba60b7f17	3			49b8d79c2052	mutation	2	84cd8501d39dfaa4	Qwen/Qwen3.6-35B-A3B	open-access	50	hybrid	2026-09-18T11:43:59Z		local	http://mango.cels.anl.gov:8004/v1	174fefe0a475ce68
Enterococcus faecium	gyrA	E88G	Levofloxacin resistance	measured	[3]	1		Meiji Soe Aung et al. Antibiotics PMID:36671309	36671309	47dc9933-4dcc-52c9-bcfc-9e4ba60b7f17	3			49b8d79c2052	mutation	2	84cd8501d39dfaa4	Qwen/Qwen3.6-35B-A3B	open-access	50	hybrid	2026-09-18T11:43:59Z		local	http://mango.cels.anl.gov:8004/v1	174fefe0a475ce68
Enterococcus faecium	gyrA	S83I	Fluoroquinolone resistance	measured; inferred	[41]	4	merged_variants:Assertion	Angela Maria Di Pierro et al. Pathogens PMID:41754396; Xiang Qin et al. BMC Microbiology PMID:22769602	41754396;22769602	02a4df3c-bce3-592e-81ae-7922dd24b978;8d8248be-ab5b-5980-9626-537f065ceb92	41;44			49b8d79c2052	mutation	2	84cd8501d39dfaa4	Qwen/Qwen3.6-35B-A3B	open-access	50	hybrid	2026-09-18T11:43:59Z		local	http://mango.cels.anl.gov:8004/v1	174fefe0a475ce68
Enterococcus faecium	gyrA	I259L		inferred	[38]	1		Joshua Mbanga et al. Frontiers in Microbiology (2021) PMID:34194401	34194401	8afb61ea-5600-5832-8241-b60af3f4f481	38			49b8d79c2052	mutation	2	84cd8501d39dfaa4	Qwen/Qwen3.6-35B-A3B	open-access	50	hybrid	2026-09-18T11:43:59Z		local	http://mango.cels.anl.gov:8004/v1	174fefe0a475ce68
Enterococcus faecium	gyrA	I306V		inferred	[38]	1		Joshua Mbanga et al. Frontiers in Microbiology (2021) PMID:34194401	34194401	8afb61ea-5600-5832-8241-b60af3f4f481	38			49b8d79c2052	mutation	2	84cd8501d39dfaa4	Qwen/Qwen3.6-35B-A3B	open-access	50	hybrid	2026-09-18T11:43:59Z		local	http://mango.cels.anl.gov:8004/v1	174fefe0a475ce68
Enterococcus faecium	gyrA	N708D		inferred	[38]	1		Joshua Mbanga et al. Frontiers in Microbiology (2021) PMID:34194401	34194401	8afb61ea-5600-5832-8241-b60af3f4f481	38			49b8d79c2052	mutation	2	84cd8501d39dfaa4	Qwen/Qwen3.6-35B-A3B	open-access	50	hybrid	2026-09-18T11:43:59Z		local	http://mango.cels.anl.gov:8004/v1	174fefe0a475ce68
Enterococcus faecium	gyrA	D759N		inferred	[38]	1		Joshua Mbanga et al. Frontiers in Microbiology (2021) PMID:34194401	34194401	8afb61ea-5600-5832-8241-b60af3f4f481	38			49b8d79c2052	mutation	2	84cd8501d39dfaa4	Qwen/Qwen3.6-35B-A3B	open-access	50	hybrid	2026-09-18T11:43:59Z		local	http://mango.cels.anl.gov:8004/v1	174fefe0a475ce68
Enterococcus faecium	gyrA	A811V		inferred	[38]	1		Joshua Mbanga et al. Frontiers in Microbiology (2021) PMID:34194401	34194401	8afb61ea-5600-5832-8241-b60af3f4f481	38			49b8d79c2052	mutation	2	84cd8501d39dfaa4	Qwen/Qwen3.6-35B-A3B	open-access	50	hybrid	2026-09-18T11:43:59Z		local	http://mango.cels.anl.gov:8004/v1	174fefe0a475ce68
Enterococcus faecium	gyrA	G819A		inferred	[38]	1		Joshua Mbanga et al. Frontiers in Microbiology (2021) PMID:34194401	34194401	8afb61ea-5600-5832-8241-b60af3f4f481	38			49b8d79c2052	mutation	2	84cd8501d39dfaa4	Qwen/Qwen3.6-35B-A3B	open-access	50	hybrid	2026-09-18T11:43:59Z		local	http://mango.cels.anl.gov:8004/v1	174fefe0a475ce68
Enterococcus faecium	gyrA	S820T		inferred	[38]	1		Joshua Mbanga et al. Frontiers in Microbiology (2021) PMID:34194401	34194401	8afb61ea-5600-5832-8241-b60af3f4f481	38			49b8d79c2052	mutation	2	84cd8501d39dfaa4	Qwen/Qwen3.6-35B-A3B	open-access	50	hybrid	2026-09-18T11:43:59Z		local	http://mango.cels.anl.gov:8004/v1	174fefe0a475ce68
Enterococcus faecium	gyrA	V24A		inferred	[38]	1		Joshua Mbanga et al. Frontiers in Microbiology (2021) PMID:34194401	34194401	8afb61ea-5600-5832-8241-b60af3f4f481	38			49b8d79c2052	mutation	2	84cd8501d39dfaa4	Qwen/Qwen3.6-35B-A3B	open-access	50	hybrid	2026-09-18T11:43:59Z		local	http://mango.cels.anl.gov:8004/v1	174fefe0a475ce68
Enterococcus faecium	gyrA	S27G		inferred	[38]	1		Joshua Mbanga et al. Frontiers in Microbiology (2021) PMID:34194401	34194401	8afb61ea-5600-5832-8241-b60af3f4f481	38			49b8d79c2052	mutation	2	84cd8501d39dfaa4	Qwen/Qwen3.6-35B-A3B	open-access	50	hybrid	2026-09-18T11:43:59Z		local	http://mango.cels.anl.gov:8004/v1	174fefe0a475ce68
Enterococcus faecium	gyrA	K144Q		inferred	[38]	1		Joshua Mbanga et al. Frontiers in Microbiology (2021) PMID:34194401	34194401	8afb61ea-5600-5832-8241-b60af3f4f481	38			49b8d79c2052	mutation	2	84cd8501d39dfaa4	Qwen/Qwen3.6-35B-A3B	open-access	50	hybrid	2026-09-18T11:43:59Z		local	http://mango.cels.anl.gov:8004/v1	174fefe0a475ce68
Enterococcus faecium	gyrA	T324A		inferred	[38]	1		Joshua Mbanga et al. Frontiers in Microbiology (2021) PMID:34194401	34194401	8afb61ea-5600-5832-8241-b60af3f4f481	38			49b8d79c2052	mutation	2	84cd8501d39dfaa4	Qwen/Qwen3.6-35B-A3B	open-access	50	hybrid	2026-09-18T11:43:59Z		local	http://mango.cels.anl.gov:8004/v1	174fefe0a475ce68
Enterococcus faecium	gyrA	T25A		inferred	[38]	1		Joshua Mbanga et al. Frontiers in Microbiology (2021) PMID:34194401	34194401	8afb61ea-5600-5832-8241-b60af3f4f481	38			49b8d79c2052	mutation	2	84cd8501d39dfaa4	Qwen/Qwen3.6-35B-A3B	open-access	50	hybrid	2026-09-18T11:43:59Z		local	http://mango.cels.anl.gov:8004/v1	174fefe0a475ce68
Enterococcus faecium	gyrA	S39T		inferred	[38]	1		Joshua Mbanga et al. Frontiers in Microbiology (2021) PMID:34194401	34194401	8afb61ea-5600-5832-8241-b60af3f4f481	38			49b8d79c2052	mutation	2	84cd8501d39dfaa4	Qwen/Qwen3.6-35B-A3B	open-access	50	hybrid	2026-09-18T11:43:59Z		local	http://mango.cels.anl.gov:8004/v1	174fefe0a475ce68
Enterococcus faecium	gyrA	A73T		inferred	[38]	1		Joshua Mbanga et al. Frontiers in Microbiology (2021) PMID:34194401	34194401	8afb61ea-5600-5832-8241-b60af3f4f481	38			49b8d79c2052	mutation	2	84cd8501d39dfaa4	Qwen/Qwen3.6-35B-A3B	open-access	50	hybrid	2026-09-18T11:43:59Z		local	http://mango.cels.anl.gov:8004/v1	174fefe0a475ce68
Enterococcus faecium	gyrA	D644N		inferred	[38]	1		Joshua Mbanga et al. Frontiers in Microbiology (2021) PMID:34194401	34194401	8afb61ea-5600-5832-8241-b60af3f4f481	38			49b8d79c2052	mutation	2	84cd8501d39dfaa4	Qwen/Qwen3.6-35B-A3B	open-access	50	hybrid	2026-09-18T11:43:59Z		local	http://mango.cels.anl.gov:8004/v1	174fefe0a475ce68
Enterococcus faecium	gyrA	R390C		inferred	[38]	1		Joshua Mbanga et al. Frontiers in Microbiology (2021) PMID:34194401	34194401	8afb61ea-5600-5832-8241-b60af3f4f481	38			49b8d79c2052	mutation	2	84cd8501d39dfaa4	Qwen/Qwen3.6-35B-A3B	open-access	50	hybrid	2026-09-18T11:43:59Z		local	http://mango.cels.anl.gov:8004/v1	174fefe0a475ce68
Enterococcus faecium	gyrA	R474G		inferred	[38]	1		Joshua Mbanga et al. Frontiers in Microbiology (2021) PMID:34194401	34194401	8afb61ea-5600-5832-8241-b60af3f4f481	38			49b8d79c2052	mutation	2	84cd8501d39dfaa4	Qwen/Qwen3.6-35B-A3B	open-access	50	hybrid	2026-09-18T11:43:59Z		local	http://mango.cels.anl.gov:8004/v1	174fefe0a475ce68
Enterococcus faecium	gyrA	Y475C		inferred	[38]	1		Joshua Mbanga et al. Frontiers in Microbiology (2021) PMID:34194401	34194401	8afb61ea-5600-5832-8241-b60af3f4f481	38			49b8d79c2052	mutation	2	84cd8501d39dfaa4	Qwen/Qwen3.6-35B-A3B	open-access	50	hybrid	2026-09-18T11:43:59Z		local	http://mango.cels.anl.gov:8004/v1	174fefe0a475ce68
Enterococcus faecium	gyrA	K492Q		inferred	[38]	1		Joshua Mbanga et al. Frontiers in Microbiology (2021) PMID:34194401	34194401	8afb61ea-5600-5832-8241-b60af3f4f481	38			49b8d79c2052	mutation	2	84cd8501d39dfaa4	Qwen/Qwen3.6-35B-A3B	open-access	50	hybrid	2026-09-18T11:43:59Z		local	http://mango.cels.anl.gov:8004/v1	174fefe0a475ce68
Enterococcus faecium	gyrA	K501E		inferred	[38]	1		Joshua Mbanga et al. Frontiers in Microbiology (2021) PMID:34194401	34194401	8afb61ea-5600-5832-8241-b60af3f4f481	38			49b8d79c2052	mutation	2	84cd8501d39dfaa4	Qwen/Qwen3.6-35B-A3B	open-access	50	hybrid	2026-09-18T11:43:59Z		local	http://mango.cels.anl.gov:8004/v1	174fefe0a475ce68
Enterococcus faecium	gyrA	L573I		inferred	[38]	1		Joshua Mbanga et al. Frontiers in Microbiology (2021) PMID:34194401	34194401	8afb61ea-5600-5832-8241-b60af3f4f481	38			49b8d79c2052	mutation	2	84cd8501d39dfaa4	Qwen/Qwen3.6-35B-A3B	open-access	50	hybrid	2026-09-18T11:43:59Z		local	http://mango.cels.anl.gov:8004/v1	174fefe0a475ce68
Enterococcus faecium	gyrA	S622N		inferred	[38]	1		Joshua Mbanga et al. Frontiers in Microbiology (2021) PMID:34194401	34194401	8afb61ea-5600-5832-8241-b60af3f4f481	38			49b8d79c2052	mutation	2	84cd8501d39dfaa4	Qwen/Qwen3.6-35B-A3B	open-access	50	hybrid	2026-09-18T11:43:59Z		local	http://mango.cels.anl.gov:8004/v1	174fefe0a475ce68
Enterococcus faecium	gyrA	E646K		inferred	[38]	1		Joshua Mbanga et al. Frontiers in Microbiology (2021) PMID:34194401	34194401	8afb61ea-5600-5832-8241-b60af3f4f481	38			49b8d79c2052	mutation	2	84cd8501d39dfaa4	Qwen/Qwen3.6-35B-A3B	open-access	50	hybrid	2026-09-18T11:43:59Z		local	http://mango.cels.anl.gov:8004/v1	174fefe0a475ce68
Enterococcus faecium	gyrA	K647E		inferred	[38]	1		Joshua Mbanga et al. Frontiers in Microbiology (2021) PMID:34194401	34194401	8afb61ea-5600-5832-8241-b60af3f4f481	38			49b8d79c2052	mutation	2	84cd8501d39dfaa4	Qwen/Qwen3.6-35B-A3B	open-access	50	hybrid	2026-09-18T11:43:59Z		local	http://mango.cels.anl.gov:8004/v1	174fefe0a475ce68
Enterococcus faecium	gyrA	V684A		inferred	[38]	1		Joshua Mbanga et al. Frontiers in Microbiology (2021) PMID:34194401	34194401	8afb61ea-5600-5832-8241-b60af3f4f481	38			49b8d79c2052	mutation	2	84cd8501d39dfaa4	Qwen/Qwen3.6-35B-A3B	open-access	50	hybrid	2026-09-18T11:43:59Z		local	http://mango.cels.anl.gov:8004/v1	174fefe0a475ce68
Enterococcus faecium	gyrA	R34Q		inferred	[39]	1		Joshua Mbanga et al. Frontiers in Microbiology (2021) PMID:34194401	34194401	fc8580f8-39bc-561e-9551-2f284d87eac0	39			49b8d79c2052	mutation	2	84cd8501d39dfaa4	Qwen/Qwen3.6-35B-A3B	open-access	50	hybrid	2026-09-18T11:43:59Z		local	http://mango.cels.anl.gov:8004/v1	174fefe0a475ce68
Enterococcus faecium	gyrA	G66E		inferred	[39]	1		Joshua Mbanga et al. Frontiers in Microbiology (2021) PMID:34194401	34194401	fc8580f8-39bc-561e-9551-2f284d87eac0	39			49b8d79c2052	mutation	2	84cd8501d39dfaa4	Qwen/Qwen3.6-35B-A3B	open-access	50	hybrid	2026-09-18T11:43:59Z		local	http://mango.cels.anl.gov:8004/v1	174fefe0a475ce68
Enterococcus faecium	gyrA	E100Q		inferred	[39]	1		Joshua Mbanga et al. Frontiers in Microbiology (2021) PMID:34194401	34194401	fc8580f8-39bc-561e-9551-2f284d87eac0	39			49b8d79c2052	mutation	2	84cd8501d39dfaa4	Qwen/Qwen3.6-35B-A3B	open-access	50	hybrid	2026-09-18T11:43:59Z		local	http://mango.cels.anl.gov:8004/v1	174fefe0a475ce68
Enterococcus faecium	gyrA	T172A		inferred	[39]	1		Joshua Mbanga et al. Frontiers in Microbiology (2021) PMID:34194401	34194401	fc8580f8-39bc-561e-9551-2f284d87eac0	39			49b8d79c2052	mutation	2	84cd8501d39dfaa4	Qwen/Qwen3.6-35B-A3B	open-access	50	hybrid	2026-09-18T11:43:59Z		local	http://mango.cels.anl.gov:8004/v1	174fefe0a475ce68
Enterococcus faecium	gyrA	L177I		inferred	[39]	1		Joshua Mbanga et al. Frontiers in Microbiology (2021) PMID:34194401	34194401	fc8580f8-39bc-561e-9551-2f284d87eac0	39			49b8d79c2052	mutation	2	84cd8501d39dfaa4	Qwen/Qwen3.6-35B-A3B	open-access	50	hybrid	2026-09-18T11:43:59Z		local	http://mango.cels.anl.gov:8004/v1	174fefe0a475ce68
Enterococcus faecium	gyrA	A216S		inferred	[39]	1		Joshua Mbanga et al. Frontiers in Microbiology (2021) PMID:34194401	34194401	fc8580f8-39bc-561e-9551-2f284d87eac0	39			49b8d79c2052	mutation	2	84cd8501d39dfaa4	Qwen/Qwen3.6-35B-A3B	open-access	50	hybrid	2026-09-18T11:43:59Z		local	http://mango.cels.anl.gov:8004/v1	174fefe0a475ce68
Enterococcus faecium	gyrA	N496K		inferred	[39]	1		Joshua Mbanga et al. Frontiers in Microbiology (2021) PMID:34194401	34194401	fc8580f8-39bc-561e-9551-2f284d87eac0	39			49b8d79c2052	mutation	2	84cd8501d39dfaa4	Qwen/Qwen3.6-35B-A3B	open-access	50	hybrid	2026-09-18T11:43:59Z		local	http://mango.cels.anl.gov:8004/v1	174fefe0a475ce68
Enterococcus faecium	gyrA	A499I		inferred	[39]	1		Joshua Mbanga et al. Frontiers in Microbiology (2021) PMID:34194401	34194401	fc8580f8-39bc-561e-9551-2f284d87eac0	39			49b8d79c2052	mutation	2	84cd8501d39dfaa4	Qwen/Qwen3.6-35B-A3B	open-access	50	hybrid	2026-09-18T11:43:59Z		local	http://mango.cels.anl.gov:8004/v1	174fefe0a475ce68
Enterococcus faecium	gyrA	E525D		inferred	[39]	1		Joshua Mbanga et al. Frontiers in Microbiology (2021) PMID:34194401	34194401	fc8580f8-39bc-561e-9551-2f284d87eac0	39			49b8d79c2052	mutation	2	84cd8501d39dfaa4	Qwen/Qwen3.6-35B-A3B	open-access	50	hybrid	2026-09-18T11:43:59Z		local	http://mango.cels.anl.gov:8004/v1	174fefe0a475ce68
Enterococcus faecium	gyrA	A401S		inferred	[39]	1		Joshua Mbanga et al. Frontiers in Microbiology (2021) PMID:34194401	34194401	fc8580f8-39bc-561e-9551-2f284d87eac0	39			49b8d79c2052	mutation	2	84cd8501d39dfaa4	Qwen/Qwen3.6-35B-A3B	open-access	50	hybrid	2026-09-18T11:43:59Z		local	http://mango.cels.anl.gov:8004/v1	174fefe0a475ce68
Enterococcus faecium	gyrA	S83R	Fluoroquinolone resistance	inferred	[44]	1		Xiang Qin et al. BMC Microbiology PMID:22769602	22769602	8d8248be-ab5b-5980-9626-537f065ceb92	44			49b8d79c2052	mutation	2	84cd8501d39dfaa4	Qwen/Qwen3.6-35B-A3B	open-access	50	hybrid	2026-09-18T11:43:59Z		local	http://mango.cels.anl.gov:8004/v1	174fefe0a475ce68
Enterococcus faecium	gyrA	S83Y	Fluoroquinolone resistance	inferred	[44]	1		Xiang Qin et al. BMC Microbiology PMID:22769602	22769602	8d8248be-ab5b-5980-9626-537f065ceb92	44			49b8d79c2052	mutation	2	84cd8501d39dfaa4	Qwen/Qwen3.6-35B-A3B	open-access	50	hybrid	2026-09-18T11:43:59Z		local	http://mango.cels.anl.gov:8004/v1	174fefe0a475ce68
Helicobacter pylori	gyrA	Y90C	Levofloxacin resistance	reported	1	1		Adalucy Álvarez-Aldana et al. Antibiotics PMID:42192674	42192674	6f6382f9-659f-5434-af73-0c5b9f2da7f6	1			d44be73a2db3	mutation	2	84cd8501d39dfaa4	Qwen/Qwen3.6-35B-A3B	open-access	50	hybrid	2026-09-18T11:44:05Z		local	http://mango.cels.anl.gov:8004/v1	9c0a7d32760fbef0
Helicobacter pylori	gyrA	V89D	Levofloxacin resistance	reported	1	1		Adalucy Álvarez-Aldana et al. Antibiotics PMID:42192674	42192674	6f6382f9-659f-5434-af73-0c5b9f2da7f6	1			d44be73a2db3	mutation	2	84cd8501d39dfaa4	Qwen/Qwen3.6-35B-A3B	open-access	50	hybrid	2026-09-18T11:44:05Z		local	http://mango.cels.anl.gov:8004/v1	9c0a7d32760fbef0
Helicobacter pylori	gyrA		Levofloxacin resistance	reported	2	1	missing:Mutation	Salma Burayzat et al. Antibiotics PMID:36978485	36978485	ae534ada-908c-58a7-ba6a-2a22644c2606	2			d44be73a2db3	mutation	2	84cd8501d39dfaa4	Qwen/Qwen3.6-35B-A3B	open-access	50	hybrid	2026-09-18T11:44:05Z		local	http://mango.cels.anl.gov:8004/v1	9c0a7d32760fbef0
Helicobacter pylori	gyrA	D91N	Levofloxacin resistance	measured; reported	4	10	merged_variants:Assertion	Kartika Afrida Fauzia et al. Antibiotics PMID:36830189; Ayush Khangai et al. Microorganisms PMID:38137996; Ivica Šamanić et al. International Journal of Molecular Sciences PMID:37834008; Kevin Guzman et al. Frontiers in Microbiology (2023) PMID:37485536; Phuc Hoang Bui et al. BMC Microbiology PMID:40312324; Alba A. Trespalacios-Rangél et al. PLoS ONE PMID:27454429; Patricia Serena et al. Antibiotics PMID:41463726; Konrad Egli et al. Frontiers in Cellular and Infection Microbiology (2020) PMID:33392106; Suat Moi Puah et al. PeerJ PMID:34178444	36830189;38137996;37834008;37485536;40312324;27454429;41463726;33392106;34178444	237692a5-e105-57cd-91f1-d0f48a6e98b2;cdd8d55d-8f0f-56cb-b3b8-f4a43dd4a35e;952f5c16-e960-51af-9f83-edf67b3f4f7c;2ee3d208-7f4e-5982-8a41-ff0104053a95;74720424-02ee-5d3e-a9e0-62bae0111924;ef4d8e4b-4252-5086-a6e7-bfe55b5ecd8a;bbb73f69-a422-564b-9a9f-c4aeebc3f9a8;55d3e608-da48-571f-aef4-d7c8cee9f4c3;e4cb720c-0e92-5299-b839-a6fa4faa6e08;0df3d6fe-a0ed-530e-bdf4-51ec55257e61	4;7;9;11;12;19;32;36;40;41			d44be73a2db3	mutation	2	84cd8501d39dfaa4	Qwen/Qwen3.6-35B-A3B	open-access	50	hybrid	2026-09-18T11:44:05Z		local	http://mango.cels.anl.gov:8004/v1	9c0a7d32760fbef0
Helicobacter pylori	gyrA	N87K	Levofloxacin resistance	measured; reported	4	10	merged_variants:Assertion	Kartika Afrida Fauzia et al. Antibiotics PMID:36830189; Pingping Wang et al. Frontiers in Cellular and Infection Microbiology (2025) PMID:41561082; Ayush Khangai et al. Microorganisms PMID:38137996; Patricia Serena et al. Antibiotics PMID:41463726; Kevin Guzman et al. Frontiers in Microbiology (2023) PMID:37485536; Phuc Hoang Bui et al. BMC Microbiology PMID:40312324; Alba A. Trespalacios-Rangél et al. PLoS ONE PMID:27454429; Konrad Egli et al. Frontiers in Cellular and Infection Microbiology (2020) PMID:33392106	36830189;41561082;38137996;41463726;37485536;40312324;27454429;33392106	237692a5-e105-57cd-91f1-d0f48a6e98b2;599e28b5-700e-5f4c-9463-2fecc43c83e8;cdd8d55d-8f0f-56cb-b3b8-f4a43dd4a35e;e615c84d-851f-5c79-9f89-10bb8ef68497;bbb73f69-a422-564b-9a9f-c4aeebc3f9a8;55d3e608-da48-571f-aef4-d7c8cee9f4c3;2ee3d208-7f4e-5982-8a41-ff0104053a95;74720424-02ee-5d3e-a9e0-62bae0111924;ef4d8e4b-4252-5086-a6e7-bfe55b5ecd8a;e4cb720c-0e92-5299-b839-a6fa4faa6e08	4;5;7;8;11;12;19;32;36;40			d44be73a2db3	mutation	2	84cd8501d39dfaa4	Qwen/Qwen3.6-35B-A3B	open-access	50	hybrid	2026-09-18T11:44:05Z		local	http://mango.cels.anl.gov:8004/v1	9c0a7d32760fbef0
Helicobacter pylori	gyrA	A88P	Levofloxacin resistance	reported	7	1		Ayush Khangai et al. Microorganisms PMID:38137996	38137996	cdd8d55d-8f0f-56cb-b3b8-f4a43dd4a35e	7			d44be73a2db3	mutation	2	84cd8501d39dfaa4	Qwen/Qwen3.6-35B-A3B	open-access	50	hybrid	2026-09-18T11:44:05Z		local	http://mango.cels.anl.gov:8004/v1	9c0a7d32760fbef0
Helicobacter pylori	gyrA	D91G	Levofloxacin resistance	reported	7	6		Ayush Khangai et al. Microorganisms PMID:38137996; Ivica Šamanić et al. International Journal of Molecular Sciences PMID:37834008; Kevin Guzman et al. Frontiers in Microbiology (2023) PMID:37485536; Phuc Hoang Bui et al. BMC Microbiology PMID:40312324; Patricia Serena et al. Antibiotics PMID:41463726; Konrad Egli et al. Frontiers in Cellular and Infection Microbiology (2020) PMID:33392106	38137996;37834008;37485536;40312324;41463726;33392106	cdd8d55d-8f0f-56cb-b3b8-f4a43dd4a35e;952f5c16-e960-51af-9f83-edf67b3f4f7c;2ee3d208-7f4e-5982-8a41-ff0104053a95;74720424-02ee-5d3e-a9e0-62bae0111924;bbb73f69-a422-564b-9a9f-c4aeebc3f9a8;e4cb720c-0e92-5299-b839-a6fa4faa6e08	7;9;11;12;32;36			d44be73a2db3	mutation	2	84cd8501d39dfaa4	Qwen/Qwen3.6-35B-A3B	open-access	50	hybrid	2026-09-18T11:44:05Z		local	http://mango.cels.anl.gov:8004/v1	9c0a7d32760fbef0
Helicobacter pylori	gyrA	D91Y	Levofloxacin resistance	reported	7	5		Ayush Khangai et al. Microorganisms PMID:38137996; Kevin Guzman et al. Frontiers in Microbiology (2023) PMID:37485536; Phuc Hoang Bui et al. BMC Microbiology PMID:40312324; Patricia Serena et al. Antibiotics PMID:41463726; Konrad Egli et al. Frontiers in Cellular and Infection Microbiology (2020) PMID:33392106	38137996;37485536;40312324;41463726;33392106	cdd8d55d-8f0f-56cb-b3b8-f4a43dd4a35e;2ee3d208-7f4e-5982-8a41-ff0104053a95;74720424-02ee-5d3e-a9e0-62bae0111924;bbb73f69-a422-564b-9a9f-c4aeebc3f9a8;e4cb720c-0e92-5299-b839-a6fa4faa6e08	7;11;12;32;36			d44be73a2db3	mutation	2	84cd8501d39dfaa4	Qwen/Qwen3.6-35B-A3B	open-access	50	hybrid	2026-09-18T11:44:05Z		local	http://mango.cels.anl.gov:8004/v1	9c0a7d32760fbef0
Helicobacter pylori	gyrA	D91 variants	Levofloxacin resistance	reported	8	1		Patricia Serena et al. Antibiotics PMID:41463726	41463726	e615c84d-851f-5c79-9f89-10bb8ef68497	8			d44be73a2db3	mutation	2	84cd8501d39dfaa4	Qwen/Qwen3.6-35B-A3B	open-access	50	hybrid	2026-09-18T11:44:05Z		local	http://mango.cels.anl.gov:8004/v1	9c0a7d32760fbef0
Helicobacter pylori	gyrA	N87I	Levofloxacin resistance	reported	11	2		Kevin Guzman et al. Frontiers in Microbiology (2023) PMID:37485536; Alba A. Trespalacios-Rangél et al. PLoS ONE PMID:27454429	37485536;27454429	2ee3d208-7f4e-5982-8a41-ff0104053a95;ef4d8e4b-4252-5086-a6e7-bfe55b5ecd8a	11;19			d44be73a2db3	mutation	2	84cd8501d39dfaa4	Qwen/Qwen3.6-35B-A3B	open-access	50	hybrid	2026-09-18T11:44:05Z		local	http://mango.cels.anl.gov:8004/v1	9c0a7d32760fbef0
Helicobacter pylori	gyrA	N87Y	Levofloxacin resistance	reported	12	1		Phuc Hoang Bui et al. BMC Microbiology PMID:40312324	40312324	74720424-02ee-5d3e-a9e0-62bae0111924	12			d44be73a2db3	mutation	2	84cd8501d39dfaa4	Qwen/Qwen3.6-35B-A3B	open-access	50	hybrid	2026-09-18T11:44:05Z		local	http://mango.cels.anl.gov:8004/v1	9c0a7d32760fbef0
Helicobacter pylori	gyrA	87K	Levofloxacin resistance	reported	15	1		You-hua Wang et al. Frontiers in Cellular and Infection Microbiology (2021) PMID:35186783	35186783	3d3c5030-413c-5ee9-b421-4f557d0baefa	15			d44be73a2db3	mutation	2	84cd8501d39dfaa4	Qwen/Qwen3.6-35B-A3B	open-access	50	hybrid	2026-09-18T11:44:05Z		local	http://mango.cels.anl.gov:8004/v1	9c0a7d32760fbef0
Helicobacter pylori	gyrA	91N	Levofloxacin resistance	reported	15	1		You-hua Wang et al. Frontiers in Cellular and Infection Microbiology (2021) PMID:35186783	35186783	3d3c5030-413c-5ee9-b421-4f557d0baefa	15			d44be73a2db3	mutation	2	84cd8501d39dfaa4	Qwen/Qwen3.6-35B-A3B	open-access	50	hybrid	2026-09-18T11:44:05Z		local	http://mango.cels.anl.gov:8004/v1	9c0a7d32760fbef0
Helicobacter pylori	gyrA	87 mutation	Levofloxacin resistance	reported	16	2		Clinical Microbiology and Infection (2010) DOI:10.1111/j.1469-0691.2010.03239.x		d25d69ce-bfef-584d-b428-ba9fc643b039;d0905f4a-0a83-57c3-b2f2-48e9b647e665	16;18			d44be73a2db3	mutation	2	84cd8501d39dfaa4	Qwen/Qwen3.6-35B-A3B	open-access	50	hybrid	2026-09-18T11:44:05Z		local	http://mango.cels.anl.gov:8004/v1	9c0a7d32760fbef0
Helicobacter pylori	gyrA	Gly-85	Levofloxacin resistance	measured; reported	20	2	merged_variants:Assertion	Su Yeon Rhie et al. Antibiotics PMID:32471292	32471292	dba4b54f-4edb-5ff8-a147-7ba40c655503;8792bbf6-771a-58b7-a1e0-7a6cb5633941	20;37			d44be73a2db3	mutation	2	84cd8501d39dfaa4	Qwen/Qwen3.6-35B-A3B	open-access	50	hybrid	2026-09-18T11:44:05Z		local	http://mango.cels.anl.gov:8004/v1	9c0a7d32760fbef0
Helicobacter pylori	gyrA	N87T	Levofloxacin resistance	reported	36	1		Konrad Egli et al. Frontiers in Cellular and Infection Microbiology (2020) PMID:33392106	33392106	e4cb720c-0e92-5299-b839-a6fa4faa6e08	36			d44be73a2db3	mutation	2	84cd8501d39dfaa4	Qwen/Qwen3.6-35B-A3B	open-access	50	hybrid	2026-09-18T11:44:05Z		local	http://mango.cels.anl.gov:8004/v1	9c0a7d32760fbef0
Helicobacter pylori	gyrA	Asn-87	Levofloxacin resistance	reported	37	1		Su Yeon Rhie et al. Antibiotics PMID:32471292	32471292	8792bbf6-771a-58b7-a1e0-7a6cb5633941	37			d44be73a2db3	mutation	2	84cd8501d39dfaa4	Qwen/Qwen3.6-35B-A3B	open-access	50	hybrid	2026-09-18T11:44:05Z		local	http://mango.cels.anl.gov:8004/v1	9c0a7d32760fbef0
Helicobacter pylori	gyrA	Asp-91	Levofloxacin resistance	reported	37	1		Su Yeon Rhie et al. Antibiotics PMID:32471292	32471292	8792bbf6-771a-58b7-a1e0-7a6cb5633941	37			d44be73a2db3	mutation	2	84cd8501d39dfaa4	Qwen/Qwen3.6-35B-A3B	open-access	50	hybrid	2026-09-18T11:44:05Z		local	http://mango.cels.anl.gov:8004/v1	9c0a7d32760fbef0
Helicobacter pylori	gyrA	Ala-88	Levofloxacin resistance	reported	37	1		Su Yeon Rhie et al. Antibiotics PMID:32471292	32471292	8792bbf6-771a-58b7-a1e0-7a6cb5633941	37			d44be73a2db3	mutation	2	84cd8501d39dfaa4	Qwen/Qwen3.6-35B-A3B	open-access	50	hybrid	2026-09-18T11:44:05Z		local	http://mango.cels.anl.gov:8004/v1	9c0a7d32760fbef0
Klebsiella pneumoniae	gyrA	S83I	antimicrobial resistance	reported	[1]	6		Sepideh Rezaei et al. BMC Microbiology PMID:39026143; Yumei Guo et al. PLoS ONE PMID:27078494; Virginia Núñez-Samudio et al. Antibiotics PMID:36551474; Spencer Mark Mondol et al. Scientific Reports PMID:39966674; Tatsuya Tada et al. BMC Infectious Diseases PMID:28676118; Katlego Kopotsa et al. Microbial Genomics PMID:33170117	39026143;27078494;36551474;39966674;28676118;33170117	874b95b2-87a1-53fa-8f49-01f0c7d9d0f7;f303182f-ae69-5984-a4ec-2775e5aade59;fcc64893-b63a-535e-ae25-a1fbfb43a47a;03e000f5-661d-582e-a42b-a8da00d9a1ec;7d9d6684-db98-5ff8-b031-959908b03392;6e5fcd73-06f9-5b34-8ffa-8f3dc0d1ebfc	1;2;9;19;21;31			f1c777cafce8	mutation	2	84cd8501d39dfaa4	Qwen/Qwen3.6-35B-A3B	open-access	50	hybrid	2026-09-18T11:44:12Z		local	http://mango.cels.anl.gov:8004/v1	0edfd7c26b85fca6
Klebsiella pneumoniae	gyrA	D87G	antimicrobial resistance	reported	[1]	1		Sepideh Rezaei et al. BMC Microbiology PMID:39026143	39026143	874b95b2-87a1-53fa-8f49-01f0c7d9d0f7	1			f1c777cafce8	mutation	2	84cd8501d39dfaa4	Qwen/Qwen3.6-35B-A3B	open-access	50	hybrid	2026-09-18T11:44:12Z		local	http://mango.cels.anl.gov:8004/v1	0edfd7c26b85fca6
Klebsiella pneumoniae	gyrA	S83F	antimicrobial resistance	reported	[1]	5		Sepideh Rezaei et al. BMC Microbiology PMID:39026143; Yumei Guo et al. PLoS ONE PMID:27078494; Virginia Núñez-Samudio et al. Antibiotics PMID:36551474; Nehal Adel Abdelsalam et al. BMC Infectious Diseases PMID:39438795; Raspail Carrel Founou et al. Scientific Reports PMID:31000772	39026143;27078494;36551474;39438795;31000772	874b95b2-87a1-53fa-8f49-01f0c7d9d0f7;f303182f-ae69-5984-a4ec-2775e5aade59;fcc64893-b63a-535e-ae25-a1fbfb43a47a;0cb464e9-4c7d-53e8-8eb6-53f5192442a3;23dd68ef-4f0a-5241-a2f7-18275fa87067	1;2;9;26;37			f1c777cafce8	mutation	2	84cd8501d39dfaa4	Qwen/Qwen3.6-35B-A3B	open-access	50	hybrid	2026-09-18T11:44:12Z		local	http://mango.cels.anl.gov:8004/v1	0edfd7c26b85fca6
Klebsiella pneumoniae	gyrA	S83F D87A	antimicrobial resistance	reported	[1]	1		Sepideh Rezaei et al. BMC Microbiology PMID:39026143	39026143	874b95b2-87a1-53fa-8f49-01f0c7d9d0f7	1			f1c777cafce8	mutation	2	84cd8501d39dfaa4	Qwen/Qwen3.6-35B-A3B	open-access	50	hybrid	2026-09-18T11:44:12Z		local	http://mango.cels.anl.gov:8004/v1	0edfd7c26b85fca6
Klebsiella pneumoniae	gyrA	S83Y D87A	antimicrobial resistance	reported	[1]	2		Sepideh Rezaei et al. BMC Microbiology PMID:39026143; Tatsuya Tada et al. BMC Infectious Diseases PMID:28676118	39026143;28676118	874b95b2-87a1-53fa-8f49-01f0c7d9d0f7;a4cefbad-9e65-5c92-adc0-e6e5088a5e1b	1;24			f1c777cafce8	mutation	2	84cd8501d39dfaa4	Qwen/Qwen3.6-35B-A3B	open-access	50	hybrid	2026-09-18T11:44:12Z		local	http://mango.cels.anl.gov:8004/v1	0edfd7c26b85fca6
Klebsiella pneumoniae	gyrA	S83I D87Y	antimicrobial resistance	reported	[1]	1		Sepideh Rezaei et al. BMC Microbiology PMID:39026143	39026143	874b95b2-87a1-53fa-8f49-01f0c7d9d0f7	1			f1c777cafce8	mutation	2	84cd8501d39dfaa4	Qwen/Qwen3.6-35B-A3B	open-access	50	hybrid	2026-09-18T11:44:12Z		local	http://mango.cels.anl.gov:8004/v1	0edfd7c26b85fca6
Klebsiella pneumoniae	gyrA	S83F D87N	antimicrobial resistance	reported	[1]	1		Sepideh Rezaei et al. BMC Microbiology PMID:39026143	39026143	874b95b2-87a1-53fa-8f49-01f0c7d9d0f7	1			f1c777cafce8	mutation	2	84cd8501d39dfaa4	Qwen/Qwen3.6-35B-A3B	open-access	50	hybrid	2026-09-18T11:44:12Z		local	http://mango.cels.anl.gov:8004/v1	0edfd7c26b85fca6
Klebsiella pneumoniae	gyrA	S83I D87G	antimicrobial resistance	reported	[1]	1		Sepideh Rezaei et al. BMC Microbiology PMID:39026143	39026143	874b95b2-87a1-53fa-8f49-01f0c7d9d0f7	1			f1c777cafce8	mutation	2	84cd8501d39dfaa4	Qwen/Qwen3.6-35B-A3B	open-access	50	hybrid	2026-09-18T11:44:12Z		local	http://mango.cels.anl.gov:8004/v1	0edfd7c26b85fca6
Klebsiella pneumoniae	gyrA	D87A	antimicrobial resistance	reported	[2]	3		Yumei Guo et al. PLoS ONE PMID:27078494; Virginia Núñez-Samudio et al. Antibiotics PMID:36551474; Nehal Adel Abdelsalam et al. BMC Infectious Diseases PMID:39438795	27078494;36551474;39438795	f303182f-ae69-5984-a4ec-2775e5aade59;fcc64893-b63a-535e-ae25-a1fbfb43a47a;0cb464e9-4c7d-53e8-8eb6-53f5192442a3	2;9;26			f1c777cafce8	mutation	2	84cd8501d39dfaa4	Qwen/Qwen3.6-35B-A3B	open-access	50	hybrid	2026-09-18T11:44:12Z		local	http://mango.cels.anl.gov:8004/v1	0edfd7c26b85fca6
Klebsiella pneumoniae	gyrA	D87N	antimicrobial resistance	reported	[26]	2		Nehal Adel Abdelsalam et al. BMC Infectious Diseases PMID:39438795; Rehaiem Amel et al. Scientific Reports PMID:39592650	39438795;39592650	0cb464e9-4c7d-53e8-8eb6-53f5192442a3;f1425eaf-fe9e-5b44-b377-07717139c291	26;42			f1c777cafce8	mutation	2	84cd8501d39dfaa4	Qwen/Qwen3.6-35B-A3B	open-access	50	hybrid	2026-09-18T11:44:12Z		local	http://mango.cels.anl.gov:8004/v1	0edfd7c26b85fca6
Klebsiella pneumoniae	gyrA	S83Phe	antimicrobial resistance	reported	[36]	1		Bin Li et al. PLoS ONE PMID:22860106	22860106	9fc87187-ce98-5e11-8500-2f6f3d0e320b	36			f1c777cafce8	mutation	2	84cd8501d39dfaa4	Qwen/Qwen3.6-35B-A3B	open-access	50	hybrid	2026-09-18T11:44:12Z		local	http://mango.cels.anl.gov:8004/v1	0edfd7c26b85fca6
Klebsiella pneumoniae	gyrA	D87Ala	antimicrobial resistance	reported	[36]	1		Bin Li et al. PLoS ONE PMID:22860106	22860106	9fc87187-ce98-5e11-8500-2f6f3d0e320b	36			f1c777cafce8	mutation	2	84cd8501d39dfaa4	Qwen/Qwen3.6-35B-A3B	open-access	50	hybrid	2026-09-18T11:44:12Z		local	http://mango.cels.anl.gov:8004/v1	0edfd7c26b85fca6
Klebsiella pneumoniae	gyrA	S83Ile	antimicrobial resistance	reported	[36]	1		Bin Li et al. PLoS ONE PMID:22860106	22860106	9fc87187-ce98-5e11-8500-2f6f3d0e320b	36			f1c777cafce8	mutation	2	84cd8501d39dfaa4	Qwen/Qwen3.6-35B-A3B	open-access	50	hybrid	2026-09-18T11:44:12Z		local	http://mango.cels.anl.gov:8004/v1	0edfd7c26b85fca6
Klebsiella pneumoniae	gyrA	S83L	antimicrobial resistance	reported	[42]	1		Rehaiem Amel et al. Scientific Reports PMID:39592650	39592650	f1425eaf-fe9e-5b44-b377-07717139c291	42			f1c777cafce8	mutation	2	84cd8501d39dfaa4	Qwen/Qwen3.6-35B-A3B	open-access	50	hybrid	2026-09-18T11:44:12Z		local	http://mango.cels.anl.gov:8004/v1	0edfd7c26b85fca6
Klebsiella pneumoniae	gyrA	S83T	antimicrobial resistance	reported	[42]	1		Rehaiem Amel et al. Scientific Reports PMID:39592650	39592650	f1425eaf-fe9e-5b44-b377-07717139c291	42			f1c777cafce8	mutation	2	84cd8501d39dfaa4	Qwen/Qwen3.6-35B-A3B	open-access	50	hybrid	2026-09-18T11:44:12Z		local	http://mango.cels.anl.gov:8004/v1	0edfd7c26b85fca6
Klebsiella pneumoniae	gyrA	S83Y	antimicrobial resistance	reported	[42]	1		Rehaiem Amel et al. Scientific Reports PMID:39592650	39592650	f1425eaf-fe9e-5b44-b377-07717139c291	42			f1c777cafce8	mutation	2	84cd8501d39dfaa4	Qwen/Qwen3.6-35B-A3B	open-access	50	hybrid	2026-09-18T11:44:12Z		local	http://mango.cels.anl.gov:8004/v1	0edfd7c26b85fca6
Klebsiella pneumoniae	gyrA	S83W	antimicrobial resistance	reported	[42]	1		Rehaiem Amel et al. Scientific Reports PMID:39592650	39592650	f1425eaf-fe9e-5b44-b377-07717139c291	42			f1c777cafce8	mutation	2	84cd8501d39dfaa4	Qwen/Qwen3.6-35B-A3B	open-access	50	hybrid	2026-09-18T11:44:12Z		local	http://mango.cels.anl.gov:8004/v1	0edfd7c26b85fca6
Neisseria gonorrhoeae	gyrA	S91F	Antimicrobial resistance (fluoroquinolone/ciprofloxacin); Antimicrobial resistance (ciprofloxacin); Antimicrobial resistance (levofloxacin); Antimicrobial resistance (quinolones)	reported; measured	1	12	merged_variants:Phenotype;merged_variants:Assertion	Alexey Kubanov et al. BMC Infectious Diseases PMID:27506605; Ashima A. Bhatti et al. Emerging Infectious Diseases PMID:28820375; Hiroto Mizushima et al. Emerging Infectious Diseases PMID:41017068; Gerald L Murray et al. Clinical Infectious Diseases: An Official Publication of the Infectious Diseases Society of America PMID:36722416; Ramona Gabriela Ursu et al. Microorganisms PMID:36557641; David Terkelsen et al. Eurosurveillance (2017) PMID:29067905; Marcos André Schörner et al. Frontiers in Cellular and Infection Microbiology (2022) PMID:35967879; Clinical Microbiology and Infection (2010) DOI:10.1111/j.1469-0691.2010.03239.x; Robyn S Lee et al. Journal of Antimicrobial Chemotherapy PMID:29182725; Adam C. Retchless et al. BMC Genomics PMID:29499642; Sunniva Foerster et al. Frontiers in Microbiology (2015) PMID:26696986	27506605;28820375;41017068;36722416;36557641;29067905;35967879;29182725;29499642;26696986	8264f811-6b20-506e-a0fe-6a8cf52f9f81;edf272a8-744e-5581-ba95-6169dc323af0;1fdb7cc5-204d-52a8-9044-685222c2b69a;3933a4d7-8a48-5943-9224-739a89c1fb9d;38cb92fb-4f80-589b-a96b-fed86900f7e3;b56ca600-fb32-501b-8b9c-72f707d7dbf1;32b421d3-40b8-5086-b757-ad4905dad24e;2ab9d1db-56b2-5931-a887-76b1d9fb018f;4ed0a07e-fe65-5987-862a-b813686e909b;8dfd08c2-ed0b-520b-8306-eec7811a01fd;5e2d450d-e90d-547e-97af-da091fe5796f;533590a2-91e9-5bcd-b2b4-0b4c7fb73ba7	1;2;16;17;19;21;30;31;32;38;39;48			b028e43c0836	mutation	2	84cd8501d39dfaa4	Qwen/Qwen3.6-35B-A3B	open-access	50	hybrid	2026-09-18T11:44:20Z		local	http://mango.cels.anl.gov:8004/v1	ed783dcc70b99787
Neisseria gonorrhoeae	gyrA	D95G	Antimicrobial resistance (fluoroquinolone/ciprofloxacin); Antimicrobial resistance (ciprofloxacin); Antimicrobial resistance (quinolones)	reported	1	7	merged_variants:Phenotype	Alexey Kubanov et al. BMC Infectious Diseases PMID:27506605; David Terkelsen et al. Eurosurveillance (2017) PMID:29067905; Marcos André Schörner et al. Frontiers in Cellular and Infection Microbiology (2022) PMID:35967879; Clinical Microbiology and Infection (2010) DOI:10.1111/j.1469-0691.2010.03239.x; Robyn S Lee et al. Journal of Antimicrobial Chemotherapy PMID:29182725; Adam C. Retchless et al. BMC Genomics PMID:29499642	27506605;29067905;35967879;29182725;29499642	8264f811-6b20-506e-a0fe-6a8cf52f9f81;edf272a8-744e-5581-ba95-6169dc323af0;32b421d3-40b8-5086-b757-ad4905dad24e;2ab9d1db-56b2-5931-a887-76b1d9fb018f;4ed0a07e-fe65-5987-862a-b813686e909b;8dfd08c2-ed0b-520b-8306-eec7811a01fd;5e2d450d-e90d-547e-97af-da091fe5796f	1;16;30;31;32;38;39			b028e43c0836	mutation	2	84cd8501d39dfaa4	Qwen/Qwen3.6-35B-A3B	open-access	50	hybrid	2026-09-18T11:44:20Z		local	http://mango.cels.anl.gov:8004/v1	ed783dcc70b99787
Neisseria gonorrhoeae	gyrA	D95N	Antimicrobial resistance (fluoroquinolone/ciprofloxacin); Antimicrobial resistance (ciprofloxacin); Antimicrobial resistance (levofloxacin); Antimicrobial resistance (quinolones)	reported; measured	1	8	merged_variants:Phenotype;merged_variants:Assertion	Alexey Kubanov et al. BMC Infectious Diseases PMID:27506605; Hiroto Mizushima et al. Emerging Infectious Diseases PMID:41017068; Gerald L Murray et al. Clinical Infectious Diseases: An Official Publication of the Infectious Diseases Society of America PMID:36722416; David Terkelsen et al. Eurosurveillance (2017) PMID:29067905; Clinical Microbiology and Infection (2010) DOI:10.1111/j.1469-0691.2010.03239.x; Adam C. Retchless et al. BMC Genomics PMID:29499642; Sunniva Foerster et al. Frontiers in Microbiology (2015) PMID:26696986	27506605;41017068;36722416;29067905;29499642;26696986	8264f811-6b20-506e-a0fe-6a8cf52f9f81;edf272a8-744e-5581-ba95-6169dc323af0;3933a4d7-8a48-5943-9224-739a89c1fb9d;38cb92fb-4f80-589b-a96b-fed86900f7e3;32b421d3-40b8-5086-b757-ad4905dad24e;4ed0a07e-fe65-5987-862a-b813686e909b;5e2d450d-e90d-547e-97af-da091fe5796f;533590a2-91e9-5bcd-b2b4-0b4c7fb73ba7	1;16;17;19;30;32;39;48			b028e43c0836	mutation	2	84cd8501d39dfaa4	Qwen/Qwen3.6-35B-A3B	open-access	50	hybrid	2026-09-18T11:44:20Z		local	http://mango.cels.anl.gov:8004/v1	ed783dcc70b99787
Neisseria gonorrhoeae	gyrA	S87R	Antimicrobial resistance (fluoroquinolone)	reported	3	1		Clinical Microbiology and Infection (2010) DOI:10.1111/j.1469-0691.2010.03239.x		d25d69ce-bfef-584d-b428-ba9fc643b039	3			b028e43c0836	mutation	2	84cd8501d39dfaa4	Qwen/Qwen3.6-35B-A3B	open-access	50	hybrid	2026-09-18T11:44:20Z		local	http://mango.cels.anl.gov:8004/v1	ed783dcc70b99787
Neisseria gonorrhoeae	gyrA	D95A	Antimicrobial resistance (ciprofloxacin); Antimicrobial resistance (quinolones)	reported	30	4	merged_variants:Phenotype	David Terkelsen et al. Eurosurveillance (2017) PMID:29067905; Clinical Microbiology and Infection (2010) DOI:10.1111/j.1469-0691.2010.03239.x; Robyn S Lee et al. Journal of Antimicrobial Chemotherapy PMID:29182725; Adam C. Retchless et al. BMC Genomics PMID:29499642	29067905;29182725;29499642	32b421d3-40b8-5086-b757-ad4905dad24e;4ed0a07e-fe65-5987-862a-b813686e909b;8dfd08c2-ed0b-520b-8306-eec7811a01fd;5e2d450d-e90d-547e-97af-da091fe5796f	30;32;38;39			b028e43c0836	mutation	2	84cd8501d39dfaa4	Qwen/Qwen3.6-35B-A3B	open-access	50	hybrid	2026-09-18T11:44:20Z		local	http://mango.cels.anl.gov:8004/v1	ed783dcc70b99787
Neisseria gonorrhoeae	gyrA	A92P	Antimicrobial resistance (ciprofloxacin)	reported	32	1		Clinical Microbiology and Infection (2010) DOI:10.1111/j.1469-0691.2010.03239.x		4ed0a07e-fe65-5987-862a-b813686e909b	32			b028e43c0836	mutation	2	84cd8501d39dfaa4	Qwen/Qwen3.6-35B-A3B	open-access	50	hybrid	2026-09-18T11:44:20Z		local	http://mango.cels.anl.gov:8004/v1	ed783dcc70b99787
Haemophilus influenzae	ftsI	R517H	reduced aminopenicillin susceptibility; resistance to ampicillin; resistance to cefuroxime	reported	[1]	3	merged_variants:Phenotype	John Thegerström et al. BMC Microbiology PMID:29855260; Dagfinn Skaare et al. BMC Microbiology PMID:24884375; Pei-Yi Su et al. BMC Microbiology PMID:37407940	29855260;24884375;37407940	dcb146e6-e1da-5f6a-9a1b-3670be2e09e0;bddcd8f7-e516-52be-af7a-4aa425d306a4;048430d3-5436-54c3-848c-cef652894f6c	1;8;26	R517H	R517H	918d1fa2f9b2	mutation	2	84cd8501d39dfaa4	Qwen/Qwen3.6-35B-A3B	open-access	50	hybrid	2026-09-18T11:44:21Z		local	http://mango.cels.anl.gov:8004/v1	14e536d32d366e0f
Haemophilus influenzae	ftsI	N526K	reduced aminopenicillin susceptibility; reduced susceptibility to ampicillin; resistance to ampicillin; resistance to beta-lactams; reduced cefuroxime susceptibility	reported	[1]	10	merged_variants:Phenotype	John Thegerström et al. BMC Microbiology PMID:29855260; Carmen Puig et al. PLoS ONE PMID:24349303; Dagfinn Skaare et al. BMC Microbiology PMID:24884375; Clinical Microbiology and Infection (2012) DOI:10.1111/j.1469-0691.2012.03802.x; Maria Paula Bajanca-Lavado et al. Microorganisms PMID:36296240; Pei-Yi Su et al. BMC Microbiology PMID:37407940; Qiong Huang et al. Frontiers in Cellular and Infection Microbiology (2026) PMID:42318019	29855260;24349303;24884375;36296240;37407940;42318019	dcb146e6-e1da-5f6a-9a1b-3670be2e09e0;8a5ac7de-cbb8-572e-a264-434f7a5e9841;bddcd8f7-e516-52be-af7a-4aa425d306a4;921618a7-e0e8-5e18-8c4e-f4770c059eb9;45c7086f-d03f-54ac-88ab-f855ed8e6277;e3709bd8-888f-55ba-8289-2c306c3e216e;b4e85ddc-c53a-5bb1-935c-e589c359d613;048430d3-5436-54c3-848c-cef652894f6c;d7e86da2-773c-5df6-a0aa-e85473fb3c25	1;5;8;9;10;13;15;26;27	N526K	N526K	918d1fa2f9b2	mutation	2	84cd8501d39dfaa4	Qwen/Qwen3.6-35B-A3B	open-access	50	hybrid	2026-09-18T11:44:21Z		local	http://mango.cels.anl.gov:8004/v1	14e536d32d366e0f
Haemophilus influenzae	ftsI	Y528H	reduced aminopenicillin susceptibility	measured	[1]	1		John Thegerström et al. BMC Microbiology PMID:29855260	29855260	dcb146e6-e1da-5f6a-9a1b-3670be2e09e0	1			918d1fa2f9b2	mutation	2	84cd8501d39dfaa4	Qwen/Qwen3.6-35B-A3B	open-access	50	hybrid	2026-09-18T11:44:21Z		local	http://mango.cels.anl.gov:8004/v1	14e536d32d366e0f
Haemophilus influenzae	ftsI	S385T	resistance to third-generation cephalosporins; resistance to ampicillin	reported	[1]	42	merged_variants:Phenotype	John Thegerström et al. BMC Microbiology PMID:29855260; Dagfinn Skaare et al. BMC Microbiology PMID:24884375; Qiong Huang et al. Frontiers in Cellular and Infection Microbiology (2026) PMID:42318019; Pei-Yi Su et al. BMC Microbiology PMID:37407940	29855260;24884375;42318019;37407940	dcb146e6-e1da-5f6a-9a1b-3670be2e09e0;bddcd8f7-e516-52be-af7a-4aa425d306a4;921618a7-e0e8-5e18-8c4e-f4770c059eb9;d7e86da2-773c-5df6-a0aa-e85473fb3c25;0cd5a9b2-af7b-579f-b71d-8f0c0a18135b;ca6da283-5c22-5efd-8973-3d6142ce744b;8763b098-48ab-5ad5-96a9-dda930e299c5	1;8;10;27;46;47;48	S385T	S385T	918d1fa2f9b2	mutation	2	84cd8501d39dfaa4	Qwen/Qwen3.6-35B-A3B	open-access	50	hybrid	2026-09-18T11:44:21Z		local	http://mango.cels.anl.gov:8004/v1	14e536d32d366e0f
Haemophilus influenzae	ftsI	D350N	reduced cefuroxime susceptibility; resistance to beta-lactams	reported	[13]	6	merged_variants:Phenotype	Clinical Microbiology and Infection (2012) DOI:10.1111/j.1469-0691.2012.03802.x; Maria Paula Bajanca-Lavado et al. Microorganisms PMID:36296240; Pei-Yi Su et al. BMC Microbiology PMID:37407940	36296240;37407940	e3709bd8-888f-55ba-8289-2c306c3e216e;b4e85ddc-c53a-5bb1-935c-e589c359d613;048430d3-5436-54c3-848c-cef652894f6c	13;15;26			918d1fa2f9b2	mutation	2	84cd8501d39dfaa4	Qwen/Qwen3.6-35B-A3B	open-access	50	hybrid	2026-09-18T11:44:21Z		local	http://mango.cels.anl.gov:8004/v1	14e536d32d366e0f
Haemophilus influenzae	ftsI	A502T	reduced cefuroxime susceptibility; resistance to beta-lactams	reported	[13]	3	merged_variants:Phenotype	Clinical Microbiology and Infection (2012) DOI:10.1111/j.1469-0691.2012.03802.x; Maria Paula Bajanca-Lavado et al. Microorganisms PMID:36296240; Pei-Yi Su et al. BMC Microbiology PMID:37407940	36296240;37407940	e3709bd8-888f-55ba-8289-2c306c3e216e;b4e85ddc-c53a-5bb1-935c-e589c359d613;048430d3-5436-54c3-848c-cef652894f6c	13;15;26			918d1fa2f9b2	mutation	2	84cd8501d39dfaa4	Qwen/Qwen3.6-35B-A3B	open-access	50	hybrid	2026-09-18T11:44:21Z		local	http://mango.cels.anl.gov:8004/v1	14e536d32d366e0f
Haemophilus influenzae	ftsI	M377I	resistance to beta-lactams; resistance to ampicillin	reported	[13]	42	merged_variants:Phenotype	Clinical Microbiology and Infection (2012) DOI:10.1111/j.1469-0691.2012.03802.x; Maria Paula Bajanca-Lavado et al. Microorganisms PMID:36296240; Pei-Yi Su et al. BMC Microbiology PMID:37407940	36296240;37407940	e3709bd8-888f-55ba-8289-2c306c3e216e;b4e85ddc-c53a-5bb1-935c-e589c359d613;0cd5a9b2-af7b-579f-b71d-8f0c0a18135b;ca6da283-5c22-5efd-8973-3d6142ce744b;8763b098-48ab-5ad5-96a9-dda930e299c5	13;15;46;47;48	M377I	M377I	918d1fa2f9b2	mutation	2	84cd8501d39dfaa4	Qwen/Qwen3.6-35B-A3B	open-access	50	hybrid	2026-09-18T11:44:21Z		local	http://mango.cels.anl.gov:8004/v1	14e536d32d366e0f
Haemophilus influenzae	ftsI	A502V	resistance to beta-lactams	reported	[13]	2		Clinical Microbiology and Infection (2012) DOI:10.1111/j.1469-0691.2012.03802.x; Maria Paula Bajanca-Lavado et al. Microorganisms PMID:36296240	36296240	e3709bd8-888f-55ba-8289-2c306c3e216e;b4e85ddc-c53a-5bb1-935c-e589c359d613	13;15			918d1fa2f9b2	mutation	2	84cd8501d39dfaa4	Qwen/Qwen3.6-35B-A3B	open-access	50	hybrid	2026-09-18T11:44:21Z		local	http://mango.cels.anl.gov:8004/v1	14e536d32d366e0f
Haemophilus influenzae	ftsI	S357N	resistance to cefuroxime; resistance to ampicillin	reported; measured	[26]	41	merged_variants:Assertion;merged_variants:Phenotype	Pei-Yi Su et al. BMC Microbiology PMID:37407940	37407940	048430d3-5436-54c3-848c-cef652894f6c;bc986c98-1e15-5ed0-8c4a-d9237e0e1c81;0cd5a9b2-af7b-579f-b71d-8f0c0a18135b;ca6da283-5c22-5efd-8973-3d6142ce744b;8763b098-48ab-5ad5-96a9-dda930e299c5	26;45;46;47;48	S357N	Ser357Asn	918d1fa2f9b2	mutation	2	84cd8501d39dfaa4	Qwen/Qwen3.6-35B-A3B	open-access	50	hybrid	2026-09-18T11:44:21Z		local	http://mango.cels.anl.gov:8004/v1	14e536d32d366e0f
Haemophilus influenzae	ftsI	T532A	resistance to cefuroxime	reported	[26]	1		Pei-Yi Su et al. BMC Microbiology PMID:37407940	37407940	048430d3-5436-54c3-848c-cef652894f6c	26	T532A	Thr532Ala	918d1fa2f9b2	mutation	2	84cd8501d39dfaa4	Qwen/Qwen3.6-35B-A3B	open-access	50	hybrid	2026-09-18T11:44:21Z		local	http://mango.cels.anl.gov:8004/v1	14e536d32d366e0f
Haemophilus influenzae	ftsI	Y557H	resistance to cefuroxime	reported	[26]	1		Pei-Yi Su et al. BMC Microbiology PMID:37407940	37407940	048430d3-5436-54c3-848c-cef652894f6c	26	Y557H	Tyr557His	918d1fa2f9b2	mutation	2	84cd8501d39dfaa4	Qwen/Qwen3.6-35B-A3B	open-access	50	hybrid	2026-09-18T11:44:21Z		local	http://mango.cels.anl.gov:8004/v1	14e536d32d366e0f
Haemophilus influenzae	ftsI	Lys-526	resistance to beta-lactams	reported	[33]	2		Sylwia Andrzejczuk et al. Microorganisms PMID:31600928	31600928	6147cb9f-23bd-5af5-ad3e-eb88b18ef0b4;05516082-d621-555e-9aad-092ef54715e9	33;40			918d1fa2f9b2	mutation	2	84cd8501d39dfaa4	Qwen/Qwen3.6-35B-A3B	open-access	50	hybrid	2026-09-18T11:44:21Z		local	http://mango.cels.anl.gov:8004/v1	14e536d32d366e0f
Haemophilus influenzae	ftsI	Asn-526-Ser	resistance to beta-lactams	reported	[38]	1		Sylwia Andrzejczuk et al. Microorganisms PMID:31600928	31600928	69d96f4f-f7d3-5b08-9610-272e9789f9d8	38			918d1fa2f9b2	mutation	2	84cd8501d39dfaa4	Qwen/Qwen3.6-35B-A3B	open-access	50	hybrid	2026-09-18T11:44:21Z		local	http://mango.cels.anl.gov:8004/v1	14e536d32d366e0f
Haemophilus influenzae	ftsI	Asn-526-Lys	resistance to beta-lactams	reported	[38]	1		Sylwia Andrzejczuk et al. Microorganisms PMID:31600928	31600928	69d96f4f-f7d3-5b08-9610-272e9789f9d8	38			918d1fa2f9b2	mutation	2	84cd8501d39dfaa4	Qwen/Qwen3.6-35B-A3B	open-access	50	hybrid	2026-09-18T11:44:21Z		local	http://mango.cels.anl.gov:8004/v1	14e536d32d366e0f
Haemophilus influenzae	ftsI	Ser-385-Thr	resistance to beta-lactams	reported	[38]	1		Sylwia Andrzejczuk et al. Microorganisms PMID:31600928	31600928	69d96f4f-f7d3-5b08-9610-272e9789f9d8	38			918d1fa2f9b2	mutation	2	84cd8501d39dfaa4	Qwen/Qwen3.6-35B-A3B	open-access	50	hybrid	2026-09-18T11:44:21Z		local	http://mango.cels.anl.gov:8004/v1	14e536d32d366e0f
Haemophilus influenzae	ftsI	Val-511-Ala	resistance to ampicillin	reported	[38]	1		Sylwia Andrzejczuk et al. Microorganisms PMID:31600928	31600928	69d96f4f-f7d3-5b08-9610-272e9789f9d8	38			918d1fa2f9b2	mutation	2	84cd8501d39dfaa4	Qwen/Qwen3.6-35B-A3B	open-access	50	hybrid	2026-09-18T11:44:21Z		local	http://mango.cels.anl.gov:8004/v1	14e536d32d366e0f
Haemophilus influenzae	ftsI	Asn-526-His	resistance to ampicillin	reported	[38]	1		Sylwia Andrzejczuk et al. Microorganisms PMID:31600928	31600928	69d96f4f-f7d3-5b08-9610-272e9789f9d8	38			918d1fa2f9b2	mutation	2	84cd8501d39dfaa4	Qwen/Qwen3.6-35B-A3B	open-access	50	hybrid	2026-09-18T11:44:21Z		local	http://mango.cels.anl.gov:8004/v1	14e536d32d366e0f
Haemophilus influenzae	ftsI	Thr-385	resistance to beta-lactams	reported	[40]	1		Sylwia Andrzejczuk et al. Microorganisms PMID:31600928	31600928	05516082-d621-555e-9aad-092ef54715e9	40			918d1fa2f9b2	mutation	2	84cd8501d39dfaa4	Qwen/Qwen3.6-35B-A3B	open-access	50	hybrid	2026-09-18T11:44:21Z		local	http://mango.cels.anl.gov:8004/v1	14e536d32d366e0f
Haemophilus influenzae	ftsI	N350D	resistance to ampicillin	reported	[46]	40		Pei-Yi Su et al. BMC Microbiology PMID:37407940	37407940	0cd5a9b2-af7b-579f-b71d-8f0c0a18135b;ca6da283-5c22-5efd-8973-3d6142ce744b;8763b098-48ab-5ad5-96a9-dda930e299c5	46;47;48	N350D	Asn350Asp	918d1fa2f9b2	mutation	2	84cd8501d39dfaa4	Qwen/Qwen3.6-35B-A3B	open-access	50	hybrid	2026-09-18T11:44:21Z		local	http://mango.cels.anl.gov:8004/v1	14e536d32d366e0f
Haemophilus influenzae	ftsI	V502I	resistance to ampicillin	reported	[46]	1		Pei-Yi Su et al. BMC Microbiology PMID:37407940	37407940	0cd5a9b2-af7b-579f-b71d-8f0c0a18135b	46	V502I	Val502Ile	918d1fa2f9b2	mutation	2	84cd8501d39dfaa4	Qwen/Qwen3.6-35B-A3B	open-access	50	hybrid	2026-09-18T11:44:21Z		local	http://mango.cels.anl.gov:8004/v1	14e536d32d366e0f
Haemophilus influenzae	ftsI	Lys526	resistance to ampicillin	reported	[46]	37		Pei-Yi Su et al. BMC Microbiology PMID:37407940	37407940	0cd5a9b2-af7b-579f-b71d-8f0c0a18135b;8763b098-48ab-5ad5-96a9-dda930e299c5	46;48			918d1fa2f9b2	mutation	2	84cd8501d39dfaa4	Qwen/Qwen3.6-35B-A3B	open-access	50	hybrid	2026-09-18T11:44:21Z		local	http://mango.cels.anl.gov:8004/v1	14e536d32d366e0f
Haemophilus influenzae	ftsI	Phe389	resistance to ampicillin	reported	[46]	39		Pei-Yi Su et al. BMC Microbiology PMID:37407940	37407940	0cd5a9b2-af7b-579f-b71d-8f0c0a18135b;ca6da283-5c22-5efd-8973-3d6142ce744b;8763b098-48ab-5ad5-96a9-dda930e299c5	46;47;48			918d1fa2f9b2	mutation	2	84cd8501d39dfaa4	Qwen/Qwen3.6-35B-A3B	open-access	50	hybrid	2026-09-18T11:44:21Z		local	http://mango.cels.anl.gov:8004/v1	14e536d32d366e0f
Haemophilus influenzae	ftsI	Asn385	resistance to ampicillin	reported	[47]	1		Pei-Yi Su et al. BMC Microbiology PMID:37407940	37407940	ca6da283-5c22-5efd-8973-3d6142ce744b	47			918d1fa2f9b2	mutation	2	84cd8501d39dfaa4	Qwen/Qwen3.6-35B-A3B	open-access	50	hybrid	2026-09-18T11:44:21Z		local	http://mango.cels.anl.gov:8004/v1	14e536d32d366e0f
Haemophilus influenzae	ftsI	His517	resistance to ampicillin	reported	[47]	2		Pei-Yi Su et al. BMC Microbiology PMID:37407940	37407940	ca6da283-5c22-5efd-8973-3d6142ce744b	47			918d1fa2f9b2	mutation	2	84cd8501d39dfaa4	Qwen/Qwen3.6-35B-A3B	open-access	50	hybrid	2026-09-18T11:44:21Z		local	http://mango.cels.anl.gov:8004/v1	14e536d32d366e0f
Haemophilus influenzae	ftsI	Ser532	resistance to ampicillin	reported	[47]	2		Pei-Yi Su et al. BMC Microbiology PMID:37407940	37407940	ca6da283-5c22-5efd-8973-3d6142ce744b	47			918d1fa2f9b2	mutation	2	84cd8501d39dfaa4	Qwen/Qwen3.6-35B-A3B	open-access	50	hybrid	2026-09-18T11:44:21Z		local	http://mango.cels.anl.gov:8004/v1	14e536d32d366e0f
Haemophilus influenzae	ftsI	Ile547	resistance to ampicillin	reported	[47]	3		Pei-Yi Su et al. BMC Microbiology PMID:37407940	37407940	ca6da283-5c22-5efd-8973-3d6142ce744b;8763b098-48ab-5ad5-96a9-dda930e299c5	47;48			918d1fa2f9b2	mutation	2	84cd8501d39dfaa4	Qwen/Qwen3.6-35B-A3B	open-access	50	hybrid	2026-09-18T11:44:21Z		local	http://mango.cels.anl.gov:8004/v1	14e536d32d366e0f
Haemophilus influenzae	ftsI	His557	resistance to ampicillin	reported	[47]	2		Pei-Yi Su et al. BMC Microbiology PMID:37407940	37407940	ca6da283-5c22-5efd-8973-3d6142ce744b	47			918d1fa2f9b2	mutation	2	84cd8501d39dfaa4	Qwen/Qwen3.6-35B-A3B	open-access	50	hybrid	2026-09-18T11:44:21Z		local	http://mango.cels.anl.gov:8004/v1	14e536d32d366e0f
Haemophilus influenzae	ftsI	Val502	resistance to ampicillin	reported	[48]	2		Pei-Yi Su et al. BMC Microbiology PMID:37407940	37407940	8763b098-48ab-5ad5-96a9-dda930e299c5	48			918d1fa2f9b2	mutation	2	84cd8501d39dfaa4	Qwen/Qwen3.6-35B-A3B	open-access	50	hybrid	2026-09-18T11:44:21Z		local	http://mango.cels.anl.gov:8004/v1	14e536d32d366e0f
Neisseria meningitidis	gyrA	T91I	Antimicrobial resistance (ciprofloxacin/penicillin dual resistance); Antimicrobial resistance (ciprofloxacin)	measured; reported	[1]	17	merged_variants:Phenotype;merged_variants:Assertion	Josep Roca-Grande et al. Eurosurveillance (2026) PMID:41612929; Smita Singhal et al. Emerging Infectious Diseases PMID:18258023; Yusuke Ota et al. Frontiers in Cellular and Infection Microbiology (2022) PMID:35982783; Aneley Getahun Strobel et al. Emerging Infectious Diseases PMID:39714270; Mark R. Alderson et al. The Journal of Infection (2021) PMID:34838594; Pan Zhao et al. BMC Microbiology PMID:32228482; Mingliang Chen et al. Emerging Infectious Diseases PMID:33754991; Zhe Zhu et al. BMC Infectious Diseases PMID:41162927	41612929;18258023;35982783;39714270;34838594;32228482;33754991;41162927	9981994f-2086-55b4-b090-596f8636f80f;921c396d-dda3-5107-a380-5bb1bd797da3;21426e71-f0f9-5101-a530-31aa335f8d03;0ce49df4-5c89-5239-80d5-956b7e960ff6;219b4430-c3f6-5e6d-9443-5a93e3c34c20;2261ab2b-7afc-5f2e-ba42-dc3389355afb;531c7562-70cf-5a02-a12a-27e9503408fb;7c5b09a1-751f-5039-8f76-30b72be14901;2913b97a-8537-50a0-b9c6-0c94c83b69be;4ea34767-5ea8-512a-a9d4-ff87fbc2acb1;0ef33ee9-807b-5283-86f5-69399e62d2be;6f7557fe-8d62-5c8d-8c70-70125a2f761a;6483b1f4-9d26-54c1-9ec6-a3eb52e6787f;d862d119-fe22-5243-bf44-ad48d7ee5b4c;669d7e33-227d-5434-a332-f4f3c5854c7e;cec29301-fcf3-5912-8279-3970ae1fcb0e;d729a6ef-a2b2-56c4-9988-1c0b9fc2b123	1;3;6;8;10;11;17;19;20;21;22;23;25;28;32;35;49			9a71856109ff	mutation	2	84cd8501d39dfaa4	Qwen/Qwen3.6-35B-A3B	open-access	50	hybrid	2026-09-18T11:44:26Z		local	http://mango.cels.anl.gov:8004/v1	d98ab8398a3f1c08
Neisseria meningitidis	gyrA	D95Y	Antimicrobial resistance (ciprofloxacin intermediate)	measured; reported	[6]	2	merged_variants:Assertion	Yusuke Ota et al. Frontiers in Cellular and Infection Microbiology (2022) PMID:35982783	35982783	2261ab2b-7afc-5f2e-ba42-dc3389355afb;7c5b09a1-751f-5039-8f76-30b72be14901	6;20			9a71856109ff	mutation	2	84cd8501d39dfaa4	Qwen/Qwen3.6-35B-A3B	open-access	50	hybrid	2026-09-18T11:44:26Z		local	http://mango.cels.anl.gov:8004/v1	d98ab8398a3f1c08
Pseudomonas aeruginosa	gyrA	D87G	Antimicrobial resistance (fluoroquinolone); Antimicrobial resistance (ciprofloxacin); Antimicrobial resistance (quinolone)	measured; reported	[1]	5	merged_variants:Phenotype;merged_variants:Assertion	Congjuan Xu et al. Frontiers in Microbiology (2020) PMID:33488544; Mohamed A. Hussain et al. Microorganisms PMID:37374934; Carla López-Causapé et al. Frontiers in Microbiology (2018) PMID:29681898; Md. Shamsul Arefin et al. PLOS One PMID:39993019	33488544;37374934;29681898;39993019	42693f28-4b6c-594e-ae4d-0aac28ffa067;6ee187ed-40cf-5445-804d-fbae41cc23df;4332d164-6f30-5fb2-ad8b-c55959dbd445;4d61f687-0071-57cf-8248-f74f8ae8ea6c;ff20a9dc-748f-5cc9-8d56-7ee605d49418	1;2;11;18;31			c7b6aec76a7f	mutation	2	84cd8501d39dfaa4	Qwen/Qwen3.6-35B-A3B	open-access	50	hybrid	2026-09-18T11:44:32Z		local	http://mango.cels.anl.gov:8004/v1	1042a2b4433c6a51
Pseudomonas aeruginosa	gyrA	T83I	Antimicrobial resistance (fluoroquinolone); Antimicrobial resistance (quinolone)	predicted; measured; reported	[3]	19	merged_variants:Phenotype;merged_variants:Assertion	Md. Shamsul Arefin et al. PLOS One PMID:39993019; Mitsuru Sada et al. Microorganisms PMID:36014079; Rawan Saad Althaferi et al. Antibiotics PMID:40558129; Ana M. Rada et al. Frontiers in Microbiology (2021) PMID:34512563; Spencer Mark Mondol et al. Scientific Reports PMID:40659765; Hannah K. Gray et al. Emerging Infectious Diseases PMID:37877613; Roberta Genova et al. International Journal of Molecular Sciences PMID:37108055; T. Nicholas Domitrovic et al. Open Forum Infectious Diseases PMID:29057280; Miklos Fuzi et al. Frontiers in Microbiology (2017) PMID:29250038; Carla López-Causapé et al. Frontiers in Microbiology (2018) PMID:29681898; Roberto Cabrera et al. Journal of Antimicrobial Chemotherapy PMID:35323912; Wen-Ru Li et al. Frontiers in Microbiology (2022) PMID:36620018; Jing Han et al. Frontiers in Cellular and Infection Microbiology (2012) PMID:22919613	39993019;36014079;40558129;34512563;40659765;37877613;37108055;29057280;29250038;29681898;35323912;36620018;22919613	e4a3111f-e2a7-5fa5-add2-2befb37583c6;ff20a9dc-748f-5cc9-8d56-7ee605d49418;f7021e84-d755-5aed-83bc-5655f063fc57;d1c82dde-3048-5497-a01a-c269639d9036;aaf3e096-de14-51e7-acd1-7fab7506cfa4;b5e8d2b8-cfd9-56bb-9c36-6a18a6e62bbd;8228f056-5f44-5473-88fc-ac0a38f2edfe;bb8b4db4-ca1b-566e-959f-c31b670ec7cd;1dc227df-aab9-5cca-886e-b70779942884;739ec02f-8337-5504-aca5-8e19a325acce;69fc3dc5-42c7-50cb-ad60-c33803a64047;5a3be09a-5f9f-566c-a223-90e28b1a7781;67f2d799-5902-531e-b550-f03d733b909f;f245d5d3-c1ba-5cba-a4eb-afd311cbd2d9;4d61f687-0071-57cf-8248-f74f8ae8ea6c;61f1f4f1-b238-57d7-88e2-2a50dafe0fa4;93d3921e-2234-5df4-9b5d-0c8915afa5a1;0701d2b6-a22f-533c-ba41-3669e784a3f5;6f74fa30-f451-59c0-9b1d-2535b0ac6275	3;4;8;16;17;18;19;25;26;28;30;31;34;35;37;39;40;41;43			c7b6aec76a7f	mutation	2	84cd8501d39dfaa4	Qwen/Qwen3.6-35B-A3B	open-access	50	hybrid	2026-09-18T11:44:32Z		local	http://mango.cels.anl.gov:8004/v1	1042a2b4433c6a51
Pseudomonas aeruginosa	gyrA	D87N	Antimicrobial resistance (fluoroquinolone); Antimicrobial resistance (quinolone)	predicted; reported	[4]	7	merged_variants:Phenotype;merged_variants:Assertion	Mitsuru Sada et al. Microorganisms PMID:36014079; Carla López-Causapé et al. Frontiers in Microbiology (2018) PMID:29681898; Md. Shamsul Arefin et al. PLOS One PMID:39993019; Rehaiem Amel et al. Scientific Reports PMID:39592650	36014079;29681898;39993019;39592650	f7021e84-d755-5aed-83bc-5655f063fc57;d1c82dde-3048-5497-a01a-c269639d9036;aaf3e096-de14-51e7-acd1-7fab7506cfa4;4d61f687-0071-57cf-8248-f74f8ae8ea6c;ff20a9dc-748f-5cc9-8d56-7ee605d49418;f1425eaf-fe9e-5b44-b377-07717139c291	4;18;28;31;40;45			c7b6aec76a7f	mutation	2	84cd8501d39dfaa4	Qwen/Qwen3.6-35B-A3B	open-access	50	hybrid	2026-09-18T11:44:32Z		local	http://mango.cels.anl.gov:8004/v1	1042a2b4433c6a51
Pseudomonas aeruginosa	gyrA	D87Y	Antimicrobial resistance (fluoroquinolone)	reported	[31]	1		Carla López-Causapé et al. Frontiers in Microbiology (2018) PMID:29681898	29681898	4d61f687-0071-57cf-8248-f74f8ae8ea6c	31			c7b6aec76a7f	mutation	2	84cd8501d39dfaa4	Qwen/Qwen3.6-35B-A3B	open-access	50	hybrid	2026-09-18T11:44:32Z		local	http://mango.cels.anl.gov:8004/v1	1042a2b4433c6a51
Pseudomonas aeruginosa	gyrA	Q106L	Antimicrobial resistance (fluoroquinolone)	reported	[31]	2		Carla López-Causapé et al. Frontiers in Microbiology (2018) PMID:29681898; Md. Shamsul Arefin et al. PLOS One PMID:39993019	29681898;39993019	4d61f687-0071-57cf-8248-f74f8ae8ea6c;ff20a9dc-748f-5cc9-8d56-7ee605d49418	18;31			c7b6aec76a7f	mutation	2	84cd8501d39dfaa4	Qwen/Qwen3.6-35B-A3B	open-access	50	hybrid	2026-09-18T11:44:32Z		local	http://mango.cels.anl.gov:8004/v1	1042a2b4433c6a51
Pseudomonas aeruginosa	gyrA	G81D	Antimicrobial resistance (fluoroquinolone)	reported	[31]	1		Carla López-Causapé et al. Frontiers in Microbiology (2018) PMID:29681898	29681898	4d61f687-0071-57cf-8248-f74f8ae8ea6c	31			c7b6aec76a7f	mutation	2	84cd8501d39dfaa4	Qwen/Qwen3.6-35B-A3B	open-access	50	hybrid	2026-09-18T11:44:32Z		local	http://mango.cels.anl.gov:8004/v1	1042a2b4433c6a51
Pseudomonas aeruginosa	gyrA	T83A	Antimicrobial resistance (fluoroquinolone)	reported	[31]	1		Carla López-Causapé et al. Frontiers in Microbiology (2018) PMID:29681898	29681898	4d61f687-0071-57cf-8248-f74f8ae8ea6c	31			c7b6aec76a7f	mutation	2	84cd8501d39dfaa4	Qwen/Qwen3.6-35B-A3B	open-access	50	hybrid	2026-09-18T11:44:32Z		local	http://mango.cels.anl.gov:8004/v1	1042a2b4433c6a51
Pseudomonas aeruginosa	gyrA	Y86N	Antimicrobial resistance (fluoroquinolone)	reported	[31]	1		Carla López-Causapé et al. Frontiers in Microbiology (2018) PMID:29681898	29681898	4d61f687-0071-57cf-8248-f74f8ae8ea6c	31			c7b6aec76a7f	mutation	2	84cd8501d39dfaa4	Qwen/Qwen3.6-35B-A3B	open-access	50	hybrid	2026-09-18T11:44:32Z		local	http://mango.cels.anl.gov:8004/v1	1042a2b4433c6a51
Pseudomonas aeruginosa	gyrA	CTCGGA deletion	Antimicrobial resistance (levofloxacin heteroresistance)	measured	[37]	1		Wen-Ru Li et al. Frontiers in Microbiology (2022) PMID:36620018	36620018	0701d2b6-a22f-533c-ba41-3669e784a3f5	37			c7b6aec76a7f	mutation	2	84cd8501d39dfaa4	Qwen/Qwen3.6-35B-A3B	open-access	50	hybrid	2026-09-18T11:44:32Z		local	http://mango.cels.anl.gov:8004/v1	1042a2b4433c6a51
Pseudomonas aeruginosa	gyrA	G259A	Antimicrobial resistance (ciprofloxacin)	measured	[42]	1		Jennifer A. Bartell et al. Nature Communications PMID:30733448	30733448	ed335332-a009-5672-a7f0-3b29fba6dc91	42			c7b6aec76a7f	mutation	2	84cd8501d39dfaa4	Qwen/Qwen3.6-35B-A3B	open-access	50	hybrid	2026-09-18T11:44:32Z		local	http://mango.cels.anl.gov:8004/v1	1042a2b4433c6a51
Pseudomonas aeruginosa	gyrA	C248T	Antimicrobial resistance (ciprofloxacin)	measured	[42]	1		Jennifer A. Bartell et al. Nature Communications PMID:30733448	30733448	ed335332-a009-5672-a7f0-3b29fba6dc91	42			c7b6aec76a7f	mutation	2	84cd8501d39dfaa4	Qwen/Qwen3.6-35B-A3B	open-access	50	hybrid	2026-09-18T11:44:32Z		local	http://mango.cels.anl.gov:8004/v1	1042a2b4433c6a51
Pseudomonas aeruginosa	gyrA	S83L	Antimicrobial resistance (fluoroquinolone)	reported	[45]	1		Rehaiem Amel et al. Scientific Reports PMID:39592650	39592650	f1425eaf-fe9e-5b44-b377-07717139c291	45			c7b6aec76a7f	mutation	2	84cd8501d39dfaa4	Qwen/Qwen3.6-35B-A3B	open-access	50	hybrid	2026-09-18T11:44:32Z		local	http://mango.cels.anl.gov:8004/v1	1042a2b4433c6a51
Pseudomonas aeruginosa	gyrA	S83T	Antimicrobial resistance (fluoroquinolone)	reported	[45]	1		Rehaiem Amel et al. Scientific Reports PMID:39592650	39592650	f1425eaf-fe9e-5b44-b377-07717139c291	45			c7b6aec76a7f	mutation	2	84cd8501d39dfaa4	Qwen/Qwen3.6-35B-A3B	open-access	50	hybrid	2026-09-18T11:44:32Z		local	http://mango.cels.anl.gov:8004/v1	1042a2b4433c6a51
Pseudomonas aeruginosa	gyrA	S83Y	Antimicrobial resistance (fluoroquinolone)	reported	[45]	1		Rehaiem Amel et al. Scientific Reports PMID:39592650	39592650	f1425eaf-fe9e-5b44-b377-07717139c291	45			c7b6aec76a7f	mutation	2	84cd8501d39dfaa4	Qwen/Qwen3.6-35B-A3B	open-access	50	hybrid	2026-09-18T11:44:32Z		local	http://mango.cels.anl.gov:8004/v1	1042a2b4433c6a51
Pseudomonas aeruginosa	gyrA	S83W	Antimicrobial resistance (fluoroquinolone)	reported	[45]	1		Rehaiem Amel et al. Scientific Reports PMID:39592650	39592650	f1425eaf-fe9e-5b44-b377-07717139c291	45			c7b6aec76a7f	mutation	2	84cd8501d39dfaa4	Qwen/Qwen3.6-35B-A3B	open-access	50	hybrid	2026-09-18T11:44:32Z		local	http://mango.cels.anl.gov:8004/v1	1042a2b4433c6a51
Serratia marcescens	gyrA	S83I	Fluoroquinolone resistance; Quinolone resistance	reported	[1]	6	merged_variants:Phenotype	Luisa Sandner-Miranda et al. Frontiers in Microbiology (2018) PMID:29867787; Joanne L. Allen et al. PLoS ONE PMID:35298517	29867787;35298517	e5318264-53dc-5d69-b3f3-f3626dc5fba3;5c98438e-b785-5adf-9af1-8359569e176e;5ebaf45f-f94d-5770-bf32-e07755be211e;1900f899-1466-586c-b100-f073925a2f61;263cb16e-7131-5d6e-a7dd-077e04a0d0b7;4d5d9f51-9ca0-59e6-a13e-f7c32c90756e	1;2;7;13;16;18			b9d1a33fafac	mutation	2	84cd8501d39dfaa4	Qwen/Qwen3.6-35B-A3B	open-access	50	hybrid	2026-09-18T11:44:35Z		local	http://mango.cels.anl.gov:8004/v1	4cc8c43ca38b7c8a
Serratia marcescens	gyrA	S83R	Quinolone resistance	reported	[18]	1		Luisa Sandner-Miranda et al. Frontiers in Microbiology (2018) PMID:29867787	29867787	5ebaf45f-f94d-5770-bf32-e07755be211e	18			b9d1a33fafac	mutation	2	84cd8501d39dfaa4	Qwen/Qwen3.6-35B-A3B	open-access	50	hybrid	2026-09-18T11:44:35Z		local	http://mango.cels.anl.gov:8004/v1	4cc8c43ca38b7c8a
Serratia marcescens	gyrA	S83T	Quinolone resistance	reported	[18]	1		Luisa Sandner-Miranda et al. Frontiers in Microbiology (2018) PMID:29867787	29867787	5ebaf45f-f94d-5770-bf32-e07755be211e	18			b9d1a33fafac	mutation	2	84cd8501d39dfaa4	Qwen/Qwen3.6-35B-A3B	open-access	50	hybrid	2026-09-18T11:44:35Z		local	http://mango.cels.anl.gov:8004/v1	4cc8c43ca38b7c8a
Salmonella	gyrA	S83Y	resistance to nalidixic acid; resistance to ciprofloxacin	reported	1	15	merged_variants:Phenotype	Prashanna Adhikari et al. BMC Microbiology PMID:35144539; Andrea I. Moreno-Switt et al. Frontiers in Microbiology (2019) PMID:31787939; Guoye Liu et al. Frontiers in Microbiology (2021) PMID:34603249; Fernanda Almeida et al. PLoS ONE PMID:30102733; Laura Maria Francisca Kuijpers et al. Microbial Genomics PMID:28348832; Peter Muturi et al. Frontiers in Cellular and Infection Microbiology (2024) PMID:39606745; Varangkana Thaotumpitak et al. PeerJ PMID:36855429; Jarukorn Sripradite et al. PLOS ONE PMID:38564611; Elda Araceli Hernández-Díaz et al. Antibiotics PMID:35884180; Mariela E. Srednik et al. PLoS ONE PMID:34547028; Rehaiem Amel et al. Scientific Reports PMID:39592650; Grazielle Lima Rodrigues et al. Frontiers in Microbiology (2020) PMID:32849452	35144539;31787939;34603249;30102733;28348832;39606745;36855429;38564611;35884180;34547028;39592650;32849452	b13d4ba7-e09d-53cf-b4d2-293740929088;4033bf39-4b57-5070-9afc-80f0b56684c5;38e6671e-9010-569c-80fe-e2031cf6b146;40f66515-050d-51ce-8101-ef8f56be81c6;8b7f4f40-9f71-54be-9734-e01358c5d9f0;bf70bb5d-0e3f-5ee2-9c6a-13aee1028359;9d0ae28e-3f4b-5692-bc1b-6de19e7d4e7f;5e8880f9-15fb-5a71-b18e-f250ece89e78;640ecb70-8909-5a61-9eb4-7e784708d1ed;b7707d1d-9d22-58d7-bdac-438d5012fedb;1c0e20fb-bf0c-58c4-acd7-3b2a89b622f5;c33f9636-86d5-5407-bfdf-e44e840491c6;f1425eaf-fe9e-5b44-b377-07717139c291;2f322197-9dcb-58d1-a066-1403de4c8c5b	1;3;4;5;8;10;16;17;21;25;30;36;44;45			cc7fa139c55c	mutation	2	84cd8501d39dfaa4	Qwen/Qwen3.6-35B-A3B	open-access	50	hybrid	2026-09-18T11:44:39Z		local	http://mango.cels.anl.gov:8004/v1	60376bcc63d96df3
Salmonella	gyrA	S83F	reduced susceptibility to fluoroquinolones; resistance to nalidixic acid; resistance to ciprofloxacin	reported	1	16	merged_variants:Phenotype	Prashanna Adhikari et al. BMC Microbiology PMID:35144539; Yongxian Wen et al. Frontiers in Microbiology (2025) PMID:40226105; Guoye Liu et al. Frontiers in Microbiology (2021) PMID:34603249; Redmar R. van den Berg et al. PLoS ONE PMID:31329622; Fernanda Almeida et al. PLoS ONE PMID:30102733; Jing Wang et al. Frontiers in Cellular and Infection Microbiology (2025) PMID:40182768; Peter Muturi et al. Frontiers in Cellular and Infection Microbiology (2024) PMID:39606745; Janet Perry et al. Emerging Infectious Diseases PMID:41017052; Mariela E. Srednik et al. PLoS ONE PMID:34547028; Michalis Polemis et al. Antibiotics PMID:39200008; Elda Araceli Hernández-Díaz et al. Antibiotics PMID:35884180; Anahit M. Sedrakyan et al. Frontiers in Microbiology (2020) PMID:33414769; Yuan Gao et al. Microorganisms PMID:37630565; Grazielle Lima Rodrigues et al. Frontiers in Microbiology (2020) PMID:32849452	35144539;40226105;34603249;31329622;30102733;40182768;39606745;41017052;34547028;39200008;35884180;33414769;37630565;32849452	b13d4ba7-e09d-53cf-b4d2-293740929088;181ab5e5-f9d0-5432-be4e-39dce65c9392;40f66515-050d-51ce-8101-ef8f56be81c6;fda163e9-6f7e-58ce-aad1-8295a6184ce3;8b7f4f40-9f71-54be-9734-e01358c5d9f0;7949f4e2-adaa-57e8-8dbf-be17350cb549;5e8880f9-15fb-5a71-b18e-f250ece89e78;2a81e08a-b07b-5d4e-93e3-d661122e10d2;9b9bc122-22cf-547b-aac9-48bcfa7cbe9e;c33f9636-86d5-5407-bfdf-e44e840491c6;4ee23a53-b3db-5e5d-8305-bb393cecc9e8;1c0e20fb-bf0c-58c4-acd7-3b2a89b622f5;873311ae-f483-5073-b942-c771f92f6e9c;870122cd-005d-51e3-a99b-444ec8bbacc1;2f322197-9dcb-58d1-a066-1403de4c8c5b	1;2;5;7;8;15;16;23;24;29;30;36;41;43;45			cc7fa139c55c	mutation	2	84cd8501d39dfaa4	Qwen/Qwen3.6-35B-A3B	open-access	50	hybrid	2026-09-18T11:44:39Z		local	http://mango.cels.anl.gov:8004/v1	60376bcc63d96df3
Salmonella	gyrA	D87N	reduced susceptibility to fluoroquinolones; resistance to ciprofloxacin; resistance to nalidixic acid	reported	2	13	merged_variants:Phenotype	Yongxian Wen et al. Frontiers in Microbiology (2025) PMID:40226105; Guoye Liu et al. Frontiers in Microbiology (2021) PMID:34603249; Fernanda Almeida et al. PLoS ONE PMID:30102733; Laura Maria Francisca Kuijpers et al. Microbial Genomics PMID:28348832; Mariela E. Srednik et al. PLoS ONE PMID:34547028; Michalis Polemis et al. Antibiotics PMID:39200008; Elda Araceli Hernández-Díaz et al. Antibiotics PMID:35884180; Anahit M. Sedrakyan et al. Frontiers in Microbiology (2020) PMID:33414769; Yuan Gao et al. Microorganisms PMID:37630565; Rehaiem Amel et al. Scientific Reports PMID:39592650; Grazielle Lima Rodrigues et al. Frontiers in Microbiology (2020) PMID:32849452	40226105;34603249;30102733;28348832;34547028;39200008;35884180;33414769;37630565;39592650;32849452	181ab5e5-f9d0-5432-be4e-39dce65c9392;40f66515-050d-51ce-8101-ef8f56be81c6;8b7f4f40-9f71-54be-9734-e01358c5d9f0;bf70bb5d-0e3f-5ee2-9c6a-13aee1028359;9b9bc122-22cf-547b-aac9-48bcfa7cbe9e;c33f9636-86d5-5407-bfdf-e44e840491c6;4ee23a53-b3db-5e5d-8305-bb393cecc9e8;1c0e20fb-bf0c-58c4-acd7-3b2a89b622f5;a7a3acff-d4c6-5224-9f26-64c0ef2c4b0a;873311ae-f483-5073-b942-c771f92f6e9c;870122cd-005d-51e3-a99b-444ec8bbacc1;f1425eaf-fe9e-5b44-b377-07717139c291;2f322197-9dcb-58d1-a066-1403de4c8c5b	2;5;8;10;24;29;30;36;39;41;43;44;45			cc7fa139c55c	mutation	2	84cd8501d39dfaa4	Qwen/Qwen3.6-35B-A3B	open-access	50	hybrid	2026-09-18T11:44:39Z		local	http://mango.cels.anl.gov:8004/v1	60376bcc63d96df3
Salmonella	gyrA	D87G	reduced susceptibility to fluoroquinolones; resistance to ciprofloxacin; resistance to nalidixic acid	reported	2	8	merged_variants:Phenotype	Yongxian Wen et al. Frontiers in Microbiology (2025) PMID:40226105; Guoye Liu et al. Frontiers in Microbiology (2021) PMID:34603249; Fernanda Almeida et al. PLoS ONE PMID:30102733; Jing Wang et al. Frontiers in Cellular and Infection Microbiology (2025) PMID:40182768; Elda Araceli Hernández-Díaz et al. Antibiotics PMID:35884180; Mariela E. Srednik et al. PLoS ONE PMID:34547028; Rehema Moraa Moirongo et al. Frontiers in Microbiology (2020) PMID:33101240; Grazielle Lima Rodrigues et al. Frontiers in Microbiology (2020) PMID:32849452	40226105;34603249;30102733;40182768;35884180;34547028;33101240;32849452	181ab5e5-f9d0-5432-be4e-39dce65c9392;40f66515-050d-51ce-8101-ef8f56be81c6;8b7f4f40-9f71-54be-9734-e01358c5d9f0;7949f4e2-adaa-57e8-8dbf-be17350cb549;1c0e20fb-bf0c-58c4-acd7-3b2a89b622f5;c33f9636-86d5-5407-bfdf-e44e840491c6;1fed15a4-c4f6-5202-8e3e-97066520119f;2f322197-9dcb-58d1-a066-1403de4c8c5b	2;5;8;15;30;36;37;45			cc7fa139c55c	mutation	2	84cd8501d39dfaa4	Qwen/Qwen3.6-35B-A3B	open-access	50	hybrid	2026-09-18T11:44:39Z		local	http://mango.cels.anl.gov:8004/v1	60376bcc63d96df3
Salmonella	gyrA	D87Y	reduced susceptibility to fluoroquinolones; resistance to ciprofloxacin; resistance to fluoroquinolones; resistance to nalidixic acid	reported	2	8	merged_variants:Phenotype	Yongxian Wen et al. Frontiers in Microbiology (2025) PMID:40226105; Guoye Liu et al. Frontiers in Microbiology (2021) PMID:34603249; Md. Sekendar Ali et al. Frontiers in Microbiology (2026) PMID:42254501; Jing Wang et al. Frontiers in Cellular and Infection Microbiology (2025) PMID:40182768; Michalis Polemis et al. Antibiotics PMID:39200008; Mariela E. Srednik et al. PLoS ONE PMID:34547028; Yuan Gao et al. Microorganisms PMID:37630565; Grazielle Lima Rodrigues et al. Frontiers in Microbiology (2020) PMID:32849452	40226105;34603249;42254501;40182768;39200008;34547028;37630565;32849452	181ab5e5-f9d0-5432-be4e-39dce65c9392;40f66515-050d-51ce-8101-ef8f56be81c6;b97737aa-802b-522f-b3ad-2e822743ba90;7949f4e2-adaa-57e8-8dbf-be17350cb549;4ee23a53-b3db-5e5d-8305-bb393cecc9e8;c33f9636-86d5-5407-bfdf-e44e840491c6;870122cd-005d-51e3-a99b-444ec8bbacc1;2f322197-9dcb-58d1-a066-1403de4c8c5b	2;5;6;15;29;36;43;45			cc7fa139c55c	mutation	2	84cd8501d39dfaa4	Qwen/Qwen3.6-35B-A3B	open-access	50	hybrid	2026-09-18T11:44:39Z		local	http://mango.cels.anl.gov:8004/v1	60376bcc63d96df3
Salmonella	gyrA	S83P	resistance to nalidixic acid	reported	10	1		Laura Maria Francisca Kuijpers et al. Microbial Genomics PMID:28348832	28348832	bf70bb5d-0e3f-5ee2-9c6a-13aee1028359	10			cc7fa139c55c	mutation	2	84cd8501d39dfaa4	Qwen/Qwen3.6-35B-A3B	open-access	50	hybrid	2026-09-18T11:44:39Z		local	http://mango.cels.anl.gov:8004/v1	60376bcc63d96df3
Salmonella	gyrA	S83L	resistance to ciprofloxacin	reported	44	1		Rehaiem Amel et al. Scientific Reports PMID:39592650	39592650	f1425eaf-fe9e-5b44-b377-07717139c291	44			cc7fa139c55c	mutation	2	84cd8501d39dfaa4	Qwen/Qwen3.6-35B-A3B	open-access	50	hybrid	2026-09-18T11:44:39Z		local	http://mango.cels.anl.gov:8004/v1	60376bcc63d96df3
Salmonella	gyrA	S83T	resistance to ciprofloxacin	reported	44	1		Rehaiem Amel et al. Scientific Reports PMID:39592650	39592650	f1425eaf-fe9e-5b44-b377-07717139c291	44			cc7fa139c55c	mutation	2	84cd8501d39dfaa4	Qwen/Qwen3.6-35B-A3B	open-access	50	hybrid	2026-09-18T11:44:39Z		local	http://mango.cels.anl.gov:8004/v1	60376bcc63d96df3
Salmonella	gyrA	S83W	resistance to ciprofloxacin	reported	44	1		Rehaiem Amel et al. Scientific Reports PMID:39592650	39592650	f1425eaf-fe9e-5b44-b377-07717139c291	44			cc7fa139c55c	mutation	2	84cd8501d39dfaa4	Qwen/Qwen3.6-35B-A3B	open-access	50	hybrid	2026-09-18T11:44:39Z		local	http://mango.cels.anl.gov:8004/v1	60376bcc63d96df3
Staphylococcus aureus	gyrA	S84L	Fluoroquinolone resistance	reported	1	7		Madeeha Afzal et al. Pathogens PMID:36422605; Ervin Albert et al. Transboundary and Emerging Diseases (2023) PMID:40303703; Tamara Lopes Rocha de Oliveira et al. Scientific Reports PMID:41699132; Fernanda Pimentel de Araujo et al. Frontiers in Microbiology (2022) PMID:35308345; Yuh Morimoto et al. Scientific Reports PMID:36720958; Daniel Gyamfi Amoako et al. Pathogens PMID:31569754	36422605;40303703;41699132;35308345;36720958;31569754	2ea583db-c5c6-5e04-b956-991a468458bc;048f473c-4916-5fb0-98be-d19393501e63;4b4007f9-2ed3-55ae-b325-beb46ea1b6a2;16cedac5-dd62-5a7b-bd39-b155037f36b5;7b32e31c-0ef5-54a3-92ea-fe8b33205eb9;af463593-2665-561f-88ee-89dd9e0e6039;4140cac4-e9bc-5d1e-b086-23256c9c5989	1;8;9;12;13;15;37			f815c3b04874	mutation	2	84cd8501d39dfaa4	Qwen/Qwen3.6-35B-A3B	open-access	50	hybrid	2026-09-18T11:44:39Z		local	http://mango.cels.anl.gov:8004/v1	dc1257644cee3af2
Staphylococcus aureus	gyrA	E88L	Fluoroquinolone resistance	reported	1	1		Madeeha Afzal et al. Pathogens PMID:36422605	36422605	2ea583db-c5c6-5e04-b956-991a468458bc	1			f815c3b04874	mutation	2	84cd8501d39dfaa4	Qwen/Qwen3.6-35B-A3B	open-access	50	hybrid	2026-09-18T11:44:39Z		local	http://mango.cels.anl.gov:8004/v1	dc1257644cee3af2
Staphylococcus aureus	gyrA	N860T	Fluoroquinolone resistance	reported	1	1		Madeeha Afzal et al. Pathogens PMID:36422605	36422605	2ea583db-c5c6-5e04-b956-991a468458bc	1			f815c3b04874	mutation	2	84cd8501d39dfaa4	Qwen/Qwen3.6-35B-A3B	open-access	50	hybrid	2026-09-18T11:44:39Z		local	http://mango.cels.anl.gov:8004/v1	dc1257644cee3af2
Staphylococcus aureus	gyrA	T845A	Fluoroquinolone resistance	reported	1	1		Madeeha Afzal et al. Pathogens PMID:36422605	36422605	2ea583db-c5c6-5e04-b956-991a468458bc	1			f815c3b04874	mutation	2	84cd8501d39dfaa4	Qwen/Qwen3.6-35B-A3B	open-access	50	hybrid	2026-09-18T11:44:39Z		local	http://mango.cels.anl.gov:8004/v1	dc1257644cee3af2
Staphylococcus aureus	gyrA	I855M	Fluoroquinolone resistance	reported	1	1		Madeeha Afzal et al. Pathogens PMID:36422605	36422605	2ea583db-c5c6-5e04-b956-991a468458bc	1			f815c3b04874	mutation	2	84cd8501d39dfaa4	Qwen/Qwen3.6-35B-A3B	open-access	50	hybrid	2026-09-18T11:44:39Z		local	http://mango.cels.anl.gov:8004/v1	dc1257644cee3af2
Staphylococcus aureus	gyrA	L84S	Healthcare-associated carriage	reported	3	1		Bernadette C. Young et al. Microbial Genomics PMID:34812717	34812717	c106a996-93fc-5e8c-b077-83beffb99071	3			f815c3b04874	mutation	2	84cd8501d39dfaa4	Qwen/Qwen3.6-35B-A3B	open-access	50	hybrid	2026-09-18T11:44:39Z		local	http://mango.cels.anl.gov:8004/v1	dc1257644cee3af2
Staphylococcus aureus	gyrA	S84T	Fluoroquinolone resistance	reported	33	1		Ingrid Nayara Marcelino Santos et al. Microorganisms PMID:35744667	35744667	e5310983-0f03-5247-b955-aab3aad6b840	33			f815c3b04874	mutation	2	84cd8501d39dfaa4	Qwen/Qwen3.6-35B-A3B	open-access	50	hybrid	2026-09-18T11:44:39Z		local	http://mango.cels.anl.gov:8004/v1	dc1257644cee3af2
Staphylococcus aureus	gyrA	S80L	Fluoroquinolone resistance	reported	33	1		Ingrid Nayara Marcelino Santos et al. Microorganisms PMID:35744667	35744667	e5310983-0f03-5247-b955-aab3aad6b840	33			f815c3b04874	mutation	2	84cd8501d39dfaa4	Qwen/Qwen3.6-35B-A3B	open-access	50	hybrid	2026-09-18T11:44:39Z		local	http://mango.cels.anl.gov:8004/v1	dc1257644cee3af2
Staphylococcus aureus	gyrA	G208L	Fluoroquinolone resistance	reported	33	1		Ingrid Nayara Marcelino Santos et al. Microorganisms PMID:35744667	35744667	e5310983-0f03-5247-b955-aab3aad6b840	33			f815c3b04874	mutation	2	84cd8501d39dfaa4	Qwen/Qwen3.6-35B-A3B	open-access	50	hybrid	2026-09-18T11:44:39Z		local	http://mango.cels.anl.gov:8004/v1	dc1257644cee3af2
Staphylococcus aureus	gyrA	S84Y	Fluoroquinolone resistance	reported	34	1		Jonathan Asante et al. Frontiers in Microbiology (2021) PMID:34421833	34421833	2636edd0-3584-5cb5-b98b-b4ffb9cc24a9	34			f815c3b04874	mutation	2	84cd8501d39dfaa4	Qwen/Qwen3.6-35B-A3B	open-access	50	hybrid	2026-09-18T11:44:39Z		local	http://mango.cels.anl.gov:8004/v1	dc1257644cee3af2
Staphylococcus pseudintermedius	gyrA	S84L	Fluoroquinolone resistance	measured; reported	2	5	merged_variants:Assertion	Mariela E. Srednik et al. International Journal of Molecular Sciences PMID:37511121; Lorenzo Pace et al. Antibiotics PMID:42192702; Catarina Morais et al. Frontiers in Microbiology (2023) PMID:37138637	37511121;42192702;37138637	09c1ff6c-4ace-5ba1-a0ec-a3c2980ff59d;c4d001a4-b83c-5152-9bbb-2ad000a1d717;0199c90d-d638-538f-b547-c9dd26e8c16c;5c4cd871-c3ce-54a1-92db-a222a299e6f8;c92c7535-84be-5156-bcf8-f08f9c2de053	2;4;6;22;23			518ae4371927	mutation	2	84cd8501d39dfaa4	Qwen/Qwen3.6-35B-A3B	open-access	50	hybrid	2026-09-18T11:44:43Z		local	http://mango.cels.anl.gov:8004/v1	cf4fb9a1b667ddf3
Staphylococcus pseudintermedius	gyrA	D83N	Fluoroquinolone resistance	measured	23	1		Catarina Morais et al. Frontiers in Microbiology (2023) PMID:37138637	37138637	c92c7535-84be-5156-bcf8-f08f9c2de053	23			518ae4371927	mutation	2	84cd8501d39dfaa4	Qwen/Qwen3.6-35B-A3B	open-access	50	hybrid	2026-09-18T11:44:43Z		local	http://mango.cels.anl.gov:8004/v1	cf4fb9a1b667ddf3
Staphylococcus pseudintermedius	gyrA	S80I	Fluoroquinolone resistance	measured; reported	4	7	merged_variants:Assertion	Mariela E. Srednik et al. International Journal of Molecular Sciences PMID:37511121; Lorenzo Pace et al. Antibiotics PMID:42192702; Catarina Morais et al. Frontiers in Microbiology (2023) PMID:37138637; Joaquim Viñes et al. Antibiotics PMID:36421269; Stefano Azzariti et al. Antibiotics PMID:36139982	37511121;42192702;37138637;36421269;36139982	09c1ff6c-4ace-5ba1-a0ec-a3c2980ff59d;c4d001a4-b83c-5152-9bbb-2ad000a1d717;0199c90d-d638-538f-b547-c9dd26e8c16c;5c4cd871-c3ce-54a1-92db-a222a299e6f8;c92c7535-84be-5156-bcf8-f08f9c2de053;c38d2a3d-24cc-5a89-a56f-ef13e213df53;c8284ba1-f147-5e83-9f2c-cb2c17e460f9	2;4;6;19;22;23;34			518ae4371927	mutation	2	84cd8501d39dfaa4	Qwen/Qwen3.6-35B-A3B	open-access	50	hybrid	2026-09-18T11:44:43Z		local	http://mango.cels.anl.gov:8004/v1	cf4fb9a1b667ddf3
Vibrio cholerae	gyrA	S83I	Nalidixic acid resistance; Quinolone resistance	Measured; Reported	1	16	merged_variants:Assertion;merged_variants:Phenotype	Abdinasir Abubakar et al. Emerging Infectious Diseases PMID:29664387; Aftab Ali et al. Pathogens PMID:41599023; Braj M. R. N. S. Kutar et al. PLoS ONE PMID:23431378; Ebenezer Foster-Nyarko et al. Microbial Genomics PMID:41369527; Matthew J. Dorman et al. Scientific Reports PMID:30971707; Mihaela Oprea et al. Nature Communications PMID:33093464; Miaomiao Jia et al. Microorganisms PMID:42075210; Achiraya Siriphap et al. PLoS ONE PMID:28103259; Sebastien Breurec et al. Emerging Infectious Diseases PMID:33350910; Diana Imoli et al. Journal of Antimicrobial Chemotherapy PMID:40658488; Marie A. Chattaway et al. Frontiers in Microbiology (2016) PMID:27148238; Antoine Abou Fayad et al. Nature Communications PMID:39138238; Pierrette Landrie Simo Tchuinte et al. Microbial Genomics PMID:41004236; Priyanka Ghosh et al. PLoS ONE PMID:25415339	29664387;41599023;23431378;41369527;30971707;33093464;42075210;28103259;33350910;40658488;27148238;39138238;41004236;25415339	3a6472c9-a259-5cbb-9043-ed4dadf96908;62b42bf9-567b-5d8d-b522-5aae6b3047b5;d5a0c4ca-fae8-504e-94e6-dc7836c47685;36276c83-91ee-56a6-ba65-5a94e2acabde;943f1065-a50f-5dc9-aa1c-22c7326326b5;0a5bb3f3-8074-5bd8-ae79-ff71bb6e4e8d;61962b33-d91e-522d-b23b-17bba25f0727;adf7f3e6-6dbf-57cc-9000-01de1ecd91e3;74075210-0854-5602-a0b2-ce495a91b061;93e1d6b2-edf3-568a-a069-dfcab951ca48;ef9924e1-0b36-5c1c-b75a-9eb5a680f474;0c728288-38a2-556d-b5e4-05ee23878729;b568ad0d-5cae-5242-a24f-017476e3eb94;cd16e2a6-159f-5eba-a9e7-fa286228e5e4;7b8797e1-020d-5483-b6d7-3037eb55b29e;15332c06-8d9d-5bd8-abfe-4c3d7048136c	1;3;4;5;7;8;14;22;27;28;31;34;40;42;48;49			55ab5747fe38	mutation	2	84cd8501d39dfaa4	Qwen/Qwen3.6-35B-A3B	open-access	50	hybrid	2026-09-18T11:44:44Z		local	http://mango.cels.anl.gov:8004/v1	cb44e40c3e52dbc2
Vibrio cholerae	gyrA	S177A	Quinolone resistance	Reported	3	1		Aftab Ali et al. Pathogens PMID:41599023	41599023	62b42bf9-567b-5d8d-b522-5aae6b3047b5	3			55ab5747fe38	mutation	2	84cd8501d39dfaa4	Qwen/Qwen3.6-35B-A3B	open-access	50	hybrid	2026-09-18T11:44:44Z		local	http://mango.cels.anl.gov:8004/v1	cb44e40c3e52dbc2
Vibrio cholerae	gyrA	S202A	Quinolone resistance	Reported	3	1		Aftab Ali et al. Pathogens PMID:41599023	41599023	62b42bf9-567b-5d8d-b522-5aae6b3047b5	3			55ab5747fe38	mutation	2	84cd8501d39dfaa4	Qwen/Qwen3.6-35B-A3B	open-access	50	hybrid	2026-09-18T11:44:44Z		local	http://mango.cels.anl.gov:8004/v1	cb44e40c3e52dbc2
Vibrio cholerae	gyrA	A171S	Nalidixic acid resistance	Reported	7	1		Matthew J. Dorman et al. Scientific Reports PMID:30971707	30971707	61962b33-d91e-522d-b23b-17bba25f0727	7			55ab5747fe38	mutation	2	84cd8501d39dfaa4	Qwen/Qwen3.6-35B-A3B	open-access	50	hybrid	2026-09-18T11:44:44Z		local	http://mango.cels.anl.gov:8004/v1	cb44e40c3e52dbc2
Vibrio cholerae	gyrA	D87G	Nalidixic acid resistance	Measured	11	1		Nicola Hirsch et al. Microorganisms PMID:32717968	32717968	9967fd7e-c11c-560b-89c7-8681811ea730	11			55ab5747fe38	mutation	2	84cd8501d39dfaa4	Qwen/Qwen3.6-35B-A3B	open-access	50	hybrid	2026-09-18T11:44:44Z		local	http://mango.cels.anl.gov:8004/v1	cb44e40c3e52dbc2
Vibrio vulnificus	gyrA	S83I	Antimicrobial resistance	reported	[3]	1		Claudia Jäckel et al. Microorganisms PMID:32429107	32429107	23aa6a6d-be1b-5507-8211-21a7defeb4a9	3			3ea938740391	mutation	2	84cd8501d39dfaa4	Qwen/Qwen3.6-35B-A3B	open-access	50	hybrid	2026-09-18T11:44:45Z		local	http://mango.cels.anl.gov:8004/v1	db6b612af544281f
Vibrio parahaemolyticus	gyrA	S83I	Quinolone resistance	measured	[1]	1		Qian Wu et al. International Journal of Molecular Sciences PMID:41683836	41683836	ed327591-068a-50c5-9bce-1bad19b02de5	1			91169eeebcf9	mutation	2	84cd8501d39dfaa4	Qwen/Qwen3.6-35B-A3B	open-access	50	hybrid	2026-09-18T11:44:45Z		local	http://mango.cels.anl.gov:8004/v1	76064651a5b08740
Escherichia coli	gyrB	D362N		reported	1	1		Ana García-Galán et al. Pathogens PMID:32645913	32645913	7031a1d0-367a-5d20-b570-cd4d99702baf	1	D362N	Asp362Asn	e1f8c5fcd6d3	mutation	2	84cd8501d39dfaa4	Qwen/Qwen3.6-35B-A3B	open-access	50	hybrid	2026-09-18T11:44:49Z		local	http://mango.cels.anl.gov:8004/v1	283bbe75f248a88a
Escherichia coli	gyrB	V323A		reported	1	1		Ana García-Galán et al. Pathogens PMID:32645913	32645913	7031a1d0-367a-5d20-b570-cd4d99702baf	1	V323A	Val323Ala	e1f8c5fcd6d3	mutation	2	84cd8501d39dfaa4	Qwen/Qwen3.6-35B-A3B	open-access	50	hybrid	2026-09-18T11:44:49Z		local	http://mango.cels.anl.gov:8004/v1	283bbe75f248a88a
Escherichia coli	gyrB	L422P	Hyperpersistence	reported	11	1		Aurore Perault et al. Frontiers in Microbiology (2022) PMID:35707170	35707170	cb7fd5f1-c869-52a2-9c0b-e7e849968fd6	11			e1f8c5fcd6d3	mutation	2	84cd8501d39dfaa4	Qwen/Qwen3.6-35B-A3B	open-access	50	hybrid	2026-09-18T11:44:49Z		local	http://mango.cels.anl.gov:8004/v1	283bbe75f248a88a
Escherichia coli	gyrB	S464Y		reported	11	1		Aurore Perault et al. Frontiers in Microbiology (2022) PMID:35707170	35707170	cb7fd5f1-c869-52a2-9c0b-e7e849968fd6	11			e1f8c5fcd6d3	mutation	2	84cd8501d39dfaa4	Qwen/Qwen3.6-35B-A3B	open-access	50	hybrid	2026-09-18T11:44:49Z		local	http://mango.cels.anl.gov:8004/v1	283bbe75f248a88a
Escherichia coli	gyrB	E466D	Nalidixic acid resistance	reported	30	1		Ying Guan et al. Frontiers in Microbiology (2022) PMID:36274743	36274743	38933762-6546-5eef-9da9-521c537174a8	30			e1f8c5fcd6d3	mutation	2	84cd8501d39dfaa4	Qwen/Qwen3.6-35B-A3B	open-access	50	hybrid	2026-09-18T11:44:49Z		local	http://mango.cels.anl.gov:8004/v1	283bbe75f248a88a
Escherichia coli	gyrB	D382N	Up to 2-fold increase in MIC	reported	29	1		Sara Andrés-Lasheras et al. Antibiotics PMID:35453238	35453238	5980c8ef-776e-5882-a09e-774066fd0006	29	D382N	Asp382Asn	e1f8c5fcd6d3	mutation	2	84cd8501d39dfaa4	Qwen/Qwen3.6-35B-A3B	open-access	50	hybrid	2026-09-18T11:44:49Z		local	http://mango.cels.anl.gov:8004/v1	283bbe75f248a88a
Escherichia coli	gyrB	L400I		reported	13	1		Christopher Concha et al. Microorganisms PMID:31847389	31847389	7459169c-7651-5c89-b1f8-680ebf126086	13	L400I	Leu-to-Ile at position 400	e1f8c5fcd6d3	mutation	2	84cd8501d39dfaa4	Qwen/Qwen3.6-35B-A3B	open-access	50	hybrid	2026-09-18T11:44:49Z		local	http://mango.cels.anl.gov:8004/v1	283bbe75f248a88a
Escherichia coli	gyrB	R413K		reported	13	1		Christopher Concha et al. Microorganisms PMID:31847389	31847389	7459169c-7651-5c89-b1f8-680ebf126086	13	R413K	Arg-to-Lys at position 413	e1f8c5fcd6d3	mutation	2	84cd8501d39dfaa4	Qwen/Qwen3.6-35B-A3B	open-access	50	hybrid	2026-09-18T11:44:49Z		local	http://mango.cels.anl.gov:8004/v1	283bbe75f248a88a
Escherichia coli	gyrB	V423G		reported	13	1		Christopher Concha et al. Microorganisms PMID:31847389	31847389	7459169c-7651-5c89-b1f8-680ebf126086	13	V423G	Val-to-Gly at position 423	e1f8c5fcd6d3	mutation	2	84cd8501d39dfaa4	Qwen/Qwen3.6-35B-A3B	open-access	50	hybrid	2026-09-18T11:44:49Z		local	http://mango.cels.anl.gov:8004/v1	283bbe75f248a88a
Escherichia coli	gyrB	L417H		reported	13	1		Christopher Concha et al. Microorganisms PMID:31847389	31847389	7459169c-7651-5c89-b1f8-680ebf126086	13	L417H	Leu-to-His at position 417	e1f8c5fcd6d3	mutation	2	84cd8501d39dfaa4	Qwen/Qwen3.6-35B-A3B	open-access	50	hybrid	2026-09-18T11:44:49Z		local	http://mango.cels.anl.gov:8004/v1	283bbe75f248a88a
Escherichia coli	gyrB	V130I		reported	19	1		Ines Unger et al. Antibiotics PMID:42192717	42192717	3b3e5b3b-54e7-5eb2-a39c-2a2ca4a4f22c	19			e1f8c5fcd6d3	mutation	2	84cd8501d39dfaa4	Qwen/Qwen3.6-35B-A3B	open-access	50	hybrid	2026-09-18T11:44:49Z		local	http://mango.cels.anl.gov:8004/v1	283bbe75f248a88a
Escherichia coli	gyrB	S366V		reported	19	1		Ines Unger et al. Antibiotics PMID:42192717	42192717	3b3e5b3b-54e7-5eb2-a39c-2a2ca4a4f22c	19			e1f8c5fcd6d3	mutation	2	84cd8501d39dfaa4	Qwen/Qwen3.6-35B-A3B	open-access	50	hybrid	2026-09-18T11:44:49Z		local	http://mango.cels.anl.gov:8004/v1	283bbe75f248a88a
Escherichia coli	gyrB	S416A		reported	19	1		Ines Unger et al. Antibiotics PMID:42192717	42192717	3b3e5b3b-54e7-5eb2-a39c-2a2ca4a4f22c	19			e1f8c5fcd6d3	mutation	2	84cd8501d39dfaa4	Qwen/Qwen3.6-35B-A3B	open-access	50	hybrid	2026-09-18T11:44:49Z		local	http://mango.cels.anl.gov:8004/v1	283bbe75f248a88a
Neisseria gonorrhoeae	gyrB	D429N	Resistance to nalidixic acid; Resistance to ETX0914; Resistance to zoliflodacin	measured; reported	1	3	merged_variants:Phenotype;merged_variants:Assertion	Sunniva Foerster et al. Frontiers in Microbiology (2015) PMID:26696986; Susanne Jacobsson et al. Frontiers in Pharmacology (2022) PMID:35496288; Vui Yin Seow et al. Frontiers in Microbiology (2023) PMID:37408636	26696986;35496288;37408636	51655c25-6328-57e0-bddf-ba1d8bd3f481;7e9b0f58-e8a2-53ab-aafb-563ab020da55;c350e716-1bed-583d-a0e2-85f438862508	1;5;13			ed1251036d72	mutation	2	84cd8501d39dfaa4	Qwen/Qwen3.6-35B-A3B	open-access	50	hybrid	2026-09-18T11:44:52Z		local	http://mango.cels.anl.gov:8004/v1	23510dc2d1ce3a6c
Neisseria gonorrhoeae	gyrB	K450T	Resistance to ETX0914	measured	1	1		Sunniva Foerster et al. Frontiers in Microbiology (2015) PMID:26696986	26696986	51655c25-6328-57e0-bddf-ba1d8bd3f481	1			ed1251036d72	mutation	2	84cd8501d39dfaa4	Qwen/Qwen3.6-35B-A3B	open-access	50	hybrid	2026-09-18T11:44:52Z		local	http://mango.cels.anl.gov:8004/v1	23510dc2d1ce3a6c
Neisseria gonorrhoeae	gyrB	S467N	Predisposition to zoliflodacin resistance; Reduced susceptibility to zoliflodacin	measured	5	2	merged_variants:Phenotype	Susanne Jacobsson et al. Frontiers in Pharmacology (2022) PMID:35496288; Saïd Abdellati et al. Scientific Reports PMID:38216602	35496288;38216602	7e9b0f58-e8a2-53ab-aafb-563ab020da55;ca1989ba-fb4f-5e91-a505-c8a869ecf794	5;30			ed1251036d72	mutation	2	84cd8501d39dfaa4	Qwen/Qwen3.6-35B-A3B	open-access	50	hybrid	2026-09-18T11:44:52Z		local	http://mango.cels.anl.gov:8004/v1	23510dc2d1ce3a6c
Neisseria gonorrhoeae	gyrB	S467G	Reduced susceptibility to zoliflodacin	measured	30	1		Saïd Abdellati et al. Scientific Reports PMID:38216602	38216602	ca1989ba-fb4f-5e91-a505-c8a869ecf794	30			ed1251036d72	mutation	2	84cd8501d39dfaa4	Qwen/Qwen3.6-35B-A3B	open-access	50	hybrid	2026-09-18T11:44:52Z		local	http://mango.cels.anl.gov:8004/v1	23510dc2d1ce3a6c
Neisseria gonorrhoeae	gyrB	K450N	Reduced susceptibility to zoliflodacin	measured	35	1		Saïd Abdellati et al. Scientific Reports PMID:38216602	38216602	4de300cc-cce3-5345-814c-7565b7615fbe	35			ed1251036d72	mutation	2	84cd8501d39dfaa4	Qwen/Qwen3.6-35B-A3B	open-access	50	hybrid	2026-09-18T11:44:52Z		local	http://mango.cels.anl.gov:8004/v1	23510dc2d1ce3a6c
Haemophilus influenzae	gyrA	S84L	Decreased susceptibility to quinolones (levofloxacin); Levofloxacin resistance	measured; reported	[3]	132	merged_variants:Phenotype;merged_variants:Assertion	Pak-Leung Ho et al. Emerging Infectious Diseases (2004) PMID:15550208; Qiong Huang et al. Frontiers in Cellular and Infection Microbiology (2026) PMID:42318019; Shu-Chen Kuo et al. Emerging Infectious Diseases PMID:25061696	15550208;42318019;25061696	e19151fc-6389-5382-8f73-326b1863cb7d;d7e86da2-773c-5df6-a0aa-e85473fb3c25;6253d9e5-3100-5fb2-b494-cb11fa08c78c	3;14;33			110953c1fadf	mutation	2	84cd8501d39dfaa4	Qwen/Qwen3.6-35B-A3B	open-access	50	hybrid	2026-09-18T11:44:55Z		local	http://mango.cels.anl.gov:8004/v1	f1c4b9f435e46b21
Haemophilus influenzae	gyrA	S84K	Decreased susceptibility to quinolones (levofloxacin)	measured	[3]	1		Pak-Leung Ho et al. Emerging Infectious Diseases (2004) PMID:15550208	15550208	e19151fc-6389-5382-8f73-326b1863cb7d	3			110953c1fadf	mutation	2	84cd8501d39dfaa4	Qwen/Qwen3.6-35B-A3B	open-access	50	hybrid	2026-09-18T11:44:55Z		local	http://mango.cels.anl.gov:8004/v1	f1c4b9f435e46b21
Haemophilus influenzae	gyrA	D88N	Decreased susceptibility to quinolones (levofloxacin); Levofloxacin resistance	measured; reported	[3]	48	merged_variants:Phenotype;merged_variants:Assertion	Pak-Leung Ho et al. Emerging Infectious Diseases (2004) PMID:15550208; Shu-Chen Kuo et al. Emerging Infectious Diseases PMID:25061696	15550208;25061696	e19151fc-6389-5382-8f73-326b1863cb7d;2dee3f76-7049-53ee-ac60-d5ad1dc3d64d;6253d9e5-3100-5fb2-b494-cb11fa08c78c	3;26;33			110953c1fadf	mutation	2	84cd8501d39dfaa4	Qwen/Qwen3.6-35B-A3B	open-access	50	hybrid	2026-09-18T11:44:55Z		local	http://mango.cels.anl.gov:8004/v1	f1c4b9f435e46b21
Haemophilus influenzae	gyrA	D88Y	Levofloxacin resistance	reported	[14]	47		Qiong Huang et al. Frontiers in Cellular and Infection Microbiology (2026) PMID:42318019; Shu-Chen Kuo et al. Emerging Infectious Diseases PMID:25061696	42318019;25061696	d7e86da2-773c-5df6-a0aa-e85473fb3c25;6253d9e5-3100-5fb2-b494-cb11fa08c78c	14;33			110953c1fadf	mutation	2	84cd8501d39dfaa4	Qwen/Qwen3.6-35B-A3B	open-access	50	hybrid	2026-09-18T11:44:55Z		local	http://mango.cels.anl.gov:8004/v1	f1c4b9f435e46b21
Haemophilus influenzae	gyrA	S84V	Levofloxacin resistance	reported	[26]	1		Shu-Chen Kuo et al. Emerging Infectious Diseases PMID:25061696	25061696	2dee3f76-7049-53ee-ac60-d5ad1dc3d64d	26			110953c1fadf	mutation	2	84cd8501d39dfaa4	Qwen/Qwen3.6-35B-A3B	open-access	50	hybrid	2026-09-18T11:44:55Z		local	http://mango.cels.anl.gov:8004/v1	f1c4b9f435e46b21
Haemophilus influenzae	gyrA	S84Y	Levofloxacin resistance	reported	[26]	3		Shu-Chen Kuo et al. Emerging Infectious Diseases PMID:25061696	25061696	2dee3f76-7049-53ee-ac60-d5ad1dc3d64d	26			110953c1fadf	mutation	2	84cd8501d39dfaa4	Qwen/Qwen3.6-35B-A3B	open-access	50	hybrid	2026-09-18T11:44:55Z		local	http://mango.cels.anl.gov:8004/v1	f1c4b9f435e46b21
Haemophilus influenzae	gyrA	D88H	Levofloxacin resistance	reported	[26]	1		Shu-Chen Kuo et al. Emerging Infectious Diseases PMID:25061696	25061696	2dee3f76-7049-53ee-ac60-d5ad1dc3d64d	26			110953c1fadf	mutation	2	84cd8501d39dfaa4	Qwen/Qwen3.6-35B-A3B	open-access	50	hybrid	2026-09-18T11:44:55Z		local	http://mango.cels.anl.gov:8004/v1	f1c4b9f435e46b21
Haemophilus influenzae	gyrA	S84F	Levofloxacin resistance	reported	[33]	8		Shu-Chen Kuo et al. Emerging Infectious Diseases PMID:25061696	25061696	6253d9e5-3100-5fb2-b494-cb11fa08c78c	33			110953c1fadf	mutation	2	84cd8501d39dfaa4	Qwen/Qwen3.6-35B-A3B	open-access	50	hybrid	2026-09-18T11:44:55Z		local	http://mango.cels.anl.gov:8004/v1	f1c4b9f435e46b21
Haemophilus influenzae	gyrA	D88-	Levofloxacin resistance	reported	[33]	3		Shu-Chen Kuo et al. Emerging Infectious Diseases PMID:25061696	25061696	6253d9e5-3100-5fb2-b494-cb11fa08c78c	33			110953c1fadf	mutation	2	84cd8501d39dfaa4	Qwen/Qwen3.6-35B-A3B	open-access	50	hybrid	2026-09-18T11:44:55Z		local	http://mango.cels.anl.gov:8004/v1	f1c4b9f435e46b21
Haemophilus influenzae	gyrA	S84A	Levofloxacin resistance	reported	[33]	1		Shu-Chen Kuo et al. Emerging Infectious Diseases PMID:25061696	25061696	6253d9e5-3100-5fb2-b494-cb11fa08c78c	33			110953c1fadf	mutation	2	84cd8501d39dfaa4	Qwen/Qwen3.6-35B-A3B	open-access	50	hybrid	2026-09-18T11:44:55Z		local	http://mango.cels.anl.gov:8004/v1	f1c4b9f435e46b21
Haemophilus influenzae	gyrA	S84D	Levofloxacin resistance	reported	[33]	1		Shu-Chen Kuo et al. Emerging Infectious Diseases PMID:25061696	25061696	6253d9e5-3100-5fb2-b494-cb11fa08c78c	33			110953c1fadf	mutation	2	84cd8501d39dfaa4	Qwen/Qwen3.6-35B-A3B	open-access	50	hybrid	2026-09-18T11:44:55Z		local	http://mango.cels.anl.gov:8004/v1	f1c4b9f435e46b21
Haemophilus influenzae	gyrA	D88G	Levofloxacin resistance	reported	[33]	46		Shu-Chen Kuo et al. Emerging Infectious Diseases PMID:25061696	25061696	6253d9e5-3100-5fb2-b494-cb11fa08c78c	33			110953c1fadf	mutation	2	84cd8501d39dfaa4	Qwen/Qwen3.6-35B-A3B	open-access	50	hybrid	2026-09-18T11:44:55Z		local	http://mango.cels.anl.gov:8004/v1	f1c4b9f435e46b21
Pseudomonas aeruginosa	gyrB	S466F	Antimicrobial resistance	measured; reported	10	4	merged_variants:Assertion	Bailey Secker et al. Frontiers in Microbiology (2025) PMID:40066269; Carla López-Causapé et al. Frontiers in Microbiology (2018) PMID:29681898; Adriano M. Gigante et al. Frontiers in Microbiology (2024) PMID:39027093; Roberta Genova et al. International Journal of Molecular Sciences PMID:37108055	40066269;29681898;39027093;37108055	48347185-c394-5525-ac07-068b984ef4dd;4d61f687-0071-57cf-8248-f74f8ae8ea6c;6a0d2657-4a40-5e8b-bf84-4b0490dd5bb8;aead4e39-902c-53c3-99e5-4725af699aad	10;15;17;25			ad6f34a0b947	mutation	2	84cd8501d39dfaa4	Qwen/Qwen3.6-35B-A3B	open-access	50	hybrid	2026-09-18T11:44:57Z		local	http://mango.cels.anl.gov:8004/v1	4045d3d461312243
Pseudomonas aeruginosa	gyrB	S466Y	Antimicrobial resistance	reported; measured	17	3	merged_variants:Assertion	Carla López-Causapé et al. Frontiers in Microbiology (2018) PMID:29681898; Roberta Genova et al. International Journal of Molecular Sciences PMID:37108055	29681898;37108055	4d61f687-0071-57cf-8248-f74f8ae8ea6c;5a3be09a-5f9f-566c-a223-90e28b1a7781;6db6c40a-dd01-5316-8b2b-10a180574c38	17;21;26			ad6f34a0b947	mutation	2	84cd8501d39dfaa4	Qwen/Qwen3.6-35B-A3B	open-access	50	hybrid	2026-09-18T11:44:57Z		local	http://mango.cels.anl.gov:8004/v1	4045d3d461312243
Pseudomonas aeruginosa	gyrB	Q467R	Antimicrobial resistance	reported	17	1		Carla López-Causapé et al. Frontiers in Microbiology (2018) PMID:29681898	29681898	4d61f687-0071-57cf-8248-f74f8ae8ea6c	17			ad6f34a0b947	mutation	2	84cd8501d39dfaa4	Qwen/Qwen3.6-35B-A3B	open-access	50	hybrid	2026-09-18T11:44:57Z		local	http://mango.cels.anl.gov:8004/v1	4045d3d461312243
Pseudomonas aeruginosa	gyrB	E468D	Antimicrobial resistance	reported	17	1		Carla López-Causapé et al. Frontiers in Microbiology (2018) PMID:29681898	29681898	4d61f687-0071-57cf-8248-f74f8ae8ea6c	17			ad6f34a0b947	mutation	2	84cd8501d39dfaa4	Qwen/Qwen3.6-35B-A3B	open-access	50	hybrid	2026-09-18T11:44:57Z		local	http://mango.cels.anl.gov:8004/v1	4045d3d461312243
Pseudomonas aeruginosa	gyrB	R22C	Antimicrobial resistance	measured	21	1		Roberta Genova et al. International Journal of Molecular Sciences PMID:37108055	37108055	5a3be09a-5f9f-566c-a223-90e28b1a7781	21			ad6f34a0b947	mutation	2	84cd8501d39dfaa4	Qwen/Qwen3.6-35B-A3B	open-access	50	hybrid	2026-09-18T11:44:57Z		local	http://mango.cels.anl.gov:8004/v1	4045d3d461312243
Pseudomonas aeruginosa	gyrB	aadB	Antimicrobial resistance	measured	26	1		Roberta Genova et al. International Journal of Molecular Sciences PMID:37108055	37108055	6db6c40a-dd01-5316-8b2b-10a180574c38	26			ad6f34a0b947	mutation	2	84cd8501d39dfaa4	Qwen/Qwen3.6-35B-A3B	open-access	50	hybrid	2026-09-18T11:44:57Z		local	http://mango.cels.anl.gov:8004/v1	4045d3d461312243
Pseudomonas aeruginosa	gyrB	A458AP	Antimicrobial resistance	measured	40	1		Qi Liu et al. Microorganisms PMID:36677304	36677304	c88a7544-439d-59b6-8f03-a31ae15ffa35	40			ad6f34a0b947	mutation	2	84cd8501d39dfaa4	Qwen/Qwen3.6-35B-A3B	open-access	50	hybrid	2026-09-18T11:44:57Z		local	http://mango.cels.anl.gov:8004/v1	4045d3d461312243
Pseudomonas aeruginosa	gyrB	N366D	Antimicrobial resistance	measured	19	1		Roberto Cabrera et al. Journal of Antimicrobial Chemotherapy PMID:35323912	35323912	93d3921e-2234-5df4-9b5d-0c8915afa5a1	19			ad6f34a0b947	mutation	2	84cd8501d39dfaa4	Qwen/Qwen3.6-35B-A3B	open-access	50	hybrid	2026-09-18T11:44:57Z		local	http://mango.cels.anl.gov:8004/v1	4045d3d461312243
Pseudomonas aeruginosa	gyrB	L41W	Antimicrobial resistance	measured	19	1		Roberto Cabrera et al. Journal of Antimicrobial Chemotherapy PMID:35323912	35323912	93d3921e-2234-5df4-9b5d-0c8915afa5a1	19			ad6f34a0b947	mutation	2	84cd8501d39dfaa4	Qwen/Qwen3.6-35B-A3B	open-access	50	hybrid	2026-09-18T11:44:57Z		local	http://mango.cels.anl.gov:8004/v1	4045d3d461312243
Pseudomonas aeruginosa	gyrB	E469D	Antimicrobial resistance	reported	11	1		Xiaohan Yang et al. Antibiotics PMID:40867962	40867962	1a6a2016-6844-569a-ba6f-ed68a8ee5bf6	11			ad6f34a0b947	mutation	2	84cd8501d39dfaa4	Qwen/Qwen3.6-35B-A3B	open-access	50	hybrid	2026-09-18T11:44:57Z		local	http://mango.cels.anl.gov:8004/v1	4045d3d461312243
Pseudomonas aeruginosa	gyrB	G1405T	Antimicrobial resistance	measured	14	1		Jennifer A. Bartell et al. Nature Communications PMID:30733448	30733448	4972671a-e29e-5282-b6fe-aeeae8637bac	14			ad6f34a0b947	mutation	2	84cd8501d39dfaa4	Qwen/Qwen3.6-35B-A3B	open-access	50	hybrid	2026-09-18T11:44:57Z		local	http://mango.cels.anl.gov:8004/v1	4045d3d461312243
Pseudomonas aeruginosa	gyrB	C1397T	Antimicrobial resistance	measured	14	1		Jennifer A. Bartell et al. Nature Communications PMID:30733448	30733448	4972671a-e29e-5282-b6fe-aeeae8637bac	14			ad6f34a0b947	mutation	2	84cd8501d39dfaa4	Qwen/Qwen3.6-35B-A3B	open-access	50	hybrid	2026-09-18T11:44:57Z		local	http://mango.cels.anl.gov:8004/v1	4045d3d461312243
Pseudomonas aeruginosa	gyrB	AAC to GAC (N to D)	Antimicrobial resistance	measured	18	1		Wen-Ru Li et al. Frontiers in Microbiology (2022) PMID:36620018	36620018	0701d2b6-a22f-533c-ba41-3669e784a3f5	18			ad6f34a0b947	mutation	2	84cd8501d39dfaa4	Qwen/Qwen3.6-35B-A3B	open-access	50	hybrid	2026-09-18T11:44:57Z		local	http://mango.cels.anl.gov:8004/v1	4045d3d461312243
Staphylococcus aureus	gyrB	I175T	Fluoroquinolone resistance (reduced susceptibility to kibdelomycin)	measured	3	1		Erika van Eijk et al. Journal of Antimicrobial Chemotherapy PMID:28073967	28073967	31df2cb2-871d-5a1b-a9bb-b1c0f6909509	3	I175T	Ile175Thr	6536c7c04760	mutation	2	84cd8501d39dfaa4	Qwen/Qwen3.6-35B-A3B	open-access	50	hybrid	2026-09-18T11:44:59Z		local	http://mango.cels.anl.gov:8004/v1	bef963012304cbed
Staphylococcus aureus	gyrB	T451S	Fluoroquinolone resistance	measured	15	1		Thuc Quyen Huynh et al. PLOS ONE PMID:37494330	37494330	900f69e0-3ea0-5919-b813-6f323d362f1d	15			6536c7c04760	mutation	2	84cd8501d39dfaa4	Qwen/Qwen3.6-35B-A3B	open-access	50	hybrid	2026-09-18T11:44:59Z		local	http://mango.cels.anl.gov:8004/v1	bef963012304cbed
Staphylococcus aureus	gyrB		Fluoroquinolone resistance (low level); Fluoroquinolone resistance	reported	22	3	missing:Mutation;merged_variants:Phenotype	Masoud A. Juma et al. BMC Genomics PMID:39578734; Gen Li et al. Microorganisms PMID:36677316; Katarzyna Grudlewska-Buda et al. Antibiotics PMID:37237783	39578734;36677316;37237783	69e17b68-a834-5d28-9d4b-9ec3405ba041;2ddc4e35-eab8-583a-b6f3-0691cd704148;2d40dd5c-73e4-5e9f-9b34-71aa594ad726	18;22;36			6536c7c04760	mutation	2	84cd8501d39dfaa4	Qwen/Qwen3.6-35B-A3B	open-access	50	hybrid	2026-09-18T11:44:59Z		local	http://mango.cels.anl.gov:8004/v1	bef963012304cbed
Salmonella	gyrB	S426G		reported	[1]	2		Huimin Qian et al. Scientific Reports PMID:32355184	32355184	1b0660e3-5317-5c6f-8525-d811a04ad7b5;9e95e1a8-bbf1-5293-add5-04825b901eaa	1;8			526847306ede	mutation	2	84cd8501d39dfaa4	Qwen/Qwen3.6-35B-A3B	open-access	50	hybrid	2026-09-18T11:45:00Z		local	http://mango.cels.anl.gov:8004/v1	0f7c8550840bb3e6
Salmonella	gyrB	S464F	Reduced susceptibility to NAL and CIP	reported	[4]	2		Peter Muturi et al. Frontiers in Cellular and Infection Microbiology (2024) PMID:39606745; Grazielle Lima Rodrigues et al. Frontiers in Microbiology (2020) PMID:32849452	39606745;32849452	b184df8e-1048-591f-8744-a60422ae5697;2f322197-9dcb-58d1-a066-1403de4c8c5b	4;36			526847306ede	mutation	2	84cd8501d39dfaa4	Qwen/Qwen3.6-35B-A3B	open-access	50	hybrid	2026-09-18T11:45:00Z		local	http://mango.cels.anl.gov:8004/v1	0f7c8550840bb3e6
Salmonella	gyrB	I529L	Decreased susceptibility to quinolones	reported	[5]	1		Carlota Gonçalves et al. Antibiotics PMID:39452223	39452223	5ced93cc-3341-5cf0-996d-3763dc989d0a	5			526847306ede	mutation	2	84cd8501d39dfaa4	Qwen/Qwen3.6-35B-A3B	open-access	50	hybrid	2026-09-18T11:45:00Z		local	http://mango.cels.anl.gov:8004/v1	0f7c8550840bb3e6
Salmonella	gyrB	E466D	High level ciprofloxacin resistance	reported	[7]	2		Aqsa Shaheen et al. Antibiotics PMID:34943668; Grazielle Lima Rodrigues et al. Frontiers in Microbiology (2020) PMID:32849452	34943668;32849452	85def2f9-f544-50cd-a043-ec69da95fc1e;2f322197-9dcb-58d1-a066-1403de4c8c5b	7;36			526847306ede	mutation	2	84cd8501d39dfaa4	Qwen/Qwen3.6-35B-A3B	open-access	50	hybrid	2026-09-18T11:45:00Z		local	http://mango.cels.anl.gov:8004/v1	0f7c8550840bb3e6
Salmonella	gyrB	S464Phe	High ciprofloxacin resistance	reported	[7]	1		Aqsa Shaheen et al. Antibiotics PMID:34943668	34943668	85def2f9-f544-50cd-a043-ec69da95fc1e	7			526847306ede	mutation	2	84cd8501d39dfaa4	Qwen/Qwen3.6-35B-A3B	open-access	50	hybrid	2026-09-18T11:45:00Z		local	http://mango.cels.anl.gov:8004/v1	0f7c8550840bb3e6
Salmonella	gyrB	S464Y		reported	[22]	2		Rehema Moraa Moirongo et al. Frontiers in Microbiology (2020) PMID:33101240	33101240	1fed15a4-c4f6-5202-8e3e-97066520119f;41d24ae3-348a-5cca-8327-cb53fb912282	22;25			526847306ede	mutation	2	84cd8501d39dfaa4	Qwen/Qwen3.6-35B-A3B	open-access	50	hybrid	2026-09-18T11:45:00Z		local	http://mango.cels.anl.gov:8004/v1	0f7c8550840bb3e6
Salmonella	gyrB	F601L		reported	[24]	2		Godfred Acheampong et al. BMC Infectious Diseases PMID:31660876	31660876	bed12f55-20ea-5256-b22a-00539b93184c;42768712-43d0-57a2-a7e5-0f0888c4bd31	24;26	F601L	Phe601Leu	526847306ede	mutation	2	84cd8501d39dfaa4	Qwen/Qwen3.6-35B-A3B	open-access	50	hybrid	2026-09-18T11:45:00Z		local	http://mango.cels.anl.gov:8004/v1	0f7c8550840bb3e6
Salmonella	gyrB	S83F		reported	[31]	1		Laura M. F. Kuijpers et al. PLoS Neglected Tropical Diseases PMID:28931025	28931025	8757b009-9c56-581f-b0ea-799cb35ff475	31	S83F	Ser83Phe	526847306ede	mutation	2	84cd8501d39dfaa4	Qwen/Qwen3.6-35B-A3B	open-access	50	hybrid	2026-09-18T11:45:00Z		local	http://mango.cels.anl.gov:8004/v1	0f7c8550840bb3e6
Salmonella	gyrB	A295G		reported	[33]	4		Syahidiah Syed Abu Thahir et al. Antibiotics PMID:37627750	37627750	9d741a1f-ae49-5e75-beed-82ac38ff5b69;8ed372d5-c3d4-5b8c-8af5-7c4a700e8705;36322d04-0d39-5de3-bb8a-db1dc4ce6184;fa5f3af1-bf60-581c-b630-7ce8517b1554	33;37;38;39			526847306ede	mutation	2	84cd8501d39dfaa4	Qwen/Qwen3.6-35B-A3B	open-access	50	hybrid	2026-09-18T11:45:00Z		local	http://mango.cels.anl.gov:8004/v1	0f7c8550840bb3e6
Klebsiella pneumoniae	lamB	G129D	β-lactams	measured	[19]	1		Aiman Waheed et al. Pathogens PMID:41754468	41754468	6e34ad75-04eb-5419-b1e0-ea227d33ecb0	19			7173c3ba5c1b	mutation	2	84cd8501d39dfaa4	Qwen/Qwen3.6-35B-A3B	open-access	50	hybrid	2026-09-18T11:45:01Z		local	http://mango.cels.anl.gov:8004/v1	a3f6a9d1464c7b47
Klebsiella pneumoniae	lamB	K49Q	β-lactams	measured	[19]	1		Aiman Waheed et al. Pathogens PMID:41754468	41754468	6e34ad75-04eb-5419-b1e0-ea227d33ecb0	19			7173c3ba5c1b	mutation	2	84cd8501d39dfaa4	Qwen/Qwen3.6-35B-A3B	open-access	50	hybrid	2026-09-18T11:45:01Z		local	http://mango.cels.anl.gov:8004/v1	a3f6a9d1464c7b47
Klebsiella pneumoniae	lapB		Antimicrobial resistance (polymyxin B and amikacin resistance)	reported	[1]	1	missing:Mutation	Camila Maurmann de Souza et al. ACS Infectious Diseases PMID:41665187	41665187	9775bec1-2a2b-54b0-896b-4823ec83d071	1			88c12a3d3071	mutation	2	84cd8501d39dfaa4	Qwen/Qwen3.6-35B-A3B	open-access	50	hybrid	2026-09-18T11:45:03Z		local	http://mango.cels.anl.gov:8004/v1	01d15fc57372d81f
Staphylococcus aureus	ileS	V588F	Antimicrobial resistance (low-level mupirocin resistance)	reported; measured	[7]	4	merged_variants:Assertion	Wenjing Chen et al. BMC Microbiology PMID:32600253; Rajni Prakash et al. Scientific Reports PMID:37349503	32600253;37349503	7b837252-0e26-50fa-aaca-3250a41ed9aa;66a89ecb-3433-5601-aa8c-ed68a5232178;86bda0c9-29d2-5b92-b38f-38811b3a15b8	7;10;21			36fad6e2186f	mutation	2	84cd8501d39dfaa4	Qwen/Qwen3.6-35B-A3B	open-access	50	hybrid	2026-09-18T11:45:03Z		local	http://mango.cels.anl.gov:8004/v1	e07b3e726bb6e71a
Staphylococcus aureus	ileS	V631F	Antimicrobial resistance (low-level mupirocin resistance)	reported	[26]	1		Anne-Catrin Uhlemann et al. Genome Biology and Evolution PMID:23104992	23104992	c8652fe0-77a1-52e0-86a1-fc96a0f335d6	26			36fad6e2186f	mutation	2	84cd8501d39dfaa4	Qwen/Qwen3.6-35B-A3B	open-access	50	hybrid	2026-09-18T11:45:03Z		local	http://mango.cels.anl.gov:8004/v1	e07b3e726bb6e71a
Staphylococcus aureus	ileS	I473N	Antimicrobial resistance (low-level mupirocin resistance)	predicted	[26]	1		Anne-Catrin Uhlemann et al. Genome Biology and Evolution PMID:23104992	23104992	c8652fe0-77a1-52e0-86a1-fc96a0f335d6	26			36fad6e2186f	mutation	2	84cd8501d39dfaa4	Qwen/Qwen3.6-35B-A3B	open-access	50	hybrid	2026-09-18T11:45:03Z		local	http://mango.cels.anl.gov:8004/v1	e07b3e726bb6e71a
Staphylococcus aureus	ileS	N213D	Antimicrobial resistance (low-level mupirocin resistance)	reported	[7]	1		Wenjing Chen et al. BMC Microbiology PMID:32600253	32600253	7b837252-0e26-50fa-aaca-3250a41ed9aa	7			36fad6e2186f	mutation	2	84cd8501d39dfaa4	Qwen/Qwen3.6-35B-A3B	open-access	50	hybrid	2026-09-18T11:45:03Z		local	http://mango.cels.anl.gov:8004/v1	e07b3e726bb6e71a
Enterococcus faecium	liaF	Daptomycin resistance when combined with gdpD mutation	Daptomycin resistance	reported	[1]	3		Brian L. Hollenbeck et al. Virulence PMID:23076243	23076243	62791c69-79e1-5ee4-8697-389d31972ce9;4cfff12d-d49d-5964-87a6-90e456018542;8986f23d-46a2-5b9f-a0d9-60f567ea1702	1;14;19			8484915e16a8	mutation	2	84cd8501d39dfaa4	Qwen/Qwen3.6-35B-A3B	open-access	50	hybrid	2026-09-18T11:45:06Z		local	http://mango.cels.anl.gov:8004/v1	ab9055351ac5ace2
Enterococcus faecium	liaF		Daptomycin resistance	reported	[11]	4	missing:Mutation	Alicia G. Beukers et al. Frontiers in Cellular and Infection Microbiology (2021) PMID:34094996; Angela Maria Di Pierro et al. Pathogens PMID:41754396; Swati Sucharita Satpathy et al. Scientific Reports PMID:40998902; Carlos Rodríguez-Lucas et al. Antibiotics PMID:37237745	34094996;41754396;40998902;37237745	b789bd56-e179-500e-afb7-bfaf4e270a51;02a4df3c-bce3-592e-81ae-7922dd24b978;32ab2c85-1992-593c-8ccf-000d97bd7513;61ff53a7-bf78-5675-8f4e-bd497c5a0fad	11;12;25;45			8484915e16a8	mutation	2	84cd8501d39dfaa4	Qwen/Qwen3.6-35B-A3B	open-access	50	hybrid	2026-09-18T11:45:06Z		local	http://mango.cels.anl.gov:8004/v1	ab9055351ac5ace2
Enterococcus faecalis	liaF	ΔIle179	Resistance to Daptomycin; Resistance to COE1-3C	measured	1	10	merged_variants:Phenotype	Gayatri Shankar Chilambi et al. Frontiers in Microbiology (2020) PMID:32117172; Brian L. Hollenbeck et al. Virulence PMID:23076243; Alicia G. Beukers et al. Frontiers in Cellular and Infection Microbiology (2021) PMID:34094996	32117172;23076243;34094996	8f09419b-b501-5efe-8e8c-10c0fda8e0e1;0e8e70c5-913a-5afd-b126-40f9aa0c24df;7384c5a8-9bd7-5f59-8e78-2a0381bb599c;bd5fb435-f6d6-5995-b081-37b9810de8ea;6b843c8e-a49c-5bbe-93eb-88961ef0f106;4cfff12d-d49d-5964-87a6-90e456018542;40fad878-6cd0-53bd-99f9-b50d98c4f1c5;8986f23d-46a2-5b9f-a0d9-60f567ea1702;b789bd56-e179-500e-afb7-bfaf4e270a51	1;3;11;12;15;16;18;25;38			1f51b4af8d6c	mutation	2	84cd8501d39dfaa4	Qwen/Qwen3.6-35B-A3B	open-access	50	hybrid	2026-09-18T11:45:08Z		local	http://mango.cels.anl.gov:8004/v1	15443618b0d93b6e
Klebsiella oxytoca	gyrA	T83I	Antimicrobial resistance	measured	[5]	1		Etienne Ruppé et al. Scientific Reports PMID:28798333	28798333	6fabd97b-a4da-50c6-aa22-a7488a507747	5			0efe565ac20c	mutation	2	84cd8501d39dfaa4	Qwen/Qwen3.6-35B-A3B	open-access	50	hybrid	2026-09-18T11:45:09Z		local	http://mango.cels.anl.gov:8004/v1	9c5d8632acc50ff3
Klebsiella oxytoca	gyrA	S83L	Antimicrobial resistance	reported	[8]	105		Katrin Zurfluh et al. PLoS ONE PMID:24755830	24755830	e29c9ac1-582b-57f4-bd87-657325fe5244	8			0efe565ac20c	mutation	2	84cd8501d39dfaa4	Qwen/Qwen3.6-35B-A3B	open-access	50	hybrid	2026-09-18T11:45:09Z		local	http://mango.cels.anl.gov:8004/v1	9c5d8632acc50ff3
Klebsiella oxytoca	gyrA	S83V	Antimicrobial resistance	reported	[8]	104		Katrin Zurfluh et al. PLoS ONE PMID:24755830	24755830	e29c9ac1-582b-57f4-bd87-657325fe5244	8			0efe565ac20c	mutation	2	84cd8501d39dfaa4	Qwen/Qwen3.6-35B-A3B	open-access	50	hybrid	2026-09-18T11:45:09Z		local	http://mango.cels.anl.gov:8004/v1	9c5d8632acc50ff3
Klebsiella oxytoca	gyrA	S83I	Antimicrobial resistance	reported	[8]	104		Katrin Zurfluh et al. PLoS ONE PMID:24755830	24755830	e29c9ac1-582b-57f4-bd87-657325fe5244	8			0efe565ac20c	mutation	2	84cd8501d39dfaa4	Qwen/Qwen3.6-35B-A3B	open-access	50	hybrid	2026-09-18T11:45:09Z		local	http://mango.cels.anl.gov:8004/v1	9c5d8632acc50ff3
Enterococcus faecalis	liaR	D191N	Daptomycin resistance	measured	[18]	1		Milya Davlieva et al. Nucleic Acids Research PMID:25897118	25897118	de8b8076-5ca0-5d26-a0f8-efdce01d2461	18			7bed2ae93118	mutation	2	84cd8501d39dfaa4	Qwen/Qwen3.6-35B-A3B	open-access	50	hybrid	2026-09-18T11:45:11Z		local	http://mango.cels.anl.gov:8004/v1	d57b6223f34d8de6
Enterococcus faecalis	liaR	A98V	Antimicrobial conjugated oligoelectrolyte resistance	measured	[20]	1		Gayatri Shankar Chilambi et al. Frontiers in Microbiology (2020) PMID:32117172	32117172	26428067-7bda-5bd9-b7fe-6b6aacbd3bde	20			7bed2ae93118	mutation	2	84cd8501d39dfaa4	Qwen/Qwen3.6-35B-A3B	open-access	50	hybrid	2026-09-18T11:45:11Z		local	http://mango.cels.anl.gov:8004/v1	d57b6223f34d8de6
Enterococcus faecalis	liaR		Lipid rearrangement and differential expression of membrane stress response genes; Daptomycin resistance; Increased susceptibility to LL-37 killing	inferred; reported	[6]	9	missing:Mutation;merged_variants:Assertion;merged_variants:Phenotype	Milya Davlieva et al. Nucleic Acids Research PMID:25897118; Yohannes E. Messele et al. Antibiotics PMID:37508218; Latifah D. Almasaud et al. Scientific Reports PMID:41233480; Robert S. Barlow et al. PLoS ONE PMID:28542602; Zulema Udaondo et al. Microbial Genomics PMID:35921144; Gayatri Shankar Chilambi et al. Frontiers in Microbiology (2020) PMID:32117172; Kylen E. Ridyard et al. Antibiotics PMID:34072318	25897118;37508218;41233480;28542602;35921144;32117172;34072318	5250c67a-78e8-5e5c-9456-53861e35846d;873e5fd2-2504-594b-a393-ae0714f5e004;7d37092f-f42b-5134-a769-0323d5d38c94;4b060599-5aea-5284-b726-f2affd9f840e;a39e809c-9499-51c3-85b3-bad1af1c913f;2fe859b5-a9b4-5cf2-ad0f-54e6aca34d82;088b6868-29c7-5006-8127-f5605d5034aa;0e8e70c5-913a-5afd-b126-40f9aa0c24df;5af69d9e-b17d-5268-985a-c47d3d5104c8	1;2;4;6;12;30;46;48;49			7bed2ae93118	mutation	2	84cd8501d39dfaa4	Qwen/Qwen3.6-35B-A3B	open-access	50	hybrid	2026-09-18T11:45:11Z		local	http://mango.cels.anl.gov:8004/v1	d57b6223f34d8de6
Enterococcus faecalis	liaS	W73C	Daptomycin resistance	reported	[15]	1		Robert S. Barlow et al. PLoS ONE PMID:28542602	28542602	2fe859b5-a9b4-5cf2-ad0f-54e6aca34d82	15	W73C	Trp73 to Cys	04557c058882	mutation	2	84cd8501d39dfaa4	Qwen/Qwen3.6-35B-A3B	open-access	50	hybrid	2026-09-18T11:45:11Z		local	http://mango.cels.anl.gov:8004/v1	42bd776c222327b5
Enterococcus faecalis	liaS		Daptomycin resistance	reported	[2]	4	missing:Mutation	Latifah D. Almasaud et al. Scientific Reports PMID:41233480; Milya Davlieva et al. Nucleic Acids Research PMID:25897118; Swati Sucharita Satpathy et al. Scientific Reports PMID:40998902	41233480;25897118;40998902	4b060599-5aea-5284-b726-f2affd9f840e;a39e809c-9499-51c3-85b3-bad1af1c913f;873e5fd2-2504-594b-a393-ae0714f5e004;e600fcb5-6f5f-5ceb-b3ec-2d6eb0913694	2;32;34;45			04557c058882	mutation	2	84cd8501d39dfaa4	Qwen/Qwen3.6-35B-A3B	open-access	50	hybrid	2026-09-18T11:45:11Z		local	http://mango.cels.anl.gov:8004/v1	42bd776c222327b5
Enterococcus faecium	liaS	W73C	Daptomycin resistance	reported	[18]	2	off_target_gene	Robert S. Barlow et al. PLoS ONE PMID:28542602; Lucy Li et al. Frontiers in Microbiology (2021) PMID:34745054	28542602;34745054	2fe859b5-a9b4-5cf2-ad0f-54e6aca34d82;00d7908b-ac66-5ddd-9567-cd5f30732b12	18;23	W73C	Trp73 to Cys	ef57f2f0aa2a	mutation	2	84cd8501d39dfaa4	Qwen/Qwen3.6-35B-A3B	open-access	50	hybrid	2026-09-18T11:45:14Z		local	http://mango.cels.anl.gov:8004/v1	2d8ec39c13d2f94b
Enterococcus faecium	liaS	T120A	Daptomycin resistance	reported	[18]	6	off_target_gene	Robert S. Barlow et al. PLoS ONE PMID:28542602; Lucy Li et al. Frontiers in Microbiology (2021) PMID:34745054; Zulema Udaondo et al. Microbial Genomics PMID:35921144	28542602;34745054;35921144	2fe859b5-a9b4-5cf2-ad0f-54e6aca34d82;00d7908b-ac66-5ddd-9567-cd5f30732b12;1bbad5d2-9ba8-5219-bfc5-183f01617f93;5e6a50ba-9622-5255-a170-0a3f8d77d3fc;516311b4-3915-5ca1-a669-e21648e0b1aa;088b6868-29c7-5006-8127-f5605d5034aa	18;23;37;38;48;49	T120A	Thr120 to Ala	ef57f2f0aa2a	mutation	2	84cd8501d39dfaa4	Qwen/Qwen3.6-35B-A3B	open-access	50	hybrid	2026-09-18T11:45:14Z		local	http://mango.cels.anl.gov:8004/v1	2d8ec39c13d2f94b
Enterococcus faecium	liaS		Daptomycin resistance	reported	[20]	15	missing:Mutation;off_target_gene	Latifah D. Almasaud et al. Scientific Reports PMID:41233480; Yohannes E. Messele et al. Antibiotics PMID:37508218; Lucy Li et al. Frontiers in Microbiology (2021) PMID:34745054; Angela Maria Di Pierro et al. Pathogens PMID:41754396; Robert S. Barlow et al. PLoS ONE PMID:28542602; Luoxiong Zhou et al. Frontiers in Microbiology (2019) PMID:31134041; Milya Davlieva et al. Nucleic Acids Research PMID:25897118; Ashlan J. Kunz Coyne et al. Antibiotics PMID:36139953; Swati Sucharita Satpathy et al. Scientific Reports PMID:40998902	41233480;37508218;34745054;41754396;28542602;31134041;25897118;36139953;40998902	4b060599-5aea-5284-b726-f2affd9f840e;814bbcf4-9e1c-5092-b738-87f8fe9c5a89;a39e809c-9499-51c3-85b3-bad1af1c913f;7d37092f-f42b-5134-a769-0323d5d38c94;030a28ea-4ef6-5ea5-bade-65c1f8894473;02a4df3c-bce3-592e-81ae-7922dd24b978;2fe859b5-a9b4-5cf2-ad0f-54e6aca34d82;52f8c951-9a08-5073-828b-87103d02dba7;ae52c817-208b-5dcc-a156-609a11b659c5;5250c67a-78e8-5e5c-9456-53861e35846d;873e5fd2-2504-594b-a393-ae0714f5e004;a4d0a51d-ef1b-5133-8a70-a4377d5a4f81;b1f2f9fb-5484-5b65-9a11-08314e3a1877	1;2;4;7;9;10;15;18;19;20;27;36;40			ef57f2f0aa2a	mutation	2	84cd8501d39dfaa4	Qwen/Qwen3.6-35B-A3B	open-access	50	hybrid	2026-09-18T11:45:14Z		local	http://mango.cels.anl.gov:8004/v1	2d8ec39c13d2f94b
Enterococcus faecium	liaS	LiaST120A	Daptomycin resistance	reported	[50]	1		Zulema Udaondo et al. Microbial Genomics PMID:35921144	35921144	088b6868-29c7-5006-8127-f5605d5034aa	50			ef57f2f0aa2a	mutation	2	84cd8501d39dfaa4	Qwen/Qwen3.6-35B-A3B	open-access	50	hybrid	2026-09-18T11:45:14Z		local	http://mango.cels.anl.gov:8004/v1	2d8ec39c13d2f94b
Enterococcus faecium	liaR		Daptomycin resistance	reported	[20]	15	missing:Mutation;off_target_gene	Latifah D. Almasaud et al. Scientific Reports PMID:41233480; Yohannes E. Messele et al. Antibiotics PMID:37508218; Lucy Li et al. Frontiers in Microbiology (2021) PMID:34745054; Angela Maria Di Pierro et al. Pathogens PMID:41754396; Robert S. Barlow et al. PLoS ONE PMID:28542602; Luoxiong Zhou et al. Frontiers in Microbiology (2019) PMID:31134041; Milya Davlieva et al. Nucleic Acids Research PMID:25897118; Ashlan J. Kunz Coyne et al. Antibiotics PMID:36139953; Swati Sucharita Satpathy et al. Scientific Reports PMID:40998902	41233480;37508218;34745054;41754396;28542602;31134041;25897118;36139953;40998902	4b060599-5aea-5284-b726-f2affd9f840e;814bbcf4-9e1c-5092-b738-87f8fe9c5a89;a39e809c-9499-51c3-85b3-bad1af1c913f;7d37092f-f42b-5134-a769-0323d5d38c94;030a28ea-4ef6-5ea5-bade-65c1f8894473;02a4df3c-bce3-592e-81ae-7922dd24b978;2fe859b5-a9b4-5cf2-ad0f-54e6aca34d82;52f8c951-9a08-5073-828b-87103d02dba7;ae52c817-208b-5dcc-a156-609a11b659c5;5250c67a-78e8-5e5c-9456-53861e35846d;873e5fd2-2504-594b-a393-ae0714f5e004;a4d0a51d-ef1b-5133-8a70-a4377d5a4f81;b1f2f9fb-5484-5b65-9a11-08314e3a1877	1;2;4;7;9;10;15;18;19;20;27;36;40			ef57f2f0aa2a	mutation	2	84cd8501d39dfaa4	Qwen/Qwen3.6-35B-A3B	open-access	50	hybrid	2026-09-18T11:45:14Z		local	http://mango.cels.anl.gov:8004/v1	2d8ec39c13d2f94b
Enterococcus faecium	liaR	LiaRW73C	Daptomycin resistance	reported	[50]	1	off_target_gene	Zulema Udaondo et al. Microbial Genomics PMID:35921144	35921144	088b6868-29c7-5006-8127-f5605d5034aa	50			ef57f2f0aa2a	mutation	2	84cd8501d39dfaa4	Qwen/Qwen3.6-35B-A3B	open-access	50	hybrid	2026-09-18T11:45:14Z		local	http://mango.cels.anl.gov:8004/v1	2d8ec39c13d2f94b
Escherichia coli	lon	lon- (null mutation)	Multidrug resistance (Tetracycline, Ampicillin, Chloramphenicol, Erythromycin); Tetracycline resistance (2-fold increase in IC50); Sensitivity to Mitomycin C (MMC); Increased resistance to Tigecycline; Increased resistance to Tetracycline, Kanamycin, and Erythromycin; Enhanced fitness and potential for Trimethoprim resistance; Increased resistance to Ciprofloxacin (persister populations); Increased resistance to Ampicillin, Chloramphenicol, and Tetracycline	measured; reported	[9]	9	merged_variants:Phenotype;merged_variants:Assertion	Junichiro Iwasawa et al. PLOS Biology PMID:36512529; Li Fang et al. PLoS ONE PMID:27764207; Elisa Pagan et al. Applied Microbiology and Biotechnology PMID:38175235; Perumalraja Kirthika et al. International Journal of Molecular Sciences PMID:36834832; Raphaël Charron et al. Microbiology PMID:37266984	36512529;27764207;38175235;36834832;37266984	35276f41-5f95-5961-9451-d42a35624b5d;aa39bf81-7330-51f0-a178-da1364e0a03c;878e47e2-cb30-5164-be50-86c971786db7;e3263396-339b-55c1-9cf5-9f3e674baf45;4cf0cabb-a969-54ba-a02e-74d9a174abb9;269219e0-c0ad-59fc-969c-290c83d7ee21	9;10;12;16;32;37			61cec08bcd8a	mutation	2	84cd8501d39dfaa4	Qwen/Qwen3.6-35B-A3B	open-access	50	hybrid	2026-09-18T11:45:16Z		local	http://mango.cels.anl.gov:8004/v1	54420533fe4d1808
Escherichia coli	lon	E93Ter	Unchecked capsule biosynthesis (Colanic acid hyperproduction)	reported	[11]	1		Jieying Tu et al. PLOS Pathogens PMID:41428763	41428763	aa1e9e06-c871-59ca-a992-da95e0984b69	11			61cec08bcd8a	mutation	2	84cd8501d39dfaa4	Qwen/Qwen3.6-35B-A3B	open-access	50	hybrid	2026-09-18T11:45:16Z		local	http://mango.cels.anl.gov:8004/v1	54420533fe4d1808
Escherichia coli	lon	G383D	Chlorhexidine tolerance	reported	[29]	1		Mathilde Lescat et al. Antibiotics PMID:35052927	35052927	a5bcfce7-3dc7-530b-b70d-5b31242fc4fa	29			61cec08bcd8a	mutation	2	84cd8501d39dfaa4	Qwen/Qwen3.6-35B-A3B	open-access	50	hybrid	2026-09-18T11:45:16Z		local	http://mango.cels.anl.gov:8004/v1	54420533fe4d1808
Escherichia coli	lon	SNv (Position 1211 bp, Glycine to Aspartic acid)	Increased resistance to Carvacrol	reported	[8]	1		Daniel Berdejo et al. Microorganisms PMID:32580471	32580471	26df38e7-0e47-522a-b4a0-83c2ee708102	8			61cec08bcd8a	mutation	2	84cd8501d39dfaa4	Qwen/Qwen3.6-35B-A3B	open-access	50	hybrid	2026-09-18T11:45:16Z		local	http://mango.cels.anl.gov:8004/v1	54420533fe4d1808
Escherichia coli	lon	SNv	Resistance to Ampicillin and Chloramphenicol	reported	[12]	1		Elisa Pagan et al. Applied Microbiology and Biotechnology PMID:38175235	38175235	e3263396-339b-55c1-9cf5-9f3e674baf45	12			61cec08bcd8a	mutation	2	84cd8501d39dfaa4	Qwen/Qwen3.6-35B-A3B	open-access	50	hybrid	2026-09-18T11:45:16Z		local	http://mango.cels.anl.gov:8004/v1	54420533fe4d1808
Enterococcus faecium	liaR	W73C	daptomycin resistance	reported	[23]	5		Lucy Li et al. Frontiers in Microbiology (2021) PMID:34745054; Zulema Udaondo et al. Microbial Genomics PMID:35921144	34745054;35921144	00d7908b-ac66-5ddd-9567-cd5f30732b12;1bbad5d2-9ba8-5219-bfc5-183f01617f93;5e6a50ba-9622-5255-a170-0a3f8d77d3fc;516311b4-3915-5ca1-a669-e21648e0b1aa;088b6868-29c7-5006-8127-f5605d5034aa	23;37;38;48;49			cd5ca956ea4c	mutation	2	84cd8501d39dfaa4	Qwen/Qwen3.6-35B-A3B	open-access	50	hybrid	2026-09-18T11:45:18Z		local	http://mango.cels.anl.gov:8004/v1	e4c6896e5ddbddd9
Enterococcus faecium	liaR	S19F	daptomycin resistance	reported	[23]	4		Lucy Li et al. Frontiers in Microbiology (2021) PMID:34745054	34745054	00d7908b-ac66-5ddd-9567-cd5f30732b12;1bbad5d2-9ba8-5219-bfc5-183f01617f93;5e6a50ba-9622-5255-a170-0a3f8d77d3fc;516311b4-3915-5ca1-a669-e21648e0b1aa	23;37;38;48			cd5ca956ea4c	mutation	2	84cd8501d39dfaa4	Qwen/Qwen3.6-35B-A3B	open-access	50	hybrid	2026-09-18T11:45:18Z		local	http://mango.cels.anl.gov:8004/v1	e4c6896e5ddbddd9
Enterococcus faecium	liaR	D191N	daptomycin resistance	reported	[24]	1		Milya Davlieva et al. Nucleic Acids Research PMID:25897118	25897118	de8b8076-5ca0-5d26-a0f8-efdce01d2461	24			cd5ca956ea4c	mutation	2	84cd8501d39dfaa4	Qwen/Qwen3.6-35B-A3B	open-access	50	hybrid	2026-09-18T11:45:18Z		local	http://mango.cels.anl.gov:8004/v1	e4c6896e5ddbddd9
Enterococcus faecium	liaR	A98V	daptomycin resistance	reported	[30]	1		Gayatri Shankar Chilambi et al. Frontiers in Microbiology (2020) PMID:32117172	32117172	26428067-7bda-5bd9-b7fe-6b6aacbd3bde	30			cd5ca956ea4c	mutation	2	84cd8501d39dfaa4	Qwen/Qwen3.6-35B-A3B	open-access	50	hybrid	2026-09-18T11:45:18Z		local	http://mango.cels.anl.gov:8004/v1	e4c6896e5ddbddd9
Klebsiella pneumoniae	lpxM		Polymyxin resistance	reported	[15]	6	missing:Mutation	Gustavo Henrique Rodrigues Vale de Macedo et al. Pathogens PMID:33540588; Victor M. Luna-Pineda et al. International Journal of Molecular Sciences PMID:38396811; Sadia Abbas et al. Frontiers in Microbiology (2025) PMID:40231234; Loukas Kakoullis et al. Antibiotics PMID:33920199; Nattamol Phetburom et al. Microorganisms PMID:34946038; Abiola O. Olaitan et al. Frontiers in Microbiology (2014) PMID:25505462	33540588;38396811;40231234;33920199;34946038;25505462	bff1d0e8-b954-5dd3-ab07-c87fb5e71b7b;066fd6b7-eeb9-5488-8a89-e682b6f99bd0;1a3438a2-bcc0-5bb3-9480-43c8b120650b;d31c1956-7f18-59cc-bc39-378cd1aa97e7;ad1a2137-4cc7-556e-aa53-f9b92fa4d806;5ba1698c-d2ce-5d9c-a8ef-f04b91ae5289	9;10;15;17;24;30			bfe5774f0052	mutation	2	84cd8501d39dfaa4	Qwen/Qwen3.6-35B-A3B	open-access	50	hybrid	2026-09-18T11:45:21Z		local	http://mango.cels.anl.gov:8004/v1	6c5874c93ca5209b
Acinetobacter baumannii	lpxC	N287D	colistin resistance	reported	[1]	2		Dimitrios Karakalpakidis et al. Antibiotics PMID:41892479; Srinivasan Vijaya Bharathi et al. Frontiers in Microbiology (2021) PMID:35002996	41892479;35002996	08795697-87b2-52f9-842a-58a51ddbff5e;e7e7b820-46ca-5f53-b80f-26a155e78386	1;45	N287D	LpxC N287D	a45962fbacc2	mutation	2	84cd8501d39dfaa4	Qwen/Qwen3.6-35B-A3B	open-access	50	hybrid	2026-09-18T11:45:23Z		local	http://mango.cels.anl.gov:8004/v1	e1a7a3940864271c
Acinetobacter baumannii	lpxC	ISAba1 insertion	colistin resistance	measured	[2]	3		Xiaoting Hua et al. Frontiers in Cellular and Infection Microbiology (2017) PMID:28275586	28275586	2ed43175-3781-5971-b8fa-a9b67d5376d9;d05bb26a-fdc1-50de-95a9-34666dc03c4f;121428cc-2ad7-59f7-91f1-ea0c0283e7df	2;7;12			a45962fbacc2	mutation	2	84cd8501d39dfaa4	Qwen/Qwen3.6-35B-A3B	open-access	50	hybrid	2026-09-18T11:45:23Z		local	http://mango.cels.anl.gov:8004/v1	e1a7a3940864271c
Acinetobacter baumannii	lpxC	mutation	colistin resistance	reported	[9]	15		Giancarlo Angeles Flores et al. Microorganisms PMID:40142450; Dimitrios Karakalpakidis et al. Antibiotics PMID:41892479; Zahra Farshadzadeh et al. Frontiers in Microbiology (2018) PMID:29483899; Soo-Sum Lean et al. Frontiers in Microbiology (2015) PMID:26779129; Julio Cesar Garcia Casallas et al. Journal of Medical Case Reports PMID:31064407; Viviana Cafiso et al. Frontiers in Microbiology (2018) PMID:30666237; Jamil Allen G. Fortaleza et al. Virulence (2026) PMID:42056714; Carole Ayoub Moubareck et al. Antibiotics PMID:32178356; Ignasi Roca et al. Frontiers in Microbiology (2012) PMID:22536199; Benjamin Havenga et al. Microorganisms PMID:35630494; Afreen Shadan et al. Frontiers in Cellular and Infection Microbiology (2023) PMID:36968113; Jingchao Shi et al. Frontiers in Microbiology (2024) PMID:38318341; Chorong Hahm et al. PLoS ONE PMID:35245298; Ilaria Cavallo et al. Frontiers in Microbiology (2023) PMID:37425994	40142450;41892479;29483899;26779129;31064407;30666237;42056714;32178356;22536199;35630494;36968113;38318341;35245298;37425994	d23222eb-6e6e-5ed3-9df0-8eb23219f5f1;7d63b66e-23f8-5c20-91dd-bae86659d022;b9555e0a-9c73-5b11-b00e-54249471c46a;b84c464c-4d92-52bb-9811-ff416a62de2c;a9854993-94b2-5995-9552-bf0e684fd98e;98c31fe9-74a3-5324-9a23-a3ddbb6f140e;300088b3-bf72-54cc-826c-b85b1f55cc8c;e9b17e78-15d6-5c47-ac38-1bb644160059;6accc1e4-6c53-5cb8-bfbb-42583dfffd4d;a57b9723-f1d2-57ea-bb2c-512b25668878;8f54efb0-7d3e-5d3d-a143-1d7863e10ec0;25b563ec-b3ac-583e-bdcf-2f1747be0bb4;60e57c0f-88db-5b7c-bd81-a4d235bbd1e7;d7815cb0-b775-5681-bf8f-0383fdb40094;94c78e5a-147e-5b1d-afeb-5bfcf3484b2e	9;10;11;15;19;20;21;24;25;27;28;32;38;39;41			a45962fbacc2	mutation	2	84cd8501d39dfaa4	Qwen/Qwen3.6-35B-A3B	open-access	50	hybrid	2026-09-18T11:45:23Z		local	http://mango.cels.anl.gov:8004/v1	e1a7a3940864271c
Acinetobacter baumannii	lpxC	Asp-287 → Asn-287	colistin resistance	reported	[34]	1		Itziar Chapartegui-González et al. Antibiotics PMID:34206348	34206348	79f45caf-b2de-588a-ab04-2c9d8faea61a	34			a45962fbacc2	mutation	2	84cd8501d39dfaa4	Qwen/Qwen3.6-35B-A3B	open-access	50	hybrid	2026-09-18T11:45:23Z		local	http://mango.cels.anl.gov:8004/v1	e1a7a3940864271c
Acinetobacter baumannii	lpxC	C120R	colistin resistance	reported	[45]	1		Srinivasan Vijaya Bharathi et al. Frontiers in Microbiology (2021) PMID:35002996	35002996	e7e7b820-46ca-5f53-b80f-26a155e78386	45			a45962fbacc2	mutation	2	84cd8501d39dfaa4	Qwen/Qwen3.6-35B-A3B	open-access	50	hybrid	2026-09-18T11:45:23Z		local	http://mango.cels.anl.gov:8004/v1	e1a7a3940864271c
Acinetobacter baumannii	lpxC	40nt insertion at nt 321	colistin resistance	reported	[47]	1		Valerie Defraine et al. Frontiers in Microbiology (2018) PMID:29472905	29472905	4392d65d-20d0-5007-9a30-de8ca9da5a17	47			a45962fbacc2	mutation	2	84cd8501d39dfaa4	Qwen/Qwen3.6-35B-A3B	open-access	50	hybrid	2026-09-18T11:45:23Z		local	http://mango.cels.anl.gov:8004/v1	e1a7a3940864271c
Acinetobacter baumannii	lpxC	D104E	colistin resistance	measured	[23]	1		Go Kamoshida et al. Frontiers in Microbiology (2020) PMID:32373082	32373082	3462d455-35c1-5527-b5c9-a02d692fc3d0	23	D104E	312T→A (LpxC D104E)	a45962fbacc2	mutation	2	84cd8501d39dfaa4	Qwen/Qwen3.6-35B-A3B	open-access	50	hybrid	2026-09-18T11:45:23Z		local	http://mango.cels.anl.gov:8004/v1	e1a7a3940864271c
Acinetobacter baumannii	lpxC	F191L	colistin resistance	measured	[23]	1		Go Kamoshida et al. Frontiers in Microbiology (2020) PMID:32373082	32373082	3462d455-35c1-5527-b5c9-a02d692fc3d0	23	F191L	573T→G (LpxC F191L)	a45962fbacc2	mutation	2	84cd8501d39dfaa4	Qwen/Qwen3.6-35B-A3B	open-access	50	hybrid	2026-09-18T11:45:23Z		local	http://mango.cels.anl.gov:8004/v1	e1a7a3940864271c
Acinetobacter baumannii	lpxC	D141*	colistin resistance	measured	[23]	1		Go Kamoshida et al. Frontiers in Microbiology (2020) PMID:32373082	32373082	3462d455-35c1-5527-b5c9-a02d692fc3d0	23	D141*	420T::X (LpxC D141*)	a45962fbacc2	mutation	2	84cd8501d39dfaa4	Qwen/Qwen3.6-35B-A3B	open-access	50	hybrid	2026-09-18T11:45:23Z		local	http://mango.cels.anl.gov:8004/v1	e1a7a3940864271c
Acinetobacter baumannii	lpxC	312T→A	colistin resistance	reported	[20]	1		Julio Cesar Garcia Casallas et al. Journal of Medical Case Reports PMID:31064407	31064407	98c31fe9-74a3-5324-9a23-a3ddbb6f140e	20			a45962fbacc2	mutation	2	84cd8501d39dfaa4	Qwen/Qwen3.6-35B-A3B	open-access	50	hybrid	2026-09-18T11:45:23Z		local	http://mango.cels.anl.gov:8004/v1	e1a7a3940864271c
Acinetobacter baumannii	lpxC	573T→G	colistin resistance	reported	[20]	1		Julio Cesar Garcia Casallas et al. Journal of Medical Case Reports PMID:31064407	31064407	98c31fe9-74a3-5324-9a23-a3ddbb6f140e	20			a45962fbacc2	mutation	2	84cd8501d39dfaa4	Qwen/Qwen3.6-35B-A3B	open-access	50	hybrid	2026-09-18T11:45:23Z		local	http://mango.cels.anl.gov:8004/v1	e1a7a3940864271c
Acinetobacter baumannii	lpxC	420T::X	colistin resistance	reported	[20]	1		Julio Cesar Garcia Casallas et al. Journal of Medical Case Reports PMID:31064407	31064407	98c31fe9-74a3-5324-9a23-a3ddbb6f140e	20			a45962fbacc2	mutation	2	84cd8501d39dfaa4	Qwen/Qwen3.6-35B-A3B	open-access	50	hybrid	2026-09-18T11:45:23Z		local	http://mango.cels.anl.gov:8004/v1	e1a7a3940864271c
Escherichia coli	marR	Y137H	Antimicrobial resistance (carbapenem resistance)	reported	[20]	1		Simone Giuliano et al. Scientific Reports PMID:40595049	40595049	b1e95759-4d16-5426-8601-4949f19c6d57	20			44d1ac86e8ba	mutation	2	84cd8501d39dfaa4	Qwen/Qwen3.6-35B-A3B	open-access	50	hybrid	2026-09-18T11:45:26Z		local	http://mango.cels.anl.gov:8004/v1	aca35a1f25935ac7
Escherichia coli	marR	G103S	Antimicrobial resistance (quinolone resistance)	reported	[20]	1		Simone Giuliano et al. Scientific Reports PMID:40595049	40595049	b1e95759-4d16-5426-8601-4949f19c6d57	20			44d1ac86e8ba	mutation	2	84cd8501d39dfaa4	Qwen/Qwen3.6-35B-A3B	open-access	50	hybrid	2026-09-18T11:45:26Z		local	http://mango.cels.anl.gov:8004/v1	aca35a1f25935ac7
Escherichia coli	marR	S3N	Quinolone resistance	reported	[17]	3		Paula Kurittu et al. Frontiers in Microbiology (2021) PMID:35058905	35058905	84e09210-ca13-5ff9-a263-ce1079e591a2;edde38c4-0350-54c7-8b89-6d40686319ff;71b23980-bf3a-5e7c-b517-0c4c1898f79b	17;18;21			44d1ac86e8ba	mutation	2	84cd8501d39dfaa4	Qwen/Qwen3.6-35B-A3B	open-access	50	hybrid	2026-09-18T11:45:26Z		local	http://mango.cels.anl.gov:8004/v1	aca35a1f25935ac7
Escherichia coli	marR	V66F	Ampicillin resistance	measured	[27]	1		Nakjun Choi et al. Virulence (2024) PMID:38899601	38899601	f5da3606-fbc3-5b12-846f-a9ffed1a69ea	27			44d1ac86e8ba	mutation	2	84cd8501d39dfaa4	Qwen/Qwen3.6-35B-A3B	open-access	50	hybrid	2026-09-18T11:45:26Z		local	http://mango.cels.anl.gov:8004/v1	aca35a1f25935ac7
Escherichia coli	marR		Antimicrobial resistance	reported	[1]	19	missing:Mutation	Anna Berthold-Pluta et al. International Journal of Molecular Sciences PMID:39201307; Artun Yibar et al. BMC Genomics PMID:39487414; Kandhan Srinivas et al. Frontiers in Microbiology (2025) PMID:40083789; Md. Rafiul Islam et al. Scientific Reports PMID:39748007; Ayman Ahmad Al kraiem et al. Frontiers in Cellular and Infection Microbiology (2019) PMID:31824867; Pavel G. Alexyuk et al. Pathogens PMID:39861051; Adrienn Gréta Tóth et al. Antibiotics PMID:34827225; Adrienn Gréta Tóth et al. Scientific Reports PMID:33384459; Bigya Dhital et al. Antibiotics PMID:41594120; Niranjana Sri Sundaramoorthy et al. Scientific Reports PMID:31882661; Lisa Praski Alzrigat et al. Journal of Antimicrobial Chemotherapy PMID:28962020; Ádám Kerek et al. Antibiotics PMID:38136762; Lisa Praski Alzrigat et al. Journal of Antimicrobial Chemotherapy PMID:33089314; Kamya Bhatnagar et al. PLoS ONE PMID:31689338; Felipe L. Teixeira et al. Scientific Reports PMID:30258073; Amit Kumar et al. PLOS One PMID:42348609	39201307;39487414;40083789;39748007;31824867;39861051;34827225;33384459;41594120;31882661;28962020;38136762;33089314;31689338;30258073;42348609	a4224f37-40c1-5b2e-b2b5-230ad049c18f;ff70d5f0-4421-5d22-a00c-ba0c574184a9;78206e94-76d4-5661-a37d-210785656a76;dc578389-2288-5653-8d21-299072db092e;854f81c8-ffdf-58bb-8fbb-93ffd476d4e4;cd14811b-18ad-534e-8bfc-3b05dc31163d;a123d47e-095d-5f69-969a-e66573fdae92;e4535930-e42d-5015-b57c-b495bbd08726;92297d7a-bd34-5167-8657-36f2273eb80a;57792c65-4047-5ee1-92f5-b40bb6664fb0;33b01157-7cf1-537e-824a-6f3ed985e16f;bad0e6c4-7b45-5a8d-b2d9-0b5b2c682eb6;d60fd599-65a3-523a-9c86-80d8460db9d8;11457a43-6dc9-566a-8323-a0728afb6b3a;78d92180-1954-518d-a93f-310b23157748;1ac70fd8-4bd2-5609-ac29-b212780426d1;393a86aa-03a5-5e7b-89d1-6875e208a428;838b1b54-a17a-5870-8351-c0a5e1e97022;fc0fcc5d-057a-5c16-b2fc-8411bdcf896b	1;3;4;5;10;11;12;13;14;15;16;23;24;25;26;28;29;30;31			44d1ac86e8ba	mutation	2	84cd8501d39dfaa4	Qwen/Qwen3.6-35B-A3B	open-access	50	hybrid	2026-09-18T11:45:26Z		local	http://mango.cels.anl.gov:8004/v1	aca35a1f25935ac7
Staphylococcus aureus	mepR	E32K	Antimicrobial resistance	measured	[1]	1		Sofia Santos Costa et al. BMC Microbiology PMID:26498754	26498754	5d7d0507-97bf-5117-81d1-a82b0737af47	1			76466773c840	mutation	2	84cd8501d39dfaa4	Qwen/Qwen3.6-35B-A3B	open-access	50	hybrid	2026-09-18T11:45:29Z		local	http://mango.cels.anl.gov:8004/v1	61fff10ab3d99628
Staphylococcus aureus	mepR	V167I	Antimicrobial resistance	reported	[13]	1		Weiliang Zeng et al. Frontiers in Microbiology (2022) PMID:36483205	36483205	c01cb59c-c8d9-57fe-a33e-eee88d8adb6f	13			76466773c840	mutation	2	84cd8501d39dfaa4	Qwen/Qwen3.6-35B-A3B	open-access	50	hybrid	2026-09-18T11:45:29Z		local	http://mango.cels.anl.gov:8004/v1	61fff10ab3d99628
Staphylococcus aureus	mepR	S332I	Antimicrobial resistance	reported	[13]	1		Weiliang Zeng et al. Frontiers in Microbiology (2022) PMID:36483205	36483205	c01cb59c-c8d9-57fe-a33e-eee88d8adb6f	13			76466773c840	mutation	2	84cd8501d39dfaa4	Qwen/Qwen3.6-35B-A3B	open-access	50	hybrid	2026-09-18T11:45:29Z		local	http://mango.cels.anl.gov:8004/v1	61fff10ab3d99628
Staphylococcus aureus	mepR	T411A	Antimicrobial resistance	reported	[13]	1		Weiliang Zeng et al. Frontiers in Microbiology (2022) PMID:36483205	36483205	c01cb59c-c8d9-57fe-a33e-eee88d8adb6f	13			76466773c840	mutation	2	84cd8501d39dfaa4	Qwen/Qwen3.6-35B-A3B	open-access	50	hybrid	2026-09-18T11:45:29Z		local	http://mango.cels.anl.gov:8004/v1	61fff10ab3d99628
Staphylococcus aureus	mepR	M70I	Antimicrobial resistance	reported	[17]	1		Weiliang Zeng et al. Frontiers in Microbiology (2022) PMID:36483205	36483205	5d4cfd72-502f-5777-9c19-e496475a975d	17			76466773c840	mutation	2	84cd8501d39dfaa4	Qwen/Qwen3.6-35B-A3B	open-access	50	hybrid	2026-09-18T11:45:29Z		local	http://mango.cels.anl.gov:8004/v1	61fff10ab3d99628
Staphylococcus aureus	mepR	K93E	Antimicrobial resistance	reported	[17]	1		Weiliang Zeng et al. Frontiers in Microbiology (2022) PMID:36483205	36483205	5d4cfd72-502f-5777-9c19-e496475a975d	17			76466773c840	mutation	2	84cd8501d39dfaa4	Qwen/Qwen3.6-35B-A3B	open-access	50	hybrid	2026-09-18T11:45:29Z		local	http://mango.cels.anl.gov:8004/v1	61fff10ab3d99628
Staphylococcus aureus	mepR	T114A	Antimicrobial resistance	reported	[17]	1		Weiliang Zeng et al. Frontiers in Microbiology (2022) PMID:36483205	36483205	5d4cfd72-502f-5777-9c19-e496475a975d	17			76466773c840	mutation	2	84cd8501d39dfaa4	Qwen/Qwen3.6-35B-A3B	open-access	50	hybrid	2026-09-18T11:45:29Z		local	http://mango.cels.anl.gov:8004/v1	61fff10ab3d99628
Staphylococcus aureus	mepR	A307S	Antimicrobial resistance	reported	[17]	1		Weiliang Zeng et al. Frontiers in Microbiology (2022) PMID:36483205	36483205	5d4cfd72-502f-5777-9c19-e496475a975d	17			76466773c840	mutation	2	84cd8501d39dfaa4	Qwen/Qwen3.6-35B-A3B	open-access	50	hybrid	2026-09-18T11:45:29Z		local	http://mango.cels.anl.gov:8004/v1	61fff10ab3d99628
Staphylococcus aureus	mepR	A364T	Antimicrobial resistance	reported	[17]	1		Weiliang Zeng et al. Frontiers in Microbiology (2022) PMID:36483205	36483205	5d4cfd72-502f-5777-9c19-e496475a975d	17			76466773c840	mutation	2	84cd8501d39dfaa4	Qwen/Qwen3.6-35B-A3B	open-access	50	hybrid	2026-09-18T11:45:29Z		local	http://mango.cels.anl.gov:8004/v1	61fff10ab3d99628
Staphylococcus aureus	mepR	D40G	Antimicrobial resistance	reported	[17]	1		Weiliang Zeng et al. Frontiers in Microbiology (2022) PMID:36483205	36483205	5d4cfd72-502f-5777-9c19-e496475a975d	17			76466773c840	mutation	2	84cd8501d39dfaa4	Qwen/Qwen3.6-35B-A3B	open-access	50	hybrid	2026-09-18T11:45:29Z		local	http://mango.cels.anl.gov:8004/v1	61fff10ab3d99628
Staphylococcus aureus	mepR	K74R	Antimicrobial resistance	reported	[17]	1		Weiliang Zeng et al. Frontiers in Microbiology (2022) PMID:36483205	36483205	5d4cfd72-502f-5777-9c19-e496475a975d	17			76466773c840	mutation	2	84cd8501d39dfaa4	Qwen/Qwen3.6-35B-A3B	open-access	50	hybrid	2026-09-18T11:45:29Z		local	http://mango.cels.anl.gov:8004/v1	61fff10ab3d99628
Staphylococcus aureus	mepR	L155F	Antimicrobial resistance	reported	[18]	1		Weiliang Zeng et al. Frontiers in Microbiology (2022) PMID:36483205	36483205	c70ca1dc-f937-5e53-9108-b0af25a8099e	18			76466773c840	mutation	2	84cd8501d39dfaa4	Qwen/Qwen3.6-35B-A3B	open-access	50	hybrid	2026-09-18T11:45:29Z		local	http://mango.cels.anl.gov:8004/v1	61fff10ab3d99628
Staphylococcus aureus	mepR	E130*	Antimicrobial resistance	reported	[19]	1		Weiliang Zeng et al. Frontiers in Microbiology (2022) PMID:36483205	36483205	ee584748-ae5b-559e-bc0c-697212075391	19			76466773c840	mutation	2	84cd8501d39dfaa4	Qwen/Qwen3.6-35B-A3B	open-access	50	hybrid	2026-09-18T11:45:29Z		local	http://mango.cels.anl.gov:8004/v1	61fff10ab3d99628
Staphylococcus aureus	mepR	K2Q	Antimicrobial resistance	reported	[21]	1		Weiliang Zeng et al. Frontiers in Microbiology (2022) PMID:36483205	36483205	19abd8b4-d8f6-5aa9-ab07-445adc740c69	21			76466773c840	mutation	2	84cd8501d39dfaa4	Qwen/Qwen3.6-35B-A3B	open-access	50	hybrid	2026-09-18T11:45:29Z		local	http://mango.cels.anl.gov:8004/v1	61fff10ab3d99628
Staphylococcus aureus	mepR	I214V	Antimicrobial resistance	reported	[35]	1		Weiliang Zeng et al. Frontiers in Microbiology (2022) PMID:36483205	36483205	18e6fc86-ea32-5f89-a689-3ace0166e55e	35			76466773c840	mutation	2	84cd8501d39dfaa4	Qwen/Qwen3.6-35B-A3B	open-access	50	hybrid	2026-09-18T11:45:29Z		local	http://mango.cels.anl.gov:8004/v1	61fff10ab3d99628
Staphylococcus aureus	mepR	A350D	Antimicrobial resistance	reported	[35]	1		Weiliang Zeng et al. Frontiers in Microbiology (2022) PMID:36483205	36483205	18e6fc86-ea32-5f89-a689-3ace0166e55e	35			76466773c840	mutation	2	84cd8501d39dfaa4	Qwen/Qwen3.6-35B-A3B	open-access	50	hybrid	2026-09-18T11:45:29Z		local	http://mango.cels.anl.gov:8004/v1	61fff10ab3d99628
Staphylococcus aureus	mepR	Q18P	Antimicrobial resistance	reported	[40]	1		Muthiah Kumaraswami et al. Nucleic Acids Research PMID:19129225	19129225	4b1f7b47-26ec-5837-8b4f-9943ba86ad1e	40			76466773c840	mutation	2	84cd8501d39dfaa4	Qwen/Qwen3.6-35B-A3B	open-access	50	hybrid	2026-09-18T11:45:29Z		local	http://mango.cels.anl.gov:8004/v1	61fff10ab3d99628
Staphylococcus aureus	mepR	G97E	Antimicrobial resistance	reported	[40]	1		Muthiah Kumaraswami et al. Nucleic Acids Research PMID:19129225	19129225	4b1f7b47-26ec-5837-8b4f-9943ba86ad1e	40			76466773c840	mutation	2	84cd8501d39dfaa4	Qwen/Qwen3.6-35B-A3B	open-access	50	hybrid	2026-09-18T11:45:29Z		local	http://mango.cels.anl.gov:8004/v1	61fff10ab3d99628
Staphylococcus aureus	mepR	G97W	Antimicrobial resistance	reported	[40]	1		Muthiah Kumaraswami et al. Nucleic Acids Research PMID:19129225	19129225	4b1f7b47-26ec-5837-8b4f-9943ba86ad1e	40			76466773c840	mutation	2	84cd8501d39dfaa4	Qwen/Qwen3.6-35B-A3B	open-access	50	hybrid	2026-09-18T11:45:29Z		local	http://mango.cels.anl.gov:8004/v1	61fff10ab3d99628
Staphylococcus aureus	mepR	A103V	Antimicrobial resistance	reported	[40]	1		Muthiah Kumaraswami et al. Nucleic Acids Research PMID:19129225	19129225	4b1f7b47-26ec-5837-8b4f-9943ba86ad1e	40			76466773c840	mutation	2	84cd8501d39dfaa4	Qwen/Qwen3.6-35B-A3B	open-access	50	hybrid	2026-09-18T11:45:29Z		local	http://mango.cels.anl.gov:8004/v1	61fff10ab3d99628
Pseudomonas aeruginosa	mexB	W753R	Antimicrobial resistance	Predicted	13	1		Augusto Dulanto Chiang et al. PLOS Biology PMID:36399436	36399436	88525bd4-a1c8-5787-bbd8-907f67324933	13			fcdb4d572772	mutation	2	84cd8501d39dfaa4	Qwen/Qwen3.6-35B-A3B	open-access	50	hybrid	2026-09-18T11:45:30Z		local	http://mango.cels.anl.gov:8004/v1	027c4c95233bc968
Pseudomonas aeruginosa	mexB	I186V	Antimicrobial resistance	Reported	14	1		Ana M. Rada et al. Frontiers in Microbiology (2021) PMID:34512563	34512563	ae0c4ae2-fac4-51a0-a6f3-72f3b49500df	14			fcdb4d572772	mutation	2	84cd8501d39dfaa4	Qwen/Qwen3.6-35B-A3B	open-access	50	hybrid	2026-09-18T11:45:30Z		local	http://mango.cels.anl.gov:8004/v1	027c4c95233bc968
Pseudomonas aeruginosa	mexB	G957D	Antimicrobial resistance	Reported	14	1		Ana M. Rada et al. Frontiers in Microbiology (2021) PMID:34512563	34512563	ae0c4ae2-fac4-51a0-a6f3-72f3b49500df	14			fcdb4d572772	mutation	2	84cd8501d39dfaa4	Qwen/Qwen3.6-35B-A3B	open-access	50	hybrid	2026-09-18T11:45:30Z		local	http://mango.cels.anl.gov:8004/v1	027c4c95233bc968
Pseudomonas aeruginosa	mexB	S1041E	Antimicrobial resistance	Reported	14	1		Ana M. Rada et al. Frontiers in Microbiology (2021) PMID:34512563	34512563	ae0c4ae2-fac4-51a0-a6f3-72f3b49500df	14			fcdb4d572772	mutation	2	84cd8501d39dfaa4	Qwen/Qwen3.6-35B-A3B	open-access	50	hybrid	2026-09-18T11:45:30Z		local	http://mango.cels.anl.gov:8004/v1	027c4c95233bc968
Pseudomonas aeruginosa	mexB	V1042A	Antimicrobial resistance	Reported	14	1		Ana M. Rada et al. Frontiers in Microbiology (2021) PMID:34512563	34512563	ae0c4ae2-fac4-51a0-a6f3-72f3b49500df	14			fcdb4d572772	mutation	2	84cd8501d39dfaa4	Qwen/Qwen3.6-35B-A3B	open-access	50	hybrid	2026-09-18T11:45:30Z		local	http://mango.cels.anl.gov:8004/v1	027c4c95233bc968
Pseudomonas aeruginosa	mexB	R2T	Antimicrobial resistance	Reported	27	1		Sonia Quddus et al. Antibiotics PMID:36978353	36978353	bbd174f6-6811-52a5-85c2-f61bd16f81fd	27			fcdb4d572772	mutation	2	84cd8501d39dfaa4	Qwen/Qwen3.6-35B-A3B	open-access	50	hybrid	2026-09-18T11:45:30Z		local	http://mango.cels.anl.gov:8004/v1	027c4c95233bc968
Pseudomonas aeruginosa	mexB	W4T	Antimicrobial resistance	Reported	27	1		Sonia Quddus et al. Antibiotics PMID:36978353	36978353	bbd174f6-6811-52a5-85c2-f61bd16f81fd	27			fcdb4d572772	mutation	2	84cd8501d39dfaa4	Qwen/Qwen3.6-35B-A3B	open-access	50	hybrid	2026-09-18T11:45:30Z		local	http://mango.cels.anl.gov:8004/v1	027c4c95233bc968
Pseudomonas aeruginosa	mexB	L5V	Antimicrobial resistance	Reported	27	1		Sonia Quddus et al. Antibiotics PMID:36978353	36978353	bbd174f6-6811-52a5-85c2-f61bd16f81fd	27			fcdb4d572772	mutation	2	84cd8501d39dfaa4	Qwen/Qwen3.6-35B-A3B	open-access	50	hybrid	2026-09-18T11:45:30Z		local	http://mango.cels.anl.gov:8004/v1	027c4c95233bc968
Pseudomonas aeruginosa	mexB	D6T	Antimicrobial resistance	Reported	27	1		Sonia Quddus et al. Antibiotics PMID:36978353	36978353	bbd174f6-6811-52a5-85c2-f61bd16f81fd	27			fcdb4d572772	mutation	2	84cd8501d39dfaa4	Qwen/Qwen3.6-35B-A3B	open-access	50	hybrid	2026-09-18T11:45:30Z		local	http://mango.cels.anl.gov:8004/v1	027c4c95233bc968
Pseudomonas aeruginosa	mexB	P7F	Antimicrobial resistance	Reported	27	1		Sonia Quddus et al. Antibiotics PMID:36978353	36978353	bbd174f6-6811-52a5-85c2-f61bd16f81fd	27			fcdb4d572772	mutation	2	84cd8501d39dfaa4	Qwen/Qwen3.6-35B-A3B	open-access	50	hybrid	2026-09-18T11:45:30Z		local	http://mango.cels.anl.gov:8004/v1	027c4c95233bc968
Pseudomonas aeruginosa	mexB	A	Antimicrobial resistance	Reported	27	1		Sonia Quddus et al. Antibiotics PMID:36978353	36978353	bbd174f6-6811-52a5-85c2-f61bd16f81fd	27			fcdb4d572772	mutation	2	84cd8501d39dfaa4	Qwen/Qwen3.6-35B-A3B	open-access	50	hybrid	2026-09-18T11:45:30Z		local	http://mango.cels.anl.gov:8004/v1	027c4c95233bc968
Pseudomonas aeruginosa	mexB	Asn700fs	Antimicrobial resistance	Reported	44	1		Yun Zhou et al. Frontiers in Cellular and Infection Microbiology (2026) PMID:41782943	41782943	08c67b05-a85d-5168-8b79-9c40178df259	44			fcdb4d572772	mutation	2	84cd8501d39dfaa4	Qwen/Qwen3.6-35B-A3B	open-access	50	hybrid	2026-09-18T11:45:30Z		local	http://mango.cels.anl.gov:8004/v1	027c4c95233bc968
Pseudomonas aeruginosa	mexD	T87S	Antimicrobial resistance	reported	[7]	1		Ana M. Rada et al. Frontiers in Microbiology (2021) PMID:34512563	34512563	918202a8-4ff3-59a7-acf3-184d46eb55e5	7			4e67c82cd96f	mutation	2	84cd8501d39dfaa4	Qwen/Qwen3.6-35B-A3B	open-access	50	hybrid	2026-09-18T11:45:34Z		local	http://mango.cels.anl.gov:8004/v1	08cb3410e3000ec6
Pseudomonas aeruginosa	mexD	A155T	Antimicrobial resistance	reported	[7]	1		Ana M. Rada et al. Frontiers in Microbiology (2021) PMID:34512563	34512563	918202a8-4ff3-59a7-acf3-184d46eb55e5	7			4e67c82cd96f	mutation	2	84cd8501d39dfaa4	Qwen/Qwen3.6-35B-A3B	open-access	50	hybrid	2026-09-18T11:45:34Z		local	http://mango.cels.anl.gov:8004/v1	08cb3410e3000ec6
Pseudomonas aeruginosa	mexD	E257Q	Antimicrobial resistance	reported	[7]	3		Ana M. Rada et al. Frontiers in Microbiology (2021) PMID:34512563; Ana Paula Barbosa do Nascimento et al. Scientific Reports PMID:32764694; Catalina Díaz-Ríos et al. Antibiotics PMID:33922748	34512563;32764694;33922748	918202a8-4ff3-59a7-acf3-184d46eb55e5;399454b4-e41e-5148-9eef-c5b52428d474;3e2bac68-d4cb-5de4-a5fd-799148bc1460	7;27;31			4e67c82cd96f	mutation	2	84cd8501d39dfaa4	Qwen/Qwen3.6-35B-A3B	open-access	50	hybrid	2026-09-18T11:45:34Z		local	http://mango.cels.anl.gov:8004/v1	08cb3410e3000ec6
Pseudomonas aeruginosa	mexD	T286M	Antimicrobial resistance	reported	[7]	1		Ana M. Rada et al. Frontiers in Microbiology (2021) PMID:34512563	34512563	918202a8-4ff3-59a7-acf3-184d46eb55e5	7			4e67c82cd96f	mutation	2	84cd8501d39dfaa4	Qwen/Qwen3.6-35B-A3B	open-access	50	hybrid	2026-09-18T11:45:34Z		local	http://mango.cels.anl.gov:8004/v1	08cb3410e3000ec6
Pseudomonas aeruginosa	mexD	V434A	Antimicrobial resistance	reported	[7]	1		Ana M. Rada et al. Frontiers in Microbiology (2021) PMID:34512563	34512563	918202a8-4ff3-59a7-acf3-184d46eb55e5	7			4e67c82cd96f	mutation	2	84cd8501d39dfaa4	Qwen/Qwen3.6-35B-A3B	open-access	50	hybrid	2026-09-18T11:45:34Z		local	http://mango.cels.anl.gov:8004/v1	08cb3410e3000ec6
Pseudomonas aeruginosa	mexD	F597Y	Antimicrobial resistance	reported	[7]	1		Ana M. Rada et al. Frontiers in Microbiology (2021) PMID:34512563	34512563	918202a8-4ff3-59a7-acf3-184d46eb55e5	7			4e67c82cd96f	mutation	2	84cd8501d39dfaa4	Qwen/Qwen3.6-35B-A3B	open-access	50	hybrid	2026-09-18T11:45:34Z		local	http://mango.cels.anl.gov:8004/v1	08cb3410e3000ec6
Pseudomonas aeruginosa	mexD	V660I	Antimicrobial resistance	reported	[7]	1		Ana M. Rada et al. Frontiers in Microbiology (2021) PMID:34512563	34512563	918202a8-4ff3-59a7-acf3-184d46eb55e5	7			4e67c82cd96f	mutation	2	84cd8501d39dfaa4	Qwen/Qwen3.6-35B-A3B	open-access	50	hybrid	2026-09-18T11:45:34Z		local	http://mango.cels.anl.gov:8004/v1	08cb3410e3000ec6
Pseudomonas aeruginosa	mexD	N669D	Antimicrobial resistance	reported	[7]	1		Ana M. Rada et al. Frontiers in Microbiology (2021) PMID:34512563	34512563	918202a8-4ff3-59a7-acf3-184d46eb55e5	7			4e67c82cd96f	mutation	2	84cd8501d39dfaa4	Qwen/Qwen3.6-35B-A3B	open-access	50	hybrid	2026-09-18T11:45:34Z		local	http://mango.cels.anl.gov:8004/v1	08cb3410e3000ec6
Pseudomonas aeruginosa	mexD	S685G	Antimicrobial resistance	reported	[7]	1		Ana M. Rada et al. Frontiers in Microbiology (2021) PMID:34512563	34512563	918202a8-4ff3-59a7-acf3-184d46eb55e5	7			4e67c82cd96f	mutation	2	84cd8501d39dfaa4	Qwen/Qwen3.6-35B-A3B	open-access	50	hybrid	2026-09-18T11:45:34Z		local	http://mango.cels.anl.gov:8004/v1	08cb3410e3000ec6
Pseudomonas aeruginosa	mexD	I703V	Antimicrobial resistance	reported	[7]	1		Ana M. Rada et al. Frontiers in Microbiology (2021) PMID:34512563	34512563	918202a8-4ff3-59a7-acf3-184d46eb55e5	7			4e67c82cd96f	mutation	2	84cd8501d39dfaa4	Qwen/Qwen3.6-35B-A3B	open-access	50	hybrid	2026-09-18T11:45:34Z		local	http://mango.cels.anl.gov:8004/v1	08cb3410e3000ec6
Pseudomonas aeruginosa	mexD	S845A	Antimicrobial resistance	reported	[7]	3		Ana M. Rada et al. Frontiers in Microbiology (2021) PMID:34512563; Ana Paula Barbosa do Nascimento et al. Scientific Reports PMID:32764694; Catalina Díaz-Ríos et al. Antibiotics PMID:33922748	34512563;32764694;33922748	918202a8-4ff3-59a7-acf3-184d46eb55e5;399454b4-e41e-5148-9eef-c5b52428d474;3e2bac68-d4cb-5de4-a5fd-799148bc1460	7;27;31			4e67c82cd96f	mutation	2	84cd8501d39dfaa4	Qwen/Qwen3.6-35B-A3B	open-access	50	hybrid	2026-09-18T11:45:34Z		local	http://mango.cels.anl.gov:8004/v1	08cb3410e3000ec6
Pseudomonas aeruginosa	mexD	S915A	Antimicrobial resistance	reported	[7]	1		Ana M. Rada et al. Frontiers in Microbiology (2021) PMID:34512563	34512563	918202a8-4ff3-59a7-acf3-184d46eb55e5	7			4e67c82cd96f	mutation	2	84cd8501d39dfaa4	Qwen/Qwen3.6-35B-A3B	open-access	50	hybrid	2026-09-18T11:45:34Z		local	http://mango.cels.anl.gov:8004/v1	08cb3410e3000ec6
Pseudomonas aeruginosa	mexD	I982V	Antimicrobial resistance	reported	[7]	1		Ana M. Rada et al. Frontiers in Microbiology (2021) PMID:34512563	34512563	918202a8-4ff3-59a7-acf3-184d46eb55e5	7			4e67c82cd96f	mutation	2	84cd8501d39dfaa4	Qwen/Qwen3.6-35B-A3B	open-access	50	hybrid	2026-09-18T11:45:34Z		local	http://mango.cels.anl.gov:8004/v1	08cb3410e3000ec6
Pseudomonas aeruginosa	mexD	K1031R	Antimicrobial resistance	reported	[7]	1		Ana M. Rada et al. Frontiers in Microbiology (2021) PMID:34512563	34512563	918202a8-4ff3-59a7-acf3-184d46eb55e5	7			4e67c82cd96f	mutation	2	84cd8501d39dfaa4	Qwen/Qwen3.6-35B-A3B	open-access	50	hybrid	2026-09-18T11:45:34Z		local	http://mango.cels.anl.gov:8004/v1	08cb3410e3000ec6
Pseudomonas aeruginosa	mexD	S1040T	Antimicrobial resistance	reported	[7]	1		Ana M. Rada et al. Frontiers in Microbiology (2021) PMID:34512563	34512563	918202a8-4ff3-59a7-acf3-184d46eb55e5	7			4e67c82cd96f	mutation	2	84cd8501d39dfaa4	Qwen/Qwen3.6-35B-A3B	open-access	50	hybrid	2026-09-18T11:45:34Z		local	http://mango.cels.anl.gov:8004/v1	08cb3410e3000ec6
Pseudomonas aeruginosa	mexR	R70Q	Aztreonam resistance; hyperexpression of MexAB-OprM	measured	[1]	1		Zhenzhen Ma et al. Frontiers in Microbiology (2021) PMID:34248872	34248872	e5a741b8-07eb-5ba3-8722-f6441582304e	1			1b49081af844	mutation	2	84cd8501d39dfaa4	Qwen/Qwen3.6-35B-A3B	open-access	50	hybrid	2026-09-18T11:45:34Z		local	http://mango.cels.anl.gov:8004/v1	ba2abbc36487870e
Pseudomonas aeruginosa	mexR	Stop codon at 35th position	Overexpression of MexAB-OprM; multidrug resistance	measured	[2]	1		Debarati Choudhury et al. PLoS ONE PMID:26866484	26866484	561f5b13-a002-5136-92e3-b374f2c81733	2			1b49081af844	mutation	2	84cd8501d39dfaa4	Qwen/Qwen3.6-35B-A3B	open-access	50	hybrid	2026-09-18T11:45:34Z		local	http://mango.cels.anl.gov:8004/v1	ba2abbc36487870e
Pseudomonas aeruginosa	mexR	V126E	Multidrug resistance	reported	[17]	3		Ana M. Rada et al. Frontiers in Microbiology (2021) PMID:34512563; Anteneh Amsalu et al. Microorganisms PMID:33114277	34512563;33114277	54e0c8e6-bf2d-5d24-bf89-8b931876511c;811d5dae-fbee-5fe4-ad3b-2b0bec95b27d;33bfbb90-dc8c-5e12-9e35-ee1de710e944	17;36;37			1b49081af844	mutation	2	84cd8501d39dfaa4	Qwen/Qwen3.6-35B-A3B	open-access	50	hybrid	2026-09-18T11:45:34Z		local	http://mango.cels.anl.gov:8004/v1	ba2abbc36487870e
Pseudomonas aeruginosa	mexR	T130P	Meropenem resistance; ciprofloxacin resistance	measured	[6]	1		Jie Feng et al. Microorganisms PMID:40732182	40732182	20963efa-f482-5a3d-9cf1-c6a2d6aea9c3	6			1b49081af844	mutation	2	84cd8501d39dfaa4	Qwen/Qwen3.6-35B-A3B	open-access	50	hybrid	2026-09-18T11:45:34Z		local	http://mango.cels.anl.gov:8004/v1	ba2abbc36487870e
Pseudomonas aeruginosa	mexR	E118*	Aztreonam resistance; increased virulence	reported	[28]	1		Mylene Vaillancourt et al. Antibiotics PMID:34680745	34680745	eaa8ce29-9af3-58a7-a6b5-586f2796c4c4	28			1b49081af844	mutation	2	84cd8501d39dfaa4	Qwen/Qwen3.6-35B-A3B	open-access	50	hybrid	2026-09-18T11:45:34Z		local	http://mango.cels.anl.gov:8004/v1	ba2abbc36487870e
Pseudomonas aeruginosa	mexR	Insertion (+12 bp)	Loss of function of MexR repressor; efflux derepression	reported	[41]	1		Rui Yang et al. BMC Microbiology PMID:41593470	41593470	b7c37868-678b-5268-8ac2-c27765ab7381	41			1b49081af844	mutation	2	84cd8501d39dfaa4	Qwen/Qwen3.6-35B-A3B	open-access	50	hybrid	2026-09-18T11:45:34Z		local	http://mango.cels.anl.gov:8004/v1	ba2abbc36487870e
Pseudomonas aeruginosa	mexR	Glu27fs	Carbapenem resistance	reported	[42]	1		Yun Zhou et al. Frontiers in Cellular and Infection Microbiology (2026) PMID:41782943	41782943	08c67b05-a85d-5168-8b79-9c40178df259	42			1b49081af844	mutation	2	84cd8501d39dfaa4	Qwen/Qwen3.6-35B-A3B	open-access	50	hybrid	2026-09-18T11:45:34Z		local	http://mango.cels.anl.gov:8004/v1	ba2abbc36487870e
Pseudomonas aeruginosa	mexR	Lys44fs	Carbapenem resistance	reported	[42]	1		Yun Zhou et al. Frontiers in Cellular and Infection Microbiology (2026) PMID:41782943	41782943	08c67b05-a85d-5168-8b79-9c40178df259	42			1b49081af844	mutation	2	84cd8501d39dfaa4	Qwen/Qwen3.6-35B-A3B	open-access	50	hybrid	2026-09-18T11:45:34Z		local	http://mango.cels.anl.gov:8004/v1	ba2abbc36487870e
Pseudomonas aeruginosa	mexR	Leu102fs	Carbapenem resistance	reported	[42]	1		Yun Zhou et al. Frontiers in Cellular and Infection Microbiology (2026) PMID:41782943	41782943	08c67b05-a85d-5168-8b79-9c40178df259	42			1b49081af844	mutation	2	84cd8501d39dfaa4	Qwen/Qwen3.6-35B-A3B	open-access	50	hybrid	2026-09-18T11:45:34Z		local	http://mango.cels.anl.gov:8004/v1	ba2abbc36487870e
Pseudomonas aeruginosa	mexR	Leu123fs	Carbapenem resistance	reported	[42]	1		Yun Zhou et al. Frontiers in Cellular and Infection Microbiology (2026) PMID:41782943	41782943	08c67b05-a85d-5168-8b79-9c40178df259	42			1b49081af844	mutation	2	84cd8501d39dfaa4	Qwen/Qwen3.6-35B-A3B	open-access	50	hybrid	2026-09-18T11:45:34Z		local	http://mango.cels.anl.gov:8004/v1	ba2abbc36487870e
Pseudomonas aeruginosa	mexR	Gln25*	Carbapenem resistance	reported	[42]	1		Yun Zhou et al. Frontiers in Cellular and Infection Microbiology (2026) PMID:41782943	41782943	08c67b05-a85d-5168-8b79-9c40178df259	42			1b49081af844	mutation	2	84cd8501d39dfaa4	Qwen/Qwen3.6-35B-A3B	open-access	50	hybrid	2026-09-18T11:45:34Z		local	http://mango.cels.anl.gov:8004/v1	ba2abbc36487870e
Pseudomonas aeruginosa	mexR	Gln31*	Carbapenem resistance	reported	[42]	1		Yun Zhou et al. Frontiers in Cellular and Infection Microbiology (2026) PMID:41782943	41782943	08c67b05-a85d-5168-8b79-9c40178df259	42			1b49081af844	mutation	2	84cd8501d39dfaa4	Qwen/Qwen3.6-35B-A3B	open-access	50	hybrid	2026-09-18T11:45:34Z		local	http://mango.cels.anl.gov:8004/v1	ba2abbc36487870e
Pseudomonas aeruginosa	mexT	8-bp insertion	Antimicrobial resistance (MexEF-OprN overexpression)	reported	1	1		Ayush Kumar et al. PLoS ONE PMID:22039504	22039504	90bf2172-864e-53ae-b695-7105abecd5bf	1			bb6d25f9b64d	mutation	2	84cd8501d39dfaa4	Qwen/Qwen3.6-35B-A3B	open-access	50	hybrid	2026-09-18T11:45:40Z		local	http://mango.cels.anl.gov:8004/v1	5c580bb64dedb841
Pseudomonas aeruginosa	mexT	mutation	Reduced susceptibility to chloramphenicol and ciprofloxacin; Increased susceptibility to ciprofloxacin; Increased resistance to colistin; Antimicrobial resistance; Increased imipenem resistance	reported	2	6	merged_variants:Phenotype	Mona Bové et al. Microbiology PMID:36748633; Wendy Figueroa et al. Cell reports (2024) PMID:39708318; Viola Camilla Scoffone et al. Antibiotics PMID:34356783; Yang Liu et al. Frontiers in Microbiology (2022) PMID:35495693	36748633;39708318;34356783;35495693	2d90c7cd-f2cc-5f71-9978-ab896c1308cd;d777a11e-1d51-52c9-b2d7-9f93c925e005;bb58267c-6cb9-547e-b235-f538037eb897;a0d2225e-1031-5feb-9bac-cdb8cecd3070;172e4dab-ac6e-5cdf-9d76-fbb48fce29ea;9dd0bfe0-b763-58b4-b7fb-04592bd4ac84	2;4;8;22;23;35			bb6d25f9b64d	mutation	2	84cd8501d39dfaa4	Qwen/Qwen3.6-35B-A3B	open-access	50	hybrid	2026-09-18T11:45:40Z		local	http://mango.cels.anl.gov:8004/v1	5c580bb64dedb841
Pseudomonas aeruginosa	mexT	mexTV130F	Increased resistance to aminoglycosides	measured	4	1		Wendy Figueroa et al. Cell reports (2024) PMID:39708318	39708318	bb58267c-6cb9-547e-b235-f538037eb897	4			bb6d25f9b64d	mutation	2	84cd8501d39dfaa4	Qwen/Qwen3.6-35B-A3B	open-access	50	hybrid	2026-09-18T11:45:40Z		local	http://mango.cels.anl.gov:8004/v1	5c580bb64dedb841
Pseudomonas aeruginosa	mexT	ΔmexT	Increased resistance to aminoglycosides	measured	4	2		Wendy Figueroa et al. Cell reports (2024) PMID:39708318	39708318	bb58267c-6cb9-547e-b235-f538037eb897;3cfc6997-6627-54f5-ac4e-0104f9478f70	4;41			bb6d25f9b64d	mutation	2	84cd8501d39dfaa4	Qwen/Qwen3.6-35B-A3B	open-access	50	hybrid	2026-09-18T11:45:40Z		local	http://mango.cels.anl.gov:8004/v1	5c580bb64dedb841
Pseudomonas aeruginosa	mexT	F94I	Antimicrobial resistance (IMI, MER, FQ)	reported	12	1		Ana M. Rada et al. Frontiers in Microbiology (2021) PMID:34512563	34512563	ae0c4ae2-fac4-51a0-a6f3-72f3b49500df	12			bb6d25f9b64d	mutation	2	84cd8501d39dfaa4	Qwen/Qwen3.6-35B-A3B	open-access	50	hybrid	2026-09-18T11:45:40Z		local	http://mango.cels.anl.gov:8004/v1	5c580bb64dedb841
Pseudomonas aeruginosa	mexT	8-bp deletion	Antimicrobial resistance (nfxC-type); Antimicrobial resistance	reported	13	2	merged_variants:Phenotype	Ana Paula Barbosa do Nascimento et al. Scientific Reports PMID:32764694; Adam Kawalek et al. BMC Genomics PMID:31906858	32764694;31906858	ab834c1b-d9e2-58a9-bd44-834cdd636219;bee5ea86-516e-5b8e-b7c4-0c9b62418eea	13;21			bb6d25f9b64d	mutation	2	84cd8501d39dfaa4	Qwen/Qwen3.6-35B-A3B	open-access	50	hybrid	2026-09-18T11:45:40Z		local	http://mango.cels.anl.gov:8004/v1	5c580bb64dedb841
Pseudomonas aeruginosa	mexT	SNP (C→A) creating stop codon	Increased sensitivity to norfloxacin and chloramphenicol	measured	16	1		Andrea D. Olivas et al. PLoS ONE PMID:22952955	22952955	7bf0b1ee-43a3-588d-a2fd-3779466525db	16			bb6d25f9b64d	mutation	2	84cd8501d39dfaa4	Qwen/Qwen3.6-35B-A3B	open-access	50	hybrid	2026-09-18T11:45:40Z		local	http://mango.cels.anl.gov:8004/v1	5c580bb64dedb841
Pseudomonas aeruginosa	mexT	F172I SNP	Antimicrobial resistance	reported	21	1		Adam Kawalek et al. BMC Genomics PMID:31906858	31906858	bee5ea86-516e-5b8e-b7c4-0c9b62418eea	21			bb6d25f9b64d	mutation	2	84cd8501d39dfaa4	Qwen/Qwen3.6-35B-A3B	open-access	50	hybrid	2026-09-18T11:45:40Z		local	http://mango.cels.anl.gov:8004/v1	5c580bb64dedb841
Pseudomonas aeruginosa	mexT	nt234∆8	Antimicrobial resistance	reported	29	2		Roberta Genova et al. International Journal of Molecular Sciences PMID:37108055	37108055	893119e2-1eaa-5d1d-805f-25a63a0db462;8f81a9fe-9ba9-5968-a3c8-65349daa59ef	29;33			bb6d25f9b64d	mutation	2	84cd8501d39dfaa4	Qwen/Qwen3.6-35B-A3B	open-access	50	hybrid	2026-09-18T11:45:40Z		local	http://mango.cels.anl.gov:8004/v1	5c580bb64dedb841
Pseudomonas aeruginosa	mexT	F172I	Antimicrobial resistance	reported	30	1		Ana Paula Barbosa do Nascimento et al. Scientific Reports PMID:32764694	32764694	399454b4-e41e-5148-9eef-c5b52428d474	30			bb6d25f9b64d	mutation	2	84cd8501d39dfaa4	Qwen/Qwen3.6-35B-A3B	open-access	50	hybrid	2026-09-18T11:45:40Z		local	http://mango.cels.anl.gov:8004/v1	5c580bb64dedb841
Pseudomonas aeruginosa	mexT	G276D	Antimicrobial resistance	reported	33	1		Roberta Genova et al. International Journal of Molecular Sciences PMID:37108055	37108055	8f81a9fe-9ba9-5968-a3c8-65349daa59ef	33			bb6d25f9b64d	mutation	2	84cd8501d39dfaa4	Qwen/Qwen3.6-35B-A3B	open-access	50	hybrid	2026-09-18T11:45:40Z		local	http://mango.cels.anl.gov:8004/v1	5c580bb64dedb841
Pseudomonas aeruginosa	mexT	V130F	Increased resistance to aminoglycosides	measured	41	1		Wendy Figueroa et al. Cell reports (2024) PMID:39708318	39708318	3cfc6997-6627-54f5-ac4e-0104f9478f70	41			bb6d25f9b64d	mutation	2	84cd8501d39dfaa4	Qwen/Qwen3.6-35B-A3B	open-access	50	hybrid	2026-09-18T11:45:40Z		local	http://mango.cels.anl.gov:8004/v1	5c580bb64dedb841
Pseudomonas aeruginosa	mexT	A39V	Antimicrobial resistance	reported	42	1		Zhe-Xian Tian et al. Nucleic Acids Research PMID:19846594	19846594	02bde4ab-17bd-5a52-9680-36b1514bac96	42			bb6d25f9b64d	mutation	2	84cd8501d39dfaa4	Qwen/Qwen3.6-35B-A3B	open-access	50	hybrid	2026-09-18T11:45:40Z		local	http://mango.cels.anl.gov:8004/v1	5c580bb64dedb841
Pseudomonas aeruginosa	mexT	18 bp in-frame deletion	Antimicrobial resistance	reported	45	1		Yang Liu et al. Frontiers in Microbiology (2022) PMID:35495693	35495693	1c392150-f633-566b-82ea-01786b4a871b	45			bb6d25f9b64d	mutation	2	84cd8501d39dfaa4	Qwen/Qwen3.6-35B-A3B	open-access	50	hybrid	2026-09-18T11:45:40Z		local	http://mango.cels.anl.gov:8004/v1	5c580bb64dedb841
Pseudomonas aeruginosa	mexY	A501V	Antimicrobial resistance	reported	[9]	1		Ana M. Rada et al. Frontiers in Microbiology (2021) PMID:34512563	34512563	a042931c-9c30-5418-8f13-f0fe77c3614e	9			1358f3e8aa46	mutation	2	84cd8501d39dfaa4	Qwen/Qwen3.6-35B-A3B	open-access	50	hybrid	2026-09-18T11:45:42Z		local	http://mango.cels.anl.gov:8004/v1	c85c183f3a4a5430
Pseudomonas aeruginosa	mexY	S530G	Antimicrobial resistance	reported	[9]	1		Ana M. Rada et al. Frontiers in Microbiology (2021) PMID:34512563	34512563	a042931c-9c30-5418-8f13-f0fe77c3614e	9			1358f3e8aa46	mutation	2	84cd8501d39dfaa4	Qwen/Qwen3.6-35B-A3B	open-access	50	hybrid	2026-09-18T11:45:42Z		local	http://mango.cels.anl.gov:8004/v1	c85c183f3a4a5430
Pseudomonas aeruginosa	mexY	I536V	Antimicrobial resistance	reported	[9]	1		Ana M. Rada et al. Frontiers in Microbiology (2021) PMID:34512563	34512563	a042931c-9c30-5418-8f13-f0fe77c3614e	9			1358f3e8aa46	mutation	2	84cd8501d39dfaa4	Qwen/Qwen3.6-35B-A3B	open-access	50	hybrid	2026-09-18T11:45:42Z		local	http://mango.cels.anl.gov:8004/v1	c85c183f3a4a5430
Pseudomonas aeruginosa	mexY	T543A	Antimicrobial resistance	reported	[9]	2		Ana M. Rada et al. Frontiers in Microbiology (2021) PMID:34512563; Catalina Díaz-Ríos et al. Antibiotics PMID:33922748	34512563;33922748	a042931c-9c30-5418-8f13-f0fe77c3614e;80314d58-4afc-59d7-92c8-bda55d5dce95	9;13			1358f3e8aa46	mutation	2	84cd8501d39dfaa4	Qwen/Qwen3.6-35B-A3B	open-access	50	hybrid	2026-09-18T11:45:42Z		local	http://mango.cels.anl.gov:8004/v1	c85c183f3a4a5430
Pseudomonas aeruginosa	mexY	G589A	Antimicrobial resistance	reported	[9]	1		Ana M. Rada et al. Frontiers in Microbiology (2021) PMID:34512563	34512563	a042931c-9c30-5418-8f13-f0fe77c3614e	9			1358f3e8aa46	mutation	2	84cd8501d39dfaa4	Qwen/Qwen3.6-35B-A3B	open-access	50	hybrid	2026-09-18T11:45:42Z		local	http://mango.cels.anl.gov:8004/v1	c85c183f3a4a5430
Pseudomonas aeruginosa	mexY	Q840E	Antimicrobial resistance	reported	[9]	1		Ana M. Rada et al. Frontiers in Microbiology (2021) PMID:34512563	34512563	a042931c-9c30-5418-8f13-f0fe77c3614e	9			1358f3e8aa46	mutation	2	84cd8501d39dfaa4	Qwen/Qwen3.6-35B-A3B	open-access	50	hybrid	2026-09-18T11:45:42Z		local	http://mango.cels.anl.gov:8004/v1	c85c183f3a4a5430
Pseudomonas aeruginosa	mexY	N1036T	Antimicrobial resistance	reported	[9]	1		Ana M. Rada et al. Frontiers in Microbiology (2021) PMID:34512563	34512563	a042931c-9c30-5418-8f13-f0fe77c3614e	9			1358f3e8aa46	mutation	2	84cd8501d39dfaa4	Qwen/Qwen3.6-35B-A3B	open-access	50	hybrid	2026-09-18T11:45:42Z		local	http://mango.cels.anl.gov:8004/v1	c85c183f3a4a5430
Pseudomonas aeruginosa	mexY	Q1039R	Antimicrobial resistance	reported	[9]	1		Ana M. Rada et al. Frontiers in Microbiology (2021) PMID:34512563	34512563	a042931c-9c30-5418-8f13-f0fe77c3614e	9			1358f3e8aa46	mutation	2	84cd8501d39dfaa4	Qwen/Qwen3.6-35B-A3B	open-access	50	hybrid	2026-09-18T11:45:42Z		local	http://mango.cels.anl.gov:8004/v1	c85c183f3a4a5430
Pseudomonas aeruginosa	mexY	W358R	Antimicrobial resistance	reported	[13]	1		Catalina Díaz-Ríos et al. Antibiotics PMID:33922748	33922748	80314d58-4afc-59d7-92c8-bda55d5dce95	13			1358f3e8aa46	mutation	2	84cd8501d39dfaa4	Qwen/Qwen3.6-35B-A3B	open-access	50	hybrid	2026-09-18T11:45:42Z		local	http://mango.cels.anl.gov:8004/v1	c85c183f3a4a5430
Pseudomonas aeruginosa	mexY	A992T	Antimicrobial resistance	reported	[13]	1		Catalina Díaz-Ríos et al. Antibiotics PMID:33922748	33922748	80314d58-4afc-59d7-92c8-bda55d5dce95	13			1358f3e8aa46	mutation	2	84cd8501d39dfaa4	Qwen/Qwen3.6-35B-A3B	open-access	50	hybrid	2026-09-18T11:45:42Z		local	http://mango.cels.anl.gov:8004/v1	c85c183f3a4a5430
Pseudomonas aeruginosa	mexY	K79A	Antimicrobial resistance	reported	[26]	1		Martijn Zwama et al. Antibiotics PMID:34201908	34201908	d7c31c16-8a12-5eb9-9bad-0e958a4aed6d	26			1358f3e8aa46	mutation	2	84cd8501d39dfaa4	Qwen/Qwen3.6-35B-A3B	open-access	50	hybrid	2026-09-18T11:45:42Z		local	http://mango.cels.anl.gov:8004/v1	c85c183f3a4a5430
Pseudomonas aeruginosa	mexY	K→T	Antimicrobial resistance	reported	[26]	1		Martijn Zwama et al. Antibiotics PMID:34201908	34201908	d7c31c16-8a12-5eb9-9bad-0e958a4aed6d	26			1358f3e8aa46	mutation	2	84cd8501d39dfaa4	Qwen/Qwen3.6-35B-A3B	open-access	50	hybrid	2026-09-18T11:45:42Z		local	http://mango.cels.anl.gov:8004/v1	c85c183f3a4a5430
Pseudomonas aeruginosa	mexY	Deletion	Antimicrobial resistance	reported	[25]	5		Jumpei Fujiki et al. Frontiers in Microbiology (2024) PMID:38812675; Jumpei Fujiki et al. Viruses PMID:40872794; Sarshad Koderi Valappil et al. Frontiers in Microbiology (2021) PMID:34925289	38812675;40872794;34925289	dfc1683b-828d-5bdd-bacc-6b96f81eee6b;523bdbca-069a-5c17-9d08-3afd5230b2e8;2b791004-a3cc-57b2-811f-0f97ed31a7e5;a48fab2f-5828-5efb-9d00-28d6f5d59aff;e7aa8b81-d02e-5304-9ae6-c4579309f00f	25;27;35;37;38			1358f3e8aa46	mutation	2	84cd8501d39dfaa4	Qwen/Qwen3.6-35B-A3B	open-access	50	hybrid	2026-09-18T11:45:42Z		local	http://mango.cels.anl.gov:8004/v1	c85c183f3a4a5430
Pseudomonas aeruginosa	mexY	Overexpression	Antimicrobial resistance	reported	[3]	12		Yinhuan Ding et al. Frontiers in Microbiology (2023) PMID:37601369; Clinical Microbiology and Infection (2011) PMID:22069786; Humberto Torres-Rodríguez et al. Microbial Genomics PMID:41661184; Nilofar Saeli et al. BMC Infectious Diseases PMID:38982386; Clinical Microbiology and Infection (2010) DOI:10.1111/j.1469-0691.2010.03239.x; Rania M. Kishk et al. Pathogens PMID:32549303; Céline Lucchetti-Miganeh et al. Pathogens PMID:25437802; María F. Chevalier-Alba et al. Frontiers in Microbiology (2026) PMID:42094768; Yi Yuan et al. Antibiotics PMID:35052908; Carla López-Causapé et al. PLoS ONE PMID:23951065; Cristiano Serra et al. Frontiers in Microbiology (2019) PMID:30863391	37601369;22069786;41661184;38982386;32549303;25437802;42094768;35052908;23951065;30863391	7b16d462-ecd3-5418-b201-64987285d913;7c271a49-d42e-5011-8840-311080eec078;d1ffd1b3-9041-53eb-a41f-b02217fd3d04;c11f2c7d-7fd7-56f5-a7dd-52f08a034fde;d7181669-5ffd-5907-ada9-189cd0299850;37b1bb4c-7412-551f-9517-d3dc82b9999d;e5a47a17-8d43-5130-b402-cf7b3eb7686b;dbd3f79f-18d7-5409-8466-fdd89fe5e767;b64ddba3-7a39-50e2-b7e5-725bcd430739;1064bebf-2cc6-5bdc-a3d5-718e57b0510f;27e1f13e-47c5-53e1-b140-66fa3161e4f9;b45188f1-4fd8-5131-8d41-ca4e8b57b0cc	3;7;8;15;21;22;28;30;36;39;43;44			1358f3e8aa46	mutation	2	84cd8501d39dfaa4	Qwen/Qwen3.6-35B-A3B	open-access	50	hybrid	2026-09-18T11:45:42Z		local	http://mango.cels.anl.gov:8004/v1	c85c183f3a4a5430
Enterobacter cloacae	mgrB	deletion of mgrB gene	colistin resistance	measured	[4]	14		Jessie E. Wozniak et al. Antibiotics PMID:33227907	33227907	805a2611-bcac-5e19-83b4-9474f9396e01;1aaa86ac-a97c-566f-a38b-7b8567d432e1;d52118cd-b1e6-575a-ac4e-16fca57065b3;0e3fba45-4bad-5987-aa54-b3408b4f0063;b77453d1-a56c-5c50-aed1-c99036c2bbcd;71ae4a87-fca2-5b61-93e8-74f4f3d12cce;bdeccccc-f1fb-5ad4-b9d8-c891fa3924f4	4;6;13;17;25;41;44			b636cb5f8d3d	mutation	2	84cd8501d39dfaa4	Qwen/Qwen3.6-35B-A3B	open-access	50	hybrid	2026-09-18T11:45:45Z		local	http://mango.cels.anl.gov:8004/v1	3d17f213fffa7818
Klebsiella pneumoniae	mgrB	C28S	Colistin resistance	measured	3	1		Mattia Palmieri et al. Frontiers in Microbiology (2020) PMID:32153554	32153554	16d091b2-65d0-585e-a0ae-d0ea748a54d3	3			c59d10de155c	mutation	2	84cd8501d39dfaa4	Qwen/Qwen3.6-35B-A3B	open-access	50	hybrid	2026-09-18T11:45:53Z		local	http://mango.cels.anl.gov:8004/v1	d5de77eb871df1c0
Klebsiella pneumoniae	mgrB	C28G	Colistin resistance	measured	10	1		Mudsser Azam et al. Frontiers in Microbiology (2021) PMID:33692764	33692764	61ebf372-2353-5fe8-b612-4fe17125c133	10			c59d10de155c	mutation	2	84cd8501d39dfaa4	Qwen/Qwen3.6-35B-A3B	open-access	50	hybrid	2026-09-18T11:45:53Z		local	http://mango.cels.anl.gov:8004/v1	d5de77eb871df1c0
Klebsiella pneumoniae	mgrB	W20*	Colistin resistance	measured	11	1		Weihua Han et al. Microbial Genomics PMID:42207167	42207167	25ae2685-8343-5b9f-874e-55a785eea26f	11			c59d10de155c	mutation	2	84cd8501d39dfaa4	Qwen/Qwen3.6-35B-A3B	open-access	50	hybrid	2026-09-18T11:45:53Z		local	http://mango.cels.anl.gov:8004/v1	d5de77eb871df1c0
Klebsiella pneumoniae	mgrB	IS5D insertion	Colistin resistance	measured	11	1		Weihua Han et al. Microbial Genomics PMID:42207167	42207167	25ae2685-8343-5b9f-874e-55a785eea26f	11			c59d10de155c	mutation	2	84cd8501d39dfaa4	Qwen/Qwen3.6-35B-A3B	open-access	50	hybrid	2026-09-18T11:45:53Z		local	http://mango.cels.anl.gov:8004/v1	d5de77eb871df1c0
Klebsiella pneumoniae	mgrB	premature termination	Colistin resistance	measured	19	1		Yingying Kong et al. Frontiers in Microbiology (2021) PMID:34234754	34234754	6dae2cd2-bc4f-5791-8e44-ec97b7c535a7	19			c59d10de155c	mutation	2	84cd8501d39dfaa4	Qwen/Qwen3.6-35B-A3B	open-access	50	hybrid	2026-09-18T11:45:53Z		local	http://mango.cels.anl.gov:8004/v1	d5de77eb871df1c0
Klebsiella pneumoniae	mgrB	Gln30* substitution	Colistin resistance	measured	19	1		Yingying Kong et al. Frontiers in Microbiology (2021) PMID:34234754	34234754	6dae2cd2-bc4f-5791-8e44-ec97b7c535a7	19			c59d10de155c	mutation	2	84cd8501d39dfaa4	Qwen/Qwen3.6-35B-A3B	open-access	50	hybrid	2026-09-18T11:45:53Z		local	http://mango.cels.anl.gov:8004/v1	d5de77eb871df1c0
Klebsiella pneumoniae	mgrB	C28STOP	Colistin resistance	measured	13	1		Miranda E. Pitt et al. Microbial Genomics PMID:29431605	29431605	e7618443-2791-5adc-b2b7-4f81f916f6f1	13			c59d10de155c	mutation	2	84cd8501d39dfaa4	Qwen/Qwen3.6-35B-A3B	open-access	50	hybrid	2026-09-18T11:45:53Z		local	http://mango.cels.anl.gov:8004/v1	d5de77eb871df1c0
Klebsiella pneumoniae	mgrB	Q30STOP	Colistin resistance	measured	13	1		Miranda E. Pitt et al. Microbial Genomics PMID:29431605	29431605	e7618443-2791-5adc-b2b7-4f81f916f6f1	13			c59d10de155c	mutation	2	84cd8501d39dfaa4	Qwen/Qwen3.6-35B-A3B	open-access	50	hybrid	2026-09-18T11:45:53Z		local	http://mango.cels.anl.gov:8004/v1	d5de77eb871df1c0
Klebsiella pneumoniae	mgrB	D29E	Colistin resistance	measured	13	1		Miranda E. Pitt et al. Microbial Genomics PMID:29431605	29431605	e7618443-2791-5adc-b2b7-4f81f916f6f1	13			c59d10de155c	mutation	2	84cd8501d39dfaa4	Qwen/Qwen3.6-35B-A3B	open-access	50	hybrid	2026-09-18T11:45:53Z		local	http://mango.cels.anl.gov:8004/v1	d5de77eb871df1c0
Klebsiella pneumoniae	mgrB	ISKpn26-like insertion	Colistin resistance	measured	13	1		Miranda E. Pitt et al. Microbial Genomics PMID:29431605	29431605	e7618443-2791-5adc-b2b7-4f81f916f6f1	13			c59d10de155c	mutation	2	84cd8501d39dfaa4	Qwen/Qwen3.6-35B-A3B	open-access	50	hybrid	2026-09-18T11:45:53Z		local	http://mango.cels.anl.gov:8004/v1	d5de77eb871df1c0
Klebsiella pneumoniae	mgrB	ISKpn13 insertion	Colistin resistance	measured	13	1		Miranda E. Pitt et al. Microbial Genomics PMID:29431605	29431605	e7618443-2791-5adc-b2b7-4f81f916f6f1	13			c59d10de155c	mutation	2	84cd8501d39dfaa4	Qwen/Qwen3.6-35B-A3B	open-access	50	hybrid	2026-09-18T11:45:53Z		local	http://mango.cels.anl.gov:8004/v1	d5de77eb871df1c0
Klebsiella pneumoniae	mgrB	IS1 insertion	Colistin resistance	measured	13	1		Miranda E. Pitt et al. Microbial Genomics PMID:29431605	29431605	e7618443-2791-5adc-b2b7-4f81f916f6f1	13			c59d10de155c	mutation	2	84cd8501d39dfaa4	Qwen/Qwen3.6-35B-A3B	open-access	50	hybrid	2026-09-18T11:45:53Z		local	http://mango.cels.anl.gov:8004/v1	d5de77eb871df1c0
Klebsiella pneumoniae	mgrB	ISKpn25 insertion	Colistin resistance	measured	13	2		Miranda E. Pitt et al. Microbial Genomics PMID:29431605; Hissa M. Al-Farsi et al. Frontiers in Microbiology (2019) PMID:31803163	29431605;31803163	e7618443-2791-5adc-b2b7-4f81f916f6f1;5c7727cc-0d0b-5454-9ce2-457824c3abb3	13;42			c59d10de155c	mutation	2	84cd8501d39dfaa4	Qwen/Qwen3.6-35B-A3B	open-access	50	hybrid	2026-09-18T11:45:53Z		local	http://mango.cels.anl.gov:8004/v1	d5de77eb871df1c0
Klebsiella pneumoniae	mgrB	K3 truncation	Colistin resistance	measured	28	1		Diana Albertos Torres et al. BMC Microbiology PMID:34798825	34798825	f0f9a3bd-46dd-59fb-a209-01a960a689dd	28			c59d10de155c	mutation	2	84cd8501d39dfaa4	Qwen/Qwen3.6-35B-A3B	open-access	50	hybrid	2026-09-18T11:45:53Z		local	http://mango.cels.anl.gov:8004/v1	d5de77eb871df1c0
Klebsiella pneumoniae	mgrB	Q30 truncation	Colistin resistance	measured	28	1		Diana Albertos Torres et al. BMC Microbiology PMID:34798825	34798825	f0f9a3bd-46dd-59fb-a209-01a960a689dd	28			c59d10de155c	mutation	2	84cd8501d39dfaa4	Qwen/Qwen3.6-35B-A3B	open-access	50	hybrid	2026-09-18T11:45:53Z		local	http://mango.cels.anl.gov:8004/v1	d5de77eb871df1c0
Klebsiella pneumoniae	mgrB	C28S substitution	Colistin resistance	measured	28	1		Diana Albertos Torres et al. BMC Microbiology PMID:34798825	34798825	f0f9a3bd-46dd-59fb-a209-01a960a689dd	28			c59d10de155c	mutation	2	84cd8501d39dfaa4	Qwen/Qwen3.6-35B-A3B	open-access	50	hybrid	2026-09-18T11:45:53Z		local	http://mango.cels.anl.gov:8004/v1	d5de77eb871df1c0
Klebsiella pneumoniae	mgrB	C39Y/G substitution	Colistin resistance	measured	28	1		Diana Albertos Torres et al. BMC Microbiology PMID:34798825	34798825	f0f9a3bd-46dd-59fb-a209-01a960a689dd	28			c59d10de155c	mutation	2	84cd8501d39dfaa4	Qwen/Qwen3.6-35B-A3B	open-access	50	hybrid	2026-09-18T11:45:53Z		local	http://mango.cels.anl.gov:8004/v1	d5de77eb871df1c0
Klebsiella pneumoniae	mgrB	ISKpn26 disruption	Colistin resistance	measured	28	1		Diana Albertos Torres et al. BMC Microbiology PMID:34798825	34798825	f0f9a3bd-46dd-59fb-a209-01a960a689dd	28			c59d10de155c	mutation	2	84cd8501d39dfaa4	Qwen/Qwen3.6-35B-A3B	open-access	50	hybrid	2026-09-18T11:45:53Z		local	http://mango.cels.anl.gov:8004/v1	d5de77eb871df1c0
Klebsiella pneumoniae	mgrB	ISEcp1 disruption	Colistin resistance	measured	28	1		Diana Albertos Torres et al. BMC Microbiology PMID:34798825	34798825	f0f9a3bd-46dd-59fb-a209-01a960a689dd	28			c59d10de155c	mutation	2	84cd8501d39dfaa4	Qwen/Qwen3.6-35B-A3B	open-access	50	hybrid	2026-09-18T11:45:53Z		local	http://mango.cels.anl.gov:8004/v1	d5de77eb871df1c0
Klebsiella pneumoniae	mgrB	L4 truncation	Colistin resistance	measured	28	1		Diana Albertos Torres et al. BMC Microbiology PMID:34798825	34798825	f0f9a3bd-46dd-59fb-a209-01a960a689dd	28			c59d10de155c	mutation	2	84cd8501d39dfaa4	Qwen/Qwen3.6-35B-A3B	open-access	50	hybrid	2026-09-18T11:45:53Z		local	http://mango.cels.anl.gov:8004/v1	d5de77eb871df1c0
Klebsiella pneumoniae	mgrB	L8 truncation	Colistin resistance	measured	28	1		Diana Albertos Torres et al. BMC Microbiology PMID:34798825	34798825	f0f9a3bd-46dd-59fb-a209-01a960a689dd	28			c59d10de155c	mutation	2	84cd8501d39dfaa4	Qwen/Qwen3.6-35B-A3B	open-access	50	hybrid	2026-09-18T11:45:53Z		local	http://mango.cels.anl.gov:8004/v1	d5de77eb871df1c0
Klebsiella pneumoniae	mgrB	D31N substitution	Colistin resistance	measured	28	1		Diana Albertos Torres et al. BMC Microbiology PMID:34798825	34798825	f0f9a3bd-46dd-59fb-a209-01a960a689dd	28			c59d10de155c	mutation	2	84cd8501d39dfaa4	Qwen/Qwen3.6-35B-A3B	open-access	50	hybrid	2026-09-18T11:45:53Z		local	http://mango.cels.anl.gov:8004/v1	d5de77eb871df1c0
Klebsiella pneumoniae	mgrB	Complete deletion	Colistin resistance	measured	36	1		Yanling Liu et al. Frontiers in Cellular and Infection Microbiology (2021) PMID:34765565	34765565	4d991c5a-4245-54f5-ba03-dde7e8daa83d	36			c59d10de155c	mutation	2	84cd8501d39dfaa4	Qwen/Qwen3.6-35B-A3B	open-access	50	hybrid	2026-09-18T11:45:53Z		local	http://mango.cels.anl.gov:8004/v1	d5de77eb871df1c0
Klebsiella pneumoniae	mgrB	Promoter area deletion	Colistin resistance	measured	36	1		Yanling Liu et al. Frontiers in Cellular and Infection Microbiology (2021) PMID:34765565	34765565	4d991c5a-4245-54f5-ba03-dde7e8daa83d	36			c59d10de155c	mutation	2	84cd8501d39dfaa4	Qwen/Qwen3.6-35B-A3B	open-access	50	hybrid	2026-09-18T11:45:53Z		local	http://mango.cels.anl.gov:8004/v1	d5de77eb871df1c0
Klebsiella pneumoniae	mgrB	ISKpn14 insertion	Colistin resistance	measured	15	4		Lanlan Zhu et al. Frontiers in Microbiology (2023) PMID:37840706; Ziyao Li et al. BMC Microbiology PMID:39438834; Hissa M. Al-Farsi et al. Frontiers in Microbiology (2019) PMID:31803163	37840706;39438834;31803163	7bd26137-7e8a-53e5-bcfe-cb16be3bd3df;5d89e96c-f207-5da2-bf33-db6607b5c5f1;c6b1e4a4-5010-5157-8195-957e1dc47b54;5c7727cc-0d0b-5454-9ce2-457824c3abb3	5;12;15;42			c59d10de155c	mutation	2	84cd8501d39dfaa4	Qwen/Qwen3.6-35B-A3B	open-access	50	hybrid	2026-09-18T11:45:53Z		local	http://mango.cels.anl.gov:8004/v1	d5de77eb871df1c0
Klebsiella pneumoniae	mgrB	IS903B insertion	Colistin resistance	measured	15	2		Lanlan Zhu et al. Frontiers in Microbiology (2023) PMID:37840706; Yongli Wu et al. Frontiers in Cellular and Infection Microbiology (2023) PMID:37743865	37840706;37743865	7bd26137-7e8a-53e5-bcfe-cb16be3bd3df;fb74f9c2-f903-5d42-b2d8-cd36ac9e6da2	15;44			c59d10de155c	mutation	2	84cd8501d39dfaa4	Qwen/Qwen3.6-35B-A3B	open-access	50	hybrid	2026-09-18T11:45:53Z		local	http://mango.cels.anl.gov:8004/v1	d5de77eb871df1c0
Klebsiella pneumoniae	mgrB	ISKpn26 insertion	Colistin resistance	measured	15	1		Lanlan Zhu et al. Frontiers in Microbiology (2023) PMID:37840706	37840706	7bd26137-7e8a-53e5-bcfe-cb16be3bd3df	15			c59d10de155c	mutation	2	84cd8501d39dfaa4	Qwen/Qwen3.6-35B-A3B	open-access	50	hybrid	2026-09-18T11:45:53Z		local	http://mango.cels.anl.gov:8004/v1	d5de77eb871df1c0
Klebsiella pneumoniae	mgrB	IS5 insertion	Colistin resistance	measured	32	1		Yvan Caspar et al. Emerging Infectious Diseases PMID:28418313	28418313	510acce3-e334-5f06-b0a2-5d04ed20d778	32			c59d10de155c	mutation	2	84cd8501d39dfaa4	Qwen/Qwen3.6-35B-A3B	open-access	50	hybrid	2026-09-18T11:45:53Z		local	http://mango.cels.anl.gov:8004/v1	d5de77eb871df1c0
Klebsiella pneumoniae	mgrB	ISEcp1-blaOXA-181 insertion	Colistin resistance	measured	22	1		Hosam M. Zowawi et al. Scientific Reports PMID:26478520	26478520	77b9c369-55ea-5199-b8a6-1907a1b660b9	22			c59d10de155c	mutation	2	84cd8501d39dfaa4	Qwen/Qwen3.6-35B-A3B	open-access	50	hybrid	2026-09-18T11:45:53Z		local	http://mango.cels.anl.gov:8004/v1	d5de77eb871df1c0
Klebsiella pneumoniae	mgrB	IS903-like insertion	Colistin resistance	measured	20	1		Eliana P. Esposito et al. Frontiers in Microbiology (2018) PMID:30061868	30061868	02c5d725-db13-5f21-ac33-f0cbb86a2a77	20			c59d10de155c	mutation	2	84cd8501d39dfaa4	Qwen/Qwen3.6-35B-A3B	open-access	50	hybrid	2026-09-18T11:45:53Z		local	http://mango.cels.anl.gov:8004/v1	d5de77eb871df1c0
Klebsiella pneumoniae	mgrB	IS5-like insertion	Colistin resistance	measured	20	2		Eliana P. Esposito et al. Frontiers in Microbiology (2018) PMID:30061868; Mehri Haeili et al. Frontiers in Microbiology (2017) PMID:29326662	30061868;29326662	02c5d725-db13-5f21-ac33-f0cbb86a2a77;c6d77a21-a722-5bf5-ae87-2b04253333fc	20;21			c59d10de155c	mutation	2	84cd8501d39dfaa4	Qwen/Qwen3.6-35B-A3B	open-access	50	hybrid	2026-09-18T11:45:53Z		local	http://mango.cels.anl.gov:8004/v1	d5de77eb871df1c0
Klebsiella pneumoniae	mgrB	IS1-like insertion	Colistin resistance	measured	21	1		Mehri Haeili et al. Frontiers in Microbiology (2017) PMID:29326662	29326662	c6d77a21-a722-5bf5-ae87-2b04253333fc	21			c59d10de155c	mutation	2	84cd8501d39dfaa4	Qwen/Qwen3.6-35B-A3B	open-access	50	hybrid	2026-09-18T11:45:53Z		local	http://mango.cels.anl.gov:8004/v1	d5de77eb871df1c0
Pseudomonas aeruginosa	mexZ	premature stop codon	efflux pump overexpression	reserved	[1]	1		Bailey Secker et al. Frontiers in Microbiology (2025) PMID:40066269	40066269	cc70a90e-e53d-56ef-9479-48b982b23a84	1			1185899bfd7c	mutation	2	84cd8501d39dfaa4	Qwen/Qwen3.6-35B-A3B	open-access	50	hybrid	2026-09-18T11:45:53Z		local	http://mango.cels.anl.gov:8004/v1	8075701b3b122c00
Pseudomonas aeruginosa	mexZ	ΔmexZ	mexXY induction	reserved	[2]	1		Jakob Frimodt-Møller et al. Scientific Reports PMID:30131514	30131514	b3aa8e41-6860-57ea-a9ac-35851bd57dc1	2			1185899bfd7c	mutation	2	84cd8501d39dfaa4	Qwen/Qwen3.6-35B-A3B	open-access	50	hybrid	2026-09-18T11:45:53Z		local	http://mango.cels.anl.gov:8004/v1	8075701b3b122c00
Pseudomonas aeruginosa	mexZ	mexZ mutation	aminoglycoside and fluoroquinolone resistance; phenotypic resistance to tobramycin; phenotypic resistance to ciprofloxacin; pan-aminoglycoside resistance; multidrug-efflux pump MexXY; overproduction of mexXY; antibiotic tolerance; overexpression of mexXY; antibiotic resistance; MexXY overexpression; overproduction of MexXY-OprM; efflux-based resistance; multidrug resistance	reserved	[2]	28	merged_variants:Phenotype	Jakob Frimodt-Møller et al. Scientific Reports PMID:30131514; Keith Poole et al. Frontiers in Microbiology (2011) PMID:21747788; Sofía Feliziani et al. PLoS ONE PMID:20844762; Pablo Laborda et al. Nature Communications PMID:38519499; Ad C. Fluit et al. PLOS One PMID:41790776; T. Nicholas Domitrovic et al. Open Forum Infectious Diseases PMID:29057280; Thomas Hay et al. PLoS ONE PMID:23441219; Céline Lucchetti-Miganeh et al. Pathogens PMID:25437802; María F. Chevalier-Alba et al. Frontiers in Microbiology (2026) PMID:42094768; Anna Sze Tai et al. PLoS ONE PMID:26633539; R. Frèdi Langendonk et al. Frontiers in Cellular and Infection Microbiology (2021) PMID:33937104; Carla López-Causapé et al. PLoS ONE PMID:23951065	30131514;21747788;20844762;38519499;41790776;29057280;23441219;25437802;42094768;26633539;33937104;23951065	b3aa8e41-6860-57ea-a9ac-35851bd57dc1;bf264cba-30f7-57bd-a918-301e3d9a9c7f;a389fb1c-cafc-564e-b050-d950c48a6ab6;a0c186e3-c92c-5ac6-b1d2-668f40469c6c;9304ab62-ffc6-5c76-959b-4d81409833da;9f3f9084-a5fb-5323-a738-3be91b229bdf;8b15c0eb-a1f8-5778-9cdf-5c45babd869e;39acb490-cdf8-5b18-bc1a-a5a8830b2708;9b102cd5-9ea1-5e49-bd0c-40d8e6d6a779;a29acefc-0418-5746-85c0-f32b309ef6c0;5aa5398f-cd9f-52ac-9f6e-bd6675e34ff2;943eaca9-79c9-5c74-b08b-9f92d5063025;453322fc-8dc6-5140-9ef8-4bf2534470ca;c1d7c476-8b22-52dc-9357-c3c0f0152ab7;eaed1417-3b06-56e9-9a53-7e5299b196c9;7541ba26-0ec9-5b83-abea-ae53a4969081;47b8c3d6-869a-5d75-9cff-657ab4d638d0;230ffa91-fccb-5fef-8a99-483a4bf5095a;acad8b8c-bfff-5e37-b312-2bc91fca19ef;dbd3f79f-18d7-5409-8466-fdd89fe5e767;8f04aa0a-f87c-5476-813f-aaa8da81be2e;23b36b0a-5934-543c-8526-b8ec38c6237f;b64ddba3-7a39-50e2-b7e5-725bcd430739;38f85b30-4ac7-59a1-ac17-a9878c0c34e0;76425554-489b-5516-9b13-7a6413060562;27e1f13e-47c5-53e1-b140-66fa3161e4f9	2;6;7;16;19;20;21;23;26;28;29;31;32;33;34;35;36;37;39;40;42;43;45;47;48;49			1185899bfd7c	mutation	2	84cd8501d39dfaa4	Qwen/Qwen3.6-35B-A3B	open-access	50	hybrid	2026-09-18T11:45:53Z		local	http://mango.cels.anl.gov:8004/v1	8075701b3b122c00
Pseudomonas aeruginosa	mexZ	P68S	antimicrobial induction of mexXY gene expression	reserved	[3]	1		Thomas Hay et al. PLoS ONE PMID:23441219	23441219	b7a5fb25-7b6d-5605-ba51-4b262025d506	3			1185899bfd7c	mutation	2	84cd8501d39dfaa4	Qwen/Qwen3.6-35B-A3B	open-access	50	hybrid	2026-09-18T11:45:53Z		local	http://mango.cels.anl.gov:8004/v1	8075701b3b122c00
Pseudomonas aeruginosa	mexZ	G76S	antimicrobial induction of mexXY gene expression	reserved	[3]	1		Thomas Hay et al. PLoS ONE PMID:23441219	23441219	b7a5fb25-7b6d-5605-ba51-4b262025d506	3			1185899bfd7c	mutation	2	84cd8501d39dfaa4	Qwen/Qwen3.6-35B-A3B	open-access	50	hybrid	2026-09-18T11:45:53Z		local	http://mango.cels.anl.gov:8004/v1	8075701b3b122c00
Pseudomonas aeruginosa	mexZ	R216C	antimicrobial induction of mexXY gene expression	reserved	[3]	1		Thomas Hay et al. PLoS ONE PMID:23441219	23441219	b7a5fb25-7b6d-5605-ba51-4b262025d506	3			1185899bfd7c	mutation	2	84cd8501d39dfaa4	Qwen/Qwen3.6-35B-A3B	open-access	50	hybrid	2026-09-18T11:45:53Z		local	http://mango.cels.anl.gov:8004/v1	8075701b3b122c00
Pseudomonas aeruginosa	mexZ	R221W	antimicrobial induction of mexXY gene expression	reserved	[3]	1		Thomas Hay et al. PLoS ONE PMID:23441219	23441219	b7a5fb25-7b6d-5605-ba51-4b262025d506	3			1185899bfd7c	mutation	2	84cd8501d39dfaa4	Qwen/Qwen3.6-35B-A3B	open-access	50	hybrid	2026-09-18T11:45:53Z		local	http://mango.cels.anl.gov:8004/v1	8075701b3b122c00
Pseudomonas aeruginosa	mexZ	R221Q	antimicrobial induction of mexXY gene expression	reserved	[3]	1		Thomas Hay et al. PLoS ONE PMID:23441219	23441219	b7a5fb25-7b6d-5605-ba51-4b262025d506	3			1185899bfd7c	mutation	2	84cd8501d39dfaa4	Qwen/Qwen3.6-35B-A3B	open-access	50	hybrid	2026-09-18T11:45:53Z		local	http://mango.cels.anl.gov:8004/v1	8075701b3b122c00
Pseudomonas aeruginosa	mexZ	G231D	antimicrobial induction of mexXY gene expression	reserved	[3]	1		Thomas Hay et al. PLoS ONE PMID:23441219	23441219	b7a5fb25-7b6d-5605-ba51-4b262025d506	3			1185899bfd7c	mutation	2	84cd8501d39dfaa4	Qwen/Qwen3.6-35B-A3B	open-access	50	hybrid	2026-09-18T11:45:53Z		local	http://mango.cels.anl.gov:8004/v1	8075701b3b122c00
Pseudomonas aeruginosa	mexZ	G252S	antimicrobial induction of mexXY gene expression	reserved	[3]	1		Thomas Hay et al. PLoS ONE PMID:23441219	23441219	b7a5fb25-7b6d-5605-ba51-4b262025d506	3			1185899bfd7c	mutation	2	84cd8501d39dfaa4	Qwen/Qwen3.6-35B-A3B	open-access	50	hybrid	2026-09-18T11:45:53Z		local	http://mango.cels.anl.gov:8004/v1	8075701b3b122c00
Pseudomonas aeruginosa	mexZ	INDEL	aminoglycoside resistance	reserved	[4]	8		Jakob Frimodt-Møller et al. Scientific Reports PMID:30131514	30131514	f181f766-e665-5921-8ae3-5a4f8528d608;e6391dc8-5bf0-56c1-9cbd-3bb20ba3fb20;13917036-b6e5-55ca-9622-4beb2cea186a;79ba8edf-3f17-52a4-9b17-b52904b25039;39466505-85de-5aa6-8a3a-4484433c27ce;b8ba9eb1-b9f1-5238-b62e-9a0dddcb7682;98e3b78e-f73e-5aae-939a-2b0ff609687e;8ab54db6-d01d-5330-b24d-c90c6cdad894	4;5;8;9;11;12;14;15			1185899bfd7c	mutation	2	84cd8501d39dfaa4	Qwen/Qwen3.6-35B-A3B	open-access	50	hybrid	2026-09-18T11:45:53Z		local	http://mango.cels.anl.gov:8004/v1	8075701b3b122c00
Pseudomonas aeruginosa	mexZ	SNP	aminoglycoside resistance	reserved	[4]	8		Jakob Frimodt-Møller et al. Scientific Reports PMID:30131514	30131514	f181f766-e665-5921-8ae3-5a4f8528d608;e6391dc8-5bf0-56c1-9cbd-3bb20ba3fb20;13917036-b6e5-55ca-9622-4beb2cea186a;79ba8edf-3f17-52a4-9b17-b52904b25039;39466505-85de-5aa6-8a3a-4484433c27ce;b8ba9eb1-b9f1-5238-b62e-9a0dddcb7682;98e3b78e-f73e-5aae-939a-2b0ff609687e;8ab54db6-d01d-5330-b24d-c90c6cdad894	4;5;8;9;11;12;14;15			1185899bfd7c	mutation	2	84cd8501d39dfaa4	Qwen/Qwen3.6-35B-A3B	open-access	50	hybrid	2026-09-18T11:45:53Z		local	http://mango.cels.anl.gov:8004/v1	8075701b3b122c00
Pseudomonas aeruginosa	mexZ	absence of gene	fluoroquinolone resistance	reserved	[13]	1		María López et al. Antibiotics PMID:36140050	36140050	61f83702-8731-556d-a9a9-61f6a8192274	13			1185899bfd7c	mutation	2	84cd8501d39dfaa4	Qwen/Qwen3.6-35B-A3B	open-access	50	hybrid	2026-09-18T11:45:53Z		local	http://mango.cels.anl.gov:8004/v1	8075701b3b122c00
Pseudomonas aeruginosa	mexZ	mexZ*	antibiotic tolerance	reserved	[17]	1		Pablo Laborda et al. Nature Communications PMID:38519499	38519499	3ec1fffe-d674-51a1-9064-5aab6d079693	17			1185899bfd7c	mutation	2	84cd8501d39dfaa4	Qwen/Qwen3.6-35B-A3B	open-access	50	hybrid	2026-09-18T11:45:53Z		local	http://mango.cels.anl.gov:8004/v1	8075701b3b122c00
Pseudomonas aeruginosa	mexZ	D83E	aminoglycoside resistance	reserved	[18]	1		Ana M. Rada et al. Frontiers in Microbiology (2021) PMID:34512563	34512563	502cfe86-52fd-58ad-b6dd-b9ace843f025	18			1185899bfd7c	mutation	2	84cd8501d39dfaa4	Qwen/Qwen3.6-35B-A3B	open-access	50	hybrid	2026-09-18T11:45:53Z		local	http://mango.cels.anl.gov:8004/v1	8075701b3b122c00
Pseudomonas aeruginosa	mexZ	G89S	aminoglycoside resistance	reserved	[18]	1		Ana M. Rada et al. Frontiers in Microbiology (2021) PMID:34512563	34512563	502cfe86-52fd-58ad-b6dd-b9ace843f025	18			1185899bfd7c	mutation	2	84cd8501d39dfaa4	Qwen/Qwen3.6-35B-A3B	open-access	50	hybrid	2026-09-18T11:45:53Z		local	http://mango.cels.anl.gov:8004/v1	8075701b3b122c00
Pseudomonas aeruginosa	mexZ	L138R	aminoglycoside resistance	reserved	[18]	1		Ana M. Rada et al. Frontiers in Microbiology (2021) PMID:34512563	34512563	502cfe86-52fd-58ad-b6dd-b9ace843f025	18			1185899bfd7c	mutation	2	84cd8501d39dfaa4	Qwen/Qwen3.6-35B-A3B	open-access	50	hybrid	2026-09-18T11:45:53Z		local	http://mango.cels.anl.gov:8004/v1	8075701b3b122c00
Pseudomonas aeruginosa	mexZ	LOF mutation	penicillin hypersensitivity	reserved	[22]	1		Camilo Barbosa et al. Molecular Biology and Evolution PMID:28541480	28541480	90aaeb30-a7df-5222-91a3-87b8854312ed	22			1185899bfd7c	mutation	2	84cd8501d39dfaa4	Qwen/Qwen3.6-35B-A3B	open-access	50	hybrid	2026-09-18T11:45:53Z		local	http://mango.cels.anl.gov:8004/v1	8075701b3b122c00
Pseudomonas aeruginosa	mexZ	inactivation	MexXY/OprM overproduction; aminoglycoside resistance	reserved	[24]	2	merged_variants:Phenotype	Clinical Microbiology and Infection (2010) DOI:10.1111/j.1469-0691.2010.03239.x; Sofía Feliziani et al. PLoS ONE PMID:20844762	20844762	37b1bb4c-7412-551f-9517-d3dc82b9999d;07ed12ed-3d3d-5838-919b-b7fba885da24	24;25			1185899bfd7c	mutation	2	84cd8501d39dfaa4	Qwen/Qwen3.6-35B-A3B	open-access	50	hybrid	2026-09-18T11:45:53Z		local	http://mango.cels.anl.gov:8004/v1	8075701b3b122c00
Pseudomonas aeruginosa	mexZ	K127E	antibiotic resistance	reserved	[27]	1		Yongfeng Yu et al. Microorganisms PMID:36557685	36557685	b2396b55-952b-5237-912d-fd85e8c11bed	27			1185899bfd7c	mutation	2	84cd8501d39dfaa4	Qwen/Qwen3.6-35B-A3B	open-access	50	hybrid	2026-09-18T11:45:53Z		local	http://mango.cels.anl.gov:8004/v1	8075701b3b122c00
Staphylococcus aureus	mprF	S829L	Antimicrobial resistance (Daptomycin)	measured	[2]	2		Artur J. Sabat et al. Frontiers in Microbiology (2018) PMID:30459746	30459746	60d328a9-22dd-5d83-a1aa-b4d45cabe1d8;18e7a08b-a743-5fef-a825-53a408ae712a	2;3			76e68b371364	mutation	2	84cd8501d39dfaa4	Qwen/Qwen3.6-35B-A3B	open-access	50	hybrid	2026-09-18T11:45:56Z		local	http://mango.cels.anl.gov:8004/v1	29aba3d0832efff8
Staphylococcus aureus	mprF	S337L	Antimicrobial resistance (Polyamine AHA-1394)	measured	[12]	1		Edward J. A. Douglas et al. Frontiers in Microbiology (2022) PMID:36071957	36071957	478a4e90-76b5-5829-adbc-21829e611c6d	12			76e68b371364	mutation	2	84cd8501d39dfaa4	Qwen/Qwen3.6-35B-A3B	open-access	50	hybrid	2026-09-18T11:45:56Z		local	http://mango.cels.anl.gov:8004/v1	29aba3d0832efff8
Staphylococcus aureus	mprF	L431F	Antimicrobial resistance (Daptomycin, Vancomycin)	measured	[27]	1		Feng-Jui Chen et al. Frontiers in Microbiology (2018) PMID:29887848	29887848	6105cfba-7e6c-57aa-a189-9f4370239414	27			76e68b371364	mutation	2	84cd8501d39dfaa4	Qwen/Qwen3.6-35B-A3B	open-access	50	hybrid	2026-09-18T11:45:56Z		local	http://mango.cels.anl.gov:8004/v1	29aba3d0832efff8
Staphylococcus aureus	mprF	T345I	Antimicrobial resistance (Daptomycin)	measured	[26]	1		Masaki Nakamura et al. PLoS ONE PMID:33481910	33481910	70fa7f66-17f1-5916-9757-5a4e35e6dee7	26			76e68b371364	mutation	2	84cd8501d39dfaa4	Qwen/Qwen3.6-35B-A3B	open-access	50	hybrid	2026-09-18T11:45:56Z		local	http://mango.cels.anl.gov:8004/v1	29aba3d0832efff8
Staphylococcus aureus	mprF	P314L	Antimicrobial resistance (Daptomycin)	reported	[18]	1		Christopher R. Miller et al. PLoS ONE PMID:34669727	34669727	653063a3-466c-592b-ae12-ebc8b29876ef	18			76e68b371364	mutation	2	84cd8501d39dfaa4	Qwen/Qwen3.6-35B-A3B	open-access	50	hybrid	2026-09-18T11:45:56Z		local	http://mango.cels.anl.gov:8004/v1	29aba3d0832efff8
Escherichia	mrdA	Knockout (∆mrdA)	Increased sensitivity to melittin (antimicrobial peptide resistance)	measured	[1]	1		Chong-Yi Zhao et al. Frontiers in Microbiology (2024) PMID:40110189	40110189	acc0729b-c197-52ac-b33e-a23c4c557a36	1			a83adeafc918	mutation	2	84cd8501d39dfaa4	Qwen/Qwen3.6-35B-A3B	open-access	50	hybrid	2026-09-18T11:45:57Z		local	http://mango.cels.anl.gov:8004/v1	4661818563f8971f
Escherichia	mrdA	Overexpression (mrdA-OE)	Resistance to melittin (antimicrobial peptide resistance)	measured	[1]	1		Chong-Yi Zhao et al. Frontiers in Microbiology (2024) PMID:40110189	40110189	acc0729b-c197-52ac-b33e-a23c4c557a36	1			a83adeafc918	mutation	2	84cd8501d39dfaa4	Qwen/Qwen3.6-35B-A3B	open-access	50	hybrid	2026-09-18T11:45:57Z		local	http://mango.cels.anl.gov:8004/v1	4661818563f8971f
Escherichia	mrdA		Peptide antibiotic resistance; β-Lactam resistance; Antimicrobial resistance	reported	[13]	7	missing:Mutation;merged_variants:Phenotype	Shane Whelan et al. Microorganisms PMID:37764013; Gabriela Feix Pereira et al. Scientific Reports PMID:34845279; Prapat Suriyaphol et al. Scientific Reports PMID:34508122; Anis Mansouri et al. Journal of Antimicrobial Chemotherapy PMID:41217903; Maria Ioanna Tsertou et al. Frontiers in Microbiology (2023) PMID:36925475	37764013;34845279;34508122;41217903;36925475	cfdaea76-c0a9-5a55-af4b-118882406c8b;1b50bcea-7390-54e9-9617-2a6c3d97f002;28dc3d4e-fb43-54b7-be46-fead534c8b98;11068884-a637-52a0-a8c4-65de5acef8dd;e396ff50-06e2-51c7-8063-15e0709942e9;d31c0199-91c6-53d6-ab33-db8072eb7bef	9;10;13;18;21;22			a83adeafc918	mutation	2	84cd8501d39dfaa4	Qwen/Qwen3.6-35B-A3B	open-access	50	hybrid	2026-09-18T11:45:57Z		local	http://mango.cels.anl.gov:8004/v1	4661818563f8971f
Escherichia	mrdA	C->T (CGT->CAT)		reported	[28]	2		Xiaoqing He et al. Frontiers in Microbiology (2017) PMID:29230205	29230205	9f3800f1-adff-5e98-a052-01aa86673b46;e807c245-8104-5c3f-b901-cfbe749f1e19	28;34			a83adeafc918	mutation	2	84cd8501d39dfaa4	Qwen/Qwen3.6-35B-A3B	open-access	50	hybrid	2026-09-18T11:45:57Z		local	http://mango.cels.anl.gov:8004/v1	4661818563f8971f
Escherichia	mrdA	A->G (ATT->ACT)		reported	[28]	2		Xiaoqing He et al. Frontiers in Microbiology (2017) PMID:29230205	29230205	9f3800f1-adff-5e98-a052-01aa86673b46;e807c245-8104-5c3f-b901-cfbe749f1e19	28;34			a83adeafc918	mutation	2	84cd8501d39dfaa4	Qwen/Qwen3.6-35B-A3B	open-access	50	hybrid	2026-09-18T11:45:57Z		local	http://mango.cels.anl.gov:8004/v1	4661818563f8971f
Clostridioides difficile	mreE	T115A	Vancomycin resistance	reported	[45]	1		Baban Kolte et al. Journal of Antimicrobial Chemotherapy PMID:38598696	38598696	ac5effd4-fa1c-5e62-a0be-edf14da48216	45	T115A	P.T115A	beff4780f2ba	mutation	2	84cd8501d39dfaa4	Qwen/Qwen3.6-35B-A3B	open-access	50	hybrid	2026-09-18T11:45:59Z		local	http://mango.cels.anl.gov:8004/v1	77d0229163d02811
Klebsiella pneumoniae	mrdA		Antimicrobial resistance (melittin)	reported	23	3	missing:Mutation	Chong-Yi Zhao et al. Frontiers in Microbiology (2024) PMID:40110189	40110189	acc0729b-c197-52ac-b33e-a23c4c557a36;07a23187-a08a-5b63-bb38-6173d5d10d07;fe7274fb-7bd9-53b1-ab16-85b3e4f6c34c	23;25;30			aee09f106645	mutation	2	84cd8501d39dfaa4	Qwen/Qwen3.6-35B-A3B	open-access	50	hybrid	2026-09-18T11:45:59Z		local	http://mango.cels.anl.gov:8004/v1	d00261d0b571487b
Clostridioides difficile	gyrB	S366A	Fluoroquinolone resistance	reported	[3]	255		Xin Lu et al. Frontiers in Microbiology (2026) PMID:41756124; Li-Juan Zhang et al. PLoS ONE PMID:30807599	41756124;30807599	bc19a409-17a4-5cc9-9926-33276c7625f8;3f8fc36d-ead1-59a5-881a-b8cb7f0620cd;22067bd5-46ec-5b87-b98b-927a164feb91	3;4;13	S366A	Ser366Ala	d11c28e52f21	mutation	2	84cd8501d39dfaa4	Qwen/Qwen3.6-35B-A3B	open-access	50	hybrid	2026-09-18T11:46:01Z		local	http://mango.cels.anl.gov:8004/v1	f7b5e1aa11872762
Clostridioides difficile	gyrB	D426V	Fluoroquinolone resistance	reported	[3]	1		Xin Lu et al. Frontiers in Microbiology (2026) PMID:41756124	41756124	bc19a409-17a4-5cc9-9926-33276c7625f8	3	D426V	Asp426Val	d11c28e52f21	mutation	2	84cd8501d39dfaa4	Qwen/Qwen3.6-35B-A3B	open-access	50	hybrid	2026-09-18T11:46:01Z		local	http://mango.cels.anl.gov:8004/v1	f7b5e1aa11872762
Clostridioides difficile	gyrB	I175T	Reduced susceptibility to kibdelomycin	reported	[5]	1		Erika van Eijk et al. Journal of Antimicrobial Chemotherapy PMID:28073967	28073967	31df2cb2-871d-5a1b-a9bb-b1c0f6909509	5	I175T	Ile175Thr	d11c28e52f21	mutation	2	84cd8501d39dfaa4	Qwen/Qwen3.6-35B-A3B	open-access	50	hybrid	2026-09-18T11:46:01Z		local	http://mango.cels.anl.gov:8004/v1	f7b5e1aa11872762
Escherichia coli	murA	R110T	Antimicrobial resistance (compensatory for rifampin resistance)	reported	[2]	1		Melanie H. Chitwood et al. Nature Communications PMID:38580642	38580642	ccd5f014-abc1-5a4e-9e1d-f12623b7e2d5	2			96f0e8a8b71c	mutation	2	84cd8501d39dfaa4	Qwen/Qwen3.6-35B-A3B	open-access	50	hybrid	2026-09-18T11:46:04Z		local	http://mango.cels.anl.gov:8004/v1	659cb58d565b4d76
Escherichia coli	murA	D369N	Antimicrobial resistance (fosfomycin)	reported	[4]	1		Alfredo Castañeda-García et al. Antibiotics PMID:27029300	27029300	8ff1e815-d543-50e2-8ce9-55f7139d0e55	4			96f0e8a8b71c	mutation	2	84cd8501d39dfaa4	Qwen/Qwen3.6-35B-A3B	open-access	50	hybrid	2026-09-18T11:46:04Z		local	http://mango.cels.anl.gov:8004/v1	659cb58d565b4d76
Escherichia coli	murA	L370I	Antimicrobial resistance (fosfomycin)	reported	[4]	1		Alfredo Castañeda-García et al. Antibiotics PMID:27029300	27029300	8ff1e815-d543-50e2-8ce9-55f7139d0e55	4			96f0e8a8b71c	mutation	2	84cd8501d39dfaa4	Qwen/Qwen3.6-35B-A3B	open-access	50	hybrid	2026-09-18T11:46:04Z		local	http://mango.cels.anl.gov:8004/v1	659cb58d565b4d76
Escherichia coli	murA	C115D	Antimicrobial resistance (fosfomycin)	reported	[11]	2		Liselot Dewachter et al. Nature Communications PMID:36646716; Antonio Sorlozano-Puerto et al. Antibiotics PMID:32847131	36646716;32847131	4c5c3405-138d-5fc8-b41d-629f6766c029;e54ffb81-f929-575d-a72a-a2ac5cfe5b2d	11;21			96f0e8a8b71c	mutation	2	84cd8501d39dfaa4	Qwen/Qwen3.6-35B-A3B	open-access	50	hybrid	2026-09-18T11:46:04Z		local	http://mango.cels.anl.gov:8004/v1	659cb58d565b4d76
Escherichia coli	murA	C115E	Antimicrobial resistance (fosfomycin)	reported	[11]	1		Liselot Dewachter et al. Nature Communications PMID:36646716	36646716	4c5c3405-138d-5fc8-b41d-629f6766c029	11			96f0e8a8b71c	mutation	2	84cd8501d39dfaa4	Qwen/Qwen3.6-35B-A3B	open-access	50	hybrid	2026-09-18T11:46:04Z		local	http://mango.cels.anl.gov:8004/v1	659cb58d565b4d76
Escherichia coli	murA	E291D	Antimicrobial resistance	reported	[9]	1		Pawarut Narongpun et al. Antibiotics PMID:38136779	38136779	52a2a1be-595d-55ac-85fb-16fbe593e8cf	9			96f0e8a8b71c	mutation	2	84cd8501d39dfaa4	Qwen/Qwen3.6-35B-A3B	open-access	50	hybrid	2026-09-18T11:46:04Z		local	http://mango.cels.anl.gov:8004/v1	659cb58d565b4d76
Escherichia coli	murA	D278E	Antimicrobial resistance	reported	[10]	1		Pawarut Narongpun et al. Antibiotics PMID:38136779	38136779	89e1a29f-0ff0-5f69-84ff-c7b715bd4038	10			96f0e8a8b71c	mutation	2	84cd8501d39dfaa4	Qwen/Qwen3.6-35B-A3B	open-access	50	hybrid	2026-09-18T11:46:04Z		local	http://mango.cels.anl.gov:8004/v1	659cb58d565b4d76
Escherichia coli	murA	N197D	Antimicrobial resistance (ceftriaxone)	reported	[15]	1		Sabrina Wamp et al. PLoS Pathogens PMID:35294506	35294506	d97a75b5-d293-5a0e-bcb5-8c770074afe4	15			96f0e8a8b71c	mutation	2	84cd8501d39dfaa4	Qwen/Qwen3.6-35B-A3B	open-access	50	hybrid	2026-09-18T11:46:04Z		local	http://mango.cels.anl.gov:8004/v1	659cb58d565b4d76
Escherichia coli	murA	E350Q	Antimicrobial resistance (fosfomycin)	reported	[34]	1		Ola H. Moghnia et al. Microorganisms PMID:35336083	35336083	51780457-9685-5b33-8eef-7f779686a7e3	34			96f0e8a8b71c	mutation	2	84cd8501d39dfaa4	Qwen/Qwen3.6-35B-A3B	open-access	50	hybrid	2026-09-18T11:46:04Z		local	http://mango.cels.anl.gov:8004/v1	659cb58d565b4d76
Neisseria gonorrhoeae	mtrR	-35A Del	Antimicrobial resistance	measured	[1]	1		Natakorn Nokchan et al. PLoS ONE PMID:35905043	35905043	686dab15-fc72-5f04-bb4f-fd7bdcb254bc	1			f25c6df16153	mutation	2	84cd8501d39dfaa4	Qwen/Qwen3.6-35B-A3B	open-access	50	hybrid	2026-09-18T11:46:06Z		local	http://mango.cels.anl.gov:8004/v1	f19a713d5c31e427
Neisseria gonorrhoeae	mtrR	H105Y	Antimicrobial resistance	measured	[1]	1		Natakorn Nokchan et al. PLoS ONE PMID:35905043	35905043	686dab15-fc72-5f04-bb4f-fd7bdcb254bc	1			f25c6df16153	mutation	2	84cd8501d39dfaa4	Qwen/Qwen3.6-35B-A3B	open-access	50	hybrid	2026-09-18T11:46:06Z		local	http://mango.cels.anl.gov:8004/v1	f19a713d5c31e427
Neisseria gonorrhoeae	mtrR	A39T	Antimicrobial resistance	measured; reported	[18]	5	merged_variants:Assertion	Natakorn Nokchan et al. PLoS ONE PMID:35905043; François Caméléna et al. Emerging Infectious Diseases PMID:39084693; Grace A Beggs et al. Nucleic Acids Research PMID:33784401; Fa-Xing Jiang et al. BMC Infectious Diseases PMID:28545411; Beata Mlynarczyk-Bonikowska et al. International Journal of Molecular Sciences PMID:36142410	35905043;39084693;33784401;28545411;36142410	a2e16f02-7ba8-51ef-a7df-8c11a6906540;526fa6be-90db-5295-8a84-e085d1f732f0;5e53c19a-291e-5031-8f1b-8544ee82ad7c;1edea9d2-5bc6-5c1f-95ff-399145c51ff1;4586b414-b542-5a2f-861f-47bf68dae34b	18;20;23;32;45			f25c6df16153	mutation	2	84cd8501d39dfaa4	Qwen/Qwen3.6-35B-A3B	open-access	50	hybrid	2026-09-18T11:46:06Z		local	http://mango.cels.anl.gov:8004/v1	f19a713d5c31e427
Neisseria gonorrhoeae	mtrR	G45D	Antimicrobial resistance	reported; measured	[12]	10	merged_variants:Assertion	Ana Clara Mendes et al. Frontiers in Microbiology (2024) PMID:39931279; Grace A Beggs et al. Nucleic Acids Research PMID:33784401; Sunil Sethi et al. BMC Infectious Diseases PMID:23347339; Boris Shaskolskiy et al. Frontiers in Microbiology (2016) PMID:27242760; Fa-Xing Jiang et al. BMC Infectious Diseases PMID:28545411; Adam C. Retchless et al. BMC Genomics PMID:29499642; Daniel Golparian et al. BMC Genomics PMID:32013864; Beata Mlynarczyk-Bonikowska et al. International Journal of Molecular Sciences PMID:36142410; Yuan Dong et al. Frontiers in Microbiology (2020) PMID:33123111	39931279;33784401;23347339;27242760;28545411;29499642;32013864;36142410;33123111	26d25e33-0647-526f-b5d9-23e22f41a1d1;5e53c19a-291e-5031-8f1b-8544ee82ad7c;eea88d77-25c8-51e6-a010-8b9c6430af6d;17cb16d7-32a5-5e63-b097-c014414cfdd6;c7ec8e06-66df-5f44-9bca-93596eda73ae;1edea9d2-5bc6-5c1f-95ff-399145c51ff1;5e2d450d-e90d-547e-97af-da091fe5796f;69f41a1b-985a-5a86-9072-85a90558373e;4586b414-b542-5a2f-861f-47bf68dae34b;5fb12d63-97f6-5225-baa9-2d50dc43a372	12;23;24;28;32;33;34;43;45;48			f25c6df16153	mutation	2	84cd8501d39dfaa4	Qwen/Qwen3.6-35B-A3B	open-access	50	hybrid	2026-09-18T11:46:06Z		local	http://mango.cels.anl.gov:8004/v1	f19a713d5c31e427
Neisseria gonorrhoeae	mtrR	-35A deletion	Antimicrobial resistance	measured; reported	[21]	4	merged_variants:Assertion	Byron M. Berenger et al. Emerging Infectious Diseases PMID:31407661; Boris Shaskolskiy et al. Frontiers in Microbiology (2016) PMID:27242760; Adam C. Retchless et al. BMC Genomics PMID:29499642; Ilya Kandinov et al. Pathogens PMID:33198126	31407661;27242760;29499642;33198126	29dcbb5e-4b33-502e-a6a4-1658c795e562;c7ec8e06-66df-5f44-9bca-93596eda73ae;5e2d450d-e90d-547e-97af-da091fe5796f;da666982-014f-5321-8253-e7ce73d2c631	21;28;34;44			f25c6df16153	mutation	2	84cd8501d39dfaa4	Qwen/Qwen3.6-35B-A3B	open-access	50	hybrid	2026-09-18T11:46:06Z		local	http://mango.cels.anl.gov:8004/v1	f19a713d5c31e427
Neisseria gonorrhoeae	mtrR	A40D	Antimicrobial resistance	measured; reported	[32]	2	merged_variants:Assertion	Fa-Xing Jiang et al. BMC Infectious Diseases PMID:28545411; Yuan Dong et al. Frontiers in Microbiology (2020) PMID:33123111	28545411;33123111	1edea9d2-5bc6-5c1f-95ff-399145c51ff1;5fb12d63-97f6-5225-baa9-2d50dc43a372	32;48			f25c6df16153	mutation	2	84cd8501d39dfaa4	Qwen/Qwen3.6-35B-A3B	open-access	50	hybrid	2026-09-18T11:46:06Z		local	http://mango.cels.anl.gov:8004/v1	f19a713d5c31e427
Neisseria gonorrhoeae	mtrR	-79 del	Antimicrobial resistance	measured	[40]	1		Alexandria A. Oviatt et al. ACS Infectious Diseases PMID:41065178	41065178	5c959286-d87f-5294-ab94-c31a257584eb	40			f25c6df16153	mutation	2	84cd8501d39dfaa4	Qwen/Qwen3.6-35B-A3B	open-access	50	hybrid	2026-09-18T11:46:06Z		local	http://mango.cels.anl.gov:8004/v1	f19a713d5c31e427
Neisseria gonorrhoeae	mtrR	T86A	Antimicrobial resistance	reported	[48]	1		Yuan Dong et al. Frontiers in Microbiology (2020) PMID:33123111	33123111	5fb12d63-97f6-5225-baa9-2d50dc43a372	48			f25c6df16153	mutation	2	84cd8501d39dfaa4	Qwen/Qwen3.6-35B-A3B	open-access	50	hybrid	2026-09-18T11:46:06Z		local	http://mango.cels.anl.gov:8004/v1	f19a713d5c31e427
Clostridioides difficile	murG	P109L	Vancomycin resistance	reported	[33]	1		Baban Kolte et al. Journal of Antimicrobial Chemotherapy PMID:38598696	38598696	ac5effd4-fa1c-5e62-a0be-edf14da48216	33			ea24b204b3be	mutation	2	84cd8501d39dfaa4	Qwen/Qwen3.6-35B-A3B	open-access	50	hybrid	2026-09-18T11:46:08Z		local	http://mango.cels.anl.gov:8004/v1	f4b73131be4439e6
Staphylococcus aureus	murA	A100V	Antimicrobial resistance	measured	[7]	1		Rachida Namoune et al. Microorganisms PMID:37630607	37630607	bedab700-2db6-5963-a4eb-59df2b6237cd	7			a56ae929bcef	mutation	2	84cd8501d39dfaa4	Qwen/Qwen3.6-35B-A3B	open-access	50	hybrid	2026-09-18T11:46:08Z		local	http://mango.cels.anl.gov:8004/v1	cf87ffb734ff5378
Staphylococcus aureus	murA	E291D	Antimicrobial resistance	measured	[7]	1		Rachida Namoune et al. Microorganisms PMID:37630607	37630607	bedab700-2db6-5963-a4eb-59df2b6237cd	7			a56ae929bcef	mutation	2	84cd8501d39dfaa4	Qwen/Qwen3.6-35B-A3B	open-access	50	hybrid	2026-09-18T11:46:08Z		local	http://mango.cels.anl.gov:8004/v1	cf87ffb734ff5378
Staphylococcus aureus	murA	T396N	Antimicrobial resistance	measured	[7]	1		Rachida Namoune et al. Microorganisms PMID:37630607	37630607	bedab700-2db6-5963-a4eb-59df2b6237cd	7			a56ae929bcef	mutation	2	84cd8501d39dfaa4	Qwen/Qwen3.6-35B-A3B	open-access	50	hybrid	2026-09-18T11:46:08Z		local	http://mango.cels.anl.gov:8004/v1	cf87ffb734ff5378
Staphylococcus aureus	murA	T125A	Antimicrobial resistance	measured	[42]	1		Zhuyingjie Fu et al. Frontiers in Microbiology (2015) PMID:26793179	26793179	de8c3586-43d6-5c71-a3bb-b17fc37037b7	42			a56ae929bcef	mutation	2	84cd8501d39dfaa4	Qwen/Qwen3.6-35B-A3B	open-access	50	hybrid	2026-09-18T11:46:08Z		local	http://mango.cels.anl.gov:8004/v1	cf87ffb734ff5378
Staphylococcus aureus	murA	G193C	Antimicrobial resistance	measured	[42]	1		Zhuyingjie Fu et al. Frontiers in Microbiology (2015) PMID:26793179	26793179	de8c3586-43d6-5c71-a3bb-b17fc37037b7	42			a56ae929bcef	mutation	2	84cd8501d39dfaa4	Qwen/Qwen3.6-35B-A3B	open-access	50	hybrid	2026-09-18T11:46:08Z		local	http://mango.cels.anl.gov:8004/v1	cf87ffb734ff5378
Staphylococcus aureus	murA	G770A	Antimicrobial resistance	measured	[42]	1		Zhuyingjie Fu et al. Frontiers in Microbiology (2015) PMID:26793179	26793179	de8c3586-43d6-5c71-a3bb-b17fc37037b7	42			a56ae929bcef	mutation	2	84cd8501d39dfaa4	Qwen/Qwen3.6-35B-A3B	open-access	50	hybrid	2026-09-18T11:46:08Z		local	http://mango.cels.anl.gov:8004/v1	cf87ffb734ff5378
Staphylococcus aureus	murA	C834A	Antimicrobial resistance	measured	[42]	1		Zhuyingjie Fu et al. Frontiers in Microbiology (2015) PMID:26793179	26793179	de8c3586-43d6-5c71-a3bb-b17fc37037b7	42			a56ae929bcef	mutation	2	84cd8501d39dfaa4	Qwen/Qwen3.6-35B-A3B	open-access	50	hybrid	2026-09-18T11:46:08Z		local	http://mango.cels.anl.gov:8004/v1	cf87ffb734ff5378
Staphylococcus aureus	murA	A873T	Antimicrobial resistance	measured	[42]	1		Zhuyingjie Fu et al. Frontiers in Microbiology (2015) PMID:26793179	26793179	de8c3586-43d6-5c71-a3bb-b17fc37037b7	42			a56ae929bcef	mutation	2	84cd8501d39dfaa4	Qwen/Qwen3.6-35B-A3B	open-access	50	hybrid	2026-09-18T11:46:08Z		local	http://mango.cels.anl.gov:8004/v1	cf87ffb734ff5378
Staphylococcus aureus	murA	A1085G	Antimicrobial resistance	measured	[42]	1		Zhuyingjie Fu et al. Frontiers in Microbiology (2015) PMID:26793179	26793179	de8c3586-43d6-5c71-a3bb-b17fc37037b7	42			a56ae929bcef	mutation	2	84cd8501d39dfaa4	Qwen/Qwen3.6-35B-A3B	open-access	50	hybrid	2026-09-18T11:46:08Z		local	http://mango.cels.anl.gov:8004/v1	cf87ffb734ff5378
Staphylococcus aureus	murA	CG1187-1188AT	Antimicrobial resistance	measured	[42]	1		Zhuyingjie Fu et al. Frontiers in Microbiology (2015) PMID:26793179	26793179	de8c3586-43d6-5c71-a3bb-b17fc37037b7	42			a56ae929bcef	mutation	2	84cd8501d39dfaa4	Qwen/Qwen3.6-35B-A3B	open-access	50	hybrid	2026-09-18T11:46:08Z		local	http://mango.cels.anl.gov:8004/v1	cf87ffb734ff5378
Pseudomonas aeruginosa	nalD	loss-of-function	MexAB-OprM overexpression; aztreonam resistance; multidrug resistance	measured; reported	3	3	merged_variants:Phenotype;merged_variants:Assertion	Jinyuan Yan et al. PLoS Computational Biology PMID:31860667; Anteneh Amsalu et al. Microorganisms PMID:33114277; Chih-Ming Chen et al. Microbial Genomics PMID:42012470	31860667;33114277;42012470	f256d5a7-5b02-5438-8bd9-bbd49a336585;53e51785-d445-5ed4-9851-46431145aa4e;a1b05056-909c-5f87-891a-c6d01c64e59c	2;3;7			bff38691d286	mutation	2	84cd8501d39dfaa4	Qwen/Qwen3.6-35B-A3B	open-access	50	hybrid	2026-09-18T11:46:13Z		local	http://mango.cels.anl.gov:8004/v1	6a2d7c637d12ea34
Pseudomonas aeruginosa	nalD	W205R	multidrug resistance	reported	13	1		Ana M. Rada et al. Frontiers in Microbiology (2021) PMID:34512563	34512563	54e0c8e6-bf2d-5d24-bf89-8b931876511c	13			bff38691d286	mutation	2	84cd8501d39dfaa4	Qwen/Qwen3.6-35B-A3B	open-access	50	hybrid	2026-09-18T11:46:13Z		local	http://mango.cels.anl.gov:8004/v1	6a2d7c637d12ea34
Pseudomonas aeruginosa	nalD	T11N	aztreonam resistance; multidrug resistance	reported	17	3	merged_variants:Phenotype	Jinyuan Yan et al. PLoS Computational Biology PMID:31860667; Anteneh Amsalu et al. Microorganisms PMID:33114277	31860667;33114277	93ea6f41-00a1-5f1e-9766-0d73151b0596;1f360e7e-6387-5a77-a9f6-ef41f13771c1;db84b452-8356-52ee-9085-6d5a5806639e	17;32;33			bff38691d286	mutation	2	84cd8501d39dfaa4	Qwen/Qwen3.6-35B-A3B	open-access	50	hybrid	2026-09-18T11:46:13Z		local	http://mango.cels.anl.gov:8004/v1	6a2d7c637d12ea34
Pseudomonas aeruginosa	nalD	F198L	MexAB-OprM overexpression; aztreonam resistance	measured	20	2	merged_variants:Phenotype	Jinyuan Yan et al. PLoS Computational Biology PMID:31860667	31860667	3cb25111-fc7a-578a-afe2-aed475eb74aa;b2ec977d-0619-572b-a895-15a628ccabb5	20;48			bff38691d286	mutation	2	84cd8501d39dfaa4	Qwen/Qwen3.6-35B-A3B	open-access	50	hybrid	2026-09-18T11:46:13Z		local	http://mango.cels.anl.gov:8004/v1	6a2d7c637d12ea34
Pseudomonas aeruginosa	nalD	P36L	multidrug resistance	reported	32	5		Anteneh Amsalu et al. Microorganisms PMID:33114277	33114277	1f360e7e-6387-5a77-a9f6-ef41f13771c1;db84b452-8356-52ee-9085-6d5a5806639e;33bfbb90-dc8c-5e12-9e35-ee1de710e944;811d5dae-fbee-5fe4-ad3b-2b0bec95b27d;0ac61f76-15bd-5003-a4e0-4e38390206b7	32;33;34;35;36			bff38691d286	mutation	2	84cd8501d39dfaa4	Qwen/Qwen3.6-35B-A3B	open-access	50	hybrid	2026-09-18T11:46:13Z		local	http://mango.cels.anl.gov:8004/v1	6a2d7c637d12ea34
Pseudomonas aeruginosa	nalD	Δnt397-398	multidrug resistance	reported	40	1		Gertrudis Horna et al. Scientific Reports PMID:30405166	30405166	ba8c82ab-259c-58da-81b5-c793cbdf692d	40			bff38691d286	mutation	2	84cd8501d39dfaa4	Qwen/Qwen3.6-35B-A3B	open-access	50	hybrid	2026-09-18T11:46:13Z		local	http://mango.cels.anl.gov:8004/v1	6a2d7c637d12ea34
Pseudomonas aeruginosa	nalD	Thr11fs	multidrug resistance	reported	42	1		Yun Zhou et al. Frontiers in Cellular and Infection Microbiology (2026) PMID:41782943	41782943	08c67b05-a85d-5168-8b79-9c40178df259	42			bff38691d286	mutation	2	84cd8501d39dfaa4	Qwen/Qwen3.6-35B-A3B	open-access	50	hybrid	2026-09-18T11:46:13Z		local	http://mango.cels.anl.gov:8004/v1	6a2d7c637d12ea34
Pseudomonas aeruginosa	nalD	Ile15fs	multidrug resistance	reported	42	1		Yun Zhou et al. Frontiers in Cellular and Infection Microbiology (2026) PMID:41782943	41782943	08c67b05-a85d-5168-8b79-9c40178df259	42			bff38691d286	mutation	2	84cd8501d39dfaa4	Qwen/Qwen3.6-35B-A3B	open-access	50	hybrid	2026-09-18T11:46:13Z		local	http://mango.cels.anl.gov:8004/v1	6a2d7c637d12ea34
Pseudomonas aeruginosa	nalD	Gly41fs	multidrug resistance	reported	42	1		Yun Zhou et al. Frontiers in Cellular and Infection Microbiology (2026) PMID:41782943	41782943	08c67b05-a85d-5168-8b79-9c40178df259	42			bff38691d286	mutation	2	84cd8501d39dfaa4	Qwen/Qwen3.6-35B-A3B	open-access	50	hybrid	2026-09-18T11:46:13Z		local	http://mango.cels.anl.gov:8004/v1	6a2d7c637d12ea34
Pseudomonas aeruginosa	nalD	Val42fs	multidrug resistance	reported	42	1		Yun Zhou et al. Frontiers in Cellular and Infection Microbiology (2026) PMID:41782943	41782943	08c67b05-a85d-5168-8b79-9c40178df259	42			bff38691d286	mutation	2	84cd8501d39dfaa4	Qwen/Qwen3.6-35B-A3B	open-access	50	hybrid	2026-09-18T11:46:13Z		local	http://mango.cels.anl.gov:8004/v1	6a2d7c637d12ea34
Pseudomonas aeruginosa	nalD	Val151fs	multidrug resistance	reported	42	1		Yun Zhou et al. Frontiers in Cellular and Infection Microbiology (2026) PMID:41782943	41782943	08c67b05-a85d-5168-8b79-9c40178df259	42			bff38691d286	mutation	2	84cd8501d39dfaa4	Qwen/Qwen3.6-35B-A3B	open-access	50	hybrid	2026-09-18T11:46:13Z		local	http://mango.cels.anl.gov:8004/v1	6a2d7c637d12ea34
Pseudomonas aeruginosa	nalD	A211T	multidrug resistance	reported	41	1		Alejandra Aquino-Andrade et al. Scientific Reports PMID:42014478	42014478	5259b40a-580a-5776-86ef-27df869d4578	41			bff38691d286	mutation	2	84cd8501d39dfaa4	Qwen/Qwen3.6-35B-A3B	open-access	50	hybrid	2026-09-18T11:46:13Z		local	http://mango.cels.anl.gov:8004/v1	6a2d7c637d12ea34
Escherichia	nfsA	T37M	nitrofurantoin resistance	measured	6	1		Maxime Vallée et al. Journal of Antimicrobial Chemotherapy PMID:36480295	36480295	3842fdcf-6d08-5bc7-b347-23ee2280510d	6			b78d22c544ba	mutation	2	84cd8501d39dfaa4	Qwen/Qwen3.6-35B-A3B	open-access	50	hybrid	2026-09-18T11:46:19Z		local	http://mango.cels.anl.gov:8004/v1	4ae0be2330ef5140
Escherichia	nfsA	8-bp insertion	nitrofurantoin resistance	measured	13	1		Samanta Freire et al. Journal of Antimicrobial Chemotherapy PMID:38305674	38305674	ad79dcdf-4bde-5d62-9462-75c8a42ff13f	13			b78d22c544ba	mutation	2	84cd8501d39dfaa4	Qwen/Qwen3.6-35B-A3B	open-access	50	hybrid	2026-09-18T11:46:19Z		local	http://mango.cels.anl.gov:8004/v1	4ae0be2330ef5140
Escherichia	nfsA	H11Y	nitrofurantoin resistance	reported	8	1		Antonio Sorlozano-Puerto et al. Antibiotics PMID:32847131	32847131	62899ee4-1ab0-5376-be7f-0f42e4cea6a4	8	H11Y	His11Tyr	b78d22c544ba	mutation	2	84cd8501d39dfaa4	Qwen/Qwen3.6-35B-A3B	open-access	50	hybrid	2026-09-18T11:46:19Z		local	http://mango.cels.anl.gov:8004/v1	4ae0be2330ef5140
Escherichia	nfsA	S33R	nitrofurantoin resistance	reported	8	1		Antonio Sorlozano-Puerto et al. Antibiotics PMID:32847131	32847131	62899ee4-1ab0-5376-be7f-0f42e4cea6a4	8	S33R	Ser33Arg	b78d22c544ba	mutation	2	84cd8501d39dfaa4	Qwen/Qwen3.6-35B-A3B	open-access	50	hybrid	2026-09-18T11:46:19Z		local	http://mango.cels.anl.gov:8004/v1	4ae0be2330ef5140
Escherichia	nfsA	Q67L	nitrofurantoin resistance	reported	8	1		Antonio Sorlozano-Puerto et al. Antibiotics PMID:32847131	32847131	62899ee4-1ab0-5376-be7f-0f42e4cea6a4	8	Q67L	Gln67Leu	b78d22c544ba	mutation	2	84cd8501d39dfaa4	Qwen/Qwen3.6-35B-A3B	open-access	50	hybrid	2026-09-18T11:46:19Z		local	http://mango.cels.anl.gov:8004/v1	4ae0be2330ef5140
Escherichia	nfsA	C80R	nitrofurantoin resistance	reported	8	1		Antonio Sorlozano-Puerto et al. Antibiotics PMID:32847131	32847131	62899ee4-1ab0-5376-be7f-0f42e4cea6a4	8	C80R	Cys80Arg	b78d22c544ba	mutation	2	84cd8501d39dfaa4	Qwen/Qwen3.6-35B-A3B	open-access	50	hybrid	2026-09-18T11:46:19Z		local	http://mango.cels.anl.gov:8004/v1	4ae0be2330ef5140
Escherichia	nfsA	G126R	nitrofurantoin resistance	reported	8	1		Antonio Sorlozano-Puerto et al. Antibiotics PMID:32847131	32847131	62899ee4-1ab0-5376-be7f-0f42e4cea6a4	8	G126R	Gly126Arg	b78d22c544ba	mutation	2	84cd8501d39dfaa4	Qwen/Qwen3.6-35B-A3B	open-access	50	hybrid	2026-09-18T11:46:19Z		local	http://mango.cels.anl.gov:8004/v1	4ae0be2330ef5140
Escherichia	nfsA	G154E	nitrofurantoin resistance	reported	8	1		Antonio Sorlozano-Puerto et al. Antibiotics PMID:32847131	32847131	62899ee4-1ab0-5376-be7f-0f42e4cea6a4	8	G154E	Gly154Glu	b78d22c544ba	mutation	2	84cd8501d39dfaa4	Qwen/Qwen3.6-35B-A3B	open-access	50	hybrid	2026-09-18T11:46:19Z		local	http://mango.cels.anl.gov:8004/v1	4ae0be2330ef5140
Escherichia	nfsA	R203C	nitrofurantoin resistance	reported	8	1		Antonio Sorlozano-Puerto et al. Antibiotics PMID:32847131	32847131	62899ee4-1ab0-5376-be7f-0f42e4cea6a4	8	R203C	Arg203Cys	b78d22c544ba	mutation	2	84cd8501d39dfaa4	Qwen/Qwen3.6-35B-A3B	open-access	50	hybrid	2026-09-18T11:46:19Z		local	http://mango.cels.anl.gov:8004/v1	4ae0be2330ef5140
Escherichia	nfsA	Gln67	nitrofurantoin resistance	reported	8	1		Antonio Sorlozano-Puerto et al. Antibiotics PMID:32847131	32847131	62899ee4-1ab0-5376-be7f-0f42e4cea6a4	8			b78d22c544ba	mutation	2	84cd8501d39dfaa4	Qwen/Qwen3.6-35B-A3B	open-access	50	hybrid	2026-09-18T11:46:19Z		local	http://mango.cels.anl.gov:8004/v1	4ae0be2330ef5140
Escherichia	nfsA	Gln147	nitrofurantoin resistance	reported	8	1		Antonio Sorlozano-Puerto et al. Antibiotics PMID:32847131	32847131	62899ee4-1ab0-5376-be7f-0f42e4cea6a4	8			b78d22c544ba	mutation	2	84cd8501d39dfaa4	Qwen/Qwen3.6-35B-A3B	open-access	50	hybrid	2026-09-18T11:46:19Z		local	http://mango.cels.anl.gov:8004/v1	4ae0be2330ef5140
Escherichia	nfsA	L101R	nitrofurantoin resistance	reported	21	1		Yu Wan et al. Microbial Genomics PMID:34860151	34860151	55d5017a-5e51-5bd8-a3b3-43ff997ce736	21			b78d22c544ba	mutation	2	84cd8501d39dfaa4	Qwen/Qwen3.6-35B-A3B	open-access	50	hybrid	2026-09-18T11:46:19Z		local	http://mango.cels.anl.gov:8004/v1	4ae0be2330ef5140
Escherichia	nfsA	W212R	nitrofurantoin resistance	reported	27	1		Yu Wan et al. Microbial Genomics PMID:34860151	34860151	404bc615-5170-522b-b5c1-ac7ef28009af	27			b78d22c544ba	mutation	2	84cd8501d39dfaa4	Qwen/Qwen3.6-35B-A3B	open-access	50	hybrid	2026-09-18T11:46:19Z		local	http://mango.cels.anl.gov:8004/v1	4ae0be2330ef5140
Escherichia	nfsA	G41S	nitrofurantoin resistance	reported	37	1		Yu Wan et al. Microbial Genomics PMID:34860151	34860151	7a869916-c611-5691-b608-056efe9cbe82	37			b78d22c544ba	mutation	2	84cd8501d39dfaa4	Qwen/Qwen3.6-35B-A3B	open-access	50	hybrid	2026-09-18T11:46:19Z		local	http://mango.cels.anl.gov:8004/v1	4ae0be2330ef5140
Escherichia	nfsA	L43fs	nitrofurantoin resistance	reported	37	1		Yu Wan et al. Microbial Genomics PMID:34860151	34860151	7a869916-c611-5691-b608-056efe9cbe82	37			b78d22c544ba	mutation	2	84cd8501d39dfaa4	Qwen/Qwen3.6-35B-A3B	open-access	50	hybrid	2026-09-18T11:46:19Z		local	http://mango.cels.anl.gov:8004/v1	4ae0be2330ef5140
Escherichia	nfsA	S115A	nitrofurantoin resistance	reported	37	1		Yu Wan et al. Microbial Genomics PMID:34860151	34860151	7a869916-c611-5691-b608-056efe9cbe82	37			b78d22c544ba	mutation	2	84cd8501d39dfaa4	Qwen/Qwen3.6-35B-A3B	open-access	50	hybrid	2026-09-18T11:46:19Z		local	http://mango.cels.anl.gov:8004/v1	4ae0be2330ef5140
Escherichia	nfsA	T117I	nitrofurantoin resistance	reported	37	1		Yu Wan et al. Microbial Genomics PMID:34860151	34860151	7a869916-c611-5691-b608-056efe9cbe82	37			b78d22c544ba	mutation	2	84cd8501d39dfaa4	Qwen/Qwen3.6-35B-A3B	open-access	50	hybrid	2026-09-18T11:46:19Z		local	http://mango.cels.anl.gov:8004/v1	4ae0be2330ef5140
Escherichia	nfsA	Q67Stop	nitrofurantoin resistance	reported	37	1		Yu Wan et al. Microbial Genomics PMID:34860151	34860151	7a869916-c611-5691-b608-056efe9cbe82	37			b78d22c544ba	mutation	2	84cd8501d39dfaa4	Qwen/Qwen3.6-35B-A3B	open-access	50	hybrid	2026-09-18T11:46:19Z		local	http://mango.cels.anl.gov:8004/v1	4ae0be2330ef5140
Escherichia	nfsB	Q44H	nitrofurantoin resistance	reported	8	2	off_target_gene	Antonio Sorlozano-Puerto et al. Antibiotics PMID:32847131	32847131	62899ee4-1ab0-5376-be7f-0f42e4cea6a4	8	Q44H	Gln44His	b78d22c544ba	mutation	2	84cd8501d39dfaa4	Qwen/Qwen3.6-35B-A3B	open-access	50	hybrid	2026-09-18T11:46:19Z		local	http://mango.cels.anl.gov:8004/v1	4ae0be2330ef5140
Escherichia	nfsB	F84S	nitrofurantoin resistance	reported	8	2	off_target_gene	Antonio Sorlozano-Puerto et al. Antibiotics PMID:32847131	32847131	62899ee4-1ab0-5376-be7f-0f42e4cea6a4	8	F84S	Phe84Ser	b78d22c544ba	mutation	2	84cd8501d39dfaa4	Qwen/Qwen3.6-35B-A3B	open-access	50	hybrid	2026-09-18T11:46:19Z		local	http://mango.cels.anl.gov:8004/v1	4ae0be2330ef5140
Escherichia	nfsB	R107C	nitrofurantoin resistance	reported	8	2	off_target_gene	Antonio Sorlozano-Puerto et al. Antibiotics PMID:32847131	32847131	62899ee4-1ab0-5376-be7f-0f42e4cea6a4	8	R107C	Arg107Cys	b78d22c544ba	mutation	2	84cd8501d39dfaa4	Qwen/Qwen3.6-35B-A3B	open-access	50	hybrid	2026-09-18T11:46:19Z		local	http://mango.cels.anl.gov:8004/v1	4ae0be2330ef5140
Escherichia	nfsB	G192S	nitrofurantoin resistance	reported	8	2	off_target_gene	Antonio Sorlozano-Puerto et al. Antibiotics PMID:32847131	32847131	62899ee4-1ab0-5376-be7f-0f42e4cea6a4	8	G192S	Gly192Ser	b78d22c544ba	mutation	2	84cd8501d39dfaa4	Qwen/Qwen3.6-35B-A3B	open-access	50	hybrid	2026-09-18T11:46:19Z		local	http://mango.cels.anl.gov:8004/v1	4ae0be2330ef5140
Escherichia	nfsB	R207H	nitrofurantoin resistance	reported	8	2	off_target_gene	Antonio Sorlozano-Puerto et al. Antibiotics PMID:32847131	32847131	62899ee4-1ab0-5376-be7f-0f42e4cea6a4	8	R207H	Arg207His	b78d22c544ba	mutation	2	84cd8501d39dfaa4	Qwen/Qwen3.6-35B-A3B	open-access	50	hybrid	2026-09-18T11:46:19Z		local	http://mango.cels.anl.gov:8004/v1	4ae0be2330ef5140
Escherichia	nfsB	Glu54	nitrofurantoin resistance	reported	8	2	off_target_gene	Antonio Sorlozano-Puerto et al. Antibiotics PMID:32847131	32847131	62899ee4-1ab0-5376-be7f-0f42e4cea6a4	8			b78d22c544ba	mutation	2	84cd8501d39dfaa4	Qwen/Qwen3.6-35B-A3B	open-access	50	hybrid	2026-09-18T11:46:19Z		local	http://mango.cels.anl.gov:8004/v1	4ae0be2330ef5140
Escherichia	nfsB	G192D	nitrofurantoin resistance	reported	21	2	off_target_gene	Yu Wan et al. Microbial Genomics PMID:34860151	34860151	55d5017a-5e51-5bd8-a3b3-43ff997ce736	21			b78d22c544ba	mutation	2	84cd8501d39dfaa4	Qwen/Qwen3.6-35B-A3B	open-access	50	hybrid	2026-09-18T11:46:19Z		local	http://mango.cels.anl.gov:8004/v1	4ae0be2330ef5140
Escherichia	nfsB	G153D	nitrofurantoin resistance	reported	21	2	off_target_gene	Yu Wan et al. Microbial Genomics PMID:34860151	34860151	55d5017a-5e51-5bd8-a3b3-43ff997ce736	21			b78d22c544ba	mutation	2	84cd8501d39dfaa4	Qwen/Qwen3.6-35B-A3B	open-access	50	hybrid	2026-09-18T11:46:19Z		local	http://mango.cels.anl.gov:8004/v1	4ae0be2330ef5140
Escherichia	nfsB	M127I	nitrofurantoin resistance	reported	37	2	off_target_gene	Yu Wan et al. Microbial Genomics PMID:34860151	34860151	7a869916-c611-5691-b608-056efe9cbe82	37			b78d22c544ba	mutation	2	84cd8501d39dfaa4	Qwen/Qwen3.6-35B-A3B	open-access	50	hybrid	2026-09-18T11:46:19Z		local	http://mango.cels.anl.gov:8004/v1	4ae0be2330ef5140
Escherichia	nfsB	P38L	nitrofurantoin resistance	reported	37	2	off_target_gene	Yu Wan et al. Microbial Genomics PMID:34860151	34860151	7a869916-c611-5691-b608-056efe9cbe82	37			b78d22c544ba	mutation	2	84cd8501d39dfaa4	Qwen/Qwen3.6-35B-A3B	open-access	50	hybrid	2026-09-18T11:46:19Z		local	http://mango.cels.anl.gov:8004/v1	4ae0be2330ef5140
Escherichia	ribE	P55H	nitrofurantoin resistance	reported	8	1	off_target_gene	Antonio Sorlozano-Puerto et al. Antibiotics PMID:32847131	32847131	62899ee4-1ab0-5376-be7f-0f42e4cea6a4	8	P55H	Pro55His	b78d22c544ba	mutation	2	84cd8501d39dfaa4	Qwen/Qwen3.6-35B-A3B	open-access	50	hybrid	2026-09-18T11:46:19Z		local	http://mango.cels.anl.gov:8004/v1	4ae0be2330ef5140
Escherichia	ribE	KAGN132-135 deletion	nitrofurantoin resistance	reported	15	1	off_target_gene	Yu Wan et al. Microbial Genomics PMID:34860151	34860151	9ed7d058-8e4f-53d2-b198-2e61f30f9f07	15			b78d22c544ba	mutation	2	84cd8501d39dfaa4	Qwen/Qwen3.6-35B-A3B	open-access	50	hybrid	2026-09-18T11:46:19Z		local	http://mango.cels.anl.gov:8004/v1	4ae0be2330ef5140
Pseudomonas aeruginosa	nalC	G71E	Multidrug resistance; Resistance to NTBC	measured	[8]	17	merged_variants:Phenotype	Ana M. Rada et al. Frontiers in Microbiology (2021) PMID:34512563; Laura M. Ketelboeter et al. PLoS ONE PMID:28570601; Joana Moreira da Silva et al. Frontiers in Cellular and Infection Microbiology (2025) PMID:40391047; Spencer Mark Mondol et al. Scientific Reports PMID:40659765; T. Nicholas Domitrovic et al. Open Forum Infectious Diseases PMID:29057280; Anteneh Amsalu et al. Microorganisms PMID:33114277; Alejandra Aquino-Andrade et al. Scientific Reports PMID:42014478; Gertrudis Horna et al. Scientific Reports PMID:30405166; Catalina Díaz-Ríos et al. Antibiotics PMID:33922748	34512563;28570601;40391047;40659765;29057280;33114277;42014478;30405166;33922748	54e0c8e6-bf2d-5d24-bf89-8b931876511c;a29449c4-1457-5115-8c87-abf2358b4369;b1bcf560-04aa-5529-95aa-327c84b95edc;739ec02f-8337-5504-aca5-8e19a325acce;230ffa91-fccb-5fef-8a99-483a4bf5095a;1f360e7e-6387-5a77-a9f6-ef41f13771c1;7c9b6c62-4e15-540c-a3cb-b8919a685874;db84b452-8356-52ee-9085-6d5a5806639e;124eaaf9-f25c-5a7c-8e89-a037ea3572e2;c5152a47-ad9d-5129-9ca2-89be616eb991;f134221e-d70a-50a2-bf07-61f8c798be8b;811d5dae-fbee-5fe4-ad3b-2b0bec95b27d;0ac61f76-15bd-5003-a4e0-4e38390206b7;33bfbb90-dc8c-5e12-9e35-ee1de710e944;5259b40a-580a-5776-86ef-27df869d4578;ba8c82ab-259c-58da-81b5-c793cbdf692d;2ff842c2-0753-535b-ac8c-fb32844977a3	3;8;13;14;18;30;31;32;33;34;35;36;37;38;39;40;42			117440d441ff	mutation	2	84cd8501d39dfaa4	Qwen/Qwen3.6-35B-A3B	open-access	50	hybrid	2026-09-18T11:46:20Z		local	http://mango.cels.anl.gov:8004/v1	c7423f2d0b7b23da
Pseudomonas aeruginosa	nalC	D79E	Multidrug resistance	measured	[8]	1		Ana M. Rada et al. Frontiers in Microbiology (2021) PMID:34512563	34512563	54e0c8e6-bf2d-5d24-bf89-8b931876511c	8			117440d441ff	mutation	2	84cd8501d39dfaa4	Qwen/Qwen3.6-35B-A3B	open-access	50	hybrid	2026-09-18T11:46:20Z		local	http://mango.cels.anl.gov:8004/v1	c7423f2d0b7b23da
Pseudomonas aeruginosa	nalC	A145V	Multidrug resistance	measured	[8]	3		Ana M. Rada et al. Frontiers in Microbiology (2021) PMID:34512563; T. Nicholas Domitrovic et al. Open Forum Infectious Diseases PMID:29057280; Alejandra Aquino-Andrade et al. Scientific Reports PMID:42014478	34512563;29057280;42014478	54e0c8e6-bf2d-5d24-bf89-8b931876511c;230ffa91-fccb-5fef-8a99-483a4bf5095a;5259b40a-580a-5776-86ef-27df869d4578	8;18;40			117440d441ff	mutation	2	84cd8501d39dfaa4	Qwen/Qwen3.6-35B-A3B	open-access	50	hybrid	2026-09-18T11:46:20Z		local	http://mango.cels.anl.gov:8004/v1	c7423f2d0b7b23da
Pseudomonas aeruginosa	nalC	S209R	Multidrug resistance; Resistance to NTBC	measured	[8]	17	merged_variants:Phenotype	Ana M. Rada et al. Frontiers in Microbiology (2021) PMID:34512563; Laura M. Ketelboeter et al. PLoS ONE PMID:28570601; Joana Moreira da Silva et al. Frontiers in Cellular and Infection Microbiology (2025) PMID:40391047; Spencer Mark Mondol et al. Scientific Reports PMID:40659765; T. Nicholas Domitrovic et al. Open Forum Infectious Diseases PMID:29057280; Anteneh Amsalu et al. Microorganisms PMID:33114277; Alejandra Aquino-Andrade et al. Scientific Reports PMID:42014478; Gertrudis Horna et al. Scientific Reports PMID:30405166; Catalina Díaz-Ríos et al. Antibiotics PMID:33922748	34512563;28570601;40391047;40659765;29057280;33114277;42014478;30405166;33922748	54e0c8e6-bf2d-5d24-bf89-8b931876511c;a29449c4-1457-5115-8c87-abf2358b4369;b1bcf560-04aa-5529-95aa-327c84b95edc;739ec02f-8337-5504-aca5-8e19a325acce;230ffa91-fccb-5fef-8a99-483a4bf5095a;1f360e7e-6387-5a77-a9f6-ef41f13771c1;7c9b6c62-4e15-540c-a3cb-b8919a685874;db84b452-8356-52ee-9085-6d5a5806639e;124eaaf9-f25c-5a7c-8e89-a037ea3572e2;c5152a47-ad9d-5129-9ca2-89be616eb991;f134221e-d70a-50a2-bf07-61f8c798be8b;811d5dae-fbee-5fe4-ad3b-2b0bec95b27d;0ac61f76-15bd-5003-a4e0-4e38390206b7;33bfbb90-dc8c-5e12-9e35-ee1de710e944;5259b40a-580a-5776-86ef-27df869d4578;ba8c82ab-259c-58da-81b5-c793cbdf692d;2ff842c2-0753-535b-ac8c-fb32844977a3	3;8;13;14;18;30;31;32;33;34;35;36;37;38;39;40;42			117440d441ff	mutation	2	84cd8501d39dfaa4	Qwen/Qwen3.6-35B-A3B	open-access	50	hybrid	2026-09-18T11:46:20Z		local	http://mango.cels.anl.gov:8004/v1	c7423f2d0b7b23da
Pseudomonas aeruginosa	nalC	E153Q	Multidrug resistance	measured	[30]	7		Anteneh Amsalu et al. Microorganisms PMID:33114277; Alejandra Aquino-Andrade et al. Scientific Reports PMID:42014478	33114277;42014478	1f360e7e-6387-5a77-a9f6-ef41f13771c1;7c9b6c62-4e15-540c-a3cb-b8919a685874;db84b452-8356-52ee-9085-6d5a5806639e;124eaaf9-f25c-5a7c-8e89-a037ea3572e2;c5152a47-ad9d-5129-9ca2-89be616eb991;f134221e-d70a-50a2-bf07-61f8c798be8b;5259b40a-580a-5776-86ef-27df869d4578	30;31;32;33;34;35;40			117440d441ff	mutation	2	84cd8501d39dfaa4	Qwen/Qwen3.6-35B-A3B	open-access	50	hybrid	2026-09-18T11:46:20Z		local	http://mango.cels.anl.gov:8004/v1	c7423f2d0b7b23da
Pseudomonas aeruginosa	nalC	A186T	Multidrug resistance	measured	[40]	1		Alejandra Aquino-Andrade et al. Scientific Reports PMID:42014478	42014478	5259b40a-580a-5776-86ef-27df869d4578	40			117440d441ff	mutation	2	84cd8501d39dfaa4	Qwen/Qwen3.6-35B-A3B	open-access	50	hybrid	2026-09-18T11:46:20Z		local	http://mango.cels.anl.gov:8004/v1	c7423f2d0b7b23da
Pseudomonas aeruginosa	nalC	T50P	Multidrug resistance	measured	[40]	1		Alejandra Aquino-Andrade et al. Scientific Reports PMID:42014478	42014478	5259b40a-580a-5776-86ef-27df869d4578	40			117440d441ff	mutation	2	84cd8501d39dfaa4	Qwen/Qwen3.6-35B-A3B	open-access	50	hybrid	2026-09-18T11:46:20Z		local	http://mango.cels.anl.gov:8004/v1	c7423f2d0b7b23da
Pseudomonas aeruginosa	nalC	K126N	Multidrug resistance	measured	[40]	1		Alejandra Aquino-Andrade et al. Scientific Reports PMID:42014478	42014478	5259b40a-580a-5776-86ef-27df869d4578	40			117440d441ff	mutation	2	84cd8501d39dfaa4	Qwen/Qwen3.6-35B-A3B	open-access	50	hybrid	2026-09-18T11:46:20Z		local	http://mango.cels.anl.gov:8004/v1	c7423f2d0b7b23da
Pseudomonas aeruginosa	nalC	A179D	Multidrug resistance	measured	[40]	1		Alejandra Aquino-Andrade et al. Scientific Reports PMID:42014478	42014478	5259b40a-580a-5776-86ef-27df869d4578	40			117440d441ff	mutation	2	84cd8501d39dfaa4	Qwen/Qwen3.6-35B-A3B	open-access	50	hybrid	2026-09-18T11:46:20Z		local	http://mango.cels.anl.gov:8004/v1	c7423f2d0b7b23da
Pseudomonas aeruginosa	nalC	P210L	Multidrug resistance	measured	[40]	1		Alejandra Aquino-Andrade et al. Scientific Reports PMID:42014478	42014478	5259b40a-580a-5776-86ef-27df869d4578	40			117440d441ff	mutation	2	84cd8501d39dfaa4	Qwen/Qwen3.6-35B-A3B	open-access	50	hybrid	2026-09-18T11:46:20Z		local	http://mango.cels.anl.gov:8004/v1	c7423f2d0b7b23da
Pseudomonas aeruginosa	nalC	Val115_	Multidrug resistance	measured	[44]	1		Yun Zhou et al. Frontiers in Cellular and Infection Microbiology (2026) PMID:41782943	41782943	08c67b05-a85d-5168-8b79-9c40178df259	44			117440d441ff	mutation	2	84cd8501d39dfaa4	Qwen/Qwen3.6-35B-A3B	open-access	50	hybrid	2026-09-18T11:46:20Z		local	http://mango.cels.anl.gov:8004/v1	c7423f2d0b7b23da
Pseudomonas aeruginosa	nalC	Ala116del	Multidrug resistance	measured	[44]	1		Yun Zhou et al. Frontiers in Cellular and Infection Microbiology (2026) PMID:41782943	41782943	08c67b05-a85d-5168-8b79-9c40178df259	44			117440d441ff	mutation	2	84cd8501d39dfaa4	Qwen/Qwen3.6-35B-A3B	open-access	50	hybrid	2026-09-18T11:46:20Z		local	http://mango.cels.anl.gov:8004/v1	c7423f2d0b7b23da
Pseudomonas aeruginosa	nalC	Arg13_	Multidrug resistance	measured	[44]	1		Yun Zhou et al. Frontiers in Cellular and Infection Microbiology (2026) PMID:41782943	41782943	08c67b05-a85d-5168-8b79-9c40178df259	44			117440d441ff	mutation	2	84cd8501d39dfaa4	Qwen/Qwen3.6-35B-A3B	open-access	50	hybrid	2026-09-18T11:46:20Z		local	http://mango.cels.anl.gov:8004/v1	c7423f2d0b7b23da
Pseudomonas aeruginosa	nalC	Arg16del	Multidrug resistance	measured	[44]	1		Yun Zhou et al. Frontiers in Cellular and Infection Microbiology (2026) PMID:41782943	41782943	08c67b05-a85d-5168-8b79-9c40178df259	44			117440d441ff	mutation	2	84cd8501d39dfaa4	Qwen/Qwen3.6-35B-A3B	open-access	50	hybrid	2026-09-18T11:46:20Z		local	http://mango.cels.anl.gov:8004/v1	c7423f2d0b7b23da
Pseudomonas aeruginosa	nalC	Tyr129_	Multidrug resistance	measured	[44]	1		Yun Zhou et al. Frontiers in Cellular and Infection Microbiology (2026) PMID:41782943	41782943	08c67b05-a85d-5168-8b79-9c40178df259	44			117440d441ff	mutation	2	84cd8501d39dfaa4	Qwen/Qwen3.6-35B-A3B	open-access	50	hybrid	2026-09-18T11:46:20Z		local	http://mango.cels.anl.gov:8004/v1	c7423f2d0b7b23da
Pseudomonas aeruginosa	nalC	Gly132del	Multidrug resistance	measured	[44]	1		Yun Zhou et al. Frontiers in Cellular and Infection Microbiology (2026) PMID:41782943	41782943	08c67b05-a85d-5168-8b79-9c40178df259	44			117440d441ff	mutation	2	84cd8501d39dfaa4	Qwen/Qwen3.6-35B-A3B	open-access	50	hybrid	2026-09-18T11:46:20Z		local	http://mango.cels.anl.gov:8004/v1	c7423f2d0b7b23da
Klebsiella pneumoniae	nfsB		Antimicrobial resistance (nitrofurantoin)	inferred	14	3	missing:Mutation	Daniel C Stein et al. BMC Microbiology PMID:19930647; Shane Whelan et al. Microorganisms PMID:37764013; Katherine J. Robins et al. PLoS ONE PMID:23527133	19930647;37764013;23527133	d602a4a4-91cc-5fcb-8202-5809b0c56ad0;45ac6972-5cdd-5cd3-b415-316f4d5163ec;d435d68c-73a2-5385-a022-754590913c75	14;24;39			355b4ed10b14	mutation	2	84cd8501d39dfaa4	Qwen/Qwen3.6-35B-A3B	open-access	50	hybrid	2026-09-18T11:46:22Z		local	http://mango.cels.anl.gov:8004/v1	155496ef6fa343a1
Escherichia	nfsB	IS1R insertion	nitrofurantoin resistance	reported	[31]	1		Yu Wan et al. Microbial Genomics PMID:34860151	34860151	afefe172-e0fe-55c4-b0e5-fd6b972d3dca	31			016c76cd2e8b	mutation	2	84cd8501d39dfaa4	Qwen/Qwen3.6-35B-A3B	open-access	50	hybrid	2026-09-18T11:46:25Z		local	http://mango.cels.anl.gov:8004/v1	5220858626536a4b
Escherichia	nfsB	IS10R-like insertion	nitrofurantoin resistance	reported	[31]	1		Yu Wan et al. Microbial Genomics PMID:34860151	34860151	afefe172-e0fe-55c4-b0e5-fd6b972d3dca	31			016c76cd2e8b	mutation	2	84cd8501d39dfaa4	Qwen/Qwen3.6-35B-A3B	open-access	50	hybrid	2026-09-18T11:46:25Z		local	http://mango.cels.anl.gov:8004/v1	5220858626536a4b
Escherichia	nfsB	IS5 insertion	nitrofurantoin resistance	reported	[22]	1		M. Zafri Humayun et al. PLoS ONE PMID:28666002	28666002	1071a84b-62bf-5b9f-90ef-f5b32dd1004a	22			016c76cd2e8b	mutation	2	84cd8501d39dfaa4	Qwen/Qwen3.6-35B-A3B	open-access	50	hybrid	2026-09-18T11:46:25Z		local	http://mango.cels.anl.gov:8004/v1	5220858626536a4b
Escherichia	nfsB	7 nucleotide insertion	nitrofurantoin resistance	reported	[32]	1		Daniel C Stein et al. BMC Microbiology PMID:19930647	19930647	4f7b8203-d902-5be6-aac9-29cda2fee29b	32			016c76cd2e8b	mutation	2	84cd8501d39dfaa4	Qwen/Qwen3.6-35B-A3B	open-access	50	hybrid	2026-09-18T11:46:25Z		local	http://mango.cels.anl.gov:8004/v1	5220858626536a4b
Escherichia	nfsB	T41Q	nitrofurantoin resistance	reported	[27]	1		Martin A. Day et al. International Journal of Molecular Sciences PMID:36983061	36983061	8aa4aec3-b0a0-54a2-a26e-e1f2454fae4a	27			016c76cd2e8b	mutation	2	84cd8501d39dfaa4	Qwen/Qwen3.6-35B-A3B	open-access	50	hybrid	2026-09-18T11:46:25Z		local	http://mango.cels.anl.gov:8004/v1	5220858626536a4b
Escherichia	nfsB	N71S	nitrofurantoin resistance	reported	[27]	1		Martin A. Day et al. International Journal of Molecular Sciences PMID:36983061	36983061	8aa4aec3-b0a0-54a2-a26e-e1f2454fae4a	27			016c76cd2e8b	mutation	2	84cd8501d39dfaa4	Qwen/Qwen3.6-35B-A3B	open-access	50	hybrid	2026-09-18T11:46:25Z		local	http://mango.cels.anl.gov:8004/v1	5220858626536a4b
Escherichia	nfsB	F124T	nitrofurantoin resistance	reported	[27]	1		Martin A. Day et al. International Journal of Molecular Sciences PMID:36983061	36983061	8aa4aec3-b0a0-54a2-a26e-e1f2454fae4a	27			016c76cd2e8b	mutation	2	84cd8501d39dfaa4	Qwen/Qwen3.6-35B-A3B	open-access	50	hybrid	2026-09-18T11:46:25Z		local	http://mango.cels.anl.gov:8004/v1	5220858626536a4b
Escherichia	nfsB	T41L	nitrofurantoin resistance	reported	[27]	1		Martin A. Day et al. International Journal of Molecular Sciences PMID:36983061	36983061	8aa4aec3-b0a0-54a2-a26e-e1f2454fae4a	27			016c76cd2e8b	mutation	2	84cd8501d39dfaa4	Qwen/Qwen3.6-35B-A3B	open-access	50	hybrid	2026-09-18T11:46:25Z		local	http://mango.cels.anl.gov:8004/v1	5220858626536a4b
Escherichia	nfsB	M127V	nitrofurantoin resistance	reported	[27]	1		Martin A. Day et al. International Journal of Molecular Sciences PMID:36983061	36983061	8aa4aec3-b0a0-54a2-a26e-e1f2454fae4a	27			016c76cd2e8b	mutation	2	84cd8501d39dfaa4	Qwen/Qwen3.6-35B-A3B	open-access	50	hybrid	2026-09-18T11:46:25Z		local	http://mango.cels.anl.gov:8004/v1	5220858626536a4b
Acinetobacter baumannii	lpxA		Lipid A biosynthesis gene associated with colistin resistance via LPS loss	inferred	[3]	237	missing:Mutation	Seo-Yeon Ko et al. Antibiotics PMID:37237716; Zahra Farshadzadeh et al. Frontiers in Microbiology (2018) PMID:29483899; Dimitrios Karakalpakidis et al. Antibiotics PMID:41892479; Christine J. Boinett et al. Microbial Genomics PMID:30720421; Soo-Sum Lean et al. Frontiers in Microbiology (2015) PMID:26779129; Jamil Allen G. Fortaleza et al. Virulence (2026) PMID:42056714; Benjamin Havenga et al. Microorganisms PMID:35630494; Carole Ayoub Moubareck et al. Antibiotics PMID:32178356; Jingchao Shi et al. Frontiers in Microbiology (2024) PMID:38318341; Arturo Martínez-Trejo et al. International Journal of Molecular Sciences PMID:35743027; Md Minarul Islam et al. Pathogens PMID:39770308; Ilaria Cavallo et al. Frontiers in Microbiology (2023) PMID:37425994; Víctor Vinuesa et al. Antibiotics PMID:34065605; Katarina Novović et al. Antibiotics PMID:36978383; Ignasi Roca et al. Frontiers in Microbiology (2012) PMID:22536199; Chorong Hahm et al. PLoS ONE PMID:35245298; Xingchen Bian et al. BMC Genomics PMID:34247587; Noor Andryan Ilsan et al. Microorganisms PMID:34198665; Chun Kew et al. Nature Communications PMID:39261458; Srinivasan Vijaya Bharathi et al. Frontiers in Microbiology (2021) PMID:35002996; Neveen M. Saleh et al. Antibiotics PMID:32268563; Xiaoying Chen et al. Frontiers in Microbiology (2025) PMID:40444004; Estelle Longla Madaha et al. Microorganisms PMID:32403300; Valerie Defraine et al. Frontiers in Microbiology (2018) PMID:29472905; Anastasia Geladari et al. Pathogens PMID:41599065; Hyun Mi Kang et al. Frontiers in Cellular and Infection Microbiology (2024) PMID:39027135; Xiaoting Hua et al. Frontiers in Cellular and Infection Microbiology (2017) PMID:28275586; Antoine Abou Fayad et al. Microorganisms PMID:38399753; Mohd Hafidz Mahamad Maifiah et al. Scientific Reports PMID:26924392; Jingyi Shi et al. BMC Infectious Diseases PMID:32787942; Go Kamoshida et al. Frontiers in Microbiology (2020) PMID:32373082; Viviana Cafiso et al. Frontiers in Microbiology (2018) PMID:30666237; Wenwen Huo et al. Nature Microbiology PMID:35618774; Itziar Chapartegui-González et al. Antibiotics PMID:34206348; Ji-Young Lee et al. Scientific Reports PMID:29079752; Chong Chen et al. Microorganisms PMID:41304269; Daniel B. Knight et al. Frontiers in Microbiology (2018) PMID:30186249; Abdullah A. Alshehri et al. Microorganisms PMID:42197530; Letícia Dias de Melo Carrasco et al. Frontiers in Microbiology (2021) PMID:33897637; Maria Tsalidou et al. Antibiotics PMID:37998797	37237716;29483899;41892479;30720421;26779129;42056714;35630494;32178356;38318341;35743027;39770308;37425994;34065605;36978383;22536199;35245298;34247587;34198665;39261458;35002996;32268563;40444004;32403300;29472905;41599065;39027135;28275586;38399753;26924392;32787942;32373082;30666237;35618774;34206348;29079752;41304269;30186249;42197530;33897637;37998797	3d663763-9724-5d03-b25e-56aa8433fe32;b9555e0a-9c73-5b11-b00e-54249471c46a;2a6ea111-17f2-5e63-8602-8a6e33cb8f1f;9ae61884-bc6f-5b87-b0e4-05f1db823b28;08795697-87b2-52f9-842a-58a51ddbff5e;7d63b66e-23f8-5c20-91dd-bae86659d022;87da3c24-d305-5244-b07a-aa31b53b74c7;a9854993-94b2-5995-9552-bf0e684fd98e;e9b17e78-15d6-5c47-ac38-1bb644160059;8f54efb0-7d3e-5d3d-a143-1d7863e10ec0;6accc1e4-6c53-5cb8-bfbb-42583dfffd4d;15d90869-8950-5414-8410-172981fc4eb6;60e57c0f-88db-5b7c-bd81-a4d235bbd1e7;b46d210b-b7a2-5c26-a87e-93c529a89c99;702706d2-f1d2-574b-9cae-dc81e0a7327f;94c78e5a-147e-5b1d-afeb-5bfcf3484b2e;ffba2858-2fe5-57ec-9f32-93f3b6397601;814573e1-e79a-5156-8224-5fa693dd4bd4;a57b9723-f1d2-57ea-bb2c-512b25668878;1f1e70b7-54d8-50cf-8bf8-912c8e2544ff;75294cd7-10ad-5acd-89df-c9c56fa9734c;d7815cb0-b775-5681-bf8f-0383fdb40094;a437d419-5468-5bd3-8322-5a0b85dc81d8;2d9616d1-d513-5496-b3ba-de13d8730926;3bb1f036-a129-5849-a75c-1dbdc20b7ae0;e7e7b820-46ca-5f53-b80f-26a155e78386;aca0516f-5123-5743-95ca-491ff0e055b9;936e5725-aa17-5447-84c2-1a706bd4978c;bbb3fd6a-353d-50b1-b354-29c3e9be1210;d22a15fd-8ebc-5aed-be09-6859b8e13153;18a09ac6-8f61-5c95-9bf0-a9d67f181c2c;4392d65d-20d0-5007-9a30-de8ca9da5a17;b9cb0bbd-cce2-5c4e-bf43-234e9fed0222;1935a50f-81e6-5b15-b6af-448a2e510af4;f167b11e-8748-5a94-b0a8-99ea2b277b6c;2ed43175-3781-5971-b8fa-a9b67d5376d9;121428cc-2ad7-59f7-91f1-ea0c0283e7df;913998e2-a1d8-5148-ae46-b82320dcb3ce;97992784-ae05-5984-b945-ad92f87fd64f;ef80a746-c4f8-586e-8e6d-a8b9e3307bcf;3462d455-35c1-5527-b5c9-a02d692fc3d0;300088b3-bf72-54cc-826c-b85b1f55cc8c;a2e8a9fc-1ccc-52e4-909e-b10c46303446;79f45caf-b2de-588a-ab04-2c9d8faea61a;5111264e-0064-5353-b12d-4fdbd26c3d96;f4fc5e29-f06d-5ae5-8fa1-04b2a6b97fdb;658c8ee8-40c2-5efe-b61f-e84df8fafd54;bd6448c4-3c87-5d5c-ac1c-39773f399ecf;b4ce7770-2b02-5659-bd58-f4701a26f6a6;3bb1c3cf-4c16-5df1-9ed2-44bf5e169622	1;2;3;4;5;6;7;8;9;10;11;12;13;14;15;16;17;18;19;20;21;22;23;24;25;26;27;28;29;30;31;32;33;34;35;36;37;38;39;40;41;42;43;44;45;46;47;48;49;50			184392f91b40	mutation	2	84cd8501d39dfaa4	Qwen/Qwen3.6-35B-A3B	open-access	50	hybrid	2026-09-18T11:46:25Z		local	http://mango.cels.anl.gov:8004/v1	5ed0e5fa8d5b93e5
Pseudomonas aeruginosa	nfxB	R21H	Antimicrobial resistance	reported	[8]	1		Ana M. Rada et al. Frontiers in Microbiology (2021) PMID:34512563	34512563	ae0c4ae2-fac4-51a0-a6f3-72f3b49500df	8			f5d48182faa5	mutation	2	84cd8501d39dfaa4	Qwen/Qwen3.6-35B-A3B	open-access	50	hybrid	2026-09-18T11:46:28Z		local	http://mango.cels.anl.gov:8004/v1	c4cfbc4a9e005096
Pseudomonas aeruginosa	nfxB	D56G	Antimicrobial resistance	reported	[8]	1		Ana M. Rada et al. Frontiers in Microbiology (2021) PMID:34512563	34512563	ae0c4ae2-fac4-51a0-a6f3-72f3b49500df	8			f5d48182faa5	mutation	2	84cd8501d39dfaa4	Qwen/Qwen3.6-35B-A3B	open-access	50	hybrid	2026-09-18T11:46:28Z		local	http://mango.cels.anl.gov:8004/v1	c4cfbc4a9e005096
Pseudomonas aeruginosa	nfxB	T39P	Antimicrobial resistance	measured	[18]	1		Connor Chain et al. Nature Microbiology PMID:38594311	38594311	c2b52d1c-325b-58b0-8b3c-2f2fc8a9a6d2	18			f5d48182faa5	mutation	2	84cd8501d39dfaa4	Qwen/Qwen3.6-35B-A3B	open-access	50	hybrid	2026-09-18T11:46:28Z		local	http://mango.cels.anl.gov:8004/v1	c4cfbc4a9e005096
Pseudomonas aeruginosa	nfxB	L29R	Antimicrobial resistance	measured	[18]	1		Connor Chain et al. Nature Microbiology PMID:38594311	38594311	c2b52d1c-325b-58b0-8b3c-2f2fc8a9a6d2	18			f5d48182faa5	mutation	2	84cd8501d39dfaa4	Qwen/Qwen3.6-35B-A3B	open-access	50	hybrid	2026-09-18T11:46:28Z		local	http://mango.cels.anl.gov:8004/v1	c4cfbc4a9e005096
Pseudomonas aeruginosa	nfxB	Stop codon at 115	Antimicrobial resistance	measured	[18]	1		Connor Chain et al. Nature Microbiology PMID:38594311	38594311	c2b52d1c-325b-58b0-8b3c-2f2fc8a9a6d2	18			f5d48182faa5	mutation	2	84cd8501d39dfaa4	Qwen/Qwen3.6-35B-A3B	open-access	50	hybrid	2026-09-18T11:46:28Z		local	http://mango.cels.anl.gov:8004/v1	c4cfbc4a9e005096
Pseudomonas aeruginosa	nfxB	Deletion	Antimicrobial resistance	reported	[6]	1		David Lasry et al. Journal of Antimicrobial Chemotherapy PMID:42219900	42219900	0f77dde2-9f08-5544-9b6b-4896364e898f	6			f5d48182faa5	mutation	2	84cd8501d39dfaa4	Qwen/Qwen3.6-35B-A3B	open-access	50	hybrid	2026-09-18T11:46:28Z		local	http://mango.cels.anl.gov:8004/v1	c4cfbc4a9e005096
Pseudomonas aeruginosa	nfxB	Inactivating mutation	Antimicrobial resistance	reported	[35]	1		Manuel Alcalde-Rico et al. Frontiers in Microbiology (2018) PMID:30532741	30532741	de8c8321-79f1-5a31-8034-a95339b474f9	35			f5d48182faa5	mutation	2	84cd8501d39dfaa4	Qwen/Qwen3.6-35B-A3B	open-access	50	hybrid	2026-09-18T11:46:28Z		local	http://mango.cels.anl.gov:8004/v1	c4cfbc4a9e005096
Pseudomonas aeruginosa	nfxB	A30T	Antimicrobial resistance	reported	[33]	1		Mariela R. Monti et al. PLoS ONE PMID:23762483	23762483	32289af3-11b5-5a5d-98cc-64e542c53229	33			f5d48182faa5	mutation	2	84cd8501d39dfaa4	Qwen/Qwen3.6-35B-A3B	open-access	50	hybrid	2026-09-18T11:46:28Z		local	http://mango.cels.anl.gov:8004/v1	c4cfbc4a9e005096
Pseudomonas aeruginosa	nfxB	R42G	Antimicrobial resistance	reported	[33]	1		Mariela R. Monti et al. PLoS ONE PMID:23762483	23762483	32289af3-11b5-5a5d-98cc-64e542c53229	33			f5d48182faa5	mutation	2	84cd8501d39dfaa4	Qwen/Qwen3.6-35B-A3B	open-access	50	hybrid	2026-09-18T11:46:28Z		local	http://mango.cels.anl.gov:8004/v1	c4cfbc4a9e005096
Pseudomonas aeruginosa	nfxB	R42H	Antimicrobial resistance	reported	[33]	1		Mariela R. Monti et al. PLoS ONE PMID:23762483	23762483	32289af3-11b5-5a5d-98cc-64e542c53229	33			f5d48182faa5	mutation	2	84cd8501d39dfaa4	Qwen/Qwen3.6-35B-A3B	open-access	50	hybrid	2026-09-18T11:46:28Z		local	http://mango.cels.anl.gov:8004/v1	c4cfbc4a9e005096
Pseudomonas aeruginosa	nfxB	R42C	Antimicrobial resistance	reported	[33]	1		Mariela R. Monti et al. PLoS ONE PMID:23762483	23762483	32289af3-11b5-5a5d-98cc-64e542c53229	33			f5d48182faa5	mutation	2	84cd8501d39dfaa4	Qwen/Qwen3.6-35B-A3B	open-access	50	hybrid	2026-09-18T11:46:28Z		local	http://mango.cels.anl.gov:8004/v1	c4cfbc4a9e005096
Pseudomonas aeruginosa	nfxB	L62V	Antimicrobial resistance	reported	[33]	1		Mariela R. Monti et al. PLoS ONE PMID:23762483	23762483	32289af3-11b5-5a5d-98cc-64e542c53229	33			f5d48182faa5	mutation	2	84cd8501d39dfaa4	Qwen/Qwen3.6-35B-A3B	open-access	50	hybrid	2026-09-18T11:46:28Z		local	http://mango.cels.anl.gov:8004/v1	c4cfbc4a9e005096
Pseudomonas aeruginosa	nfxB	R82L	Antimicrobial resistance	reported	[33]	1		Mariela R. Monti et al. PLoS ONE PMID:23762483	23762483	32289af3-11b5-5a5d-98cc-64e542c53229	33			f5d48182faa5	mutation	2	84cd8501d39dfaa4	Qwen/Qwen3.6-35B-A3B	open-access	50	hybrid	2026-09-18T11:46:28Z		local	http://mango.cels.anl.gov:8004/v1	c4cfbc4a9e005096
Pseudomonas aeruginosa	nfxB	H87R	Antimicrobial resistance	reported	[33]	1		Mariela R. Monti et al. PLoS ONE PMID:23762483	23762483	32289af3-11b5-5a5d-98cc-64e542c53229	33			f5d48182faa5	mutation	2	84cd8501d39dfaa4	Qwen/Qwen3.6-35B-A3B	open-access	50	hybrid	2026-09-18T11:46:28Z		local	http://mango.cels.anl.gov:8004/v1	c4cfbc4a9e005096
Pseudomonas aeruginosa	nfxB	Y109H	Antimicrobial resistance	reported	[33]	1		Mariela R. Monti et al. PLoS ONE PMID:23762483	23762483	32289af3-11b5-5a5d-98cc-64e542c53229	33			f5d48182faa5	mutation	2	84cd8501d39dfaa4	Qwen/Qwen3.6-35B-A3B	open-access	50	hybrid	2026-09-18T11:46:28Z		local	http://mango.cels.anl.gov:8004/v1	c4cfbc4a9e005096
Pseudomonas aeruginosa	nfxB	K132I	Antimicrobial resistance	reported	[33]	1		Mariela R. Monti et al. PLoS ONE PMID:23762483	23762483	32289af3-11b5-5a5d-98cc-64e542c53229	33			f5d48182faa5	mutation	2	84cd8501d39dfaa4	Qwen/Qwen3.6-35B-A3B	open-access	50	hybrid	2026-09-18T11:46:28Z		local	http://mango.cels.anl.gov:8004/v1	c4cfbc4a9e005096
Pseudomonas aeruginosa	nfxB	K132R	Antimicrobial resistance	reported	[33]	1		Mariela R. Monti et al. PLoS ONE PMID:23762483	23762483	32289af3-11b5-5a5d-98cc-64e542c53229	33			f5d48182faa5	mutation	2	84cd8501d39dfaa4	Qwen/Qwen3.6-35B-A3B	open-access	50	hybrid	2026-09-18T11:46:28Z		local	http://mango.cels.anl.gov:8004/v1	c4cfbc4a9e005096
Pseudomonas aeruginosa	nfxB	M155R	Antimicrobial resistance	reported	[33]	1		Mariela R. Monti et al. PLoS ONE PMID:23762483	23762483	32289af3-11b5-5a5d-98cc-64e542c53229	33			f5d48182faa5	mutation	2	84cd8501d39dfaa4	Qwen/Qwen3.6-35B-A3B	open-access	50	hybrid	2026-09-18T11:46:28Z		local	http://mango.cels.anl.gov:8004/v1	c4cfbc4a9e005096
Pseudomonas aeruginosa	nfxB	N183I	Antimicrobial resistance	reported	[33]	1		Mariela R. Monti et al. PLoS ONE PMID:23762483	23762483	32289af3-11b5-5a5d-98cc-64e542c53229	33			f5d48182faa5	mutation	2	84cd8501d39dfaa4	Qwen/Qwen3.6-35B-A3B	open-access	50	hybrid	2026-09-18T11:46:28Z		local	http://mango.cels.anl.gov:8004/v1	c4cfbc4a9e005096
Escherichia coli	ompC	D192G	Carbapenem resistance	reported	[1]	1		Wan-Ting Yang et al. Frontiers in Microbiology (2022) PMID:35516434	35516434	ebed26be-7d0b-5233-a2d3-6f0228d6bdfb	1			10411405b3cd	mutation	2	84cd8501d39dfaa4	Qwen/Qwen3.6-35B-A3B	open-access	50	hybrid	2026-09-18T11:46:30Z		local	http://mango.cels.anl.gov:8004/v1	23dec1838f1e6433
Escherichia coli	ompC	Deletion or loss of protein	Increased imipenem MIC and carbapenem resistance	reported	[4]	1		Gang Zhou et al. Microorganisms PMID:37512863	37512863	6cea4cfe-785e-59c9-9156-906bbd94c408	4			10411405b3cd	mutation	2	84cd8501d39dfaa4	Qwen/Qwen3.6-35B-A3B	open-access	50	hybrid	2026-09-18T11:46:30Z		local	http://mango.cels.anl.gov:8004/v1	23dec1838f1e6433
Escherichia coli	ompC	Deletion mutant	Resistance to streptomycin, fusidic acid, and nitrofurantoin	reported	[4]	1		Gang Zhou et al. Microorganisms PMID:37512863	37512863	6cea4cfe-785e-59c9-9156-906bbd94c408	4			10411405b3cd	mutation	2	84cd8501d39dfaa4	Qwen/Qwen3.6-35B-A3B	open-access	50	hybrid	2026-09-18T11:46:30Z		local	http://mango.cels.anl.gov:8004/v1	23dec1838f1e6433
Escherichia coli	ompC	Downregulation or loss	Reduced influx of beta-lactams and quinolones, resulting in increased MICs	reported	[5]	1		Dimard E. Foudraine et al. Scientific Reports PMID:34127720	34127720	379c2f8a-1acf-5676-9eeb-7cb5adea8e29	5			10411405b3cd	mutation	2	84cd8501d39dfaa4	Qwen/Qwen3.6-35B-A3B	open-access	50	hybrid	2026-09-18T11:46:30Z		local	http://mango.cels.anl.gov:8004/v1	23dec1838f1e6433
Escherichia coli	ompC	Downregulation	Reduced influx of antibiotics from diverse classes	reported	[14]	1		Mahadi Hasan et al. Antibiotics PMID:37627755	37627755	35e1ae3d-39db-5ce5-b449-8447862df816	14			10411405b3cd	mutation	2	84cd8501d39dfaa4	Qwen/Qwen3.6-35B-A3B	open-access	50	hybrid	2026-09-18T11:46:30Z		local	http://mango.cels.anl.gov:8004/v1	23dec1838f1e6433
Escherichia coli	ompC	Deficient	Increase in sensitivity to peptide cecropin D	reported	[34]	1		Mahadi Hasan et al. Antibiotics PMID:35884169	35884169	a7d9e036-e106-5202-bc8d-8d821fafe83f	34			10411405b3cd	mutation	2	84cd8501d39dfaa4	Qwen/Qwen3.6-35B-A3B	open-access	50	hybrid	2026-09-18T11:46:30Z		local	http://mango.cels.anl.gov:8004/v1	23dec1838f1e6433
Escherichia coli	ompC	Truncation (shorter than 374 AA)	Predicted antimicrobial resistance	predicted	[30]	1		Peter Májek et al. International Journal of Molecular Sciences PMID:34884852	34884852	7a2ec08e-c906-5ce4-8481-de3590d0704a	30			10411405b3cd	mutation	2	84cd8501d39dfaa4	Qwen/Qwen3.6-35B-A3B	open-access	50	hybrid	2026-09-18T11:46:30Z		local	http://mango.cels.anl.gov:8004/v1	23dec1838f1e6433
Escherichia coli	ompC	Introduction of stop codon	Carbapenem resistance	reported	[8]	1		Catherine Ludden et al. Microbial Genomics PMID:29026655	29026655	31efe912-6ed7-579d-8428-4390e8637716	8			10411405b3cd	mutation	2	84cd8501d39dfaa4	Qwen/Qwen3.6-35B-A3B	open-access	50	hybrid	2026-09-18T11:46:30Z		local	http://mango.cels.anl.gov:8004/v1	23dec1838f1e6433
Escherichia coli	ompC	Insertion of IS element	Carbapenem resistance	reported	[8]	1		Catherine Ludden et al. Microbial Genomics PMID:29026655	29026655	31efe912-6ed7-579d-8428-4390e8637716	8			10411405b3cd	mutation	2	84cd8501d39dfaa4	Qwen/Qwen3.6-35B-A3B	open-access	50	hybrid	2026-09-18T11:46:30Z		local	http://mango.cels.anl.gov:8004/v1	23dec1838f1e6433
Escherichia coli	ompC	Decreased expression	Reduced permeability and carbapenem resistance	reported	[4]	1		Gang Zhou et al. Microorganisms PMID:37512863	37512863	6cea4cfe-785e-59c9-9156-906bbd94c408	4			10411405b3cd	mutation	2	84cd8501d39dfaa4	Qwen/Qwen3.6-35B-A3B	open-access	50	hybrid	2026-09-18T11:46:30Z		local	http://mango.cels.anl.gov:8004/v1	23dec1838f1e6433
Klebsiella pneumoniae	ompK36	ΔompK36	Increased MICs of piperacillin, cefoxitin, cefazolin, cefuroxime, and imipenem; higher rates of carbapenemase genes	measured	[1]	1		Susu Wu et al. Frontiers in Cellular and Infection Microbiology (2026) PMID:41798751	41798751	ba878802-8c54-5086-9fc4-bb246baed0da	1			76767ca10f54	mutation	2	84cd8501d39dfaa4	Qwen/Qwen3.6-35B-A3B	open-access	50	hybrid	2026-09-18T11:46:36Z		local	http://mango.cels.anl.gov:8004/v1	7e86938c757797ff
Klebsiella pneumoniae	ompK36	Various alterations	High-level meropenem resistance (MIC ≥ 8 mg/L); susceptibility to ceftazidime/avibactam maintained	reported	[2]	1		Pilar Lumbreras-Iglesias et al. Antibiotics PMID:34680754	34680754	706f7c68-59c6-5cb3-8f9a-ca5e0a8b9192	2			76767ca10f54	mutation	2	84cd8501d39dfaa4	Qwen/Qwen3.6-35B-A3B	open-access	50	hybrid	2026-09-18T11:46:36Z		local	http://mango.cels.anl.gov:8004/v1	7e86938c757797ff
Klebsiella pneumoniae	ompK36	5′ synonymous mutation	Reduced OmpK36 translation; carbapenem resistance	reported	[3]	1		Joshua L. C. Wong et al. Proceedings of the National Academy of Sciences of the United States of America PMID:36095213	36095213	c1fce6bd-20a0-5d85-9df3-f38ab1652a18	3			76767ca10f54	mutation	2	84cd8501d39dfaa4	Qwen/Qwen3.6-35B-A3B	open-access	50	hybrid	2026-09-18T11:46:36Z		local	http://mango.cels.anl.gov:8004/v1	7e86938c757797ff
Klebsiella pneumoniae	ompK36	GD mutation	High-level carbapenem resistance	reported	[5]	1		Jiaoli Chen et al. Frontiers in Microbiology (2026) PMID:41777542	41777542	e55e98e6-b4d1-5f48-9fe7-72e3a8471911	5			76767ca10f54	mutation	2	84cd8501d39dfaa4	Qwen/Qwen3.6-35B-A3B	open-access	50	hybrid	2026-09-18T11:46:36Z		local	http://mango.cels.anl.gov:8004/v1	7e86938c757797ff
Klebsiella pneumoniae	ompK36	Various mutations	Antimicrobial resistance	reported	[8]	2		Katlego Kopotsa et al. Microbial Genomics PMID:33170117; Su Min Kyung et al. BMC Microbiology PMID:37924028	33170117;37924028	6e5fcd73-06f9-5b34-8ffa-8f3dc0d1ebfc;967fac92-ca71-53f1-930f-93e29b8debfe	8;31			76767ca10f54	mutation	2	84cd8501d39dfaa4	Qwen/Qwen3.6-35B-A3B	open-access	50	hybrid	2026-09-18T11:46:36Z		local	http://mango.cels.anl.gov:8004/v1	7e86938c757797ff
Klebsiella pneumoniae	ompK36	stop codons	Antimicrobial resistance	reported	[8]	1		Katlego Kopotsa et al. Microbial Genomics PMID:33170117	33170117	6e5fcd73-06f9-5b34-8ffa-8f3dc0d1ebfc	8			76767ca10f54	mutation	2	84cd8501d39dfaa4	Qwen/Qwen3.6-35B-A3B	open-access	50	hybrid	2026-09-18T11:46:36Z		local	http://mango.cels.anl.gov:8004/v1	7e86938c757797ff
Klebsiella pneumoniae	ompK36	Loop 3 insertion (e.g., GD/TD)	Elevated carbapenem MICs	reported	[26]	1		Veronika Zdarska et al. Antibiotics PMID:41594074	41594074	6a77c15f-43f4-50b4-89e1-205039265a3c	26			76767ca10f54	mutation	2	84cd8501d39dfaa4	Qwen/Qwen3.6-35B-A3B	open-access	50	hybrid	2026-09-18T11:46:36Z		local	http://mango.cels.anl.gov:8004/v1	7e86938c757797ff
Klebsiella pneumoniae	ompK36	25c > t synonymous mutation	Increased meropenem resistance	reported	[26]	1		Veronika Zdarska et al. Antibiotics PMID:41594074	41594074	6a77c15f-43f4-50b4-89e1-205039265a3c	26			76767ca10f54	mutation	2	84cd8501d39dfaa4	Qwen/Qwen3.6-35B-A3B	open-access	50	hybrid	2026-09-18T11:46:36Z		local	http://mango.cels.anl.gov:8004/v1	7e86938c757797ff
Klebsiella pneumoniae	ompK36	Full deletion	MICs ≥ 512 mg/L	reported	[26]	1		Veronika Zdarska et al. Antibiotics PMID:41594074	41594074	6a77c15f-43f4-50b4-89e1-205039265a3c	26			76767ca10f54	mutation	2	84cd8501d39dfaa4	Qwen/Qwen3.6-35B-A3B	open-access	50	hybrid	2026-09-18T11:46:36Z		local	http://mango.cels.anl.gov:8004/v1	7e86938c757797ff
Klebsiella pneumoniae	ompK36	Large protein deletion	Increased susceptibility to meropenem/vaborbactam	reported	[27]	1		Gabriele Arcari et al. Emerging Infectious Diseases PMID:37877547	37877547	7f3873f5-de6a-52a2-932e-5a0fb39406e9	27			76767ca10f54	mutation	2	84cd8501d39dfaa4	Qwen/Qwen3.6-35B-A3B	open-access	50	hybrid	2026-09-18T11:46:36Z		local	http://mango.cels.anl.gov:8004/v1	7e86938c757797ff
Klebsiella pneumoniae	ompK36	Stop codon mutation	Carbapenem resistance	reported	[18]	1		Xuebin Tian et al. BMC Microbiology PMID:32689945	32689945	aa865165-bd89-55ed-83f9-a880b4346d0f	18			76767ca10f54	mutation	2	84cd8501d39dfaa4	Qwen/Qwen3.6-35B-A3B	open-access	50	hybrid	2026-09-18T11:46:36Z		local	http://mango.cels.anl.gov:8004/v1	7e86938c757797ff
Klebsiella pneumoniae	ompK36	239 nucleotide deletion (frameshift)	Carbapenem resistance	reported	[39]	1		Xuebin Tian et al. BMC Microbiology PMID:32689945	32689945	40e71da8-3c60-50fa-a3d3-4205f82e6ce3	39			76767ca10f54	mutation	2	84cd8501d39dfaa4	Qwen/Qwen3.6-35B-A3B	open-access	50	hybrid	2026-09-18T11:46:36Z		local	http://mango.cels.anl.gov:8004/v1	7e86938c757797ff
Klebsiella pneumoniae	ompK36	N218H	Resistance to carbapenems; Antimicrobial resistance	reported	[44]	3	merged_variants:Phenotype	Shirong Li et al. Frontiers in Microbiology (2022) PMID:35875519; Esther Eyram Asare Yeboah et al. BMC Microbiology PMID:40604438	35875519;40604438	0583f9bb-d8df-5d5a-808f-05c1ffd658ad;582394ba-90ee-5465-a9dd-6850ace1ea70;c12e67fc-2022-591f-bfd6-4ba24a031963	38;41;44	N218H	P.n218H	76767ca10f54	mutation	2	84cd8501d39dfaa4	Qwen/Qwen3.6-35B-A3B	open-access	50	hybrid	2026-09-18T11:46:36Z		local	http://mango.cels.anl.gov:8004/v1	7e86938c757797ff
Klebsiella pneumoniae	ompK36	N217H	Resistance to carbapenems	reported	[44]	1		Shirong Li et al. Frontiers in Microbiology (2022) PMID:35875519	35875519	0583f9bb-d8df-5d5a-808f-05c1ffd658ad	44	N217H	P.n217H	76767ca10f54	mutation	2	84cd8501d39dfaa4	Qwen/Qwen3.6-35B-A3B	open-access	50	hybrid	2026-09-18T11:46:36Z		local	http://mango.cels.anl.gov:8004/v1	7e86938c757797ff
Klebsiella pneumoniae	ompK36	N49S	Antimicrobial resistance	reported	[34]	5		Esther Eyram Asare Yeboah et al. BMC Microbiology PMID:40604438	40604438	ea8abbfb-c1c8-51ee-be91-a923246b3547;912e16b9-e7b3-5b90-9d7c-c4519a9a9817;582394ba-90ee-5465-a9dd-6850ace1ea70;08443dcd-ca24-506b-9adb-37837a8f1389;c12e67fc-2022-591f-bfd6-4ba24a031963	34;37;38;40;41			76767ca10f54	mutation	2	84cd8501d39dfaa4	Qwen/Qwen3.6-35B-A3B	open-access	50	hybrid	2026-09-18T11:46:36Z		local	http://mango.cels.anl.gov:8004/v1	7e86938c757797ff
Klebsiella pneumoniae	ompK36	L59V	Antimicrobial resistance	reported	[34]	5		Esther Eyram Asare Yeboah et al. BMC Microbiology PMID:40604438	40604438	ea8abbfb-c1c8-51ee-be91-a923246b3547;912e16b9-e7b3-5b90-9d7c-c4519a9a9817;582394ba-90ee-5465-a9dd-6850ace1ea70;08443dcd-ca24-506b-9adb-37837a8f1389;c12e67fc-2022-591f-bfd6-4ba24a031963	34;37;38;40;41			76767ca10f54	mutation	2	84cd8501d39dfaa4	Qwen/Qwen3.6-35B-A3B	open-access	50	hybrid	2026-09-18T11:46:36Z		local	http://mango.cels.anl.gov:8004/v1	7e86938c757797ff
Klebsiella pneumoniae	ompK36	G189T	Antimicrobial resistance	reported	[34]	1		Esther Eyram Asare Yeboah et al. BMC Microbiology PMID:40604438	40604438	ea8abbfb-c1c8-51ee-be91-a923246b3547	34			76767ca10f54	mutation	2	84cd8501d39dfaa4	Qwen/Qwen3.6-35B-A3B	open-access	50	hybrid	2026-09-18T11:46:36Z		local	http://mango.cels.anl.gov:8004/v1	7e86938c757797ff
Klebsiella pneumoniae	ompK36	F198Y	Antimicrobial resistance	reported	[34]	1		Esther Eyram Asare Yeboah et al. BMC Microbiology PMID:40604438	40604438	ea8abbfb-c1c8-51ee-be91-a923246b3547	34			76767ca10f54	mutation	2	84cd8501d39dfaa4	Qwen/Qwen3.6-35B-A3B	open-access	50	hybrid	2026-09-18T11:46:36Z		local	http://mango.cels.anl.gov:8004/v1	7e86938c757797ff
Klebsiella pneumoniae	ompK36	F207Y	Antimicrobial resistance	reported	[34]	1		Esther Eyram Asare Yeboah et al. BMC Microbiology PMID:40604438	40604438	ea8abbfb-c1c8-51ee-be91-a923246b3547	34			76767ca10f54	mutation	2	84cd8501d39dfaa4	Qwen/Qwen3.6-35B-A3B	open-access	50	hybrid	2026-09-18T11:46:36Z		local	http://mango.cels.anl.gov:8004/v1	7e86938c757797ff
Klebsiella pneumoniae	ompK36	A217S	Antimicrobial resistance	reported	[34]	3		Esther Eyram Asare Yeboah et al. BMC Microbiology PMID:40604438	40604438	ea8abbfb-c1c8-51ee-be91-a923246b3547;582394ba-90ee-5465-a9dd-6850ace1ea70;c12e67fc-2022-591f-bfd6-4ba24a031963	34;38;41			76767ca10f54	mutation	2	84cd8501d39dfaa4	Qwen/Qwen3.6-35B-A3B	open-access	50	hybrid	2026-09-18T11:46:36Z		local	http://mango.cels.anl.gov:8004/v1	7e86938c757797ff
Klebsiella pneumoniae	ompK36	T222L	Antimicrobial resistance	reported	[34]	1		Esther Eyram Asare Yeboah et al. BMC Microbiology PMID:40604438	40604438	ea8abbfb-c1c8-51ee-be91-a923246b3547	34			76767ca10f54	mutation	2	84cd8501d39dfaa4	Qwen/Qwen3.6-35B-A3B	open-access	50	hybrid	2026-09-18T11:46:36Z		local	http://mango.cels.anl.gov:8004/v1	7e86938c757797ff
Klebsiella pneumoniae	ompK36	D223G	Antimicrobial resistance	reported	[34]	1		Esther Eyram Asare Yeboah et al. BMC Microbiology PMID:40604438	40604438	ea8abbfb-c1c8-51ee-be91-a923246b3547	34			76767ca10f54	mutation	2	84cd8501d39dfaa4	Qwen/Qwen3.6-35B-A3B	open-access	50	hybrid	2026-09-18T11:46:36Z		local	http://mango.cels.anl.gov:8004/v1	7e86938c757797ff
Klebsiella pneumoniae	ompK36	E232R	Antimicrobial resistance	reported	[34]	3		Esther Eyram Asare Yeboah et al. BMC Microbiology PMID:40604438	40604438	ea8abbfb-c1c8-51ee-be91-a923246b3547;582394ba-90ee-5465-a9dd-6850ace1ea70;c12e67fc-2022-591f-bfd6-4ba24a031963	34;38;41			76767ca10f54	mutation	2	84cd8501d39dfaa4	Qwen/Qwen3.6-35B-A3B	open-access	50	hybrid	2026-09-18T11:46:36Z		local	http://mango.cels.anl.gov:8004/v1	7e86938c757797ff
Klebsiella pneumoniae	ompK36	N304E	Antimicrobial resistance	reported	[34]	2		Esther Eyram Asare Yeboah et al. BMC Microbiology PMID:40604438	40604438	ea8abbfb-c1c8-51ee-be91-a923246b3547;582394ba-90ee-5465-a9dd-6850ace1ea70	34;38			76767ca10f54	mutation	2	84cd8501d39dfaa4	Qwen/Qwen3.6-35B-A3B	open-access	50	hybrid	2026-09-18T11:46:36Z		local	http://mango.cels.anl.gov:8004/v1	7e86938c757797ff
Klebsiella pneumoniae	ompK36	T184P	Antimicrobial resistance	reported	[37]	2		Esther Eyram Asare Yeboah et al. BMC Microbiology PMID:40604438	40604438	912e16b9-e7b3-5b90-9d7c-c4519a9a9817;08443dcd-ca24-506b-9adb-37837a8f1389	37;40			76767ca10f54	mutation	2	84cd8501d39dfaa4	Qwen/Qwen3.6-35B-A3B	open-access	50	hybrid	2026-09-18T11:46:36Z		local	http://mango.cels.anl.gov:8004/v1	7e86938c757797ff
Klebsiella pneumoniae	ompK36	L191S	Antimicrobial resistance	reported	[38]	2		Esther Eyram Asare Yeboah et al. BMC Microbiology PMID:40604438	40604438	582394ba-90ee-5465-a9dd-6850ace1ea70;c12e67fc-2022-591f-bfd6-4ba24a031963	38;41			76767ca10f54	mutation	2	84cd8501d39dfaa4	Qwen/Qwen3.6-35B-A3B	open-access	50	hybrid	2026-09-18T11:46:36Z		local	http://mango.cels.anl.gov:8004/v1	7e86938c757797ff
Klebsiella pneumoniae	ompK36	F207W	Antimicrobial resistance	reported	[38]	2		Esther Eyram Asare Yeboah et al. BMC Microbiology PMID:40604438	40604438	582394ba-90ee-5465-a9dd-6850ace1ea70;c12e67fc-2022-591f-bfd6-4ba24a031963	38;41			76767ca10f54	mutation	2	84cd8501d39dfaa4	Qwen/Qwen3.6-35B-A3B	open-access	50	hybrid	2026-09-18T11:46:36Z		local	http://mango.cels.anl.gov:8004/v1	7e86938c757797ff
Klebsiella pneumoniae	ompK36	D224E	Antimicrobial resistance	reported	[38]	2		Esther Eyram Asare Yeboah et al. BMC Microbiology PMID:40604438	40604438	582394ba-90ee-5465-a9dd-6850ace1ea70;c12e67fc-2022-591f-bfd6-4ba24a031963	38;41			76767ca10f54	mutation	2	84cd8501d39dfaa4	Qwen/Qwen3.6-35B-A3B	open-access	50	hybrid	2026-09-18T11:46:36Z		local	http://mango.cels.anl.gov:8004/v1	7e86938c757797ff
Klebsiella pneumoniae	ompK36	L228V	Antimicrobial resistance	reported	[38]	2		Esther Eyram Asare Yeboah et al. BMC Microbiology PMID:40604438	40604438	582394ba-90ee-5465-a9dd-6850ace1ea70;c12e67fc-2022-591f-bfd6-4ba24a031963	38;41			76767ca10f54	mutation	2	84cd8501d39dfaa4	Qwen/Qwen3.6-35B-A3B	open-access	50	hybrid	2026-09-18T11:46:36Z		local	http://mango.cels.anl.gov:8004/v1	7e86938c757797ff
Klebsiella pneumoniae	ompK36	T254S	Antimicrobial resistance	reported	[38]	2		Esther Eyram Asare Yeboah et al. BMC Microbiology PMID:40604438	40604438	582394ba-90ee-5465-a9dd-6850ace1ea70;c12e67fc-2022-591f-bfd6-4ba24a031963	38;41			76767ca10f54	mutation	2	84cd8501d39dfaa4	Qwen/Qwen3.6-35B-A3B	open-access	50	hybrid	2026-09-18T11:46:36Z		local	http://mango.cels.anl.gov:8004/v1	7e86938c757797ff
Klebsiella pneumoniae	ompK36	truncated at aa 183	Antimicrobial resistance	reported	[36]	1		Rocco Latorre et al. Antibiotics PMID:42041354	42041354	b25cce10-0efe-50f2-8bf8-e1c744243537	36			76767ca10f54	mutation	2	84cd8501d39dfaa4	Qwen/Qwen3.6-35B-A3B	open-access	50	hybrid	2026-09-18T11:46:36Z		local	http://mango.cels.anl.gov:8004/v1	7e86938c757797ff
Escherichia coli	ompF	DEL264-269	Carbapenem resistance	reported	[1]	2		Wan-Ting Yang et al. Frontiers in Microbiology (2022) PMID:35516434	35516434	cabeb329-52fd-5ea4-a9d7-619a8d9dc479;ebed26be-7d0b-5233-a2d3-6f0228d6bdfb	1;3			a2f1d4bd0eb7	mutation	2	84cd8501d39dfaa4	Qwen/Qwen3.6-35B-A3B	open-access	50	hybrid	2026-09-18T11:46:36Z		local	http://mango.cels.anl.gov:8004/v1	20f53a2c85a5a5e8
Escherichia coli	ompF	G120D	Antibiotic resistance (decreased accumulation of tetracycline and enoxacin)	measured	[2]	1		Archit Kumar Vasan et al. Proceedings of the National Academy of Sciences of the United States of America PMID:35193963	35193963	3902171a-01ab-51c7-9c5b-89898b9e819b	2			a2f1d4bd0eb7	mutation	2	84cd8501d39dfaa4	Qwen/Qwen3.6-35B-A3B	open-access	50	hybrid	2026-09-18T11:46:36Z		local	http://mango.cels.anl.gov:8004/v1	20f53a2c85a5a5e8
Escherichia coli	ompF		Increased susceptibility to ciprofloxacin (via increased expression); Resistance (loss of protein expression); Increased ertapenem resistance (synergistic with plasmid); Decreased expression (resistance mechanism); Carbapenem resistance (frameshift mutation); Downregulation associated with fluoroquinolone resistance; Reduced permeability; Decreased abundance in resistant isolates; Silver resistance (gene present); Decreased expression due to point mutations; Antibiotic resistance (gene present); Depletion or functional disruption confers resistance; Carbapenem resistance (gene present); Downregulation contributes to beta-lactam resistance; Regulation of expression affects antibiotic permeability; Regulated by CpxAR for resistance; Orthologue group contributing to resistance; Deletion/reduction causes carbapenem resistance; Alterations limit antibiotic penetration; Decrease/loss hinders drug entry; Receptor for colicins	reported	[4]	45	missing:Mutation;merged_variants:Phenotype	Ana R. Millanao et al. Frontiers in Microbiology (2020) PMID:32265871; Brian Clarke et al. Emerging Infectious Diseases (2003) PMID:14609460; Khadija-Siddiqa N. Hanga et al. Microbiology PMID:40996783; Julia Notter et al. BMC Infectious Diseases PMID:34991516; Catherine Ludden et al. Microbial Genomics PMID:29026655; Sinisa Vidovic et al. Frontiers in Microbiology (2019) PMID:31024504; Kandhan Srinivas et al. Frontiers in Microbiology (2025) PMID:40083789; Dimard E. Foudraine et al. Scientific Reports PMID:34127720; Joseph L. Graves et al. Frontiers in Genetics (2015) PMID:25741363; Gang Zhou et al. Microorganisms PMID:37512863; Artun Yibar et al. BMC Genomics PMID:39487414; Udomluk Leungtongkam et al. Scientific Reports PMID:32999368; Manuel F. Varela et al. Antibiotics PMID:34067579; Siyan Lian et al. BMC Microbiology PMID:39342086; Shingo Suzuki et al. Nature Communications PMID:25517437; Valérie Duval et al. Frontiers in Microbiology (2017) PMID:28713335; Hengzhong Lun et al. Frontiers in Microbiology (2026) PMID:41859454; Ronit Vogt Sionov et al. Microorganisms PMID:35744757; Marco A. Flores-Oropeza et al. Frontiers in Microbiology (2023) PMID:38328583; Dongliang Wang et al. Frontiers in Microbiology (2022) PMID:36425030; Maxime Levert et al. PLoS Pathogens PMID:20941353; Siyi Liu et al. Frontiers in Cellular and Infection Microbiology (2022) PMID:36176583; Elke van Gorp et al. BMC Microbiology PMID:41618131; Corneliu Ovidiu Vrancianu et al. Microorganisms PMID:33807464; María F. Chevalier-Alba et al. Frontiers in Microbiology (2026) PMID:42094768; Marta Kaszowska et al. International Journal of Molecular Sciences PMID:34768992; Katlego Kopotsa et al. Microbial Genomics PMID:33170117; Nehal Adel Abdelsalam et al. BMC Infectious Diseases PMID:39438795; Natalie Naidoo et al. BMC Genomics PMID:38124028; Hosam M. Zowawi et al. Scientific Reports PMID:26478520; Elisa Massella et al. Antibiotics PMID:33810387; Reo Onishi et al. Antibiotics PMID:35052909; Yimei Cai et al. Frontiers in Microbiology (2019) PMID:31447788; Ola H. Moghnia et al. Microorganisms PMID:35336083; Yasmin Akter et al. BMC Microbiology PMID:41724938; Rezvan Goodarzi et al. BMC Infectious Diseases PMID:40462006; Esther Eyram Asare Yeboah et al. BMC Microbiology PMID:40604438; Shih-Chun Yang et al. Frontiers in Microbiology (2014) PMID:24904554; Hussein Fayyad-Kazan et al. BMC Infectious Diseases PMID:41606486; Nicole Roschanski et al. Frontiers in Microbiology (2018) PMID:29636734; Kawtar EL Harrak et al. BMC Infectious Diseases PMID:41832406	32265871;14609460;40996783;34991516;29026655;31024504;40083789;34127720;25741363;37512863;39487414;32999368;34067579;39342086;25517437;28713335;41859454;35744757;38328583;36425030;20941353;36176583;41618131;33807464;42094768;34768992;33170117;39438795;38124028;26478520;33810387;35052909;31447788;35336083;41724938;40462006;40604438;24904554;41606486;29636734;41832406	fff7648d-92a6-5f7e-ba62-0a49f68e3e2c;244a78f1-0ff5-52ed-bccb-16b69aa5e5ab;3f0e259c-e3be-5d7a-a46e-6282c5e57be5;fe80878c-4f5a-5365-9ead-cca4a05784e6;31efe912-6ed7-579d-8428-4390e8637716;06b4b989-b39c-5709-a49d-c2753fefd089;8426363c-c42f-51aa-9068-470ba93b8a19;379c2f8a-1acf-5676-9eeb-7cb5adea8e29;a0240e87-77ec-5478-9e11-2e534a2b5178;eee7e4f5-b147-596e-8e06-54dd798528c4;ff70d5f0-4421-5d22-a00c-ba0c574184a9;00b4feb1-9aae-511d-9b4b-e2a89ff11c9e;0616dbee-fdbd-585b-8b4c-b2a8f7a8ff45;6e9c4ae7-60fa-5448-8178-1fd38cf6d671;d84ea870-2665-52ee-8f1b-e9493d3b7c3f;521d33d0-3112-557e-8926-e87535c7405a;00900918-575c-5ba8-a349-9f2b3dcf79d3;c1235003-ad0e-5150-85b9-8d8b503ed1a8;90e2ef23-fae6-578e-8dae-466179b7e8b5;34860028-5cb0-5970-8a00-bfa12690039c;d7467be5-8953-55d3-8968-2f21fd387bb2;c8050666-82cb-5ce5-b3bc-d0f5d6bacc89;2ce5976c-d95e-571f-933d-3ab1b215158f;028f05fc-7c40-5f1d-8f19-d3ed279d6942;1a7b61a6-0380-5937-a8db-39a4a9519dba;6b057fe1-d695-5341-9d3e-5e7586d586fb;23b36b0a-5934-543c-8526-b8ec38c6237f;cb5996fa-2496-549e-9b22-f1d76dad8031;6e5fcd73-06f9-5b34-8ffa-8f3dc0d1ebfc;96ed6da5-6a17-5f72-9c99-d12ad11dfd0a;74f00616-40f0-533b-9feb-b6ac61d70fbe;77b9c369-55ea-5199-b8a6-1907a1b660b9;12051d21-256a-5fca-94ce-fdbee853941b;12095ae7-2829-5aa8-81f1-4b85788f0a58;49dcb498-c833-57b1-b781-7fb3002d6430;51780457-9685-5b33-8eef-7f779686a7e3;51893722-87a7-5584-bb97-34641440ea38;2b3cae47-70d9-56b4-ade2-5450a2f4f1cc;7b2229f2-8063-543e-9849-ae0bfffad248;6f30610d-7c39-5066-9a9c-4e43529f97b7;c12e67fc-2022-591f-bfd6-4ba24a031963;9b9b4030-f28f-5b66-8f5a-7f047b3eef9f;86fbaea0-e2ca-53e0-afbd-253e0f06543e;68bba4af-166b-52c6-8fb9-b710e818d616;fa885b8d-87a4-5c00-aca7-481dac1bb365	4;5;6;7;8;9;10;13;14;15;16;17;18;19;20;21;22;23;24;25;26;27;28;29;30;31;32;33;34;35;36;37;38;39;40;41;42;43;44;45;46;47;48;49;50			a2f1d4bd0eb7	mutation	2	84cd8501d39dfaa4	Qwen/Qwen3.6-35B-A3B	open-access	50	hybrid	2026-09-18T11:46:36Z		local	http://mango.cels.anl.gov:8004/v1	20f53a2c85a5a5e8
Escherichia	ompR	G63S	Carbapenem resistance	Measured	[1]	6		Hoi-Kuan Kong et al. Scientific Reports PMID:30323356	30323356	329fcc7e-0307-5aa0-9db5-49c8bb4c77f3;010187db-a9e5-5acb-a925-749c6fcb2358;756a3307-e4b9-5833-8b35-d139e109c336;3a925285-9fa9-5017-9569-aa5fa7e34134;472684c5-1e77-5f4c-ab38-b9e343804744;113fc70a-64af-5852-b0ed-923c593331e8	1;6;22;26;31;34			4810a24b8676	mutation	2	84cd8501d39dfaa4	Qwen/Qwen3.6-35B-A3B	open-access	50	hybrid	2026-09-18T11:46:41Z		local	http://mango.cels.anl.gov:8004/v1	f0014fcfa448fe9d
Escherichia	ompR	G63V	Carbapenem resistance	Reported	[22]	1		Hoi-Kuan Kong et al. Scientific Reports PMID:30323356	30323356	756a3307-e4b9-5833-8b35-d139e109c336	22			4810a24b8676	mutation	2	84cd8501d39dfaa4	Qwen/Qwen3.6-35B-A3B	open-access	50	hybrid	2026-09-18T11:46:41Z		local	http://mango.cels.anl.gov:8004/v1	f0014fcfa448fe9d
Escherichia	ompR	G183A	Carbapenem resistance	Measured	[34]	1		Hoi-Kuan Kong et al. Scientific Reports PMID:30323356	30323356	113fc70a-64af-5852-b0ed-923c593331e8	34			4810a24b8676	mutation	2	84cd8501d39dfaa4	Qwen/Qwen3.6-35B-A3B	open-access	50	hybrid	2026-09-18T11:46:41Z		local	http://mango.cels.anl.gov:8004/v1	f0014fcfa448fe9d
Escherichia	ompR	C88T	Silver resistance	Reported	[3]	1		Christopher P. Randall et al. Journal of Antimicrobial Chemotherapy PMID:25567964	25567964	6544a8be-907d-5462-98d5-310d892a1c69	3			4810a24b8676	mutation	2	84cd8501d39dfaa4	Qwen/Qwen3.6-35B-A3B	open-access	50	hybrid	2026-09-18T11:46:41Z		local	http://mango.cels.anl.gov:8004/v1	f0014fcfa448fe9d
Escherichia	ompR	R199H	Silver resistance	Reported	[3]	1		Christopher P. Randall et al. Journal of Antimicrobial Chemotherapy PMID:25567964	25567964	6544a8be-907d-5462-98d5-310d892a1c69	3			4810a24b8676	mutation	2	84cd8501d39dfaa4	Qwen/Qwen3.6-35B-A3B	open-access	50	hybrid	2026-09-18T11:46:41Z		local	http://mango.cels.anl.gov:8004/v1	f0014fcfa448fe9d
Escherichia	ompR	Q204P	Silver resistance	Reported	[3]	1		Christopher P. Randall et al. Journal of Antimicrobial Chemotherapy PMID:25567964	25567964	6544a8be-907d-5462-98d5-310d892a1c69	3			4810a24b8676	mutation	2	84cd8501d39dfaa4	Qwen/Qwen3.6-35B-A3B	open-access	50	hybrid	2026-09-18T11:46:41Z		local	http://mango.cels.anl.gov:8004/v1	f0014fcfa448fe9d
Escherichia	ompR	G596A	Silver resistance	Measured	[3]	4		Christopher P. Randall et al. Journal of Antimicrobial Chemotherapy PMID:25567964	25567964	6544a8be-907d-5462-98d5-310d892a1c69;8ba0b8b5-ed9e-5c45-abcd-cf65d2874314;208598d5-c021-55e0-a473-d32d34e1509c;48c3fac2-03c4-56a5-945d-dffb5dbe597e	3;7;18;23			4810a24b8676	mutation	2	84cd8501d39dfaa4	Qwen/Qwen3.6-35B-A3B	open-access	50	hybrid	2026-09-18T11:46:41Z		local	http://mango.cels.anl.gov:8004/v1	f0014fcfa448fe9d
Escherichia	ompR	ΔompR	Silver resistance	Measured	[18]	7		Christopher P. Randall et al. Journal of Antimicrobial Chemotherapy PMID:25567964; He Gao et al. BMC Microbiology PMID:21345178; Lijun Wang et al. PLOS Pathogens PMID:39480904; Joseph L. Graves et al. Frontiers in Genetics (2015) PMID:25741363; Yunfei Han et al. Microorganisms PMID:40572248; Xianbo Jia et al. Frontiers in Microbiology (2021) PMID:34367107	25567964;21345178;39480904;25741363;40572248;34367107	208598d5-c021-55e0-a473-d32d34e1509c;48c3fac2-03c4-56a5-945d-dffb5dbe597e;d878d969-8794-58da-884c-1a8d98832cb8;f4332bba-3505-5d55-974d-3c1252ade723;057490c6-3732-5521-a0cc-9b5f4726f4e2;7120cea5-24b6-5d2e-962d-9c9fe601ed00;3e61a2be-6232-511e-a11c-7fd6ab0f6661	18;20;21;23;30;37;42			4810a24b8676	mutation	2	84cd8501d39dfaa4	Qwen/Qwen3.6-35B-A3B	open-access	50	hybrid	2026-09-18T11:46:41Z		local	http://mango.cels.anl.gov:8004/v1	f0014fcfa448fe9d
Klebsiella pneumoniae	oqxR	A32D	Multidrug resistance (chloramphenicol, tetracycline, ciprofloxacin)	measured	[6]	1		Catherine J. Dawson et al. Microbiology PMID:39230258	39230258	8de5d05d-e81e-5114-a774-0d7182f3141d	6			12d436b0809a	mutation	2	84cd8501d39dfaa4	Qwen/Qwen3.6-35B-A3B	open-access	50	hybrid	2026-09-18T11:46:47Z		local	http://mango.cels.anl.gov:8004/v1	a8a7088f138f8a88
Klebsiella pneumoniae	oqxR	24 bp duplication (LGRNGSIH insertion)	Multidrug resistance (chloramphenicol, tetracycline, ciprofloxacin)	measured	[6]	1		Catherine J. Dawson et al. Microbiology PMID:39230258	39230258	8de5d05d-e81e-5114-a774-0d7182f3141d	6			12d436b0809a	mutation	2	84cd8501d39dfaa4	Qwen/Qwen3.6-35B-A3B	open-access	50	hybrid	2026-09-18T11:46:47Z		local	http://mango.cels.anl.gov:8004/v1	a8a7088f138f8a88
Klebsiella pneumoniae	oqxR	C100*	Multidrug resistance (chloramphenicol, tetracycline, ciprofloxacin)	measured	[6]	1		Catherine J. Dawson et al. Microbiology PMID:39230258	39230258	8de5d05d-e81e-5114-a774-0d7182f3141d	6			12d436b0809a	mutation	2	84cd8501d39dfaa4	Qwen/Qwen3.6-35B-A3B	open-access	50	hybrid	2026-09-18T11:46:47Z		local	http://mango.cels.anl.gov:8004/v1	a8a7088f138f8a88
Klebsiella pneumoniae	oqxR	Δ179 bp (51RDGIIV →51QIGCR*)	Multidrug resistance	measured	[26]	1		Catherine J. Dawson et al. Microbiology PMID:39230258	39230258	dfa116bd-87ec-5543-b6d2-a6d005c165c4	26			12d436b0809a	mutation	2	84cd8501d39dfaa4	Qwen/Qwen3.6-35B-A3B	open-access	50	hybrid	2026-09-18T11:46:47Z		local	http://mango.cels.anl.gov:8004/v1	a8a7088f138f8a88
Klebsiella pneumoniae	oqxR	R5L	Multidrug resistance	measured	[26]	1		Catherine J. Dawson et al. Microbiology PMID:39230258	39230258	dfa116bd-87ec-5543-b6d2-a6d005c165c4	26			12d436b0809a	mutation	2	84cd8501d39dfaa4	Qwen/Qwen3.6-35B-A3B	open-access	50	hybrid	2026-09-18T11:46:47Z		local	http://mango.cels.anl.gov:8004/v1	a8a7088f138f8a88
Klebsiella pneumoniae	oqxR	G60_67dup	Multidrug resistance (nitroxoline)	measured	[9]	1		Elisabetta Cacace et al. Nature Communications PMID:40263263	40263263	25c9f3e6-94c8-5603-9f10-435e2c0351c9	9			12d436b0809a	mutation	2	84cd8501d39dfaa4	Qwen/Qwen3.6-35B-A3B	open-access	50	hybrid	2026-09-18T11:46:47Z		local	http://mango.cels.anl.gov:8004/v1	a8a7088f138f8a88
Klebsiella pneumoniae	oqxR	V130A	Multidrug resistance	reported	[20]	2		Jolene R. Bowers et al. PLoS ONE PMID:26196384; Ying Li et al. Frontiers in Microbiology (2023) PMID:38029087	26196384;38029087	39ae2ea9-238b-56cd-8f14-f9c3496e386b;cc9dc777-49cd-576d-8d35-45bd409df5fc	17;20			12d436b0809a	mutation	2	84cd8501d39dfaa4	Qwen/Qwen3.6-35B-A3B	open-access	50	hybrid	2026-09-18T11:46:47Z		local	http://mango.cels.anl.gov:8004/v1	a8a7088f138f8a88
Klebsiella pneumoniae	oqxR	13 bp deletion (premature stop codon)	Multidrug resistance	reported	[20]	1		Jolene R. Bowers et al. PLoS ONE PMID:26196384	26196384	39ae2ea9-238b-56cd-8f14-f9c3496e386b	20			12d436b0809a	mutation	2	84cd8501d39dfaa4	Qwen/Qwen3.6-35B-A3B	open-access	50	hybrid	2026-09-18T11:46:47Z		local	http://mango.cels.anl.gov:8004/v1	a8a7088f138f8a88
Klebsiella pneumoniae	oqxR	S15R	Multidrug resistance	reported	[30]	1		Catherine J. Dawson et al. Microbiology PMID:39230258	39230258	0bc5d94a-847f-546e-9caf-7753e2e8a2e5	30			12d436b0809a	mutation	2	84cd8501d39dfaa4	Qwen/Qwen3.6-35B-A3B	open-access	50	hybrid	2026-09-18T11:46:47Z		local	http://mango.cels.anl.gov:8004/v1	a8a7088f138f8a88
Klebsiella pneumoniae	oqxR	K194 Stop	Multidrug resistance	reported	[14]	2		Ying Li et al. Frontiers in Microbiology (2023) PMID:38029087	38029087	eebd364a-f2d1-5b84-8190-971fef7e3fa2;cc9dc777-49cd-576d-8d35-45bd409df5fc	14;17			12d436b0809a	mutation	2	84cd8501d39dfaa4	Qwen/Qwen3.6-35B-A3B	open-access	50	hybrid	2026-09-18T11:46:47Z		local	http://mango.cels.anl.gov:8004/v1	a8a7088f138f8a88
Klebsiella pneumoniae	oqxR	A19V	Multidrug resistance	reported	[15]	1		Ying Li et al. Frontiers in Microbiology (2023) PMID:38029087	38029087	ae82d7da-afea-5c1e-891e-8bfa100fc13e	15			12d436b0809a	mutation	2	84cd8501d39dfaa4	Qwen/Qwen3.6-35B-A3B	open-access	50	hybrid	2026-09-18T11:46:47Z		local	http://mango.cels.anl.gov:8004/v1	a8a7088f138f8a88
Klebsiella pneumoniae	oqxR	Q122Stop	Multidrug resistance	reported	[15]	1		Ying Li et al. Frontiers in Microbiology (2023) PMID:38029087	38029087	ae82d7da-afea-5c1e-891e-8bfa100fc13e	15			12d436b0809a	mutation	2	84cd8501d39dfaa4	Qwen/Qwen3.6-35B-A3B	open-access	50	hybrid	2026-09-18T11:46:47Z		local	http://mango.cels.anl.gov:8004/v1	a8a7088f138f8a88
Klebsiella pneumoniae	oqxR	W89C	Multidrug resistance	reported	[15]	1		Ying Li et al. Frontiers in Microbiology (2023) PMID:38029087	38029087	ae82d7da-afea-5c1e-891e-8bfa100fc13e	15			12d436b0809a	mutation	2	84cd8501d39dfaa4	Qwen/Qwen3.6-35B-A3B	open-access	50	hybrid	2026-09-18T11:46:47Z		local	http://mango.cels.anl.gov:8004/v1	a8a7088f138f8a88
Klebsiella pneumoniae	oqxR	K194Stop	Multidrug resistance	reported	[15]	1		Ying Li et al. Frontiers in Microbiology (2023) PMID:38029087	38029087	ae82d7da-afea-5c1e-891e-8bfa100fc13e	15			12d436b0809a	mutation	2	84cd8501d39dfaa4	Qwen/Qwen3.6-35B-A3B	open-access	50	hybrid	2026-09-18T11:46:47Z		local	http://mango.cels.anl.gov:8004/v1	a8a7088f138f8a88
Klebsiella pneumoniae	oqxR	I141T	Multidrug resistance	reported	[16]	1		Yuqiong Li et al. Frontiers in Cellular and Infection Microbiology (2025) PMID:40182765	40182765	bc8e5194-ba84-53f2-99a5-336bdbd0ba26	16			12d436b0809a	mutation	2	84cd8501d39dfaa4	Qwen/Qwen3.6-35B-A3B	open-access	50	hybrid	2026-09-18T11:46:47Z		local	http://mango.cels.anl.gov:8004/v1	a8a7088f138f8a88
Klebsiella pneumoniae	oqxR	C292ins-frameshift mutation	Multidrug resistance	reported	[16]	1		Yuqiong Li et al. Frontiers in Cellular and Infection Microbiology (2025) PMID:40182765	40182765	bc8e5194-ba84-53f2-99a5-336bdbd0ba26	16			12d436b0809a	mutation	2	84cd8501d39dfaa4	Qwen/Qwen3.6-35B-A3B	open-access	50	hybrid	2026-09-18T11:46:47Z		local	http://mango.cels.anl.gov:8004/v1	a8a7088f138f8a88
Klebsiella pneumoniae	oqxR	E182*	Multidrug resistance	reported	[16]	1		Yuqiong Li et al. Frontiers in Cellular and Infection Microbiology (2025) PMID:40182765	40182765	bc8e5194-ba84-53f2-99a5-336bdbd0ba26	16			12d436b0809a	mutation	2	84cd8501d39dfaa4	Qwen/Qwen3.6-35B-A3B	open-access	50	hybrid	2026-09-18T11:46:47Z		local	http://mango.cels.anl.gov:8004/v1	a8a7088f138f8a88
Klebsiella pneumoniae	oqxR	2nt Δ(226-227)	Multidrug resistance	reported	[16]	1		Yuqiong Li et al. Frontiers in Cellular and Infection Microbiology (2025) PMID:40182765	40182765	bc8e5194-ba84-53f2-99a5-336bdbd0ba26	16			12d436b0809a	mutation	2	84cd8501d39dfaa4	Qwen/Qwen3.6-35B-A3B	open-access	50	hybrid	2026-09-18T11:46:47Z		local	http://mango.cels.anl.gov:8004/v1	a8a7088f138f8a88
Klebsiella pneumoniae	oqxR	Y147C	Multidrug resistance	reported	[16]	1		Yuqiong Li et al. Frontiers in Cellular and Infection Microbiology (2025) PMID:40182765	40182765	bc8e5194-ba84-53f2-99a5-336bdbd0ba26	16			12d436b0809a	mutation	2	84cd8501d39dfaa4	Qwen/Qwen3.6-35B-A3B	open-access	50	hybrid	2026-09-18T11:46:47Z		local	http://mango.cels.anl.gov:8004/v1	a8a7088f138f8a88
Klebsiella pneumoniae	oqxR	G151D	Multidrug resistance	reported	[16]	1		Yuqiong Li et al. Frontiers in Cellular and Infection Microbiology (2025) PMID:40182765	40182765	bc8e5194-ba84-53f2-99a5-336bdbd0ba26	16			12d436b0809a	mutation	2	84cd8501d39dfaa4	Qwen/Qwen3.6-35B-A3B	open-access	50	hybrid	2026-09-18T11:46:47Z		local	http://mango.cels.anl.gov:8004/v1	a8a7088f138f8a88
Klebsiella pneumoniae	oqxR	A183T	Multidrug resistance	reported	[16]	1		Yuqiong Li et al. Frontiers in Cellular and Infection Microbiology (2025) PMID:40182765	40182765	bc8e5194-ba84-53f2-99a5-336bdbd0ba26	16			12d436b0809a	mutation	2	84cd8501d39dfaa4	Qwen/Qwen3.6-35B-A3B	open-access	50	hybrid	2026-09-18T11:46:47Z		local	http://mango.cels.anl.gov:8004/v1	a8a7088f138f8a88
Acinetobacter baumannii	parC	S84L	Fluoroquinolone resistance	measured	3	6		Mostafa Ahmed Mohammed et al. Scientific Reports PMID:34635692; Made Rai Dwitya Wiradiputra et al. BMC Genomics PMID:37978344; Itziar Chapartegui-González et al. Antibiotics PMID:34206348; Roshan D'Souza et al. Frontiers in Microbiology (2019) PMID:30972044	34635692;37978344;34206348;30972044	174ea56f-a9da-5b5f-9d65-6a2263e6cf20;068a1d01-fed8-5c18-ba46-a0293f1cef6e;325b5b16-6539-5e11-87bd-97b576134691;f60d07b1-0b05-5494-9da3-57e6b4aa93df;79f45caf-b2de-588a-ab04-2c9d8faea61a;6da42b85-4acd-5e29-99b1-cabbbac779c5	3;9;11;14;27;29	S84L	Ser84Leu	0dd866b30691	mutation	2	84cd8501d39dfaa4	Qwen/Qwen3.6-35B-A3B	open-access	50	hybrid	2026-09-18T11:46:51Z		local	http://mango.cels.anl.gov:8004/v1	092ad5b924ff8342
Acinetobacter baumannii	parC	S80L	Fluoroquinolone resistance	measured	15	2		Mai M. Zafer et al. Frontiers in Microbiology (2021) PMID:34880837; Farahiyah Mohd. Rani et al. Frontiers in Microbiology (2017) PMID:29312188	34880837;29312188	1405b8c9-f607-5dbb-a3e4-3c3e1f598860;d3630abe-4fd4-54e7-a7be-bc28d77478d8	15;31	S80L	Ser80Leu	0dd866b30691	mutation	2	84cd8501d39dfaa4	Qwen/Qwen3.6-35B-A3B	open-access	50	hybrid	2026-09-18T11:46:51Z		local	http://mango.cels.anl.gov:8004/v1	092ad5b924ff8342
Acinetobacter baumannii	parC	E88K	Fluoroquinolone resistance	measured; inferred	29	2	merged_variants:Assertion	Itziar Chapartegui-González et al. Antibiotics PMID:34206348; Roshan D'Souza et al. Frontiers in Microbiology (2019) PMID:30972044	34206348;30972044	79f45caf-b2de-588a-ab04-2c9d8faea61a;6da42b85-4acd-5e29-99b1-cabbbac779c5	11;29	E88K	Glu88Lys	0dd866b30691	mutation	2	84cd8501d39dfaa4	Qwen/Qwen3.6-35B-A3B	open-access	50	hybrid	2026-09-18T11:46:51Z		local	http://mango.cels.anl.gov:8004/v1	092ad5b924ff8342
Acinetobacter baumannii	parC	S467G	Fluoroquinolone resistance	inferred	11	1		Roshan D'Souza et al. Frontiers in Microbiology (2019) PMID:30972044	30972044	6da42b85-4acd-5e29-99b1-cabbbac779c5	11	S467G	Ser467Gly	0dd866b30691	mutation	2	84cd8501d39dfaa4	Qwen/Qwen3.6-35B-A3B	open-access	50	hybrid	2026-09-18T11:46:51Z		local	http://mango.cels.anl.gov:8004/v1	092ad5b924ff8342
Acinetobacter baumannii	parC	V104I	Fluoroquinolone resistance	measured	4	1		Dadimi Bhargavi et al. Scientific Reports PMID:41444811	41444811	29110741-6c3f-532b-978b-33c29c807bd9	4			0dd866b30691	mutation	2	84cd8501d39dfaa4	Qwen/Qwen3.6-35B-A3B	open-access	50	hybrid	2026-09-18T11:46:51Z		local	http://mango.cels.anl.gov:8004/v1	092ad5b924ff8342
Acinetobacter baumannii	parC	D105E	Fluoroquinolone resistance	measured	4	1		Dadimi Bhargavi et al. Scientific Reports PMID:41444811	41444811	29110741-6c3f-532b-978b-33c29c807bd9	4			0dd866b30691	mutation	2	84cd8501d39dfaa4	Qwen/Qwen3.6-35B-A3B	open-access	50	hybrid	2026-09-18T11:46:51Z		local	http://mango.cels.anl.gov:8004/v1	092ad5b924ff8342
Acinetobacter baumannii	parC	A661V	Fluoroquinolone resistance	measured	27	1		Made Rai Dwitya Wiradiputra et al. BMC Genomics PMID:37978344	37978344	f60d07b1-0b05-5494-9da3-57e6b4aa93df	27			0dd866b30691	mutation	2	84cd8501d39dfaa4	Qwen/Qwen3.6-35B-A3B	open-access	50	hybrid	2026-09-18T11:46:51Z		local	http://mango.cels.anl.gov:8004/v1	092ad5b924ff8342
Enterobacter cloacae	parC	S80I	Fluoroquinolone resistance	reported	[16]	1		Sien De Koster et al. PLOS ONE PMID:38394276	38394276	427fa0e7-1a96-584a-95ab-2d9255be418d	16			8e343781196a	mutation	2	84cd8501d39dfaa4	Qwen/Qwen3.6-35B-A3B	open-access	50	hybrid	2026-09-18T11:46:52Z		local	http://mango.cels.anl.gov:8004/v1	e3986f347f88cda5
Enterobacter cloacae	parC	T57I	Fluoroquinolone resistance	reported	[13]	1		Chunhong Shao et al. Frontiers in Cellular and Infection Microbiology (2026) PMID:41969658	41969658	7308ec73-4784-5145-b406-b2082e704628	13			8e343781196a	mutation	2	84cd8501d39dfaa4	Qwen/Qwen3.6-35B-A3B	open-access	50	hybrid	2026-09-18T11:46:52Z		local	http://mango.cels.anl.gov:8004/v1	e3986f347f88cda5
Enterococcus faecalis	parC	S82I	Fluoroquinolone resistance	measured	1	1		Meiji Soe Aung et al. Antibiotics PMID:36671309	36671309	356ee560-8cd3-56b7-8b0a-934c4183e2b8	1			b9d4a2771839	mutation	2	84cd8501d39dfaa4	Qwen/Qwen3.6-35B-A3B	open-access	50	hybrid	2026-09-18T11:46:56Z		local	http://mango.cels.anl.gov:8004/v1	fd0272d2e51c55cc
Enterococcus faecalis	parC	S80R	Fluoroquinolone resistance	measured	4	1		Grebstad Rabbi Amuasi et al. Frontiers in Microbiology (2023) PMID:38192291	38192291	16ad56d4-5a57-58e4-90d0-7e10ae3b0da3	4			b9d4a2771839	mutation	2	84cd8501d39dfaa4	Qwen/Qwen3.6-35B-A3B	open-access	50	hybrid	2026-09-18T11:46:56Z		local	http://mango.cels.anl.gov:8004/v1	fd0272d2e51c55cc
Klebsiella pneumoniae	ompK35	ΔompK35 (deletion)	Increased MICs of piperacillin, cefoxitin, cefazolin, cefuroxime, and imipenem; loss of functional OmpK35 associated with blaKPC-90; decreased virulence; loss of hypercapsule structure measured by TEM; reduced serum resistance when combined with ΔompK36; Increased MICs of piperacillin, cefoxitin, cefazolin, cefuroxime, and imipenim; Decreased virulence; induced liver inflammation; upregulated expression of gnd and wcaJ; retained hypercapsules but looser structure	measured	[1]	3	merged_variants:Phenotype	Susu Wu et al. Frontiers in Cellular and Infection Microbiology (2026) PMID:41798751; Susu Wu et al. BMC Microbiology PMID:42243662	41798751;42243662	ba878802-8c54-5086-9fc4-bb246baed0da;8f35499e-5f43-5d8d-920f-81e84c713af0;7d1c1af2-5003-57c3-a148-3f9894931c1f	1;6;26			21de36483991	mutation	2	84cd8501d39dfaa4	Qwen/Qwen3.6-35B-A3B	open-access	50	hybrid	2026-09-18T11:46:56Z		local	http://mango.cels.anl.gov:8004/v1	44f309670b825bc9
Klebsiella pneumoniae	ompK35	mutations/interruption by insertion sequences	High increase in carbapenem minimum inhibitory concentration only when ompk35 and ompk36 were interrupted by insertion sequences	inferred	[2]	1		Jussara Kasuko Palmeiro et al. Frontiers in Microbiology (2019) PMID:31396186	31396186	f6e15c8f-66fd-5a8a-96a1-a09cc3a17fd7	2			21de36483991	mutation	2	84cd8501d39dfaa4	Qwen/Qwen3.6-35B-A3B	open-access	50	hybrid	2026-09-18T11:46:56Z		local	http://mango.cels.anl.gov:8004/v1	44f309670b825bc9
Klebsiella pneumoniae	ompK35	mutations	Decrease in permeability for several hydrophilic antimicrobials, such as β-lactams, including carbapenems; fluoroquinolone; tetracycline; tigecycline; rifamycin	reported	[3]	1		Mazen A. Sid Ahmed et al. Antibiotics PMID:38534710	38534710	68288252-0656-50aa-999e-179fa188ae56	3			21de36483991	mutation	2	84cd8501d39dfaa4	Qwen/Qwen3.6-35B-A3B	open-access	50	hybrid	2026-09-18T11:46:56Z		local	http://mango.cels.anl.gov:8004/v1	44f309670b825bc9
Klebsiella pneumoniae	ompK35	loss of functional OmpK35	Associated with blaKPC-90 variant conferring resistance to ceftazidime-avibactam	reported	[4]	1		Dakang Hu et al. BMC Genomics PMID:41714956	41714956	655ef8a4-9fa5-57a2-ad52-bbc4906bf183	4			21de36483991	mutation	2	84cd8501d39dfaa4	Qwen/Qwen3.6-35B-A3B	open-access	50	hybrid	2026-09-18T11:46:56Z		local	http://mango.cels.anl.gov:8004/v1	44f309670b825bc9
Klebsiella pneumoniae	ompK35	loss (dispensing with)	Host adaptation; minimal antibiotic resistance advantage in nutritious media only evident with carbapenems; marked fitness cost	reported	[5]	1		Alicia Fajardo-Lubián et al. PLoS Pathogens PMID:30875398	30875398	fbdf55a7-da65-5d11-b9d6-eb04967b4979	5			21de36483991	mutation	2	84cd8501d39dfaa4	Qwen/Qwen3.6-35B-A3B	open-access	50	hybrid	2026-09-18T11:46:56Z		local	http://mango.cels.anl.gov:8004/v1	44f309670b825bc9
Klebsiella pneumoniae	ompK35	abnormal/present	Associated with MDR efflux pumps (AcrAB & MdtK) and antimicrobial resistance profile including AMP, AMC, TZP, FOX, CAZ, CXM, AZM, IMP, ETP, CN, TOB, AK, TET, DO, CIP, NA, SXT, C	reported	[7]	1		Reham Wasfi et al. Scientific Reports PMID:28004732	28004732	b3796a8f-5969-5ffd-b365-be7621fd6ec9	7			21de36483991	mutation	2	84cd8501d39dfaa4	Qwen/Qwen3.6-35B-A3B	open-access	50	hybrid	2026-09-18T11:46:56Z		local	http://mango.cels.anl.gov:8004/v1	44f309670b825bc9
Klebsiella pneumoniae	ompK35	present	Associated with MDR efflux pumps (AcrAB & MdtK) and antimicrobial resistance profile including AMP, AMC, TZP, FOX, CAZ, CXM, AZM, IMP, ETP, CN, TOB, AK, TET, DO, CIP, NA, SXT, C; Associated with MDR efflux pumps (AcrAB & MdtK) and antimicrobial resistance profile including AMP, AMC, TZP, FOX, CAZ, CXM, AZM, IMP, ETP, CN, TOB, AMK, TET, DO, CIP, NA, SXT; Associated with MDR efflux pumps (AcrAB & MdtK) and antimicrobial resistance profile including AMP, AMC, TZP, FOX, CAZ, CXM, AZM, IMP, ETP, AK, CN, TOB, TET, DO, SXT, CIP, NA; Associated with MDR efflux pumps (AcrAB & MdtK) and antimicrobial resistance profile including AMP, AMC, TZP, FOX, CAZ, CXM, IMP, ETP, AK, CN, TOB, DO, TET, SXT, CIP, NA; Associated with MDR efflux pumps (AcrAB & MdtK) and antimicrobial resistance profile including AMP, AMC, TZP, FOX, CAZ, CXM, AZM, IMP, ETP, AK, TOB, CIP, NA, SXT, C; Associated with MDR efflux pumps (AcrAB & MdtK) and antimicrobial resistance profile including AMP, AMC, TZP, FOX, CAZ, CXM, AZM, IMP, ETP, AK, CN, TOB, TET, DOX, SXT, CIP, NA; Associated with MDR efflux pumps (AcrAB & MdtK) and antimicrobial resistance profile including AMP, AMC, TZP, FOX, CAZ, CXM, AZM, IMP, ETP, AK, CN, TOB, SXT, CIP, NA, C; Associated with MDR efflux pumps (AcrAB & MdtK) and antimicrobial resistance profile including AMP, AMC, TZP, FOX, CAZ, CXM, IMP, ETP, AK, TOB, CIP; Associated with MDR efflux pumps (AcrAB & MdtK) and antimicrobial resistance profile including AMP, AMC, CAZ, CXM, CN, TOB, TET, DOX, CIP, SXT; Associated with MDR efflux pumps (AcrAB & MdtK) and antimicrobial resistance profile including AMP, AMC, TZP, FOX, CAZ, CXM, AZM, IMP, ETP, AMK, CN, TOB, CIP, NA, C; Associated with MDR efflux pumps (AcrAB & MdtK) and antimicrobial resistance profile including AMP, AMC, CAZ, CXM, AZM, TE, DOX, NA, SXT; Associated with MDR efflux pumps (AcrAB & MdtK) and antimicrobial resistance profile including AMP, CAZ, CXM, AZM, TOB, TE, SXT, C; Associated with MDR efflux pumps (AcrAB & MdtK) and antimicrobial resistance profile including AMP, AMC, TZP, FOX, CAZ, CXM, IMP, ETP, AK, CN, TOB, CIP, NA; Expressed in K. pneumoniae L204 which showed high-level resistance to carbapenems despite being carbapenemase-negative; Expressed in K. pneumoniae L204; Associated with MDR efflux pumps (AcrAB & MdtK) and antimicrobial resistance profile including AMP, AMC, TZP, FOX, CAZ, CXM, AZM, IMP, ETP, AK, CN, TOB, TET, DO, CIP, NA, SXT; Associated with MDR efflux pumps (AcrAB & MdtK) and antimicrobial resistance profile including AMP, AMC, TZP, FOX, CAZ, CXM, AZM, CN, DO, SXT, CIP, NA; Associated with MDR efflux pumps (AcrAB & MdtK) and antimicrobial resistance profile including AMP, AMC, CAZ, CXM, AZM, TET, DO, SXT, C; Associated with MDR efflux pumps (AcrAB & MdtK) and antimicrobial resistance profile including AMP, AMC, TZP, FOX, CAZ, CXM, AZM, IMP, ETP, AK, CN, TOB, DO, SXT, CIP, NA, C; Associated with MDR efflux pumps (AcrAB & MdtK) and antimicrobial resistance profile including AMP, AMC, TZP, FOX, CAZ, CXM, AZM, IMP, ETP, AK, CN, TOB, TET, DO, CIP, NA, SXT, C	reported	[9]	36	merged_variants:Phenotype	Reham Wasfi et al. Scientific Reports PMID:28004732; Shirong Li et al. Frontiers in Microbiology (2022) PMID:35875519	28004732;35875519	46988073-fea6-53c4-9079-0367a3ea8cb9;75b7a492-713a-5b84-b71a-fff88af2b868;79662adc-02fa-5de6-9bb2-1c2e3a847e5f;2baceefb-279e-5ed0-a536-256cb85a03b3;72f0c505-5140-5b83-b9fc-b7a6ea971791;83dbf810-77e6-5b07-80a0-fb4bc25cb5df;70934fad-956b-5ba5-a8b9-f312c1a39c9f;5f702d0f-92b5-55df-a87a-96183e6424dc;6ee22229-780d-5414-8ffa-56f9c2aee278;d6b28bfb-a814-51a1-a8ca-e20c1cd1e0b8;90ef1c52-34b2-5226-98b9-b03b150235d0;b7edf80e-8e3a-5e44-8296-15998b2aa6da;50f2d377-834d-5400-812e-1b0042d65056;0583f9bb-d8df-5d5a-808f-05c1ffd658ad	9;10;11;12;13;15;16;17;18;19;20;21;22;41			21de36483991	mutation	2	84cd8501d39dfaa4	Qwen/Qwen3.6-35B-A3B	open-access	50	hybrid	2026-09-18T11:46:56Z		local	http://mango.cels.anl.gov:8004/v1	44f309670b825bc9
Klebsiella pneumoniae	ompK35	25% mutant prevalence (spontaneous mutation/truncation)	Related to spread of regional dominant clones (ST258) and carbapenemase coexistence	reported	[23]	1		Lina Zhao et al. Antibiotics PMID:36009969	36009969	232e76ad-769a-51d5-babd-c55875041646	23			21de36483991	mutation	2	84cd8501d39dfaa4	Qwen/Qwen3.6-35B-A3B	open-access	50	hybrid	2026-09-18T11:46:56Z		local	http://mango.cels.anl.gov:8004/v1	44f309670b825bc9
Klebsiella pneumoniae	ompK35	ESBLs+Ompk35 genotype	Associated with Meropenem resistance (65.0% of meropenem-resistant isolates)	reported	[24]	1		Guanghui Zheng et al. Frontiers in Cellular and Infection Microbiology (2022) PMID:35444955	35444955	c6dbf2ba-6d2d-5995-ac40-d68fcd0655f8	24			21de36483991	mutation	2	84cd8501d39dfaa4	Qwen/Qwen3.6-35B-A3B	open-access	50	hybrid	2026-09-18T11:46:56Z		local	http://mango.cels.anl.gov:8004/v1	44f309670b825bc9
Klebsiella pneumoniae	ompK35	Wild-type (WT)	No specific resistance conferred by OmpK35 alone; WT/WT status in KL1-ST23 carbapenem-resistant hypervirulent strains	reported	[27]	1		Jianping Jiang et al. eBioMedicine (2025) PMID:40024096	40024096	68215bcd-69a9-5d4d-9062-d06b6cb0d239	27			21de36483991	mutation	2	84cd8501d39dfaa4	Qwen/Qwen3.6-35B-A3B	open-access	50	hybrid	2026-09-18T11:46:56Z		local	http://mango.cels.anl.gov:8004/v1	44f309670b825bc9
Klebsiella pneumoniae	ompK35	OmpK35(IS) (interrupted by insertion sequence)	Associated with carbapenem-resistant, virulence plasmid-harboring isolates	reported	[28]	1		Jianping Jiang et al. Emerging Infectious Diseases PMID:40072602	40072602	e051052c-4aaf-51f5-9cdd-2c6a4b58cdab	28			21de36483991	mutation	2	84cd8501d39dfaa4	Qwen/Qwen3.6-35B-A3B	open-access	50	hybrid	2026-09-18T11:46:56Z		local	http://mango.cels.anl.gov:8004/v1	44f309670b825bc9
Klebsiella pneumoniae	ompK35	Loss/deletion	Synergizes with ESBLs to quadruple ceftazidime MICs; dual loss with ompK36 amplifies carbapenem resistance (8-16x MICs) but reduces virulence	reported	[29]	1		Veronika Zdarska et al. Antibiotics PMID:41594074	41594074	6a77c15f-43f4-50b4-89e1-205039265a3c	29			21de36483991	mutation	2	84cd8501d39dfaa4	Qwen/Qwen3.6-35B-A3B	open-access	50	hybrid	2026-09-18T11:46:56Z		local	http://mango.cels.anl.gov:8004/v1	44f309670b825bc9
Klebsiella pneumoniae	ompK35	disrupted by IS insertion	Increased resistance to quinolones and cephalosporins	reported	[30]	1		Hosam M. Zowawi et al. Scientific Reports PMID:26478520	26478520	77b9c369-55ea-5199-b8a6-1907a1b660b9	30			21de36483991	mutation	2	84cd8501d39dfaa4	Qwen/Qwen3.6-35B-A3B	open-access	50	hybrid	2026-09-18T11:46:56Z		local	http://mango.cels.anl.gov:8004/v1	44f309670b825bc9
Klebsiella pneumoniae	ompK35	truncated at aa 183	Associated with blaOXA-181 and blaSHV-199 resistance profile	reported	[33]	1		Rocco Latorre et al. Antibiotics PMID:42041354	42041354	b25cce10-0efe-50f2-8bf8-e1c744243537	33			21de36483991	mutation	2	84cd8501d39dfaa4	Qwen/Qwen3.6-35B-A3B	open-access	50	hybrid	2026-09-18T11:46:56Z		local	http://mango.cels.anl.gov:8004/v1	44f309670b825bc9
Pseudomonas aeruginosa	oprD	mutation	Increased resistance to carbapenem; Resistance to imipenem; Carbapenem resistance; Imipenem resistance	measured; reported	[1]	27	merged_variants:Phenotype;merged_variants:Assertion	Congjuan Xu et al. Frontiers in Microbiology (2020) PMID:32636831; Yao Zhou et al. Frontiers in Cellular and Infection Microbiology (2024) PMID:39318475; Yongqin Guo et al. BMC Microbiology PMID:41126030; Yan Jiang et al. Scientific Reports PMID:40473759; Ahmad Ayman Dabbousi et al. Antibiotics PMID:35625331; Giuditta Fiorella Schiavano et al. PLoS ONE PMID:29211780; Yun Zhou et al. Frontiers in Cellular and Infection Microbiology (2026) PMID:41782943; Piubeli Francine et al. Microorganisms PMID:36557614; Beth Schwartz et al. Pathogens PMID:39599528; Tanya Strateva et al. Pathogens PMID:39338911; Clinical Microbiology and Infection (2012) DOI:10.1111/j.1469-0691.2012.03802.x; Marisa Haenni et al. Frontiers in Microbiology (2017) PMID:29033910; Fabio Gentilini et al. Frontiers in Microbiology (2018) PMID:30574124; Pablo Laborda et al. Nature Communications PMID:41963355; Supeng Yin et al. Frontiers in Microbiology (2018) PMID:29896186; Nahla Yassin Sahloul et al. BMC Infectious Diseases PMID:41877050; Lijun Yin et al. BMC Microbiology PMID:40069638; Jilu Shen et al. PLoS ONE PMID:26440806; Alejandra Aquino-Andrade et al. Scientific Reports PMID:42014478; Mi Liu et al. BMC Microbiology PMID:37789331	32636831;39318475;41126030;40473759;35625331;29211780;41782943;36557614;39599528;39338911;29033910;30574124;41963355;29896186;41877050;40069638;26440806;42014478;37789331	568cc52f-4895-53cb-8d35-e5dca7eebd72;a79b3057-7803-561b-96c7-4bbcb77c3fa9;1dcc5a52-123a-57df-b654-9d74915526c3;b2590861-c7c4-5e5a-b6b0-66e07c308796;13a3982c-30d7-5aca-9e6f-5492b08f1eb9;2f2c970f-5694-5b81-b55a-03a5e8f85d58;2956aa46-faf5-5df6-b9db-a4401af18c71;301f0a4a-38cc-521f-bb35-529b9d36ae86;4425b06d-34c5-5611-a34c-a65065e5ed07;ab7349b1-8cac-52d3-9f42-a3f15ae9adf7;089ba80b-67b6-5302-b0f1-d728f1e24438;14b2df05-e069-5bbe-9628-46b20e6322a7;66347b9c-cdb3-56fd-98e5-e91814951f93;807d8c01-250a-5843-8564-369918ccb218;d8c878c1-13a2-51e8-a482-b667da1ddc58;9cfd41fd-5847-5877-a467-f93331703b78;0a5fc164-4e8a-5071-b5ce-a8810f6d9e30;e165d76a-b1b2-5f0c-bf33-e01b4cece0a6;f0fb9aa4-5338-5e15-ae05-7d01a646d684;245ec18e-d260-5700-b5f0-90d86178d6cf;47940969-9994-5c68-a19f-8ec2cb8bc1de;c5fb3a73-9bc9-52fa-bdce-3b48b6c93339;c1446954-749b-5163-8573-adabd4886a7f;50018fc4-6dc5-5d79-b97c-a2f7468009d4;8286481e-714f-5376-89f0-c0b0f743033b;f1f22f9d-5e4c-590a-905b-f2a9bc1ee20f;1ae74b6f-696f-5d82-8347-e5767291a9bd	1;2;8;10;14;19;20;23;25;26;27;30;31;34;36;37;40;41;42;43;44;45;46;47;48;49;50			90e25d7eab14	mutation	2	84cd8501d39dfaa4	Qwen/Qwen3.6-35B-A3B	open-access	50	hybrid	2026-09-18T11:47:00Z		local	http://mango.cels.anl.gov:8004/v1	82a2fd67bf4d8c20
Pseudomonas aeruginosa	oprD	insertion sequence (ISPa1635) truncating the gene	Imipenem resistance	reported	[3]	1		Lidia Ruiz-Roldán et al. International Journal of Molecular Sciences PMID:34884433	34884433	71ee580e-d48a-5ea5-9167-e34db7e9579f	3			90e25d7eab14	mutation	2	84cd8501d39dfaa4	Qwen/Qwen3.6-35B-A3B	open-access	50	hybrid	2026-09-18T11:47:00Z		local	http://mango.cels.anl.gov:8004/v1	82a2fd67bf4d8c20
Pseudomonas aeruginosa	oprD	upregulated in glnK mutant	Decreased carbapenem resistance	reported	[4]	1		Xiaomeng Sun et al. Pathogens PMID:41901741	41901741	4339e2d4-bad3-56b1-ac65-75b8aa05f13a	4			90e25d7eab14	mutation	2	84cd8501d39dfaa4	Qwen/Qwen3.6-35B-A3B	open-access	50	hybrid	2026-09-18T11:47:00Z		local	http://mango.cels.anl.gov:8004/v1	82a2fd67bf4d8c20
Pseudomonas aeruginosa	oprD	loss of OprD2	Carbapenem resistance	reported	[5]	1		Jilu Shen et al. PLoS ONE PMID:26440806	26440806	df013d82-bd0c-5790-9691-a5a13acdf27a	5			90e25d7eab14	mutation	2	84cd8501d39dfaa4	Qwen/Qwen3.6-35B-A3B	open-access	50	hybrid	2026-09-18T11:47:00Z		local	http://mango.cels.anl.gov:8004/v1	82a2fd67bf4d8c20
Pseudomonas aeruginosa	oprD	premature stop mutation	Imipenem resistance	measured	[6]	1		Furong Zhang et al. Frontiers in Cellular and Infection Microbiology (2026) PMID:41782941	41782941	11b7631f-da19-5ad0-8efe-85925c68793e	6			90e25d7eab14	mutation	2	84cd8501d39dfaa4	Qwen/Qwen3.6-35B-A3B	open-access	50	hybrid	2026-09-18T11:47:00Z		local	http://mango.cels.anl.gov:8004/v1	82a2fd67bf4d8c20
Pseudomonas aeruginosa	oprD	loss-of-function mutation	Carbapenem resistance	reported	[7]	2		Pablo Laborda et al. Nature Communications PMID:41963355	41963355	96a24f96-289c-591f-b6b5-fc51fcfbd23d;dffc12f9-5cd9-54af-9d6a-dca1ef5f0e01	7;12			90e25d7eab14	mutation	2	84cd8501d39dfaa4	Qwen/Qwen3.6-35B-A3B	open-access	50	hybrid	2026-09-18T11:47:00Z		local	http://mango.cels.anl.gov:8004/v1	82a2fd67bf4d8c20
Pseudomonas aeruginosa	oprD	Q142X	C/T resistance	reported	[9]	1		Ibrahim Bitar et al. Frontiers in Cellular and Infection Microbiology (2022) PMID:35782142	35782142	2b29dfcf-b87f-5896-88b6-5604639deb95	9			90e25d7eab14	mutation	2	84cd8501d39dfaa4	Qwen/Qwen3.6-35B-A3B	open-access	50	hybrid	2026-09-18T11:47:00Z		local	http://mango.cels.anl.gov:8004/v1	82a2fd67bf4d8c20
Pseudomonas aeruginosa	oprD	deletion	Carbapenem resistance	reported	[10]	1		Yan Jiang et al. Scientific Reports PMID:40473759	40473759	2f2c970f-5694-5b81-b55a-03a5e8f85d58	10			90e25d7eab14	mutation	2	84cd8501d39dfaa4	Qwen/Qwen3.6-35B-A3B	open-access	50	hybrid	2026-09-18T11:47:00Z		local	http://mango.cels.anl.gov:8004/v1	82a2fd67bf4d8c20
Pseudomonas aeruginosa	oprD	or insertion inactivation	Carbapenem resistance	reported	[10]	1		Yan Jiang et al. Scientific Reports PMID:40473759	40473759	2f2c970f-5694-5b81-b55a-03a5e8f85d58	10			90e25d7eab14	mutation	2	84cd8501d39dfaa4	Qwen/Qwen3.6-35B-A3B	open-access	50	hybrid	2026-09-18T11:47:00Z		local	http://mango.cels.anl.gov:8004/v1	82a2fd67bf4d8c20
Pseudomonas aeruginosa	oprD	loss	Carbapenem resistance	reported	[11]	1		Muhammad Yasir et al. Antibiotics PMID:36421237	36421237	601b0372-7e39-5d63-8dbe-28b42769361e	11			90e25d7eab14	mutation	2	84cd8501d39dfaa4	Qwen/Qwen3.6-35B-A3B	open-access	50	hybrid	2026-09-18T11:47:00Z		local	http://mango.cels.anl.gov:8004/v1	82a2fd67bf4d8c20
Pseudomonas aeruginosa	oprD	Stop Codon (TAG) at position 378	Carbapenem resistance	measured	[13]	1		Joana Moreira da Silva et al. Frontiers in Cellular and Infection Microbiology (2025) PMID:40391047	40391047	b1bcf560-04aa-5529-95aa-327c84b95edc	13			90e25d7eab14	mutation	2	84cd8501d39dfaa4	Qwen/Qwen3.6-35B-A3B	open-access	50	hybrid	2026-09-18T11:47:00Z		local	http://mango.cels.anl.gov:8004/v1	82a2fd67bf4d8c20
Pseudomonas aeruginosa	oprD	F107L	Reduced oprD expression and potential carbapenem resistance	reported	[15]	1		Supeng Yin et al. Frontiers in Microbiology (2018) PMID:29896186	29896186	ff851127-be28-5900-b434-fda88b6ed510	15			90e25d7eab14	mutation	2	84cd8501d39dfaa4	Qwen/Qwen3.6-35B-A3B	open-access	50	hybrid	2026-09-18T11:47:00Z		local	http://mango.cels.anl.gov:8004/v1	82a2fd67bf4d8c20
Pseudomonas aeruginosa	oprD	D43N	Carbapenem resistance; Imipenem resistance	reported; measured	[16]	4	merged_variants:Phenotype;merged_variants:Assertion	Ana M. Rada et al. Frontiers in Microbiology (2021) PMID:34512563; Lijun Yin et al. BMC Microbiology PMID:40069638	34512563;40069638	976bb572-6ffe-5a4f-ad6b-b388f9deb1bf;ac23d72f-73b7-5b11-aed1-82d34ea82c75	16;38			90e25d7eab14	mutation	2	84cd8501d39dfaa4	Qwen/Qwen3.6-35B-A3B	open-access	50	hybrid	2026-09-18T11:47:00Z		local	http://mango.cels.anl.gov:8004/v1	82a2fd67bf4d8c20
Pseudomonas aeruginosa	oprD	S57E	Imipenem resistance	reported	[16]	1		Ana M. Rada et al. Frontiers in Microbiology (2021) PMID:34512563	34512563	976bb572-6ffe-5a4f-ad6b-b388f9deb1bf	16			90e25d7eab14	mutation	2	84cd8501d39dfaa4	Qwen/Qwen3.6-35B-A3B	open-access	50	hybrid	2026-09-18T11:47:00Z		local	http://mango.cels.anl.gov:8004/v1	82a2fd67bf4d8c20
Pseudomonas aeruginosa	oprD	S59R	Imipenem resistance	reported	[16]	1		Ana M. Rada et al. Frontiers in Microbiology (2021) PMID:34512563	34512563	976bb572-6ffe-5a4f-ad6b-b388f9deb1bf	16			90e25d7eab14	mutation	2	84cd8501d39dfaa4	Qwen/Qwen3.6-35B-A3B	open-access	50	hybrid	2026-09-18T11:47:00Z		local	http://mango.cels.anl.gov:8004/v1	82a2fd67bf4d8c20
Pseudomonas aeruginosa	oprD	T103S	Carbapenem resistance; Imipenem resistance	reported; measured	[16]	3	merged_variants:Phenotype;merged_variants:Assertion	Ana M. Rada et al. Frontiers in Microbiology (2021) PMID:34512563; Lijun Yin et al. BMC Microbiology PMID:40069638	34512563;40069638	976bb572-6ffe-5a4f-ad6b-b388f9deb1bf;ac23d72f-73b7-5b11-aed1-82d34ea82c75	16;38			90e25d7eab14	mutation	2	84cd8501d39dfaa4	Qwen/Qwen3.6-35B-A3B	open-access	50	hybrid	2026-09-18T11:47:00Z		local	http://mango.cels.anl.gov:8004/v1	82a2fd67bf4d8c20
Pseudomonas aeruginosa	oprD	K115T	Carbapenem resistance; Imipenem resistance	reported; measured	[16]	3	merged_variants:Phenotype;merged_variants:Assertion	Ana M. Rada et al. Frontiers in Microbiology (2021) PMID:34512563; Lijun Yin et al. BMC Microbiology PMID:40069638	34512563;40069638	976bb572-6ffe-5a4f-ad6b-b388f9deb1bf;ac23d72f-73b7-5b11-aed1-82d34ea82c75	16;38			90e25d7eab14	mutation	2	84cd8501d39dfaa4	Qwen/Qwen3.6-35B-A3B	open-access	50	hybrid	2026-09-18T11:47:00Z		local	http://mango.cels.anl.gov:8004/v1	82a2fd67bf4d8c20
Pseudomonas aeruginosa	oprD	V127L	Imipenem resistance	reported	[16]	1		Ana M. Rada et al. Frontiers in Microbiology (2021) PMID:34512563	34512563	976bb572-6ffe-5a4f-ad6b-b388f9deb1bf	16			90e25d7eab14	mutation	2	84cd8501d39dfaa4	Qwen/Qwen3.6-35B-A3B	open-access	50	hybrid	2026-09-18T11:47:00Z		local	http://mango.cels.anl.gov:8004/v1	82a2fd67bf4d8c20
Pseudomonas aeruginosa	oprD	F170L	Carbapenem resistance; Imipenem resistance	reported; measured	[16]	4	merged_variants:Phenotype;merged_variants:Assertion	Ana M. Rada et al. Frontiers in Microbiology (2021) PMID:34512563; Mingju Hao et al. BMC Microbiology PMID:33932986; Lijun Yin et al. BMC Microbiology PMID:40069638	34512563;33932986;40069638	976bb572-6ffe-5a4f-ad6b-b388f9deb1bf;58f29464-cb25-558d-8175-4b097474e4a2;ac23d72f-73b7-5b11-aed1-82d34ea82c75	16;32;38			90e25d7eab14	mutation	2	84cd8501d39dfaa4	Qwen/Qwen3.6-35B-A3B	open-access	50	hybrid	2026-09-18T11:47:00Z		local	http://mango.cels.anl.gov:8004/v1	82a2fd67bf4d8c20
Pseudomonas aeruginosa	oprD	E185Q	Imipenem resistance	reported	[16]	1		Ana M. Rada et al. Frontiers in Microbiology (2021) PMID:34512563	34512563	976bb572-6ffe-5a4f-ad6b-b388f9deb1bf	16			90e25d7eab14	mutation	2	84cd8501d39dfaa4	Qwen/Qwen3.6-35B-A3B	open-access	50	hybrid	2026-09-18T11:47:00Z		local	http://mango.cels.anl.gov:8004/v1	82a2fd67bf4d8c20
Pseudomonas aeruginosa	oprD	P186G	Imipenem resistance	reported	[16]	1		Ana M. Rada et al. Frontiers in Microbiology (2021) PMID:34512563	34512563	976bb572-6ffe-5a4f-ad6b-b388f9deb1bf	16			90e25d7eab14	mutation	2	84cd8501d39dfaa4	Qwen/Qwen3.6-35B-A3B	open-access	50	hybrid	2026-09-18T11:47:00Z		local	http://mango.cels.anl.gov:8004/v1	82a2fd67bf4d8c20
Pseudomonas aeruginosa	oprD	V189T	Imipenem resistance	reported	[16]	1		Ana M. Rada et al. Frontiers in Microbiology (2021) PMID:34512563	34512563	976bb572-6ffe-5a4f-ad6b-b388f9deb1bf	16			90e25d7eab14	mutation	2	84cd8501d39dfaa4	Qwen/Qwen3.6-35B-A3B	open-access	50	hybrid	2026-09-18T11:47:00Z		local	http://mango.cels.anl.gov:8004/v1	82a2fd67bf4d8c20
Pseudomonas aeruginosa	oprD	E202Q	Imipenem resistance	reported	[16]	1		Ana M. Rada et al. Frontiers in Microbiology (2021) PMID:34512563	34512563	976bb572-6ffe-5a4f-ad6b-b388f9deb1bf	16			90e25d7eab14	mutation	2	84cd8501d39dfaa4	Qwen/Qwen3.6-35B-A3B	open-access	50	hybrid	2026-09-18T11:47:00Z		local	http://mango.cels.anl.gov:8004/v1	82a2fd67bf4d8c20
Pseudomonas aeruginosa	oprD	I210A	Imipenem resistance	reported	[16]	1		Ana M. Rada et al. Frontiers in Microbiology (2021) PMID:34512563	34512563	976bb572-6ffe-5a4f-ad6b-b388f9deb1bf	16			90e25d7eab14	mutation	2	84cd8501d39dfaa4	Qwen/Qwen3.6-35B-A3B	open-access	50	hybrid	2026-09-18T11:47:00Z		local	http://mango.cels.anl.gov:8004/v1	82a2fd67bf4d8c20
Pseudomonas aeruginosa	oprD	E230K	Carbapenem resistance; Imipenem resistance	reported; measured	[16]	2	merged_variants:Phenotype;merged_variants:Assertion	Ana M. Rada et al. Frontiers in Microbiology (2021) PMID:34512563; Lijun Yin et al. BMC Microbiology PMID:40069638	34512563;40069638	976bb572-6ffe-5a4f-ad6b-b388f9deb1bf;ac23d72f-73b7-5b11-aed1-82d34ea82c75	16;38			90e25d7eab14	mutation	2	84cd8501d39dfaa4	Qwen/Qwen3.6-35B-A3B	open-access	50	hybrid	2026-09-18T11:47:00Z		local	http://mango.cels.anl.gov:8004/v1	82a2fd67bf4d8c20
Pseudomonas aeruginosa	oprD	S240T	Imipenem resistance	reported	[16]	1		Ana M. Rada et al. Frontiers in Microbiology (2021) PMID:34512563	34512563	976bb572-6ffe-5a4f-ad6b-b388f9deb1bf	16			90e25d7eab14	mutation	2	84cd8501d39dfaa4	Qwen/Qwen3.6-35B-A3B	open-access	50	hybrid	2026-09-18T11:47:00Z		local	http://mango.cels.anl.gov:8004/v1	82a2fd67bf4d8c20
Pseudomonas aeruginosa	oprD	N262T	Imipenem resistance	reported	[16]	1		Ana M. Rada et al. Frontiers in Microbiology (2021) PMID:34512563	34512563	976bb572-6ffe-5a4f-ad6b-b388f9deb1bf	16			90e25d7eab14	mutation	2	84cd8501d39dfaa4	Qwen/Qwen3.6-35B-A3B	open-access	50	hybrid	2026-09-18T11:47:00Z		local	http://mango.cels.anl.gov:8004/v1	82a2fd67bf4d8c20
Pseudomonas aeruginosa	oprD	A267S	Imipenem resistance	reported	[16]	1		Ana M. Rada et al. Frontiers in Microbiology (2021) PMID:34512563	34512563	976bb572-6ffe-5a4f-ad6b-b388f9deb1bf	16			90e25d7eab14	mutation	2	84cd8501d39dfaa4	Qwen/Qwen3.6-35B-A3B	open-access	50	hybrid	2026-09-18T11:47:00Z		local	http://mango.cels.anl.gov:8004/v1	82a2fd67bf4d8c20
Pseudomonas aeruginosa	oprD	T276A	Imipenem resistance	reported	[16]	1		Ana M. Rada et al. Frontiers in Microbiology (2021) PMID:34512563	34512563	976bb572-6ffe-5a4f-ad6b-b388f9deb1bf	16			90e25d7eab14	mutation	2	84cd8501d39dfaa4	Qwen/Qwen3.6-35B-A3B	open-access	50	hybrid	2026-09-18T11:47:00Z		local	http://mango.cels.anl.gov:8004/v1	82a2fd67bf4d8c20
Pseudomonas aeruginosa	oprD	A281G	Imipenem resistance	reported	[16]	1		Ana M. Rada et al. Frontiers in Microbiology (2021) PMID:34512563	34512563	976bb572-6ffe-5a4f-ad6b-b388f9deb1bf	16			90e25d7eab14	mutation	2	84cd8501d39dfaa4	Qwen/Qwen3.6-35B-A3B	open-access	50	hybrid	2026-09-18T11:47:00Z		local	http://mango.cels.anl.gov:8004/v1	82a2fd67bf4d8c20
Pseudomonas aeruginosa	oprD	K296Q	Imipenem resistance	reported	[16]	1		Ana M. Rada et al. Frontiers in Microbiology (2021) PMID:34512563	34512563	976bb572-6ffe-5a4f-ad6b-b388f9deb1bf	16			90e25d7eab14	mutation	2	84cd8501d39dfaa4	Qwen/Qwen3.6-35B-A3B	open-access	50	hybrid	2026-09-18T11:47:00Z		local	http://mango.cels.anl.gov:8004/v1	82a2fd67bf4d8c20
Pseudomonas aeruginosa	oprD	Q301E	Imipenem resistance	reported	[16]	1		Ana M. Rada et al. Frontiers in Microbiology (2021) PMID:34512563	34512563	976bb572-6ffe-5a4f-ad6b-b388f9deb1bf	16			90e25d7eab14	mutation	2	84cd8501d39dfaa4	Qwen/Qwen3.6-35B-A3B	open-access	50	hybrid	2026-09-18T11:47:00Z		local	http://mango.cels.anl.gov:8004/v1	82a2fd67bf4d8c20
Pseudomonas aeruginosa	oprD	R310E	Imipenem resistance	reported	[16]	1		Ana M. Rada et al. Frontiers in Microbiology (2021) PMID:34512563	34512563	976bb572-6ffe-5a4f-ad6b-b388f9deb1bf	16			90e25d7eab14	mutation	2	84cd8501d39dfaa4	Qwen/Qwen3.6-35B-A3B	open-access	50	hybrid	2026-09-18T11:47:00Z		local	http://mango.cels.anl.gov:8004/v1	82a2fd67bf4d8c20
Pseudomonas aeruginosa	oprD	G312R	Imipenem resistance	reported	[16]	1		Ana M. Rada et al. Frontiers in Microbiology (2021) PMID:34512563	34512563	976bb572-6ffe-5a4f-ad6b-b388f9deb1bf	16			90e25d7eab14	mutation	2	84cd8501d39dfaa4	Qwen/Qwen3.6-35B-A3B	open-access	50	hybrid	2026-09-18T11:47:00Z		local	http://mango.cels.anl.gov:8004/v1	82a2fd67bf4d8c20
Pseudomonas aeruginosa	oprD	A315G	Imipenem resistance	reported	[16]	1		Ana M. Rada et al. Frontiers in Microbiology (2021) PMID:34512563	34512563	976bb572-6ffe-5a4f-ad6b-b388f9deb1bf	16			90e25d7eab14	mutation	2	84cd8501d39dfaa4	Qwen/Qwen3.6-35B-A3B	open-access	50	hybrid	2026-09-18T11:47:00Z		local	http://mango.cels.anl.gov:8004/v1	82a2fd67bf4d8c20
Pseudomonas aeruginosa	oprD	L347M	Imipenem resistance	reported	[16]	1		Ana M. Rada et al. Frontiers in Microbiology (2021) PMID:34512563	34512563	976bb572-6ffe-5a4f-ad6b-b388f9deb1bf	16			90e25d7eab14	mutation	2	84cd8501d39dfaa4	Qwen/Qwen3.6-35B-A3B	open-access	50	hybrid	2026-09-18T11:47:00Z		local	http://mango.cels.anl.gov:8004/v1	82a2fd67bf4d8c20
Pseudomonas aeruginosa	oprD	M372V	Imipenem resistance	reported	[16]	1		Ana M. Rada et al. Frontiers in Microbiology (2021) PMID:34512563	34512563	976bb572-6ffe-5a4f-ad6b-b388f9deb1bf	16			90e25d7eab14	mutation	2	84cd8501d39dfaa4	Qwen/Qwen3.6-35B-A3B	open-access	50	hybrid	2026-09-18T11:47:00Z		local	http://mango.cels.anl.gov:8004/v1	82a2fd67bf4d8c20
Pseudomonas aeruginosa	oprD	N375S	Imipenem resistance	reported	[16]	1		Ana M. Rada et al. Frontiers in Microbiology (2021) PMID:34512563	34512563	976bb572-6ffe-5a4f-ad6b-b388f9deb1bf	16			90e25d7eab14	mutation	2	84cd8501d39dfaa4	Qwen/Qwen3.6-35B-A3B	open-access	50	hybrid	2026-09-18T11:47:00Z		local	http://mango.cels.anl.gov:8004/v1	82a2fd67bf4d8c20
Pseudomonas aeruginosa	oprD	N376S	Imipenem resistance	reported	[16]	1		Ana M. Rada et al. Frontiers in Microbiology (2021) PMID:34512563	34512563	976bb572-6ffe-5a4f-ad6b-b388f9deb1bf	16			90e25d7eab14	mutation	2	84cd8501d39dfaa4	Qwen/Qwen3.6-35B-A3B	open-access	50	hybrid	2026-09-18T11:47:00Z		local	http://mango.cels.anl.gov:8004/v1	82a2fd67bf4d8c20
Pseudomonas aeruginosa	oprD	V377S	Imipenem resistance	reported	[16]	1		Ana M. Rada et al. Frontiers in Microbiology (2021) PMID:34512563	34512563	976bb572-6ffe-5a4f-ad6b-b388f9deb1bf	16			90e25d7eab14	mutation	2	84cd8501d39dfaa4	Qwen/Qwen3.6-35B-A3B	open-access	50	hybrid	2026-09-18T11:47:00Z		local	http://mango.cels.anl.gov:8004/v1	82a2fd67bf4d8c20
Pseudomonas aeruginosa	oprD	G378S	Imipenem resistance	reported	[16]	1		Ana M. Rada et al. Frontiers in Microbiology (2021) PMID:34512563	34512563	976bb572-6ffe-5a4f-ad6b-b388f9deb1bf	16			90e25d7eab14	mutation	2	84cd8501d39dfaa4	Qwen/Qwen3.6-35B-A3B	open-access	50	hybrid	2026-09-18T11:47:00Z		local	http://mango.cels.anl.gov:8004/v1	82a2fd67bf4d8c20
Pseudomonas aeruginosa	oprD	K380A	Imipenem resistance	reported	[16]	1		Ana M. Rada et al. Frontiers in Microbiology (2021) PMID:34512563	34512563	976bb572-6ffe-5a4f-ad6b-b388f9deb1bf	16			90e25d7eab14	mutation	2	84cd8501d39dfaa4	Qwen/Qwen3.6-35B-A3B	open-access	50	hybrid	2026-09-18T11:47:00Z		local	http://mango.cels.anl.gov:8004/v1	82a2fd67bf4d8c20
Pseudomonas aeruginosa	oprD	N381G	Imipenem resistance	reported	[16]	1		Ana M. Rada et al. Frontiers in Microbiology (2021) PMID:34512563	34512563	976bb572-6ffe-5a4f-ad6b-b388f9deb1bf	16			90e25d7eab14	mutation	2	84cd8501d39dfaa4	Qwen/Qwen3.6-35B-A3B	open-access	50	hybrid	2026-09-18T11:47:00Z		local	http://mango.cels.anl.gov:8004/v1	82a2fd67bf4d8c20
Pseudomonas aeruginosa	oprD	Y382L	Imipenem resistance	reported	[16]	1		Ana M. Rada et al. Frontiers in Microbiology (2021) PMID:34512563	34512563	976bb572-6ffe-5a4f-ad6b-b388f9deb1bf	16			90e25d7eab14	mutation	2	84cd8501d39dfaa4	Qwen/Qwen3.6-35B-A3B	open-access	50	hybrid	2026-09-18T11:47:00Z		local	http://mango.cels.anl.gov:8004/v1	82a2fd67bf4d8c20
Pseudomonas aeruginosa	oprD	T3939	Imipenem resistance	reported	[16]	1		Ana M. Rada et al. Frontiers in Microbiology (2021) PMID:34512563	34512563	976bb572-6ffe-5a4f-ad6b-b388f9deb1bf	16			90e25d7eab14	mutation	2	84cd8501d39dfaa4	Qwen/Qwen3.6-35B-A3B	open-access	50	hybrid	2026-09-18T11:47:00Z		local	http://mango.cels.anl.gov:8004/v1	82a2fd67bf4d8c20
Pseudomonas aeruginosa	oprD	N394T	Imipenem resistance	reported	[16]	1		Ana M. Rada et al. Frontiers in Microbiology (2021) PMID:34512563	34512563	976bb572-6ffe-5a4f-ad6b-b388f9deb1bf	16			90e25d7eab14	mutation	2	84cd8501d39dfaa4	Qwen/Qwen3.6-35B-A3B	open-access	50	hybrid	2026-09-18T11:47:00Z		local	http://mango.cels.anl.gov:8004/v1	82a2fd67bf4d8c20
Pseudomonas aeruginosa	oprD	nonsense mutation	Carbapenem resistance	measured	[17]	1		Natasha Spottiswoode et al. Frontiers in Cellular and Infection Microbiology (2023) PMID:37712060	37712060	6847ea97-6c96-5144-9665-5780458bca94	17			90e25d7eab14	mutation	2	84cd8501d39dfaa4	Qwen/Qwen3.6-35B-A3B	open-access	50	hybrid	2026-09-18T11:47:00Z		local	http://mango.cels.anl.gov:8004/v1	82a2fd67bf4d8c20
Pseudomonas aeruginosa	oprD	frameshift or premature stop	Carbapenem resistance	reported	[18]	1		Gertrudis Horna et al. Scientific Reports PMID:30405166	30405166	157f5029-537a-50aa-a5f1-c7a522650716	18			90e25d7eab14	mutation	2	84cd8501d39dfaa4	Qwen/Qwen3.6-35B-A3B	open-access	50	hybrid	2026-09-18T11:47:00Z		local	http://mango.cels.anl.gov:8004/v1	82a2fd67bf4d8c20
Pseudomonas aeruginosa	oprD	single point mutations	Carbapenem resistance	reported	[24]	1		Clinical Microbiology and Infection (2012) DOI:10.1111/j.1469-0691.2012.03802.x		ac5c3b63-2f30-520e-8af8-ced00ae289ba	24			90e25d7eab14	mutation	2	84cd8501d39dfaa4	Qwen/Qwen3.6-35B-A3B	open-access	50	hybrid	2026-09-18T11:47:00Z		local	http://mango.cels.anl.gov:8004/v1	82a2fd67bf4d8c20
Pseudomonas aeruginosa	oprD	nucleotide insertions or deletions generating frameshifts or premature stop codons	Carbapenem resistance	reported	[24]	1		Clinical Microbiology and Infection (2012) DOI:10.1111/j.1469-0691.2012.03802.x		ac5c3b63-2f30-520e-8af8-ced00ae289ba	24			90e25d7eab14	mutation	2	84cd8501d39dfaa4	Qwen/Qwen3.6-35B-A3B	open-access	50	hybrid	2026-09-18T11:47:00Z		local	http://mango.cels.anl.gov:8004/v1	82a2fd67bf4d8c20
Pseudomonas aeruginosa	oprD	loss or mutation	Carbapenem resistance	reported	[28]	1		Emily M. Eichenberger et al. Antibiotics PMID:30959901	30959901	d5665377-0541-516d-bf56-3fc8fe06db18	28			90e25d7eab14	mutation	2	84cd8501d39dfaa4	Qwen/Qwen3.6-35B-A3B	open-access	50	hybrid	2026-09-18T11:47:00Z		local	http://mango.cels.anl.gov:8004/v1	82a2fd67bf4d8c20
Pseudomonas aeruginosa	oprD	modifications	Carbapenem resistance	reported	[29]	1		Katerina Tsilipounidaki et al. Microorganisms PMID:38674749	38674749	e3c764be-50a1-5e97-8919-c3a3e6e3257e	29			90e25d7eab14	mutation	2	84cd8501d39dfaa4	Qwen/Qwen3.6-35B-A3B	open-access	50	hybrid	2026-09-18T11:47:00Z		local	http://mango.cels.anl.gov:8004/v1	82a2fd67bf4d8c20
Pseudomonas aeruginosa	oprD	c.604ins (IS256 family transposase ISPa1328)	Carbapenem resistance	measured	[33]	1		Fabio Gentilini et al. Frontiers in Microbiology (2018) PMID:30574124	30574124	e4863d5a-b0a2-557b-9a45-73bfae9166bc	33			90e25d7eab14	mutation	2	84cd8501d39dfaa4	Qwen/Qwen3.6-35B-A3B	open-access	50	hybrid	2026-09-18T11:47:00Z		local	http://mango.cels.anl.gov:8004/v1	82a2fd67bf4d8c20
Pseudomonas aeruginosa	oprD	c.840_854delGGGCGCGTATACCCTinsCGGC	Carbapenem resistance	measured	[33]	1		Fabio Gentilini et al. Frontiers in Microbiology (2018) PMID:30574124	30574124	e4863d5a-b0a2-557b-9a45-73bfae9166bc	33			90e25d7eab14	mutation	2	84cd8501d39dfaa4	Qwen/Qwen3.6-35B-A3B	open-access	50	hybrid	2026-09-18T11:47:00Z		local	http://mango.cels.anl.gov:8004/v1	82a2fd67bf4d8c20
Pseudomonas aeruginosa	oprD	n875C	Carbapenem resistance	measured	[33]	1		Fabio Gentilini et al. Frontiers in Microbiology (2018) PMID:30574124	30574124	e4863d5a-b0a2-557b-9a45-73bfae9166bc	33	n875C	c.875 T > C	90e25d7eab14	mutation	2	84cd8501d39dfaa4	Qwen/Qwen3.6-35B-A3B	open-access	50	hybrid	2026-09-18T11:47:00Z		local	http://mango.cels.anl.gov:8004/v1	82a2fd67bf4d8c20
Pseudomonas aeruginosa	oprD	c.970delA	Carbapenem resistance	measured	[33]	1		Fabio Gentilini et al. Frontiers in Microbiology (2018) PMID:30574124	30574124	e4863d5a-b0a2-557b-9a45-73bfae9166bc	33			90e25d7eab14	mutation	2	84cd8501d39dfaa4	Qwen/Qwen3.6-35B-A3B	open-access	50	hybrid	2026-09-18T11:47:00Z		local	http://mango.cels.anl.gov:8004/v1	82a2fd67bf4d8c20
Pseudomonas aeruginosa	oprD	n1244A	Carbapenem resistance	measured	[33]	1		Fabio Gentilini et al. Frontiers in Microbiology (2018) PMID:30574124	30574124	e4863d5a-b0a2-557b-9a45-73bfae9166bc	33	n1244A	c.1244G > A	90e25d7eab14	mutation	2	84cd8501d39dfaa4	Qwen/Qwen3.6-35B-A3B	open-access	50	hybrid	2026-09-18T11:47:00Z		local	http://mango.cels.anl.gov:8004/v1	82a2fd67bf4d8c20
Pseudomonas aeruginosa	oprD	n154A	Carbapenem resistance	measured	[33]	1		Fabio Gentilini et al. Frontiers in Microbiology (2018) PMID:30574124	30574124	e4863d5a-b0a2-557b-9a45-73bfae9166bc	33	n154A	c.154G > A	90e25d7eab14	mutation	2	84cd8501d39dfaa4	Qwen/Qwen3.6-35B-A3B	open-access	50	hybrid	2026-09-18T11:47:00Z		local	http://mango.cels.anl.gov:8004/v1	82a2fd67bf4d8c20
Pseudomonas aeruginosa	oprD	n397C	Carbapenem resistance	measured	[33]	1		Fabio Gentilini et al. Frontiers in Microbiology (2018) PMID:30574124	30574124	e4863d5a-b0a2-557b-9a45-73bfae9166bc	33	n397C	c.397A > C	90e25d7eab14	mutation	2	84cd8501d39dfaa4	Qwen/Qwen3.6-35B-A3B	open-access	50	hybrid	2026-09-18T11:47:00Z		local	http://mango.cels.anl.gov:8004/v1	82a2fd67bf4d8c20
Pseudomonas aeruginosa	oprD	Lys380_Asn381del	Carbapenem resistance	reported	[35]	1		Fengming Ding et al. Frontiers in Cellular and Infection Microbiology (2022) PMID:35967851	35967851	93a05493-9074-5f21-b7c8-cabc68f1d307	35			90e25d7eab14	mutation	2	84cd8501d39dfaa4	Qwen/Qwen3.6-35B-A3B	open-access	50	hybrid	2026-09-18T11:47:00Z		local	http://mango.cels.anl.gov:8004/v1	82a2fd67bf4d8c20
Pseudomonas aeruginosa	oprD	Asp374dup	Carbapenem resistance	reported	[35]	1		Fengming Ding et al. Frontiers in Cellular and Infection Microbiology (2022) PMID:35967851	35967851	93a05493-9074-5f21-b7c8-cabc68f1d307	35			90e25d7eab14	mutation	2	84cd8501d39dfaa4	Qwen/Qwen3.6-35B-A3B	open-access	50	hybrid	2026-09-18T11:47:00Z		local	http://mango.cels.anl.gov:8004/v1	82a2fd67bf4d8c20
Pseudomonas aeruginosa	oprD	Pro353_Gly354insSer	Carbapenem resistance	reported	[35]	1		Fengming Ding et al. Frontiers in Cellular and Infection Microbiology (2022) PMID:35967851	35967851	93a05493-9074-5f21-b7c8-cabc68f1d307	35			90e25d7eab14	mutation	2	84cd8501d39dfaa4	Qwen/Qwen3.6-35B-A3B	open-access	50	hybrid	2026-09-18T11:47:00Z		local	http://mango.cels.anl.gov:8004/v1	82a2fd67bf4d8c20
Pseudomonas aeruginosa	oprD	Val189del	Carbapenem resistance	reported	[35]	1		Fengming Ding et al. Frontiers in Cellular and Infection Microbiology (2022) PMID:35967851	35967851	93a05493-9074-5f21-b7c8-cabc68f1d307	35			90e25d7eab14	mutation	2	84cd8501d39dfaa4	Qwen/Qwen3.6-35B-A3B	open-access	50	hybrid	2026-09-18T11:47:00Z		local	http://mango.cels.anl.gov:8004/v1	82a2fd67bf4d8c20
Pseudomonas aeruginosa	oprD	Gly383_Tyr384insLeu	Carbapenem resistance	reported	[35]	1		Fengming Ding et al. Frontiers in Cellular and Infection Microbiology (2022) PMID:35967851	35967851	93a05493-9074-5f21-b7c8-cabc68f1d307	35			90e25d7eab14	mutation	2	84cd8501d39dfaa4	Qwen/Qwen3.6-35B-A3B	open-access	50	hybrid	2026-09-18T11:47:00Z		local	http://mango.cels.anl.gov:8004/v1	82a2fd67bf4d8c20
Pseudomonas aeruginosa	oprD	Tyr382_Gly383insAla	Carbapenem resistance	reported	[35]	1		Fengming Ding et al. Frontiers in Cellular and Infection Microbiology (2022) PMID:35967851	35967851	93a05493-9074-5f21-b7c8-cabc68f1d307	35			90e25d7eab14	mutation	2	84cd8501d39dfaa4	Qwen/Qwen3.6-35B-A3B	open-access	50	hybrid	2026-09-18T11:47:00Z		local	http://mango.cels.anl.gov:8004/v1	82a2fd67bf4d8c20
Pseudomonas aeruginosa	oprD	Trp65*	Carbapenem resistance	reported	[35]	1		Fengming Ding et al. Frontiers in Cellular and Infection Microbiology (2022) PMID:35967851	35967851	93a05493-9074-5f21-b7c8-cabc68f1d307	35			90e25d7eab14	mutation	2	84cd8501d39dfaa4	Qwen/Qwen3.6-35B-A3B	open-access	50	hybrid	2026-09-18T11:47:00Z		local	http://mango.cels.anl.gov:8004/v1	82a2fd67bf4d8c20
Pseudomonas aeruginosa	oprD	Gln235*	Carbapenem resistance	reported	[35]	1		Fengming Ding et al. Frontiers in Cellular and Infection Microbiology (2022) PMID:35967851	35967851	93a05493-9074-5f21-b7c8-cabc68f1d307	35			90e25d7eab14	mutation	2	84cd8501d39dfaa4	Qwen/Qwen3.6-35B-A3B	open-access	50	hybrid	2026-09-18T11:47:00Z		local	http://mango.cels.anl.gov:8004/v1	82a2fd67bf4d8c20
Pseudomonas aeruginosa	oprD	S319X	Carbapenem resistance	measured	[38]	1		Lijun Yin et al. BMC Microbiology PMID:40069638	40069638	ac23d72f-73b7-5b11-aed1-82d34ea82c75	38			90e25d7eab14	mutation	2	84cd8501d39dfaa4	Qwen/Qwen3.6-35B-A3B	open-access	50	hybrid	2026-09-18T11:47:00Z		local	http://mango.cels.anl.gov:8004/v1	82a2fd67bf4d8c20
Pseudomonas aeruginosa	oprD	W138X	Carbapenem resistance	measured	[38]	1		Lijun Yin et al. BMC Microbiology PMID:40069638	40069638	ac23d72f-73b7-5b11-aed1-82d34ea82c75	38			90e25d7eab14	mutation	2	84cd8501d39dfaa4	Qwen/Qwen3.6-35B-A3B	open-access	50	hybrid	2026-09-18T11:47:00Z		local	http://mango.cels.anl.gov:8004/v1	82a2fd67bf4d8c20
Pseudomonas aeruginosa	oprD	W277X	Carbapenem resistance	measured	[38]	1		Lijun Yin et al. BMC Microbiology PMID:40069638	40069638	ac23d72f-73b7-5b11-aed1-82d34ea82c75	38			90e25d7eab14	mutation	2	84cd8501d39dfaa4	Qwen/Qwen3.6-35B-A3B	open-access	50	hybrid	2026-09-18T11:47:00Z		local	http://mango.cels.anl.gov:8004/v1	82a2fd67bf4d8c20
Pseudomonas aeruginosa	oprD	R310G	Carbapenem resistance	measured	[38]	1		Lijun Yin et al. BMC Microbiology PMID:40069638	40069638	ac23d72f-73b7-5b11-aed1-82d34ea82c75	38			90e25d7eab14	mutation	2	84cd8501d39dfaa4	Qwen/Qwen3.6-35B-A3B	open-access	50	hybrid	2026-09-18T11:47:00Z		local	http://mango.cels.anl.gov:8004/v1	82a2fd67bf4d8c20
Pseudomonas aeruginosa	oprD	I210T	Carbapenem resistance	measured	[38]	1		Lijun Yin et al. BMC Microbiology PMID:40069638	40069638	ac23d72f-73b7-5b11-aed1-82d34ea82c75	38			90e25d7eab14	mutation	2	84cd8501d39dfaa4	Qwen/Qwen3.6-35B-A3B	open-access	50	hybrid	2026-09-18T11:47:00Z		local	http://mango.cels.anl.gov:8004/v1	82a2fd67bf4d8c20
Pseudomonas aeruginosa	oprD	Unknown change	Carbapenem resistance	measured	[39]	1		Lijun Yin et al. BMC Microbiology PMID:40069638	40069638	9a140f20-93be-57c8-87d9-f6cbe0edec22	39			90e25d7eab14	mutation	2	84cd8501d39dfaa4	Qwen/Qwen3.6-35B-A3B	open-access	50	hybrid	2026-09-18T11:47:00Z		local	http://mango.cels.anl.gov:8004/v1	82a2fd67bf4d8c20
Haemophilus influenzae	parC	S84F	antimicrobial resistance	reported	11	4		Aida González-Díaz et al. Scientific Reports PMID:30872664	30872664	a9c888fe-9a6a-575b-b667-384348c3586b;8afb6164-d9af-5c34-9c51-e10297d9dcad;81599237-75d1-510d-ad0e-5f0f7f56d40c;a9f77f88-7077-5112-bd15-46595772785e	11;24;37;48			617c5ba8d83d	mutation	2	84cd8501d39dfaa4	Qwen/Qwen3.6-35B-A3B	open-access	50	hybrid	2026-09-18T11:47:03Z		local	http://mango.cels.anl.gov:8004/v1	3df0880dbe6264d8
Haemophilus influenzae	parC	S138T	antimicrobial resistance	reported	11	4		Aida González-Díaz et al. Scientific Reports PMID:30872664	30872664	a9c888fe-9a6a-575b-b667-384348c3586b;8afb6164-d9af-5c34-9c51-e10297d9dcad;81599237-75d1-510d-ad0e-5f0f7f56d40c;a9f77f88-7077-5112-bd15-46595772785e	11;24;37;48			617c5ba8d83d	mutation	2	84cd8501d39dfaa4	Qwen/Qwen3.6-35B-A3B	open-access	50	hybrid	2026-09-18T11:47:03Z		local	http://mango.cels.anl.gov:8004/v1	3df0880dbe6264d8
Haemophilus influenzae	parC	K20R	antimicrobial resistance	measured	44	1		Pei-Yi Su et al. BMC Microbiology PMID:37407940	37407940	51482e65-c8ac-5229-9441-c82c90e79040	44			617c5ba8d83d	mutation	2	84cd8501d39dfaa4	Qwen/Qwen3.6-35B-A3B	open-access	50	hybrid	2026-09-18T11:47:03Z		local	http://mango.cels.anl.gov:8004/v1	3df0880dbe6264d8
Klebsiella oxytoca	parC	S80I	Antimicrobial resistance	measured	4	1		Etienne Ruppé et al. Scientific Reports PMID:28798333	28798333	6fabd97b-a4da-50c6-aa22-a7488a507747	4			1271964f17ff	mutation	2	84cd8501d39dfaa4	Qwen/Qwen3.6-35B-A3B	open-access	50	hybrid	2026-09-18T11:47:05Z		local	http://mango.cels.anl.gov:8004/v1	ea3807e879027629
Neisseria gonorrhoeae	mtrD	K823E	Decreased susceptibility to azithromycin; Resistance to azithromycin	reported	[6]	2	merged_variants:Phenotype	Josep Roca-Grande et al. Microbial Genomics PMID:42118576; Tessa de Block et al. Pathogens PMID:33806962	42118576;33806962	7bfaf99b-a32f-5ef6-bdcc-0052e32a7f4d;164ee93f-2c15-5cf7-a845-2f7fa0af544d	6;25			e25e5b454346	mutation	2	84cd8501d39dfaa4	Qwen/Qwen3.6-35B-A3B	open-access	50	hybrid	2026-09-18T11:47:08Z		local	http://mango.cels.anl.gov:8004/v1	6c2998d475e73b73
Neisseria gonorrhoeae	mtrD	F854L	Decreased susceptibility to azithromycin	reported	[6]	1		Josep Roca-Grande et al. Microbial Genomics PMID:42118576	42118576	7bfaf99b-a32f-5ef6-bdcc-0052e32a7f4d	6			e25e5b454346	mutation	2	84cd8501d39dfaa4	Qwen/Qwen3.6-35B-A3B	open-access	50	hybrid	2026-09-18T11:47:08Z		local	http://mango.cels.anl.gov:8004/v1	6c2998d475e73b73
Neisseria gonorrhoeae	mtrD	K823D	Resistance to azithromycin	reported	[14]	1		Boris Shaskolskiy et al. International Journal of Molecular Sciences PMID:41828482	41828482	3f467f4a-8f80-5f5f-86df-214f89640777	14			e25e5b454346	mutation	2	84cd8501d39dfaa4	Qwen/Qwen3.6-35B-A3B	open-access	50	hybrid	2026-09-18T11:47:08Z		local	http://mango.cels.anl.gov:8004/v1	6c2998d475e73b73
Neisseria gonorrhoeae	mtrD	R714H	Resistance to azithromycin	reported	[14]	1		Boris Shaskolskiy et al. International Journal of Molecular Sciences PMID:41828482	41828482	3f467f4a-8f80-5f5f-86df-214f89640777	14			e25e5b454346	mutation	2	84cd8501d39dfaa4	Qwen/Qwen3.6-35B-A3B	open-access	50	hybrid	2026-09-18T11:47:08Z		local	http://mango.cels.anl.gov:8004/v1	6c2998d475e73b73
Neisseria gonorrhoeae	mtrD	S821A	Resistance to azithromycin	reported	[14]	1		Boris Shaskolskiy et al. International Journal of Molecular Sciences PMID:41828482	41828482	3f467f4a-8f80-5f5f-86df-214f89640777	14			e25e5b454346	mutation	2	84cd8501d39dfaa4	Qwen/Qwen3.6-35B-A3B	open-access	50	hybrid	2026-09-18T11:47:08Z		local	http://mango.cels.anl.gov:8004/v1	6c2998d475e73b73
Neisseria gonorrhoeae	mtrD	Mosaic	Resistance to azithromycin	reported; report	[16]	309	merged_variants:Assertion;column_count_mismatch;citation_not_in_sources	Ilya Kandinov et al. Microorganisms PMID:37317200; Ronza Hadad et al. Frontiers in Microbiology (2021) PMID:35095823; Ricardo Ariel Gianecini et al. Emerging Infectious Diseases PMID:34424175; Ilya Kandinov et al. Frontiers in Cellular and Infection Microbiology (2025) PMID:40046189; Ilya Kandinov et al. Antibiotics PMID:36671371; Marina Radovanovic et al. Pathogens PMID:36364980; Boris Shaskolskiy et al. International Journal of Molecular Sciences PMID:41828482; Sheeba Santhini Manoharan-Basil et al. Frontiers in Microbiology (2021) PMID:34177869	37317200;35095823;34424175;40046189;36671371;36364980;41828482;34177869	fa6854e3-0c2d-5ab0-a2f4-199b4d03c978;2a763163-f640-5b2b-a904-2280832d7907;279c971a-391d-5054-8af8-22c0dd3e5e2b;6c43f0e8-79e2-5858-a5e5-d5a9fb57faf4;d0d9276a-0025-5d52-8c59-a18577d3cf98;5ce89486-0161-5218-a195-4205e3c22f2e;3ab46c13-d78b-5869-9b44-8d8d76c8e29d;f9bdf3f8-51fe-5194-87ef-8356f921cd6e;3f467f4a-8f80-5f5f-86df-214f89640777;ba02344b-df36-5715-b3ea-decd816ffb01	9;14;16;17;22;24;28;32;41;45			e25e5b454346	mutation	2	84cd8501d39dfaa4	Qwen/Qwen3.6-35B-A3B	open-access	50	hybrid	2026-09-18T11:47:08Z		local	http://mango.cels.anl.gov:8004/v1	6c2998d475e73b73
Klebsiella pneumoniae	parC	S80I	antimicrobial resistance	measured	1	15		Sepideh Rezaei et al. BMC Microbiology PMID:39026143; Yumei Guo et al. PLoS ONE PMID:27078494; András Kubicskó et al. Antibiotics PMID:39858348; Virginia Núñez-Samudio et al. Antibiotics PMID:36551474; Spencer Mark Mondol et al. Scientific Reports PMID:39966674; Tatsuya Tada et al. BMC Infectious Diseases PMID:28676118; Qing Zhan et al. BMC Microbiology PMID:34078263; Igor Loncaric et al. Antibiotics PMID:32645942	39026143;27078494;39858348;36551474;39966674;28676118;34078263;32645942	874b95b2-87a1-53fa-8f49-01f0c7d9d0f7;f303182f-ae69-5984-a4ec-2775e5aade59;79f07e05-b806-582e-ad0b-4a923ca55059;242e81fe-4152-5885-a763-407d28a4be3f;fcc64893-b63a-535e-ae25-a1fbfb43a47a;03e000f5-661d-582e-a42b-a8da00d9a1ec;7d9d6684-db98-5ff8-b031-959908b03392;044f2ef8-0124-590b-b8c4-2d55e6d4619e;41fb6c1a-98bf-591f-b5d1-09e1b49506ea;4359d70e-019e-5a54-8b5e-7ce9dffccce8;4c0b9b63-bd9c-5d31-b9d5-ee9db54df770;3fe1865a-0aed-5b45-8c03-decfce86043d;a4cefbad-9e65-5c92-adc0-e6e5088a5e1b;56113386-efc0-59a8-974e-64db4f58f185;a6f1a827-7b32-5639-967b-c3914c469620	1;2;5;8;10;14;16;17;18;19;20;21;23;26;27			4c60b2017525	mutation	2	84cd8501d39dfaa4	Qwen/Qwen3.6-35B-A3B	open-access	50	hybrid	2026-09-18T11:47:09Z		local	http://mango.cels.anl.gov:8004/v1	3a01939552ddadd1
Klebsiella pneumoniae	parC	E84K	antimicrobial resistance	measured	1	1		Sepideh Rezaei et al. BMC Microbiology PMID:39026143	39026143	874b95b2-87a1-53fa-8f49-01f0c7d9d0f7	1			4c60b2017525	mutation	2	84cd8501d39dfaa4	Qwen/Qwen3.6-35B-A3B	open-access	50	hybrid	2026-09-18T11:47:09Z		local	http://mango.cels.anl.gov:8004/v1	3a01939552ddadd1
Klebsiella pneumoniae	parC	S104I	antimicrobial resistance	measured	22	1		Katlego Kopotsa et al. Microbial Genomics PMID:33170117	33170117	6e5fcd73-06f9-5b34-8ffa-8f3dc0d1ebfc	22			4c60b2017525	mutation	2	84cd8501d39dfaa4	Qwen/Qwen3.6-35B-A3B	open-access	50	hybrid	2026-09-18T11:47:09Z		local	http://mango.cels.anl.gov:8004/v1	3a01939552ddadd1
Klebsiella pneumoniae	parC	E84G	antimicrobial resistance	measured	27	1		Igor Loncaric et al. Antibiotics PMID:32645942	32645942	a6f1a827-7b32-5639-967b-c3914c469620	27			4c60b2017525	mutation	2	84cd8501d39dfaa4	Qwen/Qwen3.6-35B-A3B	open-access	50	hybrid	2026-09-18T11:47:09Z		local	http://mango.cels.anl.gov:8004/v1	3a01939552ddadd1
Neisseria meningitidis	parC		Antimicrobial resistance	Reported	1	15	missing:Mutation	Sheeba Santhini Manoharan-Basil et al. Frontiers in Microbiology (2022) PMID:35369513; Jolein Gyonne Elise Laumen et al. Scientific Reports PMID:34997050; Mingliang Chen et al. Emerging Infectious Diseases PMID:33754991; Josep Roca-Grande et al. Eurosurveillance (2026) PMID:41612929; Odile B. Harrison et al. The Journal of Infection (2016) PMID:27575582; Anželika Slavinska et al. Frontiers in Cellular and Infection Microbiology (2024) PMID:39469455; Bo Fu et al. BMC Microbiology PMID:41486120; Josep Roca-Grande et al. Microbial Genomics PMID:42118576; Adam C. Retchless et al. BMC Genomics PMID:29499642; Brian H. Harcourt et al. Open Forum Infectious Diseases PMID:26357666	35369513;34997050;33754991;41612929;27575582;39469455;41486120;42118576;29499642;26357666	e9134c96-09d7-548e-b18e-c1fc4c785bc3;d0b9dc86-86de-5200-aa0b-05be691d0f73;37cdc041-f5a8-506b-b8c6-c150173423e2;a9a2ce3b-09c6-5173-98af-827a0bd7278c;9aee9e17-26c4-5801-8c68-ee6259e83988;a9440cf5-2a76-51d7-8873-011802262b96;cec29301-fcf3-5912-8279-3970ae1fcb0e;21426e71-f0f9-5101-a530-31aa335f8d03;8a3d4fd8-49a4-52c7-b96e-7cb9fe9ede75;e71d66e9-3b7f-590e-ac20-3cdbce1a3f59;0114db5b-82db-546a-a5ba-498a50d00dda;1b66eecd-4ab4-5f67-bcfc-224e79ab6156;8a0088b4-2ef5-5bfd-adff-a3d151399916;5e2d450d-e90d-547e-97af-da091fe5796f;382d7f01-003f-5c07-9708-a994e33205de	1;4;5;10;11;16;17;21;22;24;32;36;40;42;44			b331c5191082	mutation	2	84cd8501d39dfaa4	Qwen/Qwen3.6-35B-A3B	open-access	50	hybrid	2026-09-18T11:47:12Z		local	http://mango.cels.anl.gov:8004/v1	590638ca9cf0f476
Neisseria gonorrhoeae	parC	E91G	Fluoroquinolone resistance	Reported	6	5		Mary Wandia Kivata et al. BMC Microbiology PMID:30961546; Alexey Kubanov et al. BMC Infectious Diseases PMID:27506605; Michael S. Akhras et al. PLoS ONE PMID:17878950; Daniel Golparian et al. Scientific Reports PMID:30514867; Meshack Juma et al. Frontiers in Microbiology (2021) PMID:34385981	30961546;27506605;17878950;30514867;34385981	7a74fcd5-6440-55cc-a963-a0efbaed6389;edf272a8-744e-5581-ba95-6169dc323af0;d01938b4-3f6a-5b2f-be73-bdaf872e5efc;eca2735a-8844-5dbd-9860-81c7d04e9f7b;35e86c73-dfe8-5ac8-b0e8-7afa2b2d7c68	6;15;16;21;24			1ff0178f929a	mutation	2	84cd8501d39dfaa4	Qwen/Qwen3.6-35B-A3B	open-access	50	hybrid	2026-09-18T11:47:14Z		local	http://mango.cels.anl.gov:8004/v1	58125c0e96902d87
Neisseria gonorrhoeae	parC	S88P	Extended-spectrum cephalosporin resistance (ESCR) clade association	Reported	7	1		Yuan Dong et al. Frontiers in Microbiology (2020) PMID:33123111	33123111	1b435990-583f-5c36-9c60-19be335b3561	7			1ff0178f929a	mutation	2	84cd8501d39dfaa4	Qwen/Qwen3.6-35B-A3B	open-access	50	hybrid	2026-09-18T11:47:14Z		local	http://mango.cels.anl.gov:8004/v1	58125c0e96902d87
Neisseria gonorrhoeae	parC	S87I	Fluoroquinolone resistance	Reported	13	2		Hiroto Mizushima et al. Emerging Infectious Diseases PMID:41017068; Adam C. Retchless et al. BMC Genomics PMID:29499642	41017068;29499642	3933a4d7-8a48-5943-9224-739a89c1fb9d;5e2d450d-e90d-547e-97af-da091fe5796f	13;42			1ff0178f929a	mutation	2	84cd8501d39dfaa4	Qwen/Qwen3.6-35B-A3B	open-access	50	hybrid	2026-09-18T11:47:14Z		local	http://mango.cels.anl.gov:8004/v1	58125c0e96902d87
Neisseria gonorrhoeae	parC	S87R	Fluoroquinolone resistance	Reported	15	4		Alexey Kubanov et al. BMC Infectious Diseases PMID:27506605; Daniel Golparian et al. Scientific Reports PMID:30514867; Marcos André Schörner et al. Frontiers in Cellular and Infection Microbiology (2022) PMID:35967879; Adam C. Retchless et al. BMC Genomics PMID:29499642	27506605;30514867;35967879;29499642	edf272a8-744e-5581-ba95-6169dc323af0;eca2735a-8844-5dbd-9860-81c7d04e9f7b;e58f46e7-7f9c-5585-8f6e-96ee769fa94c;5e2d450d-e90d-547e-97af-da091fe5796f	15;21;29;42			1ff0178f929a	mutation	2	84cd8501d39dfaa4	Qwen/Qwen3.6-35B-A3B	open-access	50	hybrid	2026-09-18T11:47:14Z		local	http://mango.cels.anl.gov:8004/v1	58125c0e96902d87
Neisseria gonorrhoeae	parC	D86N	Fluoroquinolone resistance	Reported	21	1		Daniel Golparian et al. Scientific Reports PMID:30514867	30514867	eca2735a-8844-5dbd-9860-81c7d04e9f7b	21			1ff0178f929a	mutation	2	84cd8501d39dfaa4	Qwen/Qwen3.6-35B-A3B	open-access	50	hybrid	2026-09-18T11:47:14Z		local	http://mango.cels.anl.gov:8004/v1	58125c0e96902d87
Neisseria gonorrhoeae	parC	D86G	Fluoroquinolone resistance	Reported	25	1		Clinical Microbiology and Infection (2010) DOI:10.1111/j.1469-0691.2010.03239.x		4ed0a07e-fe65-5987-862a-b813686e909b	25			1ff0178f929a	mutation	2	84cd8501d39dfaa4	Qwen/Qwen3.6-35B-A3B	open-access	50	hybrid	2026-09-18T11:47:14Z		local	http://mango.cels.anl.gov:8004/v1	58125c0e96902d87
Neisseria gonorrhoeae	parC	E91A	Fluoroquinolone resistance	Reported	25	1		Clinical Microbiology and Infection (2010) DOI:10.1111/j.1469-0691.2010.03239.x		4ed0a07e-fe65-5987-862a-b813686e909b	25			1ff0178f929a	mutation	2	84cd8501d39dfaa4	Qwen/Qwen3.6-35B-A3B	open-access	50	hybrid	2026-09-18T11:47:14Z		local	http://mango.cels.anl.gov:8004/v1	58125c0e96902d87
Neisseria gonorrhoeae	parC	D86	Fluoroquinolone resistance	Reported	28	1		Ronza Hadad et al. Frontiers in Microbiology (2021) PMID:35095823	35095823	215281d0-e269-5ef1-9c43-1cf86a7e5e3d	28			1ff0178f929a	mutation	2	84cd8501d39dfaa4	Qwen/Qwen3.6-35B-A3B	open-access	50	hybrid	2026-09-18T11:47:14Z		local	http://mango.cels.anl.gov:8004/v1	58125c0e96902d87
Neisseria gonorrhoeae	parC	S87N	Fluoroquinolone resistance	Reported	42	1		Adam C. Retchless et al. BMC Genomics PMID:29499642	29499642	5e2d450d-e90d-547e-97af-da091fe5796f	42			1ff0178f929a	mutation	2	84cd8501d39dfaa4	Qwen/Qwen3.6-35B-A3B	open-access	50	hybrid	2026-09-18T11:47:14Z		local	http://mango.cels.anl.gov:8004/v1	58125c0e96902d87
Escherichia	parC	S80I	antimicrobial resistance	reported; report	[3]	343	merged_variants:Assertion;column_count_mismatch;citation_not_in_sources	Linda Erlina et al. Antibiotics PMID:42041294; Zaineb Hamzaoui et al. Antibiotics PMID:42192671; Paula Kurittu et al. Frontiers in Microbiology (2021) PMID:35058905; Ana Rita Rebelo et al. Eurosurveillance (2018) PMID:29439754; Hibatallah Sultan Al-Habsi et al. Antibiotics PMID:42041374	42041294;42192671;35058905;29439754;42041374	ac082f98-4b54-5e46-ae71-5ad8c491309f;4dc8ab87-cbf7-501c-bcb9-e9417a592ece;0bb52510-cd02-52f2-a05e-de8a5c0708ad;47df6adc-c109-5d2d-b313-0f121c26c8db;9c05dc04-f8df-5cd9-a8f3-bb0130ee56c8;4b536565-5e36-54a1-9174-08e861bd983c;3bcb0996-b6b0-5660-8031-cd7b6d6465e9;0bd5d27d-a00d-5d9d-b32b-9d9679e4a89c;598c16eb-1f41-5329-9aec-2cf054b70584;d8da0c61-2f49-59b6-ac69-25ef1e41ff15;636e4975-f3df-5a46-95ed-3e8dcbe7c494	3;5;8;10;11;12;13;15;16;17;20			ae9c75745857	mutation	2	84cd8501d39dfaa4	Qwen/Qwen3.6-35B-A3B	open-access	50	hybrid	2026-09-18T11:47:55Z		local	http://mango.cels.anl.gov:8004/v1	e2b00adf9eac5c73
Escherichia	parC	E84V	antimicrobial resistance	reported	[3]	6		Linda Erlina et al. Antibiotics PMID:42041294; Paula Kurittu et al. Frontiers in Microbiology (2021) PMID:35058905	42041294;35058905	ac082f98-4b54-5e46-ae71-5ad8c491309f;0bb52510-cd02-52f2-a05e-de8a5c0708ad;47df6adc-c109-5d2d-b313-0f121c26c8db;9c05dc04-f8df-5cd9-a8f3-bb0130ee56c8;4b536565-5e36-54a1-9174-08e861bd983c;3bcb0996-b6b0-5660-8031-cd7b6d6465e9	3;8;10;11;12;13			ae9c75745857	mutation	2	84cd8501d39dfaa4	Qwen/Qwen3.6-35B-A3B	open-access	50	hybrid	2026-09-18T11:47:55Z		local	http://mango.cels.anl.gov:8004/v1	e2b00adf9eac5c73
Escherichia	parC	T57S	antimicrobial resistance	reported	[14]	2		Mariela E. Srednik et al. Frontiers in Microbiology (2022) PMID:36406424	36406424	9ac5a1ef-06dc-5918-9cf9-731a629e8b80	14			ae9c75745857	mutation	2	84cd8501d39dfaa4	Qwen/Qwen3.6-35B-A3B	open-access	50	hybrid	2026-09-18T11:47:55Z		local	http://mango.cels.anl.gov:8004/v1	e2b00adf9eac5c73
Escherichia	parC	A56T	antimicrobial resistance	reported	[15]	3		Ana Rita Rebelo et al. Eurosurveillance (2018) PMID:29439754	29439754	0bd5d27d-a00d-5d9d-b32b-9d9679e4a89c;598c16eb-1f41-5329-9aec-2cf054b70584;d8da0c61-2f49-59b6-ac69-25ef1e41ff15	15;16;17			ae9c75745857	mutation	2	84cd8501d39dfaa4	Qwen/Qwen3.6-35B-A3B	open-access	50	hybrid	2026-09-18T11:47:55Z		local	http://mango.cels.anl.gov:8004/v1	e2b00adf9eac5c73
Enterococcus faecium	parC	S80R	antimicrobial resistance	measured; reported	1	337	merged_variants:Assertion	Renata Kwit et al. Pathogens PMID:37375526; Grebstad Rabbi Amuasi et al. Frontiers in Microbiology (2023) PMID:38192291; Meiji Soe Aung et al. Antibiotics PMID:36671309; Giuseppe Sangiorgio et al. Pathogens PMID:38787261; Lobna Badr et al. PeerJ PMID:39494274	37375526;38192291;36671309;38787261;39494274	30b1ddba-b6ea-556d-9d2d-59bba11a4a60;16ad56d4-5a57-58e4-90d0-7e10ae3b0da3;9e35cf9b-91c8-52a4-b423-b879903bde1f;fd050a1e-5247-59c9-91a7-fe17a6ad358a;810540f3-0a41-5acc-a77b-f357ba6bc001;2efc2f40-3816-50b0-8c9c-32e9f0b4b871;d49cce63-9946-5c84-ae18-5aedaf010ba5;18fd8bdf-0acb-5b7e-bfa9-4b1bee566fca	1;2;7;14;15;17;18;26			a2262955c9d9	mutation	2	84cd8501d39dfaa4	Qwen/Qwen3.6-35B-A3B	open-access	50	hybrid	2026-09-18T11:47:55Z		local	http://mango.cels.anl.gov:8004/v1	e7c9c8378fe1fa5e
Enterococcus faecium	parC	S82R	antimicrobial resistance	measured	3	6		Meiji Soe Aung et al. Antibiotics PMID:36671309	36671309	c6f6862a-e399-5b56-8633-b805dcd1a2dc;7d2d395b-68a2-56d8-90eb-1c7982a55d81;810a2ab4-cbf2-543c-adce-8e0ff2232a7e;42dad489-9259-552f-96d7-2a9f8ba09076;47fb727a-1665-5c61-bfe4-d87c37019028;58436515-d6e6-5848-98e7-d3b666927c24	3;4;5;10;12;16			a2262955c9d9	mutation	2	84cd8501d39dfaa4	Qwen/Qwen3.6-35B-A3B	open-access	50	hybrid	2026-09-18T11:47:55Z		local	http://mango.cels.anl.gov:8004/v1	e7c9c8378fe1fa5e
Enterococcus faecium	parC	S82I	antimicrobial resistance	measured	3	6		Meiji Soe Aung et al. Antibiotics PMID:36671309	36671309	c6f6862a-e399-5b56-8633-b805dcd1a2dc;2e4ffc05-c931-55e6-80fc-164852dc3cd7;f8e083dd-b77e-576b-8bee-3e78b8ec3ad6;0e38d903-27f1-5afe-9ad4-a0c9f3382e2a;391dcae5-c4c9-5d31-87a1-d666f00651cf;58436515-d6e6-5848-98e7-d3b666927c24	3;6;8;9;11;16			a2262955c9d9	mutation	2	84cd8501d39dfaa4	Qwen/Qwen3.6-35B-A3B	open-access	50	hybrid	2026-09-18T11:47:55Z		local	http://mango.cels.anl.gov:8004/v1	e7c9c8378fe1fa5e
Enterococcus faecium	parC	S80I	antimicrobial resistance	measured	7	5		Grebstad Rabbi Amuasi et al. Frontiers in Microbiology (2023) PMID:38192291; Meiji Soe Aung et al. Antibiotics PMID:36671309	38192291;36671309	16ad56d4-5a57-58e4-90d0-7e10ae3b0da3;9e35cf9b-91c8-52a4-b423-b879903bde1f;810540f3-0a41-5acc-a77b-f357ba6bc001;2efc2f40-3816-50b0-8c9c-32e9f0b4b871;0399b436-abc3-52fb-b146-9dfafe5fafb5	7;14;17;18;19			a2262955c9d9	mutation	2	84cd8501d39dfaa4	Qwen/Qwen3.6-35B-A3B	open-access	50	hybrid	2026-09-18T11:47:55Z		local	http://mango.cels.anl.gov:8004/v1	e7c9c8378fe1fa5e
Streptococcus pneumoniae	parC	S79F	Antimicrobial resistance	measured	1	1		Crystal N. Johnson et al. Emerging Infectious Diseases (2005) PMID:15963274	15963274	d1d73146-e42b-5005-86d9-054d0e9b0d2b	1			90c8a0b7bd43	mutation	2	84cd8501d39dfaa4	Qwen/Qwen3.6-35B-A3B	open-access	50	hybrid	2026-09-18T11:47:57Z		local	http://mango.cels.anl.gov:8004/v1	b71575415bd83b15
Streptococcus pneumoniae	parC	S79Y	Antimicrobial resistance	measured; reported	1	2	merged_variants:Assertion	Crystal N. Johnson et al. Emerging Infectious Diseases (2005) PMID:15963274; Yi-Yin Chen et al. Emerging Infectious Diseases PMID:32186492	15963274;32186492	d1d73146-e42b-5005-86d9-054d0e9b0d2b;5e270e6b-2942-52f9-8191-224d3833b6bb	1;14			90c8a0b7bd43	mutation	2	84cd8501d39dfaa4	Qwen/Qwen3.6-35B-A3B	open-access	50	hybrid	2026-09-18T11:47:57Z		local	http://mango.cels.anl.gov:8004/v1	b71575415bd83b15
Streptococcus pneumoniae	parC	S79I	Antimicrobial resistance	reported	36	1		Chao Wang et al. Antibiotics PMID:34943744	34943744	0759ea38-ad5d-5576-99b0-f88e17020ace	36			90c8a0b7bd43	mutation	2	84cd8501d39dfaa4	Qwen/Qwen3.6-35B-A3B	open-access	50	hybrid	2026-09-18T11:47:57Z		local	http://mango.cels.anl.gov:8004/v1	b71575415bd83b15
Streptococcus pneumoniae	parC	S79T	Antimicrobial resistance	reported	36	1		Chao Wang et al. Antibiotics PMID:34943744	34943744	0759ea38-ad5d-5576-99b0-f88e17020ace	36			90c8a0b7bd43	mutation	2	84cd8501d39dfaa4	Qwen/Qwen3.6-35B-A3B	open-access	50	hybrid	2026-09-18T11:47:57Z		local	http://mango.cels.anl.gov:8004/v1	b71575415bd83b15
Vibrio cholerae	parC	S85L	Fluoroquinolone resistance; Nalidixic acid resistance	measured; reported	1	12	merged_variants:Assertion;merged_variants:Phenotype	Debasish Samal et al. Scientific Reports PMID:39789042; Aftab Ali et al. Pathogens PMID:41599023; Braj M. R. N. S. Kutar et al. PLoS ONE PMID:23431378; Ebenezer Foster-Nyarko et al. Microbial Genomics PMID:41369527; Mihaela Oprea et al. Nature Communications PMID:33093464; Matthew J. Dorman et al. Scientific Reports PMID:30971707; Yaovi M.G. Hounmanou et al. Emerging Infectious Diseases PMID:36573719; Diana Imoli et al. Journal of Antimicrobial Chemotherapy PMID:40658488; Marie A. Chattaway et al. Frontiers in Microbiology (2016) PMID:27148238; Antoine Abou Fayad et al. Nature Communications PMID:39138238	39789042;41599023;23431378;41369527;33093464;30971707;36573719;40658488;27148238;39138238	0087b378-31c2-5420-b391-33e1ea2ad8ce;713b8080-1ae5-53e8-a167-314c4e58489c;1dd2fef7-7dae-5051-890c-ab6487c69924;62b42bf9-567b-5d8d-b522-5aae6b3047b5;36276c83-91ee-56a6-ba65-5a94e2acabde;0a5bb3f3-8074-5bd8-ae79-ff71bb6e4e8d;adf7f3e6-6dbf-57cc-9000-01de1ecd91e3;61962b33-d91e-522d-b23b-17bba25f0727;92f1cff7-6654-5962-bcfc-1c512ee65983;0c728288-38a2-556d-b5e4-05ee23878729;b568ad0d-5cae-5242-a24f-017476e3eb94;cd16e2a6-159f-5eba-a9e7-fa286228e5e4	1;3;4;6;7;9;12;14;15;36;38;42			e99e312c8f17	mutation	2	84cd8501d39dfaa4	Qwen/Qwen3.6-35B-A3B	open-access	50	hybrid	2026-09-18T11:48:01Z		local	http://mango.cels.anl.gov:8004/v1	d4d2de93a348a5db
Vibrio cholerae	parC	Y88C	Fluoroquinolone resistance	predicted; reported	1	2	merged_variants:Assertion	Debasish Samal et al. Scientific Reports PMID:39789042	39789042	0087b378-31c2-5420-b391-33e1ea2ad8ce;713b8080-1ae5-53e8-a167-314c4e58489c	1;14			e99e312c8f17	mutation	2	84cd8501d39dfaa4	Qwen/Qwen3.6-35B-A3B	open-access	50	hybrid	2026-09-18T11:48:01Z		local	http://mango.cels.anl.gov:8004/v1	d4d2de93a348a5db
Vibrio cholerae	parC	I231V	Fluoroquinolone resistance	measured	3	1		Aftab Ali et al. Pathogens PMID:41599023	41599023	62b42bf9-567b-5d8d-b522-5aae6b3047b5	3			e99e312c8f17	mutation	2	84cd8501d39dfaa4	Qwen/Qwen3.6-35B-A3B	open-access	50	hybrid	2026-09-18T11:48:01Z		local	http://mango.cels.anl.gov:8004/v1	d4d2de93a348a5db
Vibrio parahaemolyticus	parC		antimicrobial resistance	reported	[48]	1	missing:Mutation	Claudio D. Miranda et al. Frontiers in Microbiology (2013) PMID:23986749	23986749	9d6bf9e7-d0b6-5794-aa91-b9de36ec9048	48			dfa6134e89cb	mutation	2	84cd8501d39dfaa4	Qwen/Qwen3.6-35B-A3B	open-access	50	hybrid	2026-09-18T11:48:02Z		local	http://mango.cels.anl.gov:8004/v1	fc4789560b2598db
Vibrio vulnificus	parC		Antimicrobial resistance	reported	[37]	1	missing:Mutation	Dongqing Zhao et al. Pathogens PMID:40732727	40732727	21df79e4-dfae-5d59-b526-bdc11f597217	37			fa7813123bf7	mutation	2	84cd8501d39dfaa4	Qwen/Qwen3.6-35B-A3B	open-access	50	hybrid	2026-09-18T11:48:04Z		local	http://mango.cels.anl.gov:8004/v1	9393213ba2ca0f50
Escherichia coli	parE	S458A	Fluoroquinolone resistance	reported; measured	1	12	merged_variants:Assertion	Hengzhong Lun et al. Frontiers in Microbiology (2026) PMID:41859454; Ana Rita Rebelo et al. Eurosurveillance (2018) PMID:29439754; Hibatallah Sultan Al-Habsi et al. Antibiotics PMID:42041374; Ola H. Moghnia et al. Microorganisms PMID:35336083; Konduri Ranjith et al. Microorganisms PMID:32192112	41859454;29439754;42041374;35336083;32192112	54d54bbf-575e-5815-ae62-e50392c3c237;fb7f9270-8f5c-5085-a1e5-bfafa29f0829;0635d840-24bc-54fa-a70c-c2d51ec8cd43;82ca91bc-4e12-5689-a194-33eb65195973;d648c8e0-1282-53cd-b002-e7e026190840;542bbcad-093c-54cf-b81d-3e7d96bfbf8a;d9b15f40-a05d-58ae-af9e-fd39ab2f9b08;636e4975-f3df-5a46-95ed-3e8dcbe7c494;e5a759a4-3a9d-5283-8ea2-a76e41d42c8a;6d79f541-aa18-5229-ba99-8e3986fd1e5f;51780457-9685-5b33-8eef-7f779686a7e3;3b8d2ca0-f2da-594a-bf49-6ca5b2f9c743	1;2;6;12;13;14;19;20;21;22;33;40			91e8dd200c49	mutation	2	84cd8501d39dfaa4	Qwen/Qwen3.6-35B-A3B	open-access	50	hybrid	2026-09-18T11:48:09Z		local	http://mango.cels.anl.gov:8004/v1	69c2908501f53856
Escherichia coli	parE	I529L	Fluoroquinolone resistance; Quinolone resistance	measured	3	5	merged_variants:Phenotype	Paula Kurittu et al. Frontiers in Microbiology (2021) PMID:35058905; Konduri Ranjith et al. Microorganisms PMID:32192112	35058905;32192112	0bb52510-cd02-52f2-a05e-de8a5c0708ad;3bcb0996-b6b0-5660-8031-cd7b6d6465e9;47df6adc-c109-5d2d-b313-0f121c26c8db;4b536565-5e36-54a1-9174-08e861bd983c;3b8d2ca0-f2da-594a-bf49-6ca5b2f9c743	3;7;9;11;40			91e8dd200c49	mutation	2	84cd8501d39dfaa4	Qwen/Qwen3.6-35B-A3B	open-access	50	hybrid	2026-09-18T11:48:09Z		local	http://mango.cels.anl.gov:8004/v1	69c2908501f53856
Escherichia coli	parE	L416F	Fluoroquinolone resistance	measured	8	3		Qiang Zhao et al. Frontiers in Cellular and Infection Microbiology (2021) PMID:34966693; Ana Rita Rebelo et al. Eurosurveillance (2018) PMID:29439754; Konduri Ranjith et al. Microorganisms PMID:32192112	34966693;29439754;32192112	3c857a5f-ac8f-5c1b-950e-f2a4ff0d526a;8978def6-7339-5588-9f0a-03567fafb2d1;3b8d2ca0-f2da-594a-bf49-6ca5b2f9c743	8;10;40			91e8dd200c49	mutation	2	84cd8501d39dfaa4	Qwen/Qwen3.6-35B-A3B	open-access	50	hybrid	2026-09-18T11:48:09Z		local	http://mango.cels.anl.gov:8004/v1	69c2908501f53856
Escherichia coli	parE		Fluoroquinolone resistance	reported	23	3	missing:Mutation	Benti D. Gelalcha et al. Frontiers in Microbiology (2023) PMID:38029210; Željko Pavlinec et al. Scientific Reports PMID:35508554	38029210;35508554	83684343-cb80-58d3-946b-e41e9e815cb3;1724dea5-c323-58f1-a7f6-33669b67d315;2abc9afe-e625-526a-9f4b-71b7b6b93bd4	18;23;24			91e8dd200c49	mutation	2	84cd8501d39dfaa4	Qwen/Qwen3.6-35B-A3B	open-access	50	hybrid	2026-09-18T11:48:09Z		local	http://mango.cels.anl.gov:8004/v1	69c2908501f53856
Escherichia coli	parE	I355T	Fluoroquinolone resistance	measured	33	1		Ola H. Moghnia et al. Microorganisms PMID:35336083	35336083	51780457-9685-5b33-8eef-7f779686a7e3	33			91e8dd200c49	mutation	2	84cd8501d39dfaa4	Qwen/Qwen3.6-35B-A3B	open-access	50	hybrid	2026-09-18T11:48:09Z		local	http://mango.cels.anl.gov:8004/v1	69c2908501f53856
Pseudomonas aeruginosa	parC	Ser-87-Leu	Fluoroquinolone resistance	measured; reported	[1]	257	merged_variants:Assertion	Md. Shamsul Arefin et al. PLOS One PMID:39993019; Zeina A. Kanafani et al. Frontiers in Microbiology (2023) PMID:37744929; Rawan Saad Althaferi et al. Antibiotics PMID:40558129; Ana M. Rada et al. Frontiers in Microbiology (2021) PMID:34512563; T. Nicholas Domitrovic et al. Open Forum Infectious Diseases PMID:29057280; Anteneh Amsalu et al. Microorganisms PMID:33114277	39993019;37744929;40558129;34512563;29057280;33114277	e4a3111f-e2a7-5fa5-add2-2befb37583c6;b9d07df6-2228-56c6-8e23-369dc44ce6de;b5e8d2b8-cfd9-56bb-9c36-6a18a6e62bbd;1dc227df-aab9-5cca-886e-b70779942884;230ffa91-fccb-5fef-8a99-483a4bf5095a;67f2d799-5902-531e-b550-f03d733b909f;33bfbb90-dc8c-5e12-9e35-ee1de710e944	1;4;10;17;20;35;41			b7868c64aace	mutation	2	84cd8501d39dfaa4	Qwen/Qwen3.6-35B-A3B	open-access	50	hybrid	2026-09-18T11:48:11Z		local	http://mango.cels.anl.gov:8004/v1	1690d0242325ec70
Haemophilus influenzae	parE		Antimicrobial resistance (levofloxacin/ciprofloxacin); Antimicrobial resistance (levofloxacin)	reported	1	2	missing:Mutation;merged_variants:Phenotype	Qiong Huang et al. Frontiers in Cellular and Infection Microbiology (2026) PMID:42318019; Pei-Yi Su et al. BMC Microbiology PMID:37407940	42318019;37407940	d741a2bb-1ef8-5dbb-ae3f-e2b2f5af73d7;43de4d32-adc2-5ed5-97c3-0c61629dd122	1;7			3c230491d701	mutation	2	84cd8501d39dfaa4	Qwen/Qwen3.6-35B-A3B	open-access	50	hybrid	2026-09-18T11:48:12Z		local	http://mango.cels.anl.gov:8004/v1	34a442b5a5e221a7
Haemophilus influenzae	parE	D420N	Antimicrobial resistance (fluoroquinolone)	reported	12	3		Aida González-Díaz et al. Scientific Reports PMID:30872664	30872664	a9c888fe-9a6a-575b-b667-384348c3586b;8afb6164-d9af-5c34-9c51-e10297d9dcad;a9f77f88-7077-5112-bd15-46595772785e	12;30;46			3c230491d701	mutation	2	84cd8501d39dfaa4	Qwen/Qwen3.6-35B-A3B	open-access	50	hybrid	2026-09-18T11:48:12Z		local	http://mango.cels.anl.gov:8004/v1	34a442b5a5e221a7
Haemophilus influenzae	parE	A451S	Antimicrobial resistance (fluoroquinolone)	reported	12	3		Aida González-Díaz et al. Scientific Reports PMID:30872664	30872664	a9c888fe-9a6a-575b-b667-384348c3586b;8afb6164-d9af-5c34-9c51-e10297d9dcad;a9f77f88-7077-5112-bd15-46595772785e	12;30;46			3c230491d701	mutation	2	84cd8501d39dfaa4	Qwen/Qwen3.6-35B-A3B	open-access	50	hybrid	2026-09-18T11:48:12Z		local	http://mango.cels.anl.gov:8004/v1	34a442b5a5e221a7
Salmonella	parC	S80I	Reduced susceptibility to fluoroquinolones; Fluoroquinolone resistance	measured; inferred	1	184	merged_variants:Phenotype;merged_variants:Assertion;column_count_mismatch;citation_not_in_sources	Yongxian Wen et al. Frontiers in Microbiology (2025) PMID:40226105; Md. Sekendar Ali et al. Frontiers in Microbiology (2026) PMID:42254501	40226105;42254501	181ab5e5-f9d0-5432-be4e-39dce65c9392;b97737aa-802b-522f-b3ad-2e822743ba90	1;2			1300069857e5	mutation	2	84cd8501d39dfaa4	Qwen/Qwen3.6-35B-A3B	open-access	50	hybrid	2026-09-18T11:48:14Z		local	http://mango.cels.anl.gov:8004/v1	5ed8d0d0e7927e6f
Salmonella	parC	T57S	Resistance to nalidixic acid; Fluoroquinolone resistance	inferred	2	185	merged_variants:Phenotype	Md. Sekendar Ali et al. Frontiers in Microbiology (2026) PMID:42254501	42254501	b97737aa-802b-522f-b3ad-2e822743ba90	2			1300069857e5	mutation	2	84cd8501d39dfaa4	Qwen/Qwen3.6-35B-A3B	open-access	50	hybrid	2026-09-18T11:48:14Z		local	http://mango.cels.anl.gov:8004/v1	5ed8d0d0e7927e6f
Neisseria meningitidis	parE		Antimicrobial resistance (fluoroquinolone resistance via HGT)	reported	3	5	missing:Mutation	Sheeba Santhini Manoharan-Basil et al. Frontiers in Microbiology (2022) PMID:35369513; Sheeba Santhini Manoharan-Basil et al. Microbial Genomics PMID:37294009	35369513;37294009	e9134c96-09d7-548e-b18e-c1fc4c785bc3;d0b9dc86-86de-5200-aa0b-05be691d0f73;37cdc041-f5a8-506b-b8c6-c150173423e2;a9a2ce3b-09c6-5173-98af-827a0bd7278c;a7700a5c-eebe-543e-a4a2-5276fb548fb7	3;4;23;29;39			15554b6c1ef9	mutation	2	84cd8501d39dfaa4	Qwen/Qwen3.6-35B-A3B	open-access	50	hybrid	2026-09-18T11:48:15Z		local	http://mango.cels.anl.gov:8004/v1	a09ed2f0ff990d3a
Neisseria gonorrhoeae	parE		Fluoroquinolone resistance (novel missense variant); Antimicrobial resistance (HGT event identified)	reported	2	5	missing:Mutation;merged_variants:Phenotype	Sheeba Santhini Manoharan-Basil et al. Frontiers in Microbiology (2022) PMID:35369513; Robyn S Lee et al. Journal of Antimicrobial Chemotherapy PMID:29182725	35369513;29182725	d0b9dc86-86de-5200-aa0b-05be691d0f73;37cdc041-f5a8-506b-b8c6-c150173423e2;51538e1a-a6a7-5771-b365-672c18ea5e1a;a9a2ce3b-09c6-5173-98af-827a0bd7278c;8dfd08c2-ed0b-520b-8306-eec7811a01fd	2;15;23;30;41			003697445fae	mutation	2	84cd8501d39dfaa4	Qwen/Qwen3.6-35B-A3B	open-access	50	hybrid	2026-09-18T11:48:15Z		local	http://mango.cels.anl.gov:8004/v1	203a4ac636dd0475
Neisseria gonorrhoeae	parE	E91G	Fluoroquinolone resistance	reported	13	2		Alexey Kubanov et al. BMC Infectious Diseases PMID:27506605; Meshack Juma et al. Frontiers in Microbiology (2021) PMID:34385981	27506605;34385981	edf272a8-744e-5581-ba95-6169dc323af0;35e86c73-dfe8-5ac8-b0e8-7afa2b2d7c68	13;27			003697445fae	mutation	2	84cd8501d39dfaa4	Qwen/Qwen3.6-35B-A3B	open-access	50	hybrid	2026-09-18T11:48:15Z		local	http://mango.cels.anl.gov:8004/v1	203a4ac636dd0475
Staphylococcus aureus	parE	D434N	Fluoroquinolone resistance	reported	[29]	1		Daniel Gyamfi Amoako et al. Pathogens PMID:31569754	31569754	4140cac4-e9bc-5d1e-b086-23256c9c5989	29			988682db2ab0	mutation	2	84cd8501d39dfaa4	Qwen/Qwen3.6-35B-A3B	open-access	50	hybrid	2026-09-18T11:48:17Z		local	http://mango.cels.anl.gov:8004/v1	7f88451f4f3e76ff
Staphylococcus aureus	parE	D432N	Fluoroquinolone resistance	reported	[30]	1		Silvia Bolaños et al. Antibiotics PMID:39061323	39061323	fb9edded-fc87-59d1-b0a9-58f067b12b01	30			988682db2ab0	mutation	2	84cd8501d39dfaa4	Qwen/Qwen3.6-35B-A3B	open-access	50	hybrid	2026-09-18T11:48:17Z		local	http://mango.cels.anl.gov:8004/v1	7f88451f4f3e76ff
Staphylococcus aureus	parE	P585S	Fluoroquinolone resistance	reported	[30]	1		Silvia Bolaños et al. Antibiotics PMID:39061323	39061323	fb9edded-fc87-59d1-b0a9-58f067b12b01	30			988682db2ab0	mutation	2	84cd8501d39dfaa4	Qwen/Qwen3.6-35B-A3B	open-access	50	hybrid	2026-09-18T11:48:17Z		local	http://mango.cels.anl.gov:8004/v1	7f88451f4f3e76ff
Vibrio cholerae	parE	S85L	Antimicrobial resistance	reported	[9]	4		Braj M. R. N. S. Kutar et al. PLoS ONE PMID:23431378; Ebenezer Foster-Nyarko et al. Microbial Genomics PMID:41369527; Diana Imoli et al. Journal of Antimicrobial Chemotherapy PMID:40658488	23431378;41369527;40658488	36276c83-91ee-56a6-ba65-5a94e2acabde;0a5bb3f3-8074-5bd8-ae79-ff71bb6e4e8d;0c728288-38a2-556d-b5e4-05ee23878729	5;9;40			7f4d1164e4bc	mutation	2	84cd8501d39dfaa4	Qwen/Qwen3.6-35B-A3B	open-access	50	hybrid	2026-09-18T11:48:20Z		local	http://mango.cels.anl.gov:8004/v1	fb518e393f6c87aa
Vibrio cholerae	parE	Tyr-88-Cys	Antimicrobial resistance	reported	[25]	2		Debasish Samal et al. Scientific Reports PMID:39789042	39789042	1dd2fef7-7dae-5051-890c-ab6487c69924;713b8080-1ae5-53e8-a167-314c4e58489c	25;33			7f4d1164e4bc	mutation	2	84cd8501d39dfaa4	Qwen/Qwen3.6-35B-A3B	open-access	50	hybrid	2026-09-18T11:48:20Z		local	http://mango.cels.anl.gov:8004/v1	fb518e393f6c87aa
Vibrio cholerae	parE	D476N	Antimicrobial resistance	reported	[39]	1		Mohammad Sharif Uddin et al. PLOS One PMID:41805947	41805947	3133e88c-5f29-5681-9549-8c38a0ccbfd4	39			7f4d1164e4bc	mutation	2	84cd8501d39dfaa4	Qwen/Qwen3.6-35B-A3B	open-access	50	hybrid	2026-09-18T11:48:20Z		local	http://mango.cels.anl.gov:8004/v1	fb518e393f6c87aa
Salmonella	parE	S498T	Quinolone resistance	reported	[1]	1		Huimin Qian et al. Scientific Reports PMID:32355184	32355184	1b0660e3-5317-5c6f-8525-d811a04ad7b5	1			2f67e51116ea	mutation	2	84cd8501d39dfaa4	Qwen/Qwen3.6-35B-A3B	open-access	50	hybrid	2026-09-18T11:48:20Z		local	http://mango.cels.anl.gov:8004/v1	773ff14d72d04fd1
Salmonella	parE	E543K	Quinolone resistance	reported	[1]	1		Huimin Qian et al. Scientific Reports PMID:32355184	32355184	1b0660e3-5317-5c6f-8525-d811a04ad7b5	1			2f67e51116ea	mutation	2	84cd8501d39dfaa4	Qwen/Qwen3.6-35B-A3B	open-access	50	hybrid	2026-09-18T11:48:20Z		local	http://mango.cels.anl.gov:8004/v1	773ff14d72d04fd1
Salmonella	parE	V560G	Quinolone resistance	reported	[1]	1		Huimin Qian et al. Scientific Reports PMID:32355184	32355184	1b0660e3-5317-5c6f-8525-d811a04ad7b5	1			2f67e51116ea	mutation	2	84cd8501d39dfaa4	Qwen/Qwen3.6-35B-A3B	open-access	50	hybrid	2026-09-18T11:48:20Z		local	http://mango.cels.anl.gov:8004/v1	773ff14d72d04fd1
Salmonella	parE	I444S	Quinolone resistance	reported	[1]	1		Huimin Qian et al. Scientific Reports PMID:32355184	32355184	1b0660e3-5317-5c6f-8525-d811a04ad7b5	1			2f67e51116ea	mutation	2	84cd8501d39dfaa4	Qwen/Qwen3.6-35B-A3B	open-access	50	hybrid	2026-09-18T11:48:20Z		local	http://mango.cels.anl.gov:8004/v1	773ff14d72d04fd1
Salmonella	parE	Y434S	Quinolone resistance	reported	[1]	1		Huimin Qian et al. Scientific Reports PMID:32355184	32355184	1b0660e3-5317-5c6f-8525-d811a04ad7b5	1			2f67e51116ea	mutation	2	84cd8501d39dfaa4	Qwen/Qwen3.6-35B-A3B	open-access	50	hybrid	2026-09-18T11:48:20Z		local	http://mango.cels.anl.gov:8004/v1	773ff14d72d04fd1
Salmonella	parE	T57S	Quinolone resistance	reported	[1]	1		Huimin Qian et al. Scientific Reports PMID:32355184	32355184	1b0660e3-5317-5c6f-8525-d811a04ad7b5	1			2f67e51116ea	mutation	2	84cd8501d39dfaa4	Qwen/Qwen3.6-35B-A3B	open-access	50	hybrid	2026-09-18T11:48:20Z		local	http://mango.cels.anl.gov:8004/v1	773ff14d72d04fd1
Salmonella	parE	S458A	Quinolone resistance	reported	[7]	4		Ana Rita Rebelo et al. Eurosurveillance (2018) PMID:29439754	29439754	0635d840-24bc-54fa-a70c-c2d51ec8cd43;82ca91bc-4e12-5689-a194-33eb65195973;d648c8e0-1282-53cd-b002-e7e026190840;542bbcad-093c-54cf-b81d-3e7d96bfbf8a	7;10;13;14			2f67e51116ea	mutation	2	84cd8501d39dfaa4	Qwen/Qwen3.6-35B-A3B	open-access	50	hybrid	2026-09-18T11:48:20Z		local	http://mango.cels.anl.gov:8004/v1	773ff14d72d04fd1
Salmonella	parE	L416F	Quinolone resistance	reported	[9]	1		Ana Rita Rebelo et al. Eurosurveillance (2018) PMID:29439754	29439754	8978def6-7339-5588-9f0a-03567fafb2d1	9			2f67e51116ea	mutation	2	84cd8501d39dfaa4	Qwen/Qwen3.6-35B-A3B	open-access	50	hybrid	2026-09-18T11:48:20Z		local	http://mango.cels.anl.gov:8004/v1	773ff14d72d04fd1
Salmonella	parE	E470K	Fluoroquinolone resistance	reported	[16]	1		Anna Fàbrega et al. PLoS ONE PMID:19946377	19946377	8950d827-e99f-547c-8ac1-6accab6be309	16			2f67e51116ea	mutation	2	84cd8501d39dfaa4	Qwen/Qwen3.6-35B-A3B	open-access	50	hybrid	2026-09-18T11:48:20Z		local	http://mango.cels.anl.gov:8004/v1	773ff14d72d04fd1
Salmonella	parE	S458P	Fluoroquinolone resistance	reported	[20]	1		Nian Dong et al. BMC Infectious Diseases PMID:32669095	32669095	f1f342aa-4e7c-525d-8a81-f8c88dad16fa	20			2f67e51116ea	mutation	2	84cd8501d39dfaa4	Qwen/Qwen3.6-35B-A3B	open-access	50	hybrid	2026-09-18T11:48:20Z		local	http://mango.cels.anl.gov:8004/v1	773ff14d72d04fd1
Salmonella	parE	D420N	Fluoroquinolone resistance	reported	[30]	1		Sylvie Baucheron et al. Frontiers in Microbiology (2014) PMID:24478769	24478769	c250e78f-6f06-582a-a6aa-b7cd8d70e6c6	30			2f67e51116ea	mutation	2	84cd8501d39dfaa4	Qwen/Qwen3.6-35B-A3B	open-access	50	hybrid	2026-09-18T11:48:20Z		local	http://mango.cels.anl.gov:8004/v1	773ff14d72d04fd1
Salmonella	parE		Fluoroquinolone resistance	reported	[30]	2	missing:Mutation	Sylvie Baucheron et al. Frontiers in Microbiology (2014) PMID:24478769	24478769	c250e78f-6f06-582a-a6aa-b7cd8d70e6c6;df0c18a3-0df8-5254-ad69-24a5e7c0766e	30;34			2f67e51116ea	mutation	2	84cd8501d39dfaa4	Qwen/Qwen3.6-35B-A3B	open-access	50	hybrid	2026-09-18T11:48:20Z		local	http://mango.cels.anl.gov:8004/v1	773ff14d72d04fd1
Salmonella	parE	Phe-416	Fluoroquinolone resistance	reported	[40]	1		Yajun Song et al. Journal of Antimicrobial Chemotherapy PMID:20511368	20511368	3650c99f-b96b-514b-a628-a6c09e3471e6	40			2f67e51116ea	mutation	2	84cd8501d39dfaa4	Qwen/Qwen3.6-35B-A3B	open-access	50	hybrid	2026-09-18T11:48:20Z		local	http://mango.cels.anl.gov:8004/v1	773ff14d72d04fd1
Salmonella	parE	Asn-420	Fluoroquinolone resistance	reported	[40]	1		Yajun Song et al. Journal of Antimicrobial Chemotherapy PMID:20511368	20511368	3650c99f-b96b-514b-a628-a6c09e3471e6	40			2f67e51116ea	mutation	2	84cd8501d39dfaa4	Qwen/Qwen3.6-35B-A3B	open-access	50	hybrid	2026-09-18T11:48:20Z		local	http://mango.cels.anl.gov:8004/v1	773ff14d72d04fd1
Pseudomonas aeruginosa	parR	R70Q	Aztreonam resistance	measured	[4]	1		Zhenzhen Ma et al. Frontiers in Microbiology (2021) PMID:34248872	34248872	e5a741b8-07eb-5ba3-8722-f6441582304e	4			d35d489e8011	mutation	2	84cd8501d39dfaa4	Qwen/Qwen3.6-35B-A3B	open-access	50	hybrid	2026-09-18T11:48:23Z		local	http://mango.cels.anl.gov:8004/v1	881e33d60299c0ea
Pseudomonas aeruginosa	parR	G232D	Colistin resistance	reported	[39]	1		Telma De Sousa et al. Pathogens PMID:40333140	40333140	cf9a8aef-bca1-5a60-877a-99f8a03e2763	39			d35d489e8011	mutation	2	84cd8501d39dfaa4	Qwen/Qwen3.6-35B-A3B	open-access	50	hybrid	2026-09-18T11:48:23Z		local	http://mango.cels.anl.gov:8004/v1	881e33d60299c0ea
Pseudomonas aeruginosa	parR	E87K	Colistin resistance	reported	[39]	1		Telma De Sousa et al. Pathogens PMID:40333140	40333140	cf9a8aef-bca1-5a60-877a-99f8a03e2763	39			d35d489e8011	mutation	2	84cd8501d39dfaa4	Qwen/Qwen3.6-35B-A3B	open-access	50	hybrid	2026-09-18T11:48:23Z		local	http://mango.cels.anl.gov:8004/v1	881e33d60299c0ea
Pseudomonas aeruginosa	parE	R586W	Tolerance to ciprofloxacin	measured	[3]	1		Qi Liu et al. Microorganisms PMID:36677304	36677304	57730337-a3e5-56e1-badb-52eeeec64a0a	3			fa17ac2e8c9d	mutation	2	84cd8501d39dfaa4	Qwen/Qwen3.6-35B-A3B	open-access	50	hybrid	2026-09-18T11:48:23Z		local	http://mango.cels.anl.gov:8004/v1	93c5ae2d3a3b69e7
Pseudomonas aeruginosa	parE	D419N	Fluoroquinolone resistance	reported	[13]	1		Qi Liu et al. Microorganisms PMID:36677304	36677304	d3cb4b77-72af-5ef5-8fe5-80283a367bef	13			fa17ac2e8c9d	mutation	2	84cd8501d39dfaa4	Qwen/Qwen3.6-35B-A3B	open-access	50	hybrid	2026-09-18T11:48:23Z		local	http://mango.cels.anl.gov:8004/v1	93c5ae2d3a3b69e7
Pseudomonas aeruginosa	parE	E459D	Fluoroquinolone resistance	reported	[13]	1		Qi Liu et al. Microorganisms PMID:36677304	36677304	d3cb4b77-72af-5ef5-8fe5-80283a367bef	13			fa17ac2e8c9d	mutation	2	84cd8501d39dfaa4	Qwen/Qwen3.6-35B-A3B	open-access	50	hybrid	2026-09-18T11:48:23Z		local	http://mango.cels.anl.gov:8004/v1	93c5ae2d3a3b69e7
Pseudomonas aeruginosa	parE	A473V	Fluoroquinolone resistance	reported	[13]	1		Qi Liu et al. Microorganisms PMID:36677304	36677304	d3cb4b77-72af-5ef5-8fe5-80283a367bef	13			fa17ac2e8c9d	mutation	2	84cd8501d39dfaa4	Qwen/Qwen3.6-35B-A3B	open-access	50	hybrid	2026-09-18T11:48:23Z		local	http://mango.cels.anl.gov:8004/v1	93c5ae2d3a3b69e7
Pseudomonas aeruginosa	parE	S457R	Fluoroquinolone resistance	reported; measured	[13]	2	merged_variants:Assertion	Qi Liu et al. Microorganisms PMID:36677304; Hannah K. Gray et al. Emerging Infectious Diseases PMID:37877613	36677304;37877613	d3cb4b77-72af-5ef5-8fe5-80283a367bef;69fc3dc5-42c7-50cb-ad60-c33803a64047	13;14			fa17ac2e8c9d	mutation	2	84cd8501d39dfaa4	Qwen/Qwen3.6-35B-A3B	open-access	50	hybrid	2026-09-18T11:48:23Z		local	http://mango.cels.anl.gov:8004/v1	93c5ae2d3a3b69e7
Pseudomonas aeruginosa	parE	V423F	Fluoroquinolone resistance	measured	[17]	1		Salma Salem et al. Scientific Reports PMID:38969684	38969684	9b83c36f-85b3-5b31-808d-196e7d2429e3	17			fa17ac2e8c9d	mutation	2	84cd8501d39dfaa4	Qwen/Qwen3.6-35B-A3B	open-access	50	hybrid	2026-09-18T11:48:23Z		local	http://mango.cels.anl.gov:8004/v1	93c5ae2d3a3b69e7
Pseudomonas aeruginosa	parE	I139R	Fluoroquinolone resistance	measured	[17]	1		Salma Salem et al. Scientific Reports PMID:38969684	38969684	9b83c36f-85b3-5b31-808d-196e7d2429e3	17			fa17ac2e8c9d	mutation	2	84cd8501d39dfaa4	Qwen/Qwen3.6-35B-A3B	open-access	50	hybrid	2026-09-18T11:48:23Z		local	http://mango.cels.anl.gov:8004/v1	93c5ae2d3a3b69e7
Pseudomonas aeruginosa	parE	E533D	Fluoroquinolone resistance	measured	[6]	1		Ana M. Rada et al. Frontiers in Microbiology (2021) PMID:34512563	34512563	1dc227df-aab9-5cca-886e-b70779942884	6			fa17ac2e8c9d	mutation	2	84cd8501d39dfaa4	Qwen/Qwen3.6-35B-A3B	open-access	50	hybrid	2026-09-18T11:48:23Z		local	http://mango.cels.anl.gov:8004/v1	93c5ae2d3a3b69e7
Pseudomonas aeruginosa	parE	D533E	Fluoroquinolone resistance	measured	[21]	12		Anteneh Amsalu et al. Microorganisms PMID:33114277	33114277	b9cd066e-928e-576b-bf66-7257495772f6;1f360e7e-6387-5a77-a9f6-ef41f13771c1;db84b452-8356-52ee-9085-6d5a5806639e;c5152a47-ad9d-5129-9ca2-89be616eb991;7c9b6c62-4e15-540c-a3cb-b8919a685874;124eaaf9-f25c-5a7c-8e89-a037ea3572e2;f134221e-d70a-50a2-bf07-61f8c798be8b;811d5dae-fbee-5fe4-ad3b-2b0bec95b27d;33bfbb90-dc8c-5e12-9e35-ee1de710e944;0ac61f76-15bd-5003-a4e0-4e38390206b7;2d77b2f1-06ea-5151-ac0b-0ccc4f45aa83;efc5c544-da9b-52de-b75e-66dce459cc54	21;29;30;31;32;33;34;35;36;37;38;39			fa17ac2e8c9d	mutation	2	84cd8501d39dfaa4	Qwen/Qwen3.6-35B-A3B	open-access	50	hybrid	2026-09-18T11:48:23Z		local	http://mango.cels.anl.gov:8004/v1	93c5ae2d3a3b69e7
Pseudomonas aeruginosa	parE	E468D	Fluoroquinolone resistance	measured	[21]	1		Anteneh Amsalu et al. Microorganisms PMID:33114277	33114277	b9cd066e-928e-576b-bf66-7257495772f6	21			fa17ac2e8c9d	mutation	2	84cd8501d39dfaa4	Qwen/Qwen3.6-35B-A3B	open-access	50	hybrid	2026-09-18T11:48:23Z		local	http://mango.cels.anl.gov:8004/v1	93c5ae2d3a3b69e7
Pseudomonas aeruginosa	parE	H148N	Fluoroquinolone resistance	measured	[21]	1		Anteneh Amsalu et al. Microorganisms PMID:33114277	33114277	b9cd066e-928e-576b-bf66-7257495772f6	21			fa17ac2e8c9d	mutation	2	84cd8501d39dfaa4	Qwen/Qwen3.6-35B-A3B	open-access	50	hybrid	2026-09-18T11:48:23Z		local	http://mango.cels.anl.gov:8004/v1	93c5ae2d3a3b69e7
Pseudomonas aeruginosa	parE	P438S	Fluoroquinolone resistance	measured	[21]	1		Anteneh Amsalu et al. Microorganisms PMID:33114277	33114277	b9cd066e-928e-576b-bf66-7257495772f6	21			fa17ac2e8c9d	mutation	2	84cd8501d39dfaa4	Qwen/Qwen3.6-35B-A3B	open-access	50	hybrid	2026-09-18T11:48:23Z		local	http://mango.cels.anl.gov:8004/v1	93c5ae2d3a3b69e7
Pseudomonas aeruginosa	parE	L501F	Fluoroquinolone resistance	measured	[21]	1		Anteneh Amsalu et al. Microorganisms PMID:33114277	33114277	b9cd066e-928e-576b-bf66-7257495772f6	21			fa17ac2e8c9d	mutation	2	84cd8501d39dfaa4	Qwen/Qwen3.6-35B-A3B	open-access	50	hybrid	2026-09-18T11:48:23Z		local	http://mango.cels.anl.gov:8004/v1	93c5ae2d3a3b69e7
Pseudomonas aeruginosa	parE	E569-	Fluoroquinolone resistance	measured	[21]	1		Anteneh Amsalu et al. Microorganisms PMID:33114277	33114277	b9cd066e-928e-576b-bf66-7257495772f6	21			fa17ac2e8c9d	mutation	2	84cd8501d39dfaa4	Qwen/Qwen3.6-35B-A3B	open-access	50	hybrid	2026-09-18T11:48:23Z		local	http://mango.cels.anl.gov:8004/v1	93c5ae2d3a3b69e7
Pseudomonas aeruginosa	parS		multidrug resistance	reported	[2]	6	missing:Mutation	Doaa Higazy et al. The ISME Journal PMID:38478426; Dongping Wang et al. BMC Genomics PMID:24034668; Anjali Y. Bhagirath et al. International Journal of Molecular Sciences PMID:30974906; Giuseppe Valerio De Gaetano et al. Antibiotics PMID:37370284; María F. Chevalier-Alba et al. Frontiers in Microbiology (2026) PMID:42094768; Natalia Belkova et al. Antibiotics PMID:40149112	38478426;24034668;30974906;37370284;42094768;40149112	18b0db93-d2b9-56b0-b3f1-2e9cad0ca5e5;3b507a37-4c88-563c-9e8a-d4c7ff4dbd50;eb993294-3a39-53e8-8144-f61ea15b7dc1;0b187ef4-e615-5bcb-a601-b72b8e0b9571;8f04aa0a-f87c-5476-813f-aaa8da81be2e;fd22466b-dd7d-515e-9f8a-f05db9073923	2;15;18;33;34;46			320a9f41e6f8	mutation	2	84cd8501d39dfaa4	Qwen/Qwen3.6-35B-A3B	open-access	50	hybrid	2026-09-18T11:48:26Z		local	http://mango.cels.anl.gov:8004/v1	5661bd6af79f906a
Streptococcus pneumoniae	pbp2b	P446A	Antimicrobial resistance (penicillin)	reported	[1]	1		Xing Shi et al. Frontiers in Cellular and Infection Microbiology (2023) PMID:38268793	38268793	c2e18765-36bb-5cee-8973-c32f4b718efe	1			72ff8be6d807	mutation	2	84cd8501d39dfaa4	Qwen/Qwen3.6-35B-A3B	open-access	50	hybrid	2026-09-18T11:48:28Z		local	http://mango.cels.anl.gov:8004/v1	7c273ce56616c2c2
Streptococcus pneumoniae	pbp2b	T445A	Antimicrobial resistance (penicillin)	reported; measured	[21]	2	merged_variants:Assertion	Soo Tein Ngoi et al. Pathogens PMID:34959557	34959557	43641049-5e21-54b0-9404-215f5e7b4c77	21			72ff8be6d807	mutation	2	84cd8501d39dfaa4	Qwen/Qwen3.6-35B-A3B	open-access	50	hybrid	2026-09-18T11:48:28Z		local	http://mango.cels.anl.gov:8004/v1	7c273ce56616c2c2
Streptococcus pneumoniae	pbp1a	PBP1a conferring resistance to amoxicillin	Antimicrobial resistance	reported	[1]	1		Ashley N. Williams et al. Microbial Genomics PMID:38015202	38015202	3c8b8724-2cb9-5e33-9cfa-34cbaea7be4f	1			e52498bee16d	mutation	2	84cd8501d39dfaa4	Qwen/Qwen3.6-35B-A3B	open-access	50	hybrid	2026-09-18T11:48:29Z		local	http://mango.cels.anl.gov:8004/v1	2a3b439716b4015b
Streptococcus pneumoniae	pbp1a	N609D	Antimicrobial resistance	reported	[8]	1		Raina Gergova et al. Antibiotics PMID:38667036	38667036	6ccdb082-d33a-5cd8-8d83-fdfbc7e27cd7	8			e52498bee16d	mutation	2	84cd8501d39dfaa4	Qwen/Qwen3.6-35B-A3B	open-access	50	hybrid	2026-09-18T11:48:29Z		local	http://mango.cels.anl.gov:8004/v1	2a3b439716b4015b
Streptococcus pneumoniae	pbp1a	T371A	Antimicrobial resistance	reported	[12]	1		Kamonwan Lunha et al. Antibiotics PMID:36671359	36671359	be614b8a-4661-576a-ae66-775a0e2e105c	12			e52498bee16d	mutation	2	84cd8501d39dfaa4	Qwen/Qwen3.6-35B-A3B	open-access	50	hybrid	2026-09-18T11:48:29Z		local	http://mango.cels.anl.gov:8004/v1	2a3b439716b4015b
Streptococcus pneumoniae	pbp1a	T371S	Antimicrobial resistance	reported	[12]	1		Kamonwan Lunha et al. Antibiotics PMID:36671359	36671359	be614b8a-4661-576a-ae66-775a0e2e105c	12			e52498bee16d	mutation	2	84cd8501d39dfaa4	Qwen/Qwen3.6-35B-A3B	open-access	50	hybrid	2026-09-18T11:48:29Z		local	http://mango.cels.anl.gov:8004/v1	2a3b439716b4015b
Streptococcus pneumoniae	pbp1a	T540	Antimicrobial resistance	reported	[10]	1		Ziyi Yan et al. Frontiers in Cellular and Infection Microbiology (2021) PMID:34796125	34796125	deac49b1-198b-58dc-8912-035dd63b1717	10			e52498bee16d	mutation	2	84cd8501d39dfaa4	Qwen/Qwen3.6-35B-A3B	open-access	50	hybrid	2026-09-18T11:48:29Z		local	http://mango.cels.anl.gov:8004/v1	2a3b439716b4015b
Streptococcus pneumoniae	pbp1a	T371	Antimicrobial resistance	reported	[10]	1		Ziyi Yan et al. Frontiers in Cellular and Infection Microbiology (2021) PMID:34796125	34796125	deac49b1-198b-58dc-8912-035dd63b1717	10			e52498bee16d	mutation	2	84cd8501d39dfaa4	Qwen/Qwen3.6-35B-A3B	open-access	50	hybrid	2026-09-18T11:48:29Z		local	http://mango.cels.anl.gov:8004/v1	2a3b439716b4015b
Streptococcus pneumoniae	pbp1a	Thr-371-Ala	Antimicrobial resistance	reported	[28]	1		Soo Tein Ngoi et al. Pathogens PMID:34959557	34959557	43641049-5e21-54b0-9404-215f5e7b4c77	28			e52498bee16d	mutation	2	84cd8501d39dfaa4	Qwen/Qwen3.6-35B-A3B	open-access	50	hybrid	2026-09-18T11:48:29Z		local	http://mango.cels.anl.gov:8004/v1	2a3b439716b4015b
Streptoc pneumoniae	pbp1a	Thr-371-Ser	Antimicrobial resistance	reported	[28]	1		Soo Tein Ngoi et al. Pathogens PMID:34959557	34959557	43641049-5e21-54b0-9404-215f5e7b4c77	28			e52498bee16d	mutation	2	84cd8501d39dfaa4	Qwen/Qwen3.6-35B-A3B	open-access	50	hybrid	2026-09-18T11:48:29Z		local	http://mango.cels.anl.gov:8004/v1	2a3b439716b4015b
Streptococcus pneumoniae	pbp1a	Block mutation at 574-577	Antimicrobial resistance	reported	[28]	1		Soo Tein Ngoi et al. Pathogens PMID:34959557	34959557	43641049-5e21-54b0-9404-215f5e7b4c77	28			e52498bee16d	mutation	2	84cd8501d39dfaa4	Qwen/Qwen3.6-35B-A3B	open-access	50	hybrid	2026-09-18T11:48:29Z		local	http://mango.cels.anl.gov:8004/v1	2a3b439716b4015b
Streptococcus pneumoniae	pbp1a	M12	Antimicrobial resistance	measured	[25]	1		Soo Tein Ngoi et al. Pathogens PMID:34959557	34959557	17d97067-e2a2-5d54-bdf5-2a49c821cb43	25			e52498bee16d	mutation	2	84cd8501d39dfaa4	Qwen/Qwen3.6-35B-A3B	open-access	50	hybrid	2026-09-18T11:48:29Z		local	http://mango.cels.anl.gov:8004/v1	2a3b439716b4015b
Streptococcus pneumoniae	pbp1a	M13	Antimicrobial resistance	measured	[25]	1		Soo Tein Ngoi et al. Pathogens PMID:34959557	34959557	17d97067-e2a2-5d54-bdf5-2a49c821cb43	25			e52498bee16d	mutation	2	84cd8501d39dfaa4	Qwen/Qwen3.6-35B-A3B	open-access	50	hybrid	2026-09-18T11:48:29Z		local	http://mango.cels.anl.gov:8004/v1	2a3b439716b4015b
Streptococcus pneumoniae	pbp1a	M14	Antimicrobial resistance	measured	[25]	1		Soo Tein Ngoi et al. Pathogens PMID:34959557	34959557	17d97067-e2a2-5d54-bdf5-2a49c821cb43	25			e52498bee16d	mutation	2	84cd8501d39dfaa4	Qwen/Qwen3.6-35B-A3B	open-access	50	hybrid	2026-09-18T11:48:29Z		local	http://mango.cels.anl.gov:8004/v1	2a3b439716b4015b
Streptococcus pneumoniae	pbp1a	M09	Antimicrobial resistance	measured	[29]	1		Soo Tein Ngoi et al. Pathogens PMID:34959557	34959557	1ab3f475-e97c-5724-94e2-603c7d063670	29			e52498bee16d	mutation	2	84cd8501d39dfaa4	Qwen/Qwen3.6-35B-A3B	open-access	50	hybrid	2026-09-18T11:48:29Z		local	http://mango.cels.anl.gov:8004/v1	2a3b439716b4015b
Streptococcus pneumoniae	pbp1a	M10	Antimicrobial resistance	measured	[29]	1		Soo Tein Ngoi et al. Pathogens PMID:34959557	34959557	1ab3f475-e97c-5724-94e2-603c7d063670	29			e52498bee16d	mutation	2	84cd8501d39dfaa4	Qwen/Qwen3.6-35B-A3B	open-access	50	hybrid	2026-09-18T11:48:29Z		local	http://mango.cels.anl.gov:8004/v1	2a3b439716b4015b
Streptococcus pneumoniae	pbp1a	M11	Antimicrobial resistance	measured	[29]	1		Soo Tein Ngoi et al. Pathogens PMID:34959557	34959557	1ab3f475-e97c-5724-94e2-603c7d063670	29			e52498bee16d	mutation	2	84cd8501d39dfaa4	Qwen/Qwen3.6-35B-A3B	open-access	50	hybrid	2026-09-18T11:48:29Z		local	http://mango.cels.anl.gov:8004/v1	2a3b439716b4015b
Streptococcus pneumoniae	pbp1a	M04	Antimicrobial resistance	measured	[30]	1		Soo Tein Ngoi et al. Pathogens PMID:34959557	34959557	513b0794-14c9-5e3a-b281-8e52656703ee	30			e52498bee16d	mutation	2	84cd8501d39dfaa4	Qwen/Qwen3.6-35B-A3B	open-access	50	hybrid	2026-09-18T11:48:29Z		local	http://mango.cels.anl.gov:8004/v1	2a3b439716b4015b
Streptococcus pneumoniae	pbp1a	M05	Antimicrobial resistance	measured	[30]	1		Soo Tein Ngoi et al. Pathogens PMID:34959557	34959557	513b0794-14c9-5e3a-b281-8e52656703ee	30			e52498bee16d	mutation	2	84cd8501d39dfaa4	Qwen/Qwen3.6-35B-A3B	open-access	50	hybrid	2026-09-18T11:48:29Z		local	http://mango.cels.anl.gov:8004/v1	2a3b439716b4015b
Streptococcus pneumoniae	pbp1a	M06	Antimicrobial resistance	measured	[30]	1		Soo Tein Ngoi et al. Pathogens PMID:34959557	34959557	513b0794-14c9-5e3a-b281-8e52656703ee	30			e52498bee16d	mutation	2	84cd8501d39dfaa4	Qwen/Qwen3.6-35B-A3B	open-access	50	hybrid	2026-09-18T11:48:29Z		local	http://mango.cels.anl.gov:8004/v1	2a3b439716b4015b
Streptococcus pneumoniae	pbp1a	Absence of amino acid substitution	Antimicrobial resistance	measured	[31]	1		Soo Tein Ngoi et al. Pathogens PMID:34959557	34959557	4a30f944-09d4-5232-a4e6-8feebbfbcac5	31			e52498bee16d	mutation	2	84cd8501d39dfaa4	Qwen/Qwen3.6-35B-A3B	open-access	50	hybrid	2026-09-18T11:48:29Z		local	http://mango.cels.anl.gov:8004/v1	2a3b439716b4015b
Staphylococcus aureus	pbp2	I515M	dalbavancin resistance	reported	[2]	1		Julian Frederic Hotz et al. BMC Infectious Diseases PMID:39223565	39223565	9ddaa558-a9d5-50a8-b881-dfa3bf301bc2	2	I515M	p.I515M	752764238e28	mutation	2	84cd8501d39dfaa4	Qwen/Qwen3.6-35B-A3B	open-access	50	hybrid	2026-09-18T11:48:32Z		local	http://mango.cels.anl.gov:8004/v1	d029418122d39b5d
Staphylococcus aureus	pbp2	A606D	dalbavancin resistance	reported	[2]	1		Julian Frederic Hotz et al. BMC Infectious Diseases PMID:39223565	39223565	9ddaa558-a9d5-50a8-b881-dfa3bf301bc2	2	A606D	p.A606D	752764238e28	mutation	2	84cd8501d39dfaa4	Qwen/Qwen3.6-35B-A3B	open-access	50	hybrid	2026-09-18T11:48:32Z		local	http://mango.cels.anl.gov:8004/v1	d029418122d39b5d
Staphylococcus aureus	pbp2	G146R	dalbavancin resistance	reported	[2]	1		Julian Frederic Hotz et al. BMC Infectious Diseases PMID:39223565	39223565	9ddaa558-a9d5-50a8-b881-dfa3bf301bc2	2	G146R	p.G146R	752764238e28	mutation	2	84cd8501d39dfaa4	Qwen/Qwen3.6-35B-A3B	open-access	50	hybrid	2026-09-18T11:48:32Z		local	http://mango.cels.anl.gov:8004/v1	d029418122d39b5d
Staphylococcus aureus	pbp2	A450D	oxacillin resistance	reported	[3]	1		Sabrina Di Gregorio et al. Antibiotics PMID:38927220	38927220	bc17a47e-8381-5d88-9d0e-8c7e539f6bcc	3	A450D	p.Ala450Asp	752764238e28	mutation	2	84cd8501d39dfaa4	Qwen/Qwen3.6-35B-A3B	open-access	50	hybrid	2026-09-18T11:48:32Z		local	http://mango.cels.anl.gov:8004/v1	d029418122d39b5d
Staphylococcus aureus	pbp2	D156Y	oxacillin resistance	reported	[5]	1		Xiaoliang Ba et al. Journal of Antimicrobial Chemotherapy PMID:24216768	24216768	3f360be3-3f84-5c18-bb01-1320627f5132	5	D156Y	Asp-156→Tyr	752764238e28	mutation	2	84cd8501d39dfaa4	Qwen/Qwen3.6-35B-A3B	open-access	50	hybrid	2026-09-18T11:48:32Z		local	http://mango.cels.anl.gov:8004/v1	d029418122d39b5d
Staphylococcus aureus	pbp2	T552I	methicillin resistance	reported	[10]	1		Melissa R Gitman et al. Journal of Antimicrobial Chemotherapy PMID:34368846	34368846	18a2d26e-41a5-5234-bff8-5b2b2448d705	10			752764238e28	mutation	2	84cd8501d39dfaa4	Qwen/Qwen3.6-35B-A3B	open-access	50	hybrid	2026-09-18T11:48:32Z		local	http://mango.cels.anl.gov:8004/v1	d029418122d39b5d
Staphylococcus aureus	pbp2	S569A	β-lactam resistance	reported	[21]	1		Anna Sommer et al. Microbial Genomics PMID:34486969	34486969	0ccd2b4f-baeb-57ae-b0dc-91df9e0619e5	21			752764238e28	mutation	2	84cd8501d39dfaa4	Qwen/Qwen3.6-35B-A3B	open-access	50	hybrid	2026-09-18T11:48:32Z		local	http://mango.cels.anl.gov:8004/v1	d029418122d39b5d
Staphylococcus aureus	pbp2	T284I	β-lactam resistance	reported	[21]	1		Anna Sommer et al. Microbial Genomics PMID:34486969	34486969	0ccd2b4f-baeb-57ae-b0dc-91df9e0619e5	21			752764238e28	mutation	2	84cd8501d39dfaa4	Qwen/Qwen3.6-35B-A3B	open-access	50	hybrid	2026-09-18T11:48:32Z		local	http://mango.cels.anl.gov:8004/v1	d029418122d39b5d
Neisseria gonorrhoeae	pbp2	Asp345a	Antimicrobial resistance	reported	1	3		Maira Goytia et al. Antibiotics PMID:34066576; Alena Fedarovich et al. Biochemistry PMID:25403720; Marissa M. Bivins et al. PLOS Pathogens PMID:41843612	34066576;25403720;41843612	1488bb58-aed5-54be-b0eb-4749c3e84522;20c635ee-a960-51e9-97b0-245a31009803;27006a27-5358-57dc-8582-cc8e9de945ba	1;33;38			45f7ee86d84b	mutation	2	84cd8501d39dfaa4	Qwen/Qwen3.6-35B-A3B	open-access	50	hybrid	2026-09-18T11:48:41Z		local	http://mango.cels.anl.gov:8004/v1	eb9d2168f7f5168f
Neisseria gonorrhoeae	pbp2	A501V	Antimicrobial resistance	reported	1	4		Maira Goytia et al. Antibiotics PMID:34066576; Ana Clara Mendes et al. Frontiers in Microbiology (2024) PMID:39931279; Beata Mlynarczyk-Bonikowska et al. International Journal of Molecular Sciences PMID:36142410; Boris Shaskolskiy et al. Frontiers in Microbiology (2016) PMID:27242760	34066576;39931279;36142410;27242760	1488bb58-aed5-54be-b0eb-4749c3e84522;26d25e33-0647-526f-b5d9-23e22f41a1d1;6d5718d3-4052-5471-9186-e9d1733b3e4b;38f167d4-2ff8-56ee-aa12-712aab304027	1;16;26;28			45f7ee86d84b	mutation	2	84cd8501d39dfaa4	Qwen/Qwen3.6-35B-A3B	open-access	50	hybrid	2026-09-18T11:48:41Z		local	http://mango.cels.anl.gov:8004/v1	eb9d2168f7f5168f
Neisseria gonorrhoeae	pbp2	A501P	Antimicrobial resistance	reported	1	5		Maira Goytia et al. Antibiotics PMID:34066576; Beata Mlynarczyk-Bonikowska et al. International Journal of Molecular Sciences PMID:36142410; André Zapun et al. Antibiotics PMID:27690121; David Terkelsen et al. Eurosurveillance (2017) PMID:29067905	34066576;36142410;27690121;29067905	1488bb58-aed5-54be-b0eb-4749c3e84522;6d5718d3-4052-5471-9186-e9d1733b3e4b;77a37663-560e-5a65-b9ae-c7be989ebee1;cc3e5dd5-7035-57d1-b221-7d20efdd01e2	1;26;34;36			45f7ee86d84b	mutation	2	84cd8501d39dfaa4	Qwen/Qwen3.6-35B-A3B	open-access	50	hybrid	2026-09-18T11:48:41Z		local	http://mango.cels.anl.gov:8004/v1	eb9d2168f7f5168f
Neisseria gonorrhoeae	pbp2	G545S	Antimicrobial resistance	reported; measured	1	9	merged_variants:Assertion	Maira Goytia et al. Antibiotics PMID:34066576; Marissa M. Bivins et al. PLOS Pathogens PMID:41843612; Ana Clara Mendes et al. Frontiers in Microbiology (2024) PMID:39931279; Beata Mlynarczyk-Bonikowska et al. International Journal of Molecular Sciences PMID:36142410; Monica M. Lahra et al. Emerging Infectious Diseases PMID:29553335; David Terkelsen et al. Eurosurveillance (2017) PMID:29067905	34066576;41843612;39931279;36142410;29553335;29067905	1488bb58-aed5-54be-b0eb-4749c3e84522;9045598f-cccf-5503-80b2-0de3e42b9c90;26d25e33-0647-526f-b5d9-23e22f41a1d1;6d5718d3-4052-5471-9186-e9d1733b3e4b;7ff3bdc4-e1e1-5b10-9ed7-c8908f1b694b;cc3e5dd5-7035-57d1-b221-7d20efdd01e2	1;2;16;26;27;36			45f7ee86d84b	mutation	2	84cd8501d39dfaa4	Qwen/Qwen3.6-35B-A3B	open-access	50	hybrid	2026-09-18T11:48:41Z		local	http://mango.cels.anl.gov:8004/v1	eb9d2168f7f5168f
Neisseria gonorrhoeae	pbp2	A311V	Antimicrobial resistance	measured; reported	2	8	merged_variants:Assertion	Marissa M. Bivins et al. PLOS Pathogens PMID:41843612; Beata Mlynarczyk-Bonikowska et al. International Journal of Molecular Sciences PMID:36142410; Monica M. Lahra et al. Emerging Infectious Diseases PMID:29553335; Boris Shaskolskiy et al. Frontiers in Microbiology (2016) PMID:27242760; David Terkelsen et al. Eurosurveillance (2017) PMID:29067905	41843612;36142410;29553335;27242760;29067905	9045598f-cccf-5503-80b2-0de3e42b9c90;6d5718d3-4052-5471-9186-e9d1733b3e4b;7ff3bdc4-e1e1-5b10-9ed7-c8908f1b694b;38f167d4-2ff8-56ee-aa12-712aab304027;cc3e5dd5-7035-57d1-b221-7d20efdd01e2	2;26;27;28;36			45f7ee86d84b	mutation	2	84cd8501d39dfaa4	Qwen/Qwen3.6-35B-A3B	open-access	50	hybrid	2026-09-18T11:48:41Z		local	http://mango.cels.anl.gov:8004/v1	eb9d2168f7f5168f
Neisseria gonorrhoeae	pbp2	I312M	Antimicrobial resistance	measured; reported	2	8	merged_variants:Assertion	Marissa M. Bivins et al. PLOS Pathogens PMID:41843612; Beata Mlynarczyk-Bonikowska et al. International Journal of Molecular Sciences PMID:36142410; Monica M. Lahra et al. Emerging Infectious Diseases PMID:29553335; Boris Shaskolskiy et al. Frontiers in Microbiology (2016) PMID:27242760; David Terkelsen et al. Eurosurveillance (2017) PMID:29067905	41843612;36142410;29553335;27242760;29067905	9045598f-cccf-5503-80b2-0de3e42b9c90;6d5718d3-4052-5471-9186-e9d1733b3e4b;7ff3bdc4-e1e1-5b10-9ed7-c8908f1b694b;38f167d4-2ff8-56ee-aa12-712aab304027;cc3e5dd5-7035-57d1-b221-7d20efdd01e2	2;26;27;28;36			45f7ee86d84b	mutation	2	84cd8501d39dfaa4	Qwen/Qwen3.6-35B-A3B	open-access	50	hybrid	2026-09-18T11:48:41Z		local	http://mango.cels.anl.gov:8004/v1	eb9d2168f7f5168f
Neisseria gonorrhoeae	pbp2	V316P	Antimicrobial resistance	measured; reported	2	4	merged_variants:Assertion	Marissa M. Bivins et al. PLOS Pathogens PMID:41843612; Beata Mlynarczyk-Bonikowska et al. International Journal of Molecular Sciences PMID:36142410; David Terkelsen et al. Eurosurveillance (2017) PMID:29067905	41843612;36142410;29067905	9045598f-cccf-5503-80b2-0de3e42b9c90;6d5718d3-4052-5471-9186-e9d1733b3e4b;cc3e5dd5-7035-57d1-b221-7d20efdd01e2	2;26;36			45f7ee86d84b	mutation	2	84cd8501d39dfaa4	Qwen/Qwen3.6-35B-A3B	open-access	50	hybrid	2026-09-18T11:48:41Z		local	http://mango.cels.anl.gov:8004/v1	eb9d2168f7f5168f
Neisseria gonorrhoeae	pbp2	F504L	Antimicrobial resistance	measured; reported	2	2	merged_variants:Assertion	Marissa M. Bivins et al. PLOS Pathogens PMID:41843612; Beata Mlynarczyk-Bonikowska et al. International Journal of Molecular Sciences PMID:36142410	41843612;36142410	9045598f-cccf-5503-80b2-0de3e42b9c90;6d5718d3-4052-5471-9186-e9d1733b3e4b	2;26			45f7ee86d84b	mutation	2	84cd8501d39dfaa4	Qwen/Qwen3.6-35B-A3B	open-access	50	hybrid	2026-09-18T11:48:41Z		local	http://mango.cels.anl.gov:8004/v1	eb9d2168f7f5168f
Neisseria gonorrhoeae	pbp2	N512Y	Antimicrobial resistance	measured; reported	2	2	merged_variants:Assertion	Marissa M. Bivins et al. PLOS Pathogens PMID:41843612; Beata Mlynarczyk-Bonikowska et al. International Journal of Molecular Sciences PMID:36142410	41843612;36142410	9045598f-cccf-5503-80b2-0de3e42b9c90;6d5718d3-4052-5471-9186-e9d1733b3e4b	2;26			45f7ee86d84b	mutation	2	84cd8501d39dfaa4	Qwen/Qwen3.6-35B-A3B	open-access	50	hybrid	2026-09-18T11:48:41Z		local	http://mango.cels.anl.gov:8004/v1	eb9d2168f7f5168f
Neisseria gonorrhoeae	pbp2	T483S	Antimicrobial resistance	measured; reported	2	7	merged_variants:Assertion	Marissa M. Bivins et al. PLOS Pathogens PMID:41843612; Beata Mlynarczyk-Bonikowska et al. International Journal of Molecular Sciences PMID:36142410; Monica M. Lahra et al. Emerging Infectious Diseases PMID:29553335; David Terkelsen et al. Eurosurveillance (2017) PMID:29067905	41843612;36142410;29553335;29067905	9045598f-cccf-5503-80b2-0de3e42b9c90;6d5718d3-4052-5471-9186-e9d1733b3e4b;7ff3bdc4-e1e1-5b10-9ed7-c8908f1b694b;cc3e5dd5-7035-57d1-b221-7d20efdd01e2	2;26;27;36			45f7ee86d84b	mutation	2	84cd8501d39dfaa4	Qwen/Qwen3.6-35B-A3B	open-access	50	hybrid	2026-09-18T11:48:41Z		local	http://mango.cels.anl.gov:8004/v1	eb9d2168f7f5168f
Neisseria gonorrhoeae	pbp2	D345a	Antimicrobial resistance	reported	7	2		Sunil Sethi et al. BMC Infectious Diseases PMID:23347339; Alexey Kubanov et al. BMC Infectious Diseases PMID:27506605	23347339;27506605	721b7cc8-3be5-5c3d-94b5-7d9ef90dc4d4;13bf8b0d-e35e-5afb-82d1-62458e1d3a31	7;8			45f7ee86d84b	mutation	2	84cd8501d39dfaa4	Qwen/Qwen3.6-35B-A3B	open-access	50	hybrid	2026-09-18T11:48:41Z		local	http://mango.cels.anl.gov:8004/v1	eb9d2168f7f5168f
Neisseria gonorrhoeae	pbp2	A501T	Antimicrobial resistance	reported	16	3		Ana Clara Mendes et al. Frontiers in Microbiology (2024) PMID:39931279; Beata Mlynarczyk-Bonikowska et al. International Journal of Molecular Sciences PMID:36142410; Boris Shaskolskiy et al. Frontiers in Microbiology (2016) PMID:27242760	39931279;36142410;27242760	26d25e33-0647-526f-b5d9-23e22f41a1d1;6d5718d3-4052-5471-9186-e9d1733b3e4b;38f167d4-2ff8-56ee-aa12-712aab304027	16;26;28			45f7ee86d84b	mutation	2	84cd8501d39dfaa4	Qwen/Qwen3.6-35B-A3B	open-access	50	hybrid	2026-09-18T11:48:41Z		local	http://mango.cels.anl.gov:8004/v1	eb9d2168f7f5168f
Neisseria gonorrhoeae	pbp2	V316T	Antimicrobial resistance	reported	26	5		Beata Mlynarczyk-Bonikowska et al. International Journal of Molecular Sciences PMID:36142410; Monica M. Lahra et al. Emerging Infectious Diseases PMID:29553335; Boris Shaskolskiy et al. Frontiers in Microbiology (2016) PMID:27242760; David Terkelsen et al. Eurosurveillance (2017) PMID:29067905	36142410;29553335;27242760;29067905	6d5718d3-4052-5471-9186-e9d1733b3e4b;7ff3bdc4-e1e1-5b10-9ed7-c8908f1b694b;38f167d4-2ff8-56ee-aa12-712aab304027;cc3e5dd5-7035-57d1-b221-7d20efdd01e2	26;27;28;36			45f7ee86d84b	mutation	2	84cd8501d39dfaa4	Qwen/Qwen3.6-35B-A3B	open-access	50	hybrid	2026-09-18T11:48:41Z		local	http://mango.cels.anl.gov:8004/v1	eb9d2168f7f5168f
Neisseria gonorrhoeae	pbp2	A516G	Antimicrobial resistance	reported	26	1		Beata Mlynarczyk-Bonikowska et al. International Journal of Molecular Sciences PMID:36142410	36142410	6d5718d3-4052-5471-9186-e9d1733b3e4b	26			45f7ee86d84b	mutation	2	84cd8501d39dfaa4	Qwen/Qwen3.6-35B-A3B	open-access	50	hybrid	2026-09-18T11:48:41Z		local	http://mango.cels.anl.gov:8004/v1	eb9d2168f7f5168f
Neisseria gonorrhoeae	pbp2	Asp346a	Antimicrobial resistance	reported	33	1		Alena Fedarovich et al. Biochemistry PMID:25403720	25403720	20c635ee-a960-51e9-97b0-245a31009803	33			45f7ee86d84b	mutation	2	84cd8501d39dfaa4	Qwen/Qwen3.6-35B-A3B	open-access	50	hybrid	2026-09-18T11:48:41Z		local	http://mango.cels.anl.gov:8004/v1	eb9d2168f7f5168f
Streptococcus pneumoniae	pbp2x	K457G	Antimicrobial resistance	reported	3	1		Avani Panickar et al. Scientific Reports PMID:41203706	41203706	4640b6e2-cdb4-56da-ace6-e576174c9415	3			ddb6dcc2d617	mutation	2	84cd8501d39dfaa4	Qwen/Qwen3.6-35B-A3B	open-access	50	hybrid	2026-09-18T11:48:46Z		local	http://mango.cels.anl.gov:8004/v1	b0bb35e2076c9f57
Streptococcus pneumoniae	pbp2x	K457T	Antimicrobial resistance	reported	3	1		Avani Panickar et al. Scientific Reports PMID:41203706	41203706	4640b6e2-cdb4-56da-ace6-e576174c9415	3			ddb6dcc2d617	mutation	2	84cd8501d39dfaa4	Qwen/Qwen3.6-35B-A3B	open-access	50	hybrid	2026-09-18T11:48:46Z		local	http://mango.cels.anl.gov:8004/v1	b0bb35e2076c9f57
Streptococcus pneumoniae	pbp2x	M339F	Antimicrobial resistance	reported	6	1		Kamonwan Lunha et al. Antibiotics PMID:36671359	36671359	c7018988-6b99-5e01-b6f1-eecba3d01995	6			ddb6dcc2d617	mutation	2	84cd8501d39dfaa4	Qwen/Qwen3.6-35B-A3B	open-access	50	hybrid	2026-09-18T11:48:46Z		local	http://mango.cels.anl.gov:8004/v1	b0bb35e2076c9f57
Streptococcus pneumoniae	pbp2x	I371T	Antimicrobial resistance	reported	13	1		Raina Gergova et al. Antibiotics PMID:38667036	38667036	6ccdb082-d33a-5cd8-8d83-fdfbc7e27cd7	13			ddb6dcc2d617	mutation	2	84cd8501d39dfaa4	Qwen/Qwen3.6-35B-A3B	open-access	50	hybrid	2026-09-18T11:48:46Z		local	http://mango.cels.anl.gov:8004/v1	b0bb35e2076c9f57
Streptococcus pneumoniae	pbp2x	N605T	Antimicrobial resistance	reported	13	1		Raina Gergova et al. Antibiotics PMID:38667036	38667036	6ccdb082-d33a-5cd8-8d83-fdfbc7e27cd7	13			ddb6dcc2d617	mutation	2	84cd8501d39dfaa4	Qwen/Qwen3.6-35B-A3B	open-access	50	hybrid	2026-09-18T11:48:46Z		local	http://mango.cels.anl.gov:8004/v1	b0bb35e2076c9f57
Streptococcus pneumoniae	pbp2x	Q552E	Antimicrobial resistance	reported	25	1		Pratiksing Rajput et al. Antibiotics PMID:39766587	39766587	8a51cddb-e56e-5a7f-942d-40f5cd5fbfe5	25			ddb6dcc2d617	mutation	2	84cd8501d39dfaa4	Qwen/Qwen3.6-35B-A3B	open-access	50	hybrid	2026-09-18T11:48:46Z		local	http://mango.cels.anl.gov:8004/v1	b0bb35e2076c9f57
Helicobacter pylori	pbp1a	G594fs	Amoxicillin resistance	reported	[3]	1		Kartika Afrida Fauzia et al. Antibiotics PMID:36830189	36830189	237692a5-e105-57cd-91f1-d0f48a6e98b2	3			6ca9eaa199a2	mutation	2	84cd8501d39dfaa4	Qwen/Qwen3.6-35B-A3B	open-access	50	hybrid	2026-09-18T11:48:46Z		local	http://mango.cels.anl.gov:8004/v1	a227d37747f7182f
Helicobacter pylori	pbp1a	K306R	Amoxicillin resistance	reported	[3]	2		Kartika Afrida Fauzia et al. Antibiotics PMID:36830189	36830189	237692a5-e105-57cd-91f1-d0f48a6e98b2;c449360f-1513-5ecb-808b-c4f41e12450e	3;27			6ca9eaa199a2	mutation	2	84cd8501d39dfaa4	Qwen/Qwen3.6-35B-A3B	open-access	50	hybrid	2026-09-18T11:48:46Z		local	http://mango.cels.anl.gov:8004/v1	a227d37747f7182f
Helicobacter pylori	pbp1a	N562Y	Amoxicillin resistance	reported	[3]	5		Kartika Afrida Fauzia et al. Antibiotics PMID:36830189; Dashdorj Azzaya et al. Microorganisms PMID:32708761; Ilaria Maria Saracino et al. Antibiotics PMID:33919811; Trung Thien Tran et al. BMC Microbiology PMID:35114945	36830189;32708761;33919811;35114945	237692a5-e105-57cd-91f1-d0f48a6e98b2;c449360f-1513-5ecb-808b-c4f41e12450e;90a76b72-0fc7-50e3-8b30-dc38deb69fe5;d5c16799-2dde-598d-851c-ab1fecd5f1e8;233575b0-29bf-59ee-9cd3-aafe04560c58	3;5;19;27;34	N562Y	N562Y	6ca9eaa199a2	mutation	2	84cd8501d39dfaa4	Qwen/Qwen3.6-35B-A3B	open-access	50	hybrid	2026-09-18T11:48:46Z		local	http://mango.cels.anl.gov:8004/v1	a227d37747f7182f
Helicobacter pylori	pbp1a	V45I	Amoxicillin resistance	reported	[3]	2		Kartika Afrida Fauzia et al. Antibiotics PMID:36830189	36830189	237692a5-e105-57cd-91f1-d0f48a6e98b2;c449360f-1513-5ecb-808b-c4f41e12450e	3;27			6ca9eaa199a2	mutation	2	84cd8501d39dfaa4	Qwen/Qwen3.6-35B-A3B	open-access	50	hybrid	2026-09-18T11:48:46Z		local	http://mango.cels.anl.gov:8004/v1	a227d37747f7182f
Helicobacter pylori	pbp1A	1785_1786insAGC	Amoxicillin resistance	reported	[4]	2		Pingping Wang et al. Frontiers in Cellular and Infection Microbiology (2025) PMID:41561082	41561082	599e28b5-700e-5f4c-9463-2fecc43c83e8;fb38cea2-57c3-50aa-821b-014f617b104c	4;24			6ca9eaa199a2	mutation	2	84cd8501d39dfaa4	Qwen/Qwen3.6-35B-A3B	open-access	50	hybrid	2026-09-18T11:48:46Z		local	http://mango.cels.anl.gov:8004/v1	a227d37747f7182f
Helicobacter pylori	pbp1A	L610*	Amoxicillin resistance	reported	[5]	1		Dashdorj Azzaya et al. Microorganisms PMID:32708761	32708761	90a76b72-0fc7-50e3-8b30-dc38deb69fe5	5			6ca9eaa199a2	mutation	2	84cd8501d39dfaa4	Qwen/Qwen3.6-35B-A3B	open-access	50	hybrid	2026-09-18T11:48:46Z		local	http://mango.cels.anl.gov:8004/v1	a227d37747f7182f
Helicobacter pylori	pbp1A	T556S	Amoxicillin resistance	reported	[6]	3		Kevin Guzman et al. Frontiers in Microbiology (2023) PMID:37485536; Ilaria Maria Saracino et al. Antibiotics PMID:33919811; Trung Thien Tran et al. BMC Microbiology PMID:35114945	37485536;33919811;35114945	2ee3d208-7f4e-5982-8a41-ff0104053a95;d5c16799-2dde-598d-851c-ab1fecd5f1e8;233575b0-29bf-59ee-9cd3-aafe04560c58	6;19;34	T556S	T556S	6ca9eaa199a2	mutation	2	84cd8501d39dfaa4	Qwen/Qwen3.6-35B-A3B	open-access	50	hybrid	2026-09-18T11:48:46Z		local	http://mango.cels.anl.gov:8004/v1	a227d37747f7182f
Helicobacter pylori	pbp1A	T593	Amoxicillin resistance	reported	[6]	1		Kevin Guzman et al. Frontiers in Microbiology (2023) PMID:37485536	37485536	2ee3d208-7f4e-5982-8a41-ff0104053a95	6			6ca9eaa199a2	mutation	2	84cd8501d39dfaa4	Qwen/Qwen3.6-35B-A3B	open-access	50	hybrid	2026-09-18T11:48:46Z		local	http://mango.cels.anl.gov:8004/v1	a227d37747f7182f
Helicobacter pylori	pbp1A	R649K	Amoxicillin resistance	reported	[6]	4		Kevin Guzman et al. Frontiers in Microbiology (2023) PMID:37485536; Soon Young Park et al. Antibiotics PMID:37107110	37485536;37107110	2ee3d208-7f4e-5982-8a41-ff0104053a95;4bab9eec-5188-5113-8806-fc2905828022;143a28bf-5698-5823-9a2e-7a075d380bfa;5fb55cb6-3dc6-58d0-b1df-364359bc7d49	6;17;23;49			6ca9eaa199a2	mutation	2	84cd8501d39dfaa4	Qwen/Qwen3.6-35B-A3B	open-access	50	hybrid	2026-09-18T11:48:46Z		local	http://mango.cels.anl.gov:8004/v1	a227d37747f7182f
Helicobacter pylori	pbp1A	R656P	Amoxicillin resistance	reported	[6]	3		Kevin Guzman et al. Frontiers in Microbiology (2023) PMID:37485536; Soon Young Park et al. Antibiotics PMID:37107110	37485536;37107110	2ee3d208-7f4e-5982-8a41-ff0104053a95;4bab9eec-5188-5113-8806-fc2905828022;5fb55cb6-3dc6-58d0-b1df-364359bc7d49	6;17;49			6ca9eaa199a2	mutation	2	84cd8501d39dfaa4	Qwen/Qwen3.6-35B-A3B	open-access	50	hybrid	2026-09-18T11:48:46Z		local	http://mango.cels.anl.gov:8004/v1	a227d37747f7182f
Helicobacter pylori	pbp1A	R656H	Amoxicillin resistance	reported	[6]	1		Kevin Guzman et al. Frontiers in Microbiology (2023) PMID:37485536	37485536	2ee3d208-7f4e-5982-8a41-ff0104053a95	6			6ca9eaa199a2	mutation	2	84cd8501d39dfaa4	Qwen/Qwen3.6-35B-A3B	open-access	50	hybrid	2026-09-18T11:48:46Z		local	http://mango.cels.anl.gov:8004/v1	a227d37747f7182f
Helicobacter pylori	pbp1A	F366L	Amoxicillin resistance	reported	[12]	5		Phuc Hoang Bui et al. BMC Microbiology PMID:40312324; Evariste Tshibangu-Kabamba et al. Microorganisms PMID:32545318; Trung Thien Tran et al. BMC Microbiology PMID:35114945; Ilaria Maria Saracino et al. Antibiotics PMID:33919811	40312324;32545318;35114945;33919811	74720424-02ee-5d3e-a9e0-62bae0111924;cffd2de2-b82a-556e-841c-e32df9f5dde4;cb6a685b-4958-5eb3-8e61-14e1143b68c0;233575b0-29bf-59ee-9cd3-aafe04560c58;d5c16799-2dde-598d-851c-ab1fecd5f1e8	12;14;18;19;34	F366L	F366L	6ca9eaa199a2	mutation	2	84cd8501d39dfaa4	Qwen/Qwen3.6-35B-A3B	open-access	50	hybrid	2026-09-18T11:48:46Z		local	http://mango.cels.anl.gov:8004/v1	a227d37747f7182f
Helicobacter pylori	pbp1A	S414R	Amoxicillin resistance	reported	[12]	5		Phuc Hoang Bui et al. BMC Microbiology PMID:40312324; Soon Young Park et al. Antibiotics PMID:37107110; Trung Thien Tran et al. BMC Microbiology PMID:35114945; Ilaria Maria Saracino et al. Antibiotics PMID:33919811	40312324;37107110;35114945;33919811	74720424-02ee-5d3e-a9e0-62bae0111924;4bab9eec-5188-5113-8806-fc2905828022;cb6a685b-4958-5eb3-8e61-14e1143b68c0;233575b0-29bf-59ee-9cd3-aafe04560c58;d5c16799-2dde-598d-851c-ab1fecd5f1e8	12;17;18;19;34	S414R	S414R	6ca9eaa199a2	mutation	2	84cd8501d39dfaa4	Qwen/Qwen3.6-35B-A3B	open-access	50	hybrid	2026-09-18T11:48:46Z		local	http://mango.cels.anl.gov:8004/v1	a227d37747f7182f
Helicobacter pylori	pbp1A	F473V	Amoxicillin resistance	reported	[12]	3		Phuc Hoang Bui et al. BMC Microbiology PMID:40312324; Trung Thien Tran et al. BMC Microbiology PMID:35114945	40312324;35114945	74720424-02ee-5d3e-a9e0-62bae0111924;cb6a685b-4958-5eb3-8e61-14e1143b68c0;233575b0-29bf-59ee-9cd3-aafe04560c58	12;18;34	F473V	F473V	6ca9eaa199a2	mutation	2	84cd8501d39dfaa4	Qwen/Qwen3.6-35B-A3B	open-access	50	hybrid	2026-09-18T11:48:46Z		local	http://mango.cels.anl.gov:8004/v1	a227d37747f7182f
Helicobacter pylori	pbp1A	G595_V596insE	Amoxicillin resistance	reported	[12]	1		Phuc Hoang Bui et al. BMC Microbiology PMID:40312324	40312324	74720424-02ee-5d3e-a9e0-62bae0111924	12			6ca9eaa199a2	mutation	2	84cd8501d39dfaa4	Qwen/Qwen3.6-35B-A3B	open-access	50	hybrid	2026-09-18T11:48:46Z		local	http://mango.cels.anl.gov:8004/v1	a227d37747f7182f
Helicobacter pylori	pbp1A	T558S	Amoxicillin resistance	reported	[12]	3		Phuc Hoang Bui et al. BMC Microbiology PMID:40312324; Evariste Tshibangu-Kabamba et al. Microorganisms PMID:32545318; Ilaria Maria Saracino et al. Antibiotics PMID:33919811	40312324;32545318;33919811	74720424-02ee-5d3e-a9e0-62bae0111924;cffd2de2-b82a-556e-841c-e32df9f5dde4;d5c16799-2dde-598d-851c-ab1fecd5f1e8	12;14;19			6ca9eaa199a2	mutation	2	84cd8501d39dfaa4	Qwen/Qwen3.6-35B-A3B	open-access	50	hybrid	2026-09-18T11:48:46Z		local	http://mango.cels.anl.gov:8004/v1	a227d37747f7182f
Helicobacter pylori	pbp1A	T593A	Amoxicillin resistance	reported	[12]	2		Phuc Hoang Bui et al. BMC Microbiology PMID:40312324; Ilaria Maria Saracino et al. Antibiotics PMID:33919811	40312324;33919811	74720424-02ee-5d3e-a9e0-62bae0111924;d5c16799-2dde-598d-851c-ab1fecd5f1e8	12;19			6ca9eaa199a2	mutation	2	84cd8501d39dfaa4	Qwen/Qwen3.6-35B-A3B	open-access	50	hybrid	2026-09-18T11:48:46Z		local	http://mango.cels.anl.gov:8004/v1	a227d37747f7182f
Helicobacter pylori	pbp1A	T593G	Amoxicillin resistance	reported	[12]	2		Phuc Hoang Bui et al. BMC Microbiology PMID:40312324; Ilaria Maria Saracino et al. Antibiotics PMID:33919811	40312324;33919811	74720424-02ee-5d3e-a9e0-62bae0111924;d5c16799-2dde-598d-851c-ab1fecd5f1e8	12;19			6ca9eaa199a2	mutation	2	84cd8501d39dfaa4	Qwen/Qwen3.6-35B-A3B	open-access	50	hybrid	2026-09-18T11:48:46Z		local	http://mango.cels.anl.gov:8004/v1	a227d37747f7182f
Helicobacter pylori	pbp1A	T593P	Amoxicillin resistance	reported	[12]	1		Phuc Hoang Bui et al. BMC Microbiology PMID:40312324	40312324	74720424-02ee-5d3e-a9e0-62bae0111924	12			6ca9eaa199a2	mutation	2	84cd8501d39dfaa4	Qwen/Qwen3.6-35B-A3B	open-access	50	hybrid	2026-09-18T11:48:46Z		local	http://mango.cels.anl.gov:8004/v1	a227d37747f7182f
Helicobacter pylori	pbp1A	T593S	Amoxicillin resistance	reported	[12]	2		Phuc Hoang Bui et al. BMC Microbiology PMID:40312324; Ilaria Maria Saracino et al. Antibiotics PMID:33919811	40312324;33919811	74720424-02ee-5d3e-a9e0-62bae0111924;d5c16799-2dde-598d-851c-ab1fecd5f1e8	12;19			6ca9eaa199a2	mutation	2	84cd8501d39dfaa4	Qwen/Qwen3.6-35B-A3B	open-access	50	hybrid	2026-09-18T11:48:46Z		local	http://mango.cels.anl.gov:8004/v1	a227d37747f7182f
Helicobacter pylori	pbp1A	V374L	Amoxicillin resistance	reported	[16]	2		Asif Sukri et al. Antibiotics PMID:36290049; Soon Young Park et al. Antibiotics PMID:37107110	36290049;37107110	1365dfa1-57ab-532a-a752-94d4ba18c572;4bab9eec-5188-5113-8806-fc2905828022	16;17			6ca9eaa199a2	mutation	2	84cd8501d39dfaa4	Qwen/Qwen3.6-35B-A3B	open-access	50	hybrid	2026-09-18T11:48:46Z		local	http://mango.cels.anl.gov:8004/v1	a227d37747f7182f
Helicobacter pylori	pbp1A	G595_V596InsG	Amoxicillin resistance	reported	[16]	1		Asif Sukri et al. Antibiotics PMID:36290049	36290049	1365dfa1-57ab-532a-a752-94d4ba18c572	16			6ca9eaa199a2	mutation	2	84cd8501d39dfaa4	Qwen/Qwen3.6-35B-A3B	open-access	50	hybrid	2026-09-18T11:48:46Z		local	http://mango.cels.anl.gov:8004/v1	a227d37747f7182f
Helicobacter pylori	pbp1A	V346L	Amoxicillin resistance	reported	[16]	1		Asif Sukri et al. Antibiotics PMID:36290049	36290049	1365dfa1-57ab-532a-a752-94d4ba18c572	16			6ca9eaa199a2	mutation	2	84cd8501d39dfaa4	Qwen/Qwen3.6-35B-A3B	open-access	50	hybrid	2026-09-18T11:48:46Z		local	http://mango.cels.anl.gov:8004/v1	a227d37747f7182f
Helicobacter pylori	pbp1A	Y604H	Amoxicillin resistance	reported	[16]	1		Asif Sukri et al. Antibiotics PMID:36290049	36290049	1365dfa1-57ab-532a-a752-94d4ba18c572	16			6ca9eaa199a2	mutation	2	84cd8501d39dfaa4	Qwen/Qwen3.6-35B-A3B	open-access	50	hybrid	2026-09-18T11:48:46Z		local	http://mango.cels.anl.gov:8004/v1	a227d37747f7182f
Helicobacter pylori	pbp1A	N608S	Amoxicillin resistance	reported	[16]	1		Asif Sukri et al. Antibiotics PMID:36290049	36290049	1365dfa1-57ab-532a-a752-94d4ba18c572	16			6ca9eaa199a2	mutation	2	84cd8501d39dfaa4	Qwen/Qwen3.6-35B-A3B	open-access	50	hybrid	2026-09-18T11:48:46Z		local	http://mango.cels.anl.gov:8004/v1	a227d37747f7182f
Helicobacter pylori	pbp1A	A69V	Amoxicillin resistance	reported	[17]	1		Soon Young Park et al. Antibiotics PMID:37107110	37107110	4bab9eec-5188-5113-8806-fc2905828022	17			6ca9eaa199a2	mutation	2	84cd8501d39dfaa4	Qwen/Qwen3.6-35B-A3B	open-access	50	hybrid	2026-09-18T11:48:46Z		local	http://mango.cels.anl.gov:8004/v1	a227d37747f7182f
Helicobacter pylori	pbp1A	T503I	Amoxicillin resistance	reported	[17]	1		Soon Young Park et al. Antibiotics PMID:37107110	37107110	4bab9eec-5188-5113-8806-fc2905828022	17			6ca9eaa199a2	mutation	2	84cd8501d39dfaa4	Qwen/Qwen3.6-35B-A3B	open-access	50	hybrid	2026-09-18T11:48:46Z		local	http://mango.cels.anl.gov:8004/v1	a227d37747f7182f
Helicobacter pylori	pbp1A	A592D	Amoxicillin resistance	reported	[17]	1		Soon Young Park et al. Antibiotics PMID:37107110	37107110	4bab9eec-5188-5113-8806-fc2905828022	17			6ca9eaa199a2	mutation	2	84cd8501d39dfaa4	Qwen/Qwen3.6-35B-A3B	open-access	50	hybrid	2026-09-18T11:48:46Z		local	http://mango.cels.anl.gov:8004/v1	a227d37747f7182f
Helicobacter pylori	pbp1A	M17V	Amoxicillin resistance	reported	[17]	2		Soon Young Park et al. Antibiotics PMID:37107110	37107110	4bab9eec-5188-5113-8806-fc2905828022;5fb55cb6-3dc6-58d0-b1df-364359bc7d49	17;49			6ca9eaa199a2	mutation	2	84cd8501d39dfaa4	Qwen/Qwen3.6-35B-A3B	open-access	50	hybrid	2026-09-18T11:48:46Z		local	http://mango.cels.anl.gov:8004/v1	a227d37747f7182f
Helicobacter pylori	pbp1a	F125L	Amoxicillin resistance	reported	[17]	3		Soon Young Park et al. Antibiotics PMID:37107110	37107110	4bab9eec-5188-5113-8806-fc2905828022;143a28bf-5698-5823-9a2e-7a075d380bfa;5fb55cb6-3dc6-58d0-b1df-364359bc7d49	17;23;49			6ca9eaa199a2	mutation	2	84cd8501d39dfaa4	Qwen/Qwen3.6-35B-A3B	open-access	50	hybrid	2026-09-18T11:48:46Z		local	http://mango.cels.anl.gov:8004/v1	a227d37747f7182f
Helicobacter pylori	pbp1a	D479E	Amoxicillin resistance	reported	[17]	4		Soon Young Park et al. Antibiotics PMID:37107110; Trung Thien Tran et al. BMC Microbiology PMID:35114945	37107110;35114945	4bab9eec-5188-5113-8806-fc2905828022;143a28bf-5698-5823-9a2e-7a075d380bfa;5fb55cb6-3dc6-58d0-b1df-364359bc7d49;e7d88d68-324a-53ee-b7e1-f328910713fa	17;22;23;49	D479E	D479E	6ca9eaa199a2	mutation	2	84cd8501d39dfaa4	Qwen/Qwen3.6-35B-A3B	open-access	50	hybrid	2026-09-18T11:48:46Z		local	http://mango.cels.anl.gov:8004/v1	a227d37747f7182f
Helicobacter pylori	pbp1a	D535N	Amoxicillin resistance	reported	[17]	4		Soon Young Park et al. Antibiotics PMID:37107110; Trung Thien Tran et al. BMC Microbiology PMID:35114945	37107110;35114945	4bab9eec-5188-5113-8806-fc2905828022;143a28bf-5698-5823-9a2e-7a075d380bfa;5fb55cb6-3dc6-58d0-b1df-364359bc7d49;e7d88d68-324a-53ee-b7e1-f328910713fa	17;22;23;49	D535N	D535N	6ca9eaa199a2	mutation	2	84cd8501d39dfaa4	Qwen/Qwen3.6-35B-A3B	open-access	50	hybrid	2026-09-18T11:48:46Z		local	http://mango.cels.anl.gov:8004/v1	a227d37747f7182f
Helicobacter pylori	pbp1a	S589G	Amoxicillin resistance	reported	[17]	4		Soon Young Park et al. Antibiotics PMID:37107110; Trung Thien Tran et al. BMC Microbiology PMID:35114945	37107110;35114945	4bab9eec-5188-5113-8806-fc2905828022;143a28bf-5698-5823-9a2e-7a075d380bfa;5fb55cb6-3dc6-58d0-b1df-364359bc7d49;e7d88d68-324a-53ee-b7e1-f328910713fa	17;22;23;49	S589G	S589G	6ca9eaa199a2	mutation	2	84cd8501d39dfaa4	Qwen/Qwen3.6-35B-A3B	open-access	50	hybrid	2026-09-18T11:48:46Z		local	http://mango.cels.anl.gov:8004/v1	a227d37747f7182f
Helicobacter pylori	pbp1a	K648Q	Amoxicillin resistance	reported	[17]	3		Soon Young Park et al. Antibiotics PMID:37107110	37107110	4bab9eec-5188-5113-8806-fc2905828022;143a28bf-5698-5823-9a2e-7a075d380bfa;5fb55cb6-3dc6-58d0-b1df-364359bc7d49	17;23;49			6ca9eaa199a2	mutation	2	84cd8501d39dfaa4	Qwen/Qwen3.6-35B-A3B	open-access	50	hybrid	2026-09-18T11:48:46Z		local	http://mango.cels.anl.gov:8004/v1	a227d37747f7182f
Helicobacter pylori	pbp1A	S405N	Amoxicillin resistance	reported	[19]	1		Ilaria Maria Saracino et al. Antibiotics PMID:33919811	33919811	d5c16799-2dde-598d-851c-ab1fecd5f1e8	19			6ca9eaa199a2	mutation	2	84cd8501d39dfaa4	Qwen/Qwen3.6-35B-A3B	open-access	50	hybrid	2026-09-18T11:48:46Z		local	http://mango.cels.anl.gov:8004/v1	a227d37747f7182f
Helicobacter pylori	pbp1A	A474T	Amoxicillin resistance	reported	[19]	1		Ilaria Maria Saracino et al. Antibiotics PMID:33919811	33919811	d5c16799-2dde-598d-851c-ab1fecd5f1e8	19			6ca9eaa199a2	mutation	2	84cd8501d39dfaa4	Qwen/Qwen3.6-35B-A3B	open-access	50	hybrid	2026-09-18T11:48:46Z		local	http://mango.cels.anl.gov:8004/v1	a227d37747f7182f
Helicobacter pylori	pbp1A	N562H	Amoxicillin resistance	reported	[19]	1		Ilaria Maria Saracino et al. Antibiotics PMID:33919811	33919811	d5c16799-2dde-598d-851c-ab1fecd5f1e8	19			6ca9eaa199a2	mutation	2	84cd8501d39dfaa4	Qwen/Qwen3.6-35B-A3B	open-access	50	hybrid	2026-09-18T11:48:46Z		local	http://mango.cels.anl.gov:8004/v1	a227d37747f7182f
Helicobacter pylori	pbp1A	S402G	Amoxicillin resistance	reported	[19]	1		Ilaria Maria Saracino et al. Antibiotics PMID:33919811	33919811	d5c16799-2dde-598d-851c-ab1fecd5f1e8	19			6ca9eaa199a2	mutation	2	84cd8501d39dfaa4	Qwen/Qwen3.6-35B-A3B	open-access	50	hybrid	2026-09-18T11:48:46Z		local	http://mango.cels.anl.gov:8004/v1	a227d37747f7182f
Helicobacter pylori	pbp1A	T593K	Amoxicillin resistance	reported	[19]	1		Ilaria Maria Saracino et al. Antibiotics PMID:33919811	33919811	d5c16799-2dde-598d-851c-ab1fecd5f1e8	19			6ca9eaa199a2	mutation	2	84cd8501d39dfaa4	Qwen/Qwen3.6-35B-A3B	open-access	50	hybrid	2026-09-18T11:48:46Z		local	http://mango.cels.anl.gov:8004/v1	a227d37747f7182f
Helicobacter pylori	pbp1A	P366L	Amoxicillin resistance	reported	[21]	1		Chunling Li et al. Frontiers in Cellular and Infection Microbiology (2026) PMID:42328159	42328159	3689c57b-3dd5-5bf4-9e45-136ec2063437	21			6ca9eaa199a2	mutation	2	84cd8501d39dfaa4	Qwen/Qwen3.6-35B-A3B	open-access	50	hybrid	2026-09-18T11:48:46Z		local	http://mango.cels.anl.gov:8004/v1	a227d37747f7182f
Helicobacter pylori	pbp1A	A369T	Amoxicillin resistance	reported	[21]	1		Chunling Li et al. Frontiers in Cellular and Infection Microbiology (2026) PMID:42328159	42328159	3689c57b-3dd5-5bf4-9e45-136ec2063437	21			6ca9eaa199a2	mutation	2	84cd8501d39dfaa4	Qwen/Qwen3.6-35B-A3B	open-access	50	hybrid	2026-09-18T11:48:46Z		local	http://mango.cels.anl.gov:8004/v1	a227d37747f7182f
Helicobacter pylori	pbp1A	N504D	Amoxicillin resistance	reported	[22]	1		Trung Thien Tran et al. BMC Microbiology PMID:35114945	35114945	e7d88d68-324a-53ee-b7e1-f328910713fa	22	N504D	Asn504Asp	6ca9eaa199a2	mutation	2	84cd8501d39dfaa4	Qwen/Qwen3.6-35B-A3B	open-access	50	hybrid	2026-09-18T11:48:46Z		local	http://mango.cels.anl.gov:8004/v1	a227d37747f7182f
Helicobacter pylori	pbp1A	G595_V596insS	Amoxicillin resistance	reported	[30]	1		Pingping Wang et al. Frontiers in Cellular and Infection Microbiology (2025) PMID:41561082	41561082	4169c9c4-a4b5-5fc1-8889-d032064899d0	30			6ca9eaa199a2	mutation	2	84cd8501d39dfaa4	Qwen/Qwen3.6-35B-A3B	open-access	50	hybrid	2026-09-18T11:48:46Z		local	http://mango.cels.anl.gov:8004/v1	a227d37747f7182f
Helicobacter pylori	pbp1A	1392_1393insAAA	Amoxicillin resistance	reported	[30]	1		Pingping Wang et al. Frontiers in Cellular and Infection Microbiology (2025) PMID:41561082	41561082	4169c9c4-a4b5-5fc1-8889-d032064899d0	30			6ca9eaa199a2	mutation	2	84cd8501d39dfaa4	Qwen/Qwen3.6-35B-A3B	open-access	50	hybrid	2026-09-18T11:48:46Z		local	http://mango.cels.anl.gov:8004/v1	a227d37747f7182f
Helicobacter pylori	pbp1A	K464dup	Amoxicillin resistance	reported	[30]	1		Pingping Wang et al. Frontiers in Cellular and Infection Microbiology (2025) PMID:41561082	41561082	4169c9c4-a4b5-5fc1-8889-d032064899d0	30			6ca9eaa199a2	mutation	2	84cd8501d39dfaa4	Qwen/Qwen3.6-35B-A3B	open-access	50	hybrid	2026-09-18T11:48:46Z		local	http://mango.cels.anl.gov:8004/v1	a227d37747f7182f
Helicobacter pylori	pbp1a	T30S	Amoxicillin resistance	reported	[27]	1		Kartika Afrida Fauzia et al. Antibiotics PMID:36830189	36830189	c449360f-1513-5ecb-808b-c4f41e12450e	27			6ca9eaa199a2	mutation	2	84cd8501d39dfaa4	Qwen/Qwen3.6-35B-A3B	open-access	50	hybrid	2026-09-18T11:48:46Z		local	http://mango.cels.anl.gov:8004/v1	a227d37747f7182f
Helicobacter pylori	pbp1A	E406A	Amoxicillin resistance	reported	[34]	1		Trung Thien Tran et al. BMC Microbiology PMID:35114945	35114945	233575b0-29bf-59ee-9cd3-aafe04560c58	34	E406A	Glu406Ala	6ca9eaa199a2	mutation	2	84cd8501d39dfaa4	Qwen/Qwen3.6-35B-A3B	open-access	50	hybrid	2026-09-18T11:48:46Z		local	http://mango.cels.anl.gov:8004/v1	a227d37747f7182f
Helicobacter pylori	pbp1A	S417T	Amoxicillin resistance	reported	[34]	1		Trung Thien Tran et al. BMC Microbiology PMID:35114945	35114945	233575b0-29bf-59ee-9cd3-aafe04560c58	34	S417T	Ser417Thr	6ca9eaa199a2	mutation	2	84cd8501d39dfaa4	Qwen/Qwen3.6-35B-A3B	open-access	50	hybrid	2026-09-18T11:48:46Z		local	http://mango.cels.anl.gov:8004/v1	a227d37747f7182f
Helicobacter pylori	pbp1A	T540I	Amoxicillin resistance	reported	[34]	1		Trung Thien Tran et al. BMC Microbiology PMID:35114945	35114945	233575b0-29bf-59ee-9cd3-aafe04560c58	34	T540I	Thr540Ile	6ca9eaa199a2	mutation	2	84cd8501d39dfaa4	Qwen/Qwen3.6-35B-A3B	open-access	50	hybrid	2026-09-18T11:48:46Z		local	http://mango.cels.anl.gov:8004/v1	a227d37747f7182f
Helicobacter pylori	pbp1A	S542R	Amoxicillin resistance	reported	[34]	1		Trung Thien Tran et al. BMC Microbiology PMID:35114945	35114945	233575b0-29bf-59ee-9cd3-aafe04560c58	34	S542R	Ser542Arg	6ca9eaa199a2	mutation	2	84cd8501d39dfaa4	Qwen/Qwen3.6-35B-A3B	open-access	50	hybrid	2026-09-18T11:48:46Z		local	http://mango.cels.anl.gov:8004/v1	a227d37747f7182f
Helicobacter pylori	pbp1A	T555S	Amoxicillin resistance	reported	[34]	1		Trung Thien Tran et al. BMC Microbiology PMID:35114945	35114945	233575b0-29bf-59ee-9cd3-aafe04560c58	34	T555S	Thr555Ser	6ca9eaa199a2	mutation	2	84cd8501d39dfaa4	Qwen/Qwen3.6-35B-A3B	open-access	50	hybrid	2026-09-18T11:48:46Z		local	http://mango.cels.anl.gov:8004/v1	a227d37747f7182f
Helicobacter pylori	pbp1A	N561Y	Amoxicillin resistance	reported	[34]	1		Trung Thien Tran et al. BMC Microbiology PMID:35114945	35114945	233575b0-29bf-59ee-9cd3-aafe04560c58	34	N561Y	Asn561Tyr	6ca9eaa199a2	mutation	2	84cd8501d39dfaa4	Qwen/Qwen3.6-35B-A3B	open-access	50	hybrid	2026-09-18T11:48:46Z		local	http://mango.cels.anl.gov:8004/v1	a227d37747f7182f
Helicobacter pylori	pbp1	F366L	Amoxicillin resistance	reported	[29]	1	off_target_gene	Bui Hoang Phuc et al. Scientific Reports PMID:37258611	37258611	0608df10-af08-5564-8c00-442832c9c772	29			6ca9eaa199a2	mutation	2	84cd8501d39dfaa4	Qwen/Qwen3.6-35B-A3B	open-access	50	hybrid	2026-09-18T11:48:46Z		local	http://mango.cels.anl.gov:8004/v1	a227d37747f7182f
Helicobacter pylori	pbp1	S414R	Amoxicillin resistance	reported	[29]	1	off_target_gene	Bui Hoang Phuc et al. Scientific Reports PMID:37258611	37258611	0608df10-af08-5564-8c00-442832c9c772	29			6ca9eaa199a2	mutation	2	84cd8501d39dfaa4	Qwen/Qwen3.6-35B-A3B	open-access	50	hybrid	2026-09-18T11:48:46Z		local	http://mango.cels.anl.gov:8004/v1	a227d37747f7182f
Helicobacter pylori	pbp1	K464insE	Amoxicillin resistance	reported	[29]	1	off_target_gene	Bui Hoang Phuc et al. Scientific Reports PMID:37258611	37258611	0608df10-af08-5564-8c00-442832c9c772	29			6ca9eaa199a2	mutation	2	84cd8501d39dfaa4	Qwen/Qwen3.6-35B-A3B	open-access	50	hybrid	2026-09-18T11:48:46Z		local	http://mango.cels.anl.gov:8004/v1	a227d37747f7182f
Helicobacter pylori	pbp1	D473E	Amoxicillin resistance	reported	[29]	1	off_target_gene	Bui Hoang Phuc et al. Scientific Reports PMID:37258611	37258611	0608df10-af08-5564-8c00-442832c9c772	29			6ca9eaa199a2	mutation	2	84cd8501d39dfaa4	Qwen/Qwen3.6-35B-A3B	open-access	50	hybrid	2026-09-18T11:48:46Z		local	http://mango.cels.anl.gov:8004/v1	a227d37747f7182f
Streptococcus pyogenes	pbp2x	T553K	Reduced susceptibility to β-lactams (ampicillin, amoxicillin, cefotaxime); Reduced susceptibility to β-lactams	reported	[25]	5	merged_variants:Phenotype	Virginia Girlando et al. Microorganisms PMID:40572286; Rosana Rocha Barros et al. Antibiotics PMID:34439023; Isabell Schütt et al. Virulence (2025) PMID:41437515; Yuan Li et al. Frontiers in Microbiology (2020) PMID:32849323; Dingle Yu et al. Frontiers in Cellular and Infection Microbiology (2023) PMID:37065204	40572286;34439023;41437515;32849323;37065204	ff8a3727-3038-5b2c-85e0-5960dbb6dc61;cc7ad46b-7016-5031-9ab1-1f82453364c3;d31607a0-423a-5d0c-8fcf-e36a8086b438;b6e03029-7936-5b58-95a9-bd4ba887ceb2;0730b746-e569-51ea-aa85-87c2aeed8b90	25;28;35;41;44			825598bea063	mutation	2	84cd8501d39dfaa4	Qwen/Qwen3.6-35B-A3B	open-access	50	hybrid	2026-09-18T11:48:50Z		local	http://mango.cels.anl.gov:8004/v1	812b511b2d97f0c1
Streptococcus pyogenes	pbp2x	P601L	Reduced susceptibility to β-lactams	reported	[35]	2		Isabell Schütt et al. Virulence (2025) PMID:41437515; Dingle Yu et al. Frontiers in Cellular and Infection Microbiology (2023) PMID:37065204	41437515;37065204	d31607a0-423a-5d0c-8fcf-e36a8086b438;8a4871a2-705c-5d21-acbe-2984839108c7	35;36			825598bea063	mutation	2	84cd8501d39dfaa4	Qwen/Qwen3.6-35B-A3B	open-access	50	hybrid	2026-09-18T11:48:50Z		local	http://mango.cels.anl.gov:8004/v1	812b511b2d97f0c1
Streptococcus pyogenes	pbp2x	M593T	Reduced susceptibility to β-lactams	reported	[35]	1		Isabell Schütt et al. Virulence (2025) PMID:41437515	41437515	d31607a0-423a-5d0c-8fcf-e36a8086b438	35			825598bea063	mutation	2	84cd8501d39dfaa4	Qwen/Qwen3.6-35B-A3B	open-access	50	hybrid	2026-09-18T11:48:50Z		local	http://mango.cels.anl.gov:8004/v1	812b511b2d97f0c1
Streptococcus pyogenes	pbp2x	Chimeric PBP2x (SDSE-like)	Reduced susceptibility to β-lactams	reported	[24]	3		Dingle Yu et al. Frontiers in Cellular and Infection Microbiology (2023) PMID:37065204	37065204	cc7e0347-d16b-51cc-ba67-65b215fea97c;1b0f42e2-93a3-5a02-81eb-b7da9c4b8d5f;8a4871a2-705c-5d21-acbe-2984839108c7	24;29;36			825598bea063	mutation	2	84cd8501d39dfaa4	Qwen/Qwen3.6-35B-A3B	open-access	50	hybrid	2026-09-18T11:48:50Z		local	http://mango.cels.anl.gov:8004/v1	812b511b2d97f0c1
Enterococcus faecium	pbp5	mutations in the pbp5 gene	ampicillin resistance	reported	1	5		Daniel E. Radford-Smith et al. Antibiotics PMID:40426588; Ana M. Guzman Prieto et al. Frontiers in Microbiology (2016) PMID:27303380; Pengfei Cui et al. Frontiers in Microbiology (2020) PMID:32595625; Adele Lombardi et al. Pathogens PMID:40430803; Ewa Sadowy et al. BMC Microbiology PMID:24629030	40426588;27303380;32595625;40430803;24629030	f753fcc3-3bff-5f89-a21c-0fea9af2715a;a23f3ed5-fbd4-539a-9be9-e1e7956f8337;07adfadd-882f-57f3-8b80-2f8c9a65ea3f;ad8c03c8-74ce-51ed-8243-4f3042499d32;6c17c53a-da43-5963-8573-e12474f5b3c8	1;5;19;33;35			8208627f125e	mutation	2	84cd8501d39dfaa4	Qwen/Qwen3.6-35B-A3B	open-access	50	hybrid	2026-09-18T11:48:57Z		local	http://mango.cels.anl.gov:8004/v1	c03ff0b680773b83
Enterococcus faecium	pbp5	Overproduction of PBP5	High level resistance to penicillin, ampicillin, piperacillin and carbapenems	reported	2	1		Laura Herrera-Hidalgo et al. Antibiotics PMID:37107066	37107066	1a708cf8-9a31-53cc-b0ab-de54dd72877b	2			8208627f125e	mutation	2	84cd8501d39dfaa4	Qwen/Qwen3.6-35B-A3B	open-access	50	hybrid	2026-09-18T11:48:57Z		local	http://mango.cels.anl.gov:8004/v1	c03ff0b680773b83
Enterococcus faecium	pbp5	Δpbp5 (markerless deletion)	ampicillin susceptibility (MIC 0.2 μg/ml)	measured	6	1		Xinglin Zhang et al. PLoS Genetics PMID:22761597	22761597	192b0124-1f7d-561e-8dc7-01eefe58a109	6			8208627f125e	mutation	2	84cd8501d39dfaa4	Qwen/Qwen3.6-35B-A3B	open-access	50	hybrid	2026-09-18T11:48:57Z		local	http://mango.cels.anl.gov:8004/v1	c03ff0b680773b83
Enterococcus faecium	pbp5	mutations of the pbp5 gene	ampicillin resistance	reported	7	1		Joana Gião et al. Antibiotics PMID:35625259	35625259	9bc74150-c316-5de4-9466-6e49333ec220	7			8208627f125e	mutation	2	84cd8501d39dfaa4	Qwen/Qwen3.6-35B-A3B	open-access	50	hybrid	2026-09-18T11:48:57Z		local	http://mango.cels.anl.gov:8004/v1	c03ff0b680773b83
Enterococcus faecium	pbp5	mutations in the amino acid gene sequence	penicillin and cephalosporin resistance	reported	12	1		Catarina Geraldes et al. Antibiotics PMID:35884110	35884110	aa44ce3c-d5cd-542f-a530-78405450bca3	12			8208627f125e	mutation	2	84cd8501d39dfaa4	Qwen/Qwen3.6-35B-A3B	open-access	50	hybrid	2026-09-18T11:48:57Z		local	http://mango.cels.anl.gov:8004/v1	c03ff0b680773b83
Enterococcus faecium	pbp5	V24A	ampicillin resistance	reported	21	4		Joshua Mbanga et al. Frontiers in Microbiology (2021) PMID:34194401	34194401	fc8580f8-39bc-561e-9551-2f284d87eac0;8afb61ea-5600-5832-8241-b60af3f4f481	21;22			8208627f125e	mutation	2	84cd8501d39dfaa4	Qwen/Qwen3.6-35B-A3B	open-access	50	hybrid	2026-09-18T11:48:57Z		local	http://mango.cels.anl.gov:8004/v1	c03ff0b680773b83
Enterococcus faecium	pbp5	S27G	ampicillin resistance	reported	21	4		Joshua Mbanga et al. Frontiers in Microbiology (2021) PMID:34194401	34194401	fc8580f8-39bc-561e-9551-2f284d87eac0;8afb61ea-5600-5832-8241-b60af3f4f481	21;22			8208627f125e	mutation	2	84cd8501d39dfaa4	Qwen/Qwen3.6-35B-A3B	open-access	50	hybrid	2026-09-18T11:48:57Z		local	http://mango.cels.anl.gov:8004/v1	c03ff0b680773b83
Enterococcus faecium	pbp5	K144Q	ampicillin resistance	reported	21	4		Joshua Mbanga et al. Frontiers in Microbiology (2021) PMID:34194401	34194401	fc8580f8-39bc-561e-9551-2f284d87eac0;8afb61ea-5600-5832-8241-b60af3f4f481	21;22			8208627f125e	mutation	2	84cd8501d39dfaa4	Qwen/Qwen3.6-35B-A3B	open-access	50	hybrid	2026-09-18T11:48:57Z		local	http://mango.cels.anl.gov:8004/v1	c03ff0b680773b83
Enterococcus faecium	pbp5	T324A	ampicillin resistance	reported	21	3		Joshua Mbanga et al. Frontiers in Microbiology (2021) PMID:34194401	34194401	fc8580f8-39bc-561e-9551-2f284d87eac0;8afb61ea-5600-5832-8241-b60af3f4f481	21;22			8208627f125e	mutation	2	84cd8501d39dfaa4	Qwen/Qwen3.6-35B-A3B	open-access	50	hybrid	2026-09-18T11:48:57Z		local	http://mango.cels.anl.gov:8004/v1	c03ff0b680773b83
Enterococcus faecium	pbp5	T25A	ampicillin resistance	reported	21	6		Joshua Mbanga et al. Frontiers in Microbiology (2021) PMID:34194401	34194401	fc8580f8-39bc-561e-9551-2f284d87eac0;8afb61ea-5600-5832-8241-b60af3f4f481	21;22			8208627f125e	mutation	2	84cd8501d39dfaa4	Qwen/Qwen3.6-35B-A3B	open-access	50	hybrid	2026-09-18T11:48:57Z		local	http://mango.cels.anl.gov:8004/v1	c03ff0b680773b83
Enterococcus faecium	pbp5	S39T	ampicillin resistance	reported	21	6		Joshua Mbanga et al. Frontiers in Microbiology (2021) PMID:34194401	34194401	fc8580f8-39bc-561e-9551-2f284d87eac0;8afb61ea-5600-5832-8241-b60af3f4f481	21;22			8208627f125e	mutation	2	84cd8501d39dfaa4	Qwen/Qwen3.6-35B-A3B	open-access	50	hybrid	2026-09-18T11:48:57Z		local	http://mango.cels.anl.gov:8004/v1	c03ff0b680773b83
Enterococcus faecium	pbp5	A73T	ampicillin resistance	reported	21	3		Joshua Mbanga et al. Frontiers in Microbiology (2021) PMID:34194401	34194401	fc8580f8-39bc-561e-9551-2f284d87eac0;8afb61ea-5600-5832-8241-b60af3f4f481	21;22			8208627f125e	mutation	2	84cd8501d39dfaa4	Qwen/Qwen3.6-35B-A3B	open-access	50	hybrid	2026-09-18T11:48:57Z		local	http://mango.cels.anl.gov:8004/v1	c03ff0b680773b83
Enterococcus faecium	pbp5	D644N	ampicillin resistance	reported	21	5		Joshua Mbanga et al. Frontiers in Microbiology (2021) PMID:34194401	34194401	fc8580f8-39bc-561e-9551-2f284d87eac0;8afb61ea-5600-5832-8241-b60af3f4f481	21;22			8208627f125e	mutation	2	84cd8501d39dfaa4	Qwen/Qwen3.6-35B-A3B	open-access	50	hybrid	2026-09-18T11:48:57Z		local	http://mango.cels.anl.gov:8004/v1	c03ff0b680773b83
Enterococcus faecium	pbp5	R34Q	ampicillin resistance	reported	21	1		Joshua Mbanga et al. Frontiers in Microbiology (2021) PMID:34194401	34194401	fc8580f8-39bc-561e-9551-2f284d87eac0	21			8208627f125e	mutation	2	84cd8501d39dfaa4	Qwen/Qwen3.6-35B-A3B	open-access	50	hybrid	2026-09-18T11:48:57Z		local	http://mango.cels.anl.gov:8004/v1	c03ff0b680773b83
Enterococcus faecium	pbp5	G66E	ampicillin resistance	reported	21	1		Joshua Mbanga et al. Frontiers in Microbiology (2021) PMID:34194401	34194401	fc8580f8-39bc-561e-9551-2f284d87eac0	21			8208627f125e	mutation	2	84cd8501d39dfaa4	Qwen/Qwen3.6-35B-A3B	open-access	50	hybrid	2026-09-18T11:48:57Z		local	http://mango.cels.anl.gov:8004/v1	c03ff0b680773b83
Enterococcus faecium	pbp5	E100Q	ampicillin resistance	reported	21	1		Joshua Mbanga et al. Frontiers in Microbiology (2021) PMID:34194401	34194401	fc8580f8-39bc-561e-9551-2f284d87eac0	21			8208627f125e	mutation	2	84cd8501d39dfaa4	Qwen/Qwen3.6-35B-A3B	open-access	50	hybrid	2026-09-18T11:48:57Z		local	http://mango.cels.anl.gov:8004/v1	c03ff0b680773b83
Enterococcus faecium	pbp5	T172A	ampicillin resistance	reported	21	1		Joshua Mbanga et al. Frontiers in Microbiology (2021) PMID:34194401	34194401	fc8580f8-39bc-561e-9551-2f284d87eac0	21			8208627f125e	mutation	2	84cd8501d39dfaa4	Qwen/Qwen3.6-35B-A3B	open-access	50	hybrid	2026-09-18T11:48:57Z		local	http://mango.cels.anl.gov:8004/v1	c03ff0b680773b83
Enterococcus faecium	pbp5	L177I	ampicillin resistance	reported	21	1		Joshua Mbanga et al. Frontiers in Microbiology (2021) PMID:34194401	34194401	fc8580f8-39bc-561e-9551-2f284d87eac0	21			8208627f125e	mutation	2	84cd8501d39dfaa4	Qwen/Qwen3.6-35B-A3B	open-access	50	hybrid	2026-09-18T11:48:57Z		local	http://mango.cels.anl.gov:8004/v1	c03ff0b680773b83
Enterococcus faecium	pbp5	A216S	ampicillin resistance	reported	21	1		Joshua Mbanga et al. Frontiers in Microbiology (2021) PMID:34194401	34194401	fc8580f8-39bc-561e-9551-2f284d87eac0	21			8208627f125e	mutation	2	84cd8501d39dfaa4	Qwen/Qwen3.6-35B-A3B	open-access	50	hybrid	2026-09-18T11:48:57Z		local	http://mango.cels.anl.gov:8004/v1	c03ff0b680773b83
Enterococcus faecium	pbp5	N496K	ampicillin resistance	reported	21	1		Joshua Mbanga et al. Frontiers in Microbiology (2021) PMID:34194401	34194401	fc8580f8-39bc-561e-9551-2f284d87eac0	21			8208627f125e	mutation	2	84cd8501d39dfaa4	Qwen/Qwen3.6-35B-A3B	open-access	50	hybrid	2026-09-18T11:48:57Z		local	http://mango.cels.anl.gov:8004/v1	c03ff0b680773b83
Enterococcus faecium	pbp5	A499I	ampicillin resistance	reported	21	1		Joshua Mbanga et al. Frontiers in Microbiology (2021) PMID:34194401	34194401	fc8580f8-39bc-561e-9551-2f284d87eac0	21			8208627f125e	mutation	2	84cd8501d39dfaa4	Qwen/Qwen3.6-35B-A3B	open-access	50	hybrid	2026-09-18T11:48:57Z		local	http://mango.cels.anl.gov:8004/v1	c03ff0b680773b83
Enterococcus faecium	pbp5	E525D	ampicillin resistance	reported	21	1		Joshua Mbanga et al. Frontiers in Microbiology (2021) PMID:34194401	34194401	fc8580f8-39bc-561e-9551-2f284d87eac0	21			8208627f125e	mutation	2	84cd8501d39dfaa4	Qwen/Qwen3.6-35B-A3B	open-access	50	hybrid	2026-09-18T11:48:57Z		local	http://mango.cels.anl.gov:8004/v1	c03ff0b680773b83
Enterococcus faecium	pbp5	A401S	ampicillin resistance	reported	21	1		Joshua Mbanga et al. Frontiers in Microbiology (2021) PMID:34194401	34194401	fc8580f8-39bc-561e-9551-2f284d87eac0	21			8208627f125e	mutation	2	84cd8501d39dfaa4	Qwen/Qwen3.6-35B-A3B	open-access	50	hybrid	2026-09-18T11:48:57Z		local	http://mango.cels.anl.gov:8004/v1	c03ff0b680773b83
Enterococcus faecium	pbp5	K2E	ampicillin resistance	reported	22	1		Joshua Mbanga et al. Frontiers in Microbiology (2021) PMID:34194401	34194401	8afb61ea-5600-5832-8241-b60af3f4f481	22			8208627f125e	mutation	2	84cd8501d39dfaa4	Qwen/Qwen3.6-35B-A3B	open-access	50	hybrid	2026-09-18T11:48:57Z		local	http://mango.cels.anl.gov:8004/v1	c03ff0b680773b83
Enterococcus faecium	pbp5	R347C	ampicillin resistance	reported	22	1		Joshua Mbanga et al. Frontiers in Microbiology (2021) PMID:34194401	34194401	8afb61ea-5600-5832-8241-b60af3f4f481	22			8208627f125e	mutation	2	84cd8501d39dfaa4	Qwen/Qwen3.6-35B-A3B	open-access	50	hybrid	2026-09-18T11:48:57Z		local	http://mango.cels.anl.gov:8004/v1	c03ff0b680773b83
Enterococcus faecium	pbp5	R390C	ampicillin resistance	reported	22	1		Joshua Mbanga et al. Frontiers in Microbiology (2021) PMID:34194401	34194401	8afb61ea-5600-5832-8241-b60af3f4f481	22			8208627f125e	mutation	2	84cd8501d39dfaa4	Qwen/Qwen3.6-35B-A3B	open-access	50	hybrid	2026-09-18T11:48:57Z		local	http://mango.cels.anl.gov:8004/v1	c03ff0b680773b83
Enterococcus faecium	pbp5	R474G	ampicillin resistance	reported	22	1		Joshua Mbanga et al. Frontiers in Microbiology (2021) PMID:34194401	34194401	8afb61ea-5600-5832-8241-b60af3f4f481	22			8208627f125e	mutation	2	84cd8501d39dfaa4	Qwen/Qwen3.6-35B-A3B	open-access	50	hybrid	2026-09-18T11:48:57Z		local	http://mango.cels.anl.gov:8004/v1	c03ff0b680773b83
Enterococcus faecium	pbp5	Y475C	ampicillin resistance	reported	22	1		Joshua Mbanga et al. Frontiers in Microbiology (2021) PMID:34194401	34194401	8afb61ea-5600-5832-8241-b60af3f4f481	22			8208627f125e	mutation	2	84cd8501d39dfaa4	Qwen/Qwen3.6-35B-A3B	open-access	50	hybrid	2026-09-18T11:48:57Z		local	http://mango.cels.anl.gov:8004/v1	c03ff0b680773b83
Enterococcus faecium	pbp5	K492Q	ampicillin resistance	reported	22	1		Joshua Mbanga et al. Frontiers in Microbiology (2021) PMID:34194401	34194401	8afb61ea-5600-5832-8241-b60af3f4f481	22			8208627f125e	mutation	2	84cd8501d39dfaa4	Qwen/Qwen3.6-35B-A3B	open-access	50	hybrid	2026-09-18T11:48:57Z		local	http://mango.cels.anl.gov:8004/v1	c03ff0b680773b83
Enterococcus faecium	pbp5	K501E	ampicillin resistance	reported	22	1		Joshua Mbanga et al. Frontiers in Microbiology (2021) PMID:34194401	34194401	8afb61ea-5600-5832-8241-b60af3f4f481	22			8208627f125e	mutation	2	84cd8501d39dfaa4	Qwen/Qwen3.6-35B-A3B	open-access	50	hybrid	2026-09-18T11:48:57Z		local	http://mango.cels.anl.gov:8004/v1	c03ff0b680773b83
Enterococcus faecium	pbp5	L573I	ampicillin resistance	reported	22	1		Joshua Mbanga et al. Frontiers in Microbiology (2021) PMID:34194401	34194401	8afb61ea-5600-5832-8241-b60af3f4f481	22			8208627f125e	mutation	2	84cd8501d39dfaa4	Qwen/Qwen3.6-35B-A3B	open-access	50	hybrid	2026-09-18T11:48:57Z		local	http://mango.cels.anl.gov:8004/v1	c03ff0b680773b83
Enterococcus faecium	pbp5	S622N	ampicillin resistance	reported	22	1		Joshua Mbanga et al. Frontiers in Microbiology (2021) PMID:34194401	34194401	8afb61ea-5600-5832-8241-b60af3f4f481	22			8208627f125e	mutation	2	84cd8501d39dfaa4	Qwen/Qwen3.6-35B-A3B	open-access	50	hybrid	2026-09-18T11:48:57Z		local	http://mango.cels.anl.gov:8004/v1	c03ff0b680773b83
Enterococcus faecium	pbp5	E646K	ampicillin resistance	reported	22	1		Joshua Mbanga et al. Frontiers in Microbiology (2021) PMID:34194401	34194401	8afb61ea-5600-5832-8241-b60af3f4f481	22			8208627f125e	mutation	2	84cd8501d39dfaa4	Qwen/Qwen3.6-35B-A3B	open-access	50	hybrid	2026-09-18T11:48:57Z		local	http://mango.cels.anl.gov:8004/v1	c03ff0b680773b83
Enterococcus faecium	pbp5	K647E	ampicillin resistance	reported	22	1		Joshua Mbanga et al. Frontiers in Microbiology (2021) PMID:34194401	34194401	8afb61ea-5600-5832-8241-b60af3f4f481	22			8208627f125e	mutation	2	84cd8501d39dfaa4	Qwen/Qwen3.6-35B-A3B	open-access	50	hybrid	2026-09-18T11:48:57Z		local	http://mango.cels.anl.gov:8004/v1	c03ff0b680773b83
Enterococcus faecium	pbp5	V684A	ampicillin resistance	reported	22	1		Joshua Mbanga et al. Frontiers in Microbiology (2021) PMID:34194401	34194401	8afb61ea-5600-5832-8241-b60af3f4f481	22			8208627f125e	mutation	2	84cd8501d39dfaa4	Qwen/Qwen3.6-35B-A3B	open-access	50	hybrid	2026-09-18T11:48:57Z		local	http://mango.cels.anl.gov:8004/v1	c03ff0b680773b83
Enterococcus faecium	pbp5	25 amino acid changes including insertion of aspartic acid at position 466	ampicillin resistance	reported	23	1		Cindy-Love Tremblay et al. Frontiers in Microbiology (2013) PMID:23986753	23986753	44627255-ec9a-5fdd-a9bf-ea8ed29ecef6	23			8208627f125e	mutation	2	84cd8501d39dfaa4	Qwen/Qwen3.6-35B-A3B	open-access	50	hybrid	2026-09-18T11:48:57Z		local	http://mango.cels.anl.gov:8004/v1	c03ff0b680773b83
Enterococcus faecium	pbp5	T500I	ampicillin resistance	reported	26	1		Leonardo G. Panunzi et al. Frontiers in Microbiology (2020) PMID:32117104	32117104	8285d87a-59fe-532b-8003-c65bae353424	26			8208627f125e	mutation	2	84cd8501d39dfaa4	Qwen/Qwen3.6-35B-A3B	open-access	50	hybrid	2026-09-18T11:48:57Z		local	http://mango.cels.anl.gov:8004/v1	c03ff0b680773b83
Enterococcus faecium	pbp5	E630V	ampicillin resistance	reported	26	1		Leonardo G. Panunzi et al. Frontiers in Microbiology (2020) PMID:32117104	32117104	8285d87a-59fe-532b-8003-c65bae353424	26			8208627f125e	mutation	2	84cd8501d39dfaa4	Qwen/Qwen3.6-35B-A3B	open-access	50	hybrid	2026-09-18T11:48:57Z		local	http://mango.cels.anl.gov:8004/v1	c03ff0b680773b83
Enterococcus faecium	pbp5	serine or aspartate codon insertion at position 467	ampicillin resistance	reported	26	1		Leonardo G. Panunzi et al. Frontiers in Microbiology (2020) PMID:32117104	32117104	8285d87a-59fe-532b-8003-c65bae353424	26			8208627f125e	mutation	2	84cd8501d39dfaa4	Qwen/Qwen3.6-35B-A3B	open-access	50	hybrid	2026-09-18T11:48:57Z		local	http://mango.cels.anl.gov:8004/v1	c03ff0b680773b83
Enterococcus faecium	pbp5	M486A	ampicillin resistance	reported	26	1		Leonardo G. Panunzi et al. Frontiers in Microbiology (2020) PMID:32117104	32117104	8285d87a-59fe-532b-8003-c65bae353424	26			8208627f125e	mutation	2	84cd8501d39dfaa4	Qwen/Qwen3.6-35B-A3B	open-access	50	hybrid	2026-09-18T11:48:57Z		local	http://mango.cels.anl.gov:8004/v1	c03ff0b680773b83
Enterococcus faecium	pbp5	P668S	ampicillin resistance	reported	26	1		Leonardo G. Panunzi et al. Frontiers in Microbiology (2020) PMID:32117104	32117104	8285d87a-59fe-532b-8003-c65bae353424	26			8208627f125e	mutation	2	84cd8501d39dfaa4	Qwen/Qwen3.6-35B-A3B	open-access	50	hybrid	2026-09-18T11:48:57Z		local	http://mango.cels.anl.gov:8004/v1	c03ff0b680773b83
Enterococcus faecium	pbp5	pbp5-R allele	ampicillin resistance	reported	39	1		Xiang Qin et al. BMC Microbiology PMID:22769602	22769602	8d8248be-ab5b-5980-9626-537f065ceb92	39			8208627f125e	mutation	2	84cd8501d39dfaa4	Qwen/Qwen3.6-35B-A3B	open-access	50	hybrid	2026-09-18T11:48:57Z		local	http://mango.cels.anl.gov:8004/v1	c03ff0b680773b83
Enterococcus faecium	pbp5	Ser-466 insertion	ampicillin resistance	reported	40	1		Catarina Geraldes et al. Antibiotics PMID:35884110	35884110	ad73a52f-987b-53f1-a07c-6d0e4d0d945c	40			8208627f125e	mutation	2	84cd8501d39dfaa4	Qwen/Qwen3.6-35B-A3B	open-access	50	hybrid	2026-09-18T11:48:57Z		local	http://mango.cels.anl.gov:8004/v1	c03ff0b680773b83
Enterococcus faecium	pbp5	Met-485 → Ala/Thr	ampicillin resistance	reported	40	1		Catarina Geraldes et al. Antibiotics PMID:35884110	35884110	ad73a52f-987b-53f1-a07c-6d0e4d0d945c	40			8208627f125e	mutation	2	84cd8501d39dfaa4	Qwen/Qwen3.6-35B-A3B	open-access	50	hybrid	2026-09-18T11:48:57Z		local	http://mango.cels.anl.gov:8004/v1	c03ff0b680773b83
Enterococcus faecium	pbp5	E629V	ampicillin resistance	reported	40	1		Catarina Geraldes et al. Antibiotics PMID:35884110	35884110	ad73a52f-987b-53f1-a07c-6d0e4d0d945c	40	E629V	Glu-629 → Val	8208627f125e	mutation	2	84cd8501d39dfaa4	Qwen/Qwen3.6-35B-A3B	open-access	50	hybrid	2026-09-18T11:48:57Z		local	http://mango.cels.anl.gov:8004/v1	c03ff0b680773b83
Enterococcus faecium	pbp5	D496K	ampicillin resistance	reported	40	1		Catarina Geraldes et al. Antibiotics PMID:35884110	35884110	ad73a52f-987b-53f1-a07c-6d0e4d0d945c	40	D496K	Asp-496 → Lys	8208627f125e	mutation	2	84cd8501d39dfaa4	Qwen/Qwen3.6-35B-A3B	open-access	50	hybrid	2026-09-18T11:48:57Z		local	http://mango.cels.anl.gov:8004/v1	c03ff0b680773b83
Enterococcus faecium	pbp5	mutations within the pbp5 gene	ampicillin resistance	reported	47	1		L B Rice et al. Emerging Infectious Diseases (2001) PMID:11294702	11294702	375cda3c-8d36-5bd4-8e6e-bef78e5a9c90	47			8208627f125e	mutation	2	84cd8501d39dfaa4	Qwen/Qwen3.6-35B-A3B	open-access	50	hybrid	2026-09-18T11:48:57Z		local	http://mango.cels.anl.gov:8004/v1	c03ff0b680773b83
Enterococcus faecium	pbp5	S8/R13-type hybrid-like pbp5 gene	ampicillin resistance	reported	45	1		Igor Loncaric et al. PLOS ONE (2021) PMID:39331631	39331631	7a00d106-e4f5-5d5a-ba5e-85eca95d8e09	45			8208627f125e	mutation	2	84cd8501d39dfaa4	Qwen/Qwen3.6-35B-A3B	open-access	50	hybrid	2026-09-18T11:48:57Z		local	http://mango.cels.anl.gov:8004/v1	c03ff0b680773b83
Pseudomonas aeruginosa	pbpA	D329G	β-lactam resistance	reported	[23]	1		Catalina Díaz-Ríos et al. Antibiotics PMID:33922748	33922748	2ff842c2-0753-535b-ac8c-fb32844977a3	23			ae70c00e2e54	mutation	2	84cd8501d39dfaa4	Qwen/Qwen3.6-35B-A3B	open-access	50	hybrid	2026-09-18T11:49:01Z		local	http://mango.cels.anl.gov:8004/v1	0a11b305d247d112
Pseudomonas aeruginosa	pbpA	L353Q	β-lactam resistance	reported	[23]	1		Catalina Díaz-Ríos et al. Antibiotics PMID:33922748	33922748	2ff842c2-0753-535b-ac8c-fb32844977a3	23			ae70c00e2e54	mutation	2	84cd8501d39dfaa4	Qwen/Qwen3.6-35B-A3B	open-access	50	hybrid	2026-09-18T11:49:01Z		local	http://mango.cels.anl.gov:8004/v1	0a11b305d247d112
Pseudomonas aeruginosa	pbpA	L240V	β-lactam resistance	measured	[11]	1		Karl A Glen et al. Journal of Antimicrobial Chemotherapy PMID:39001778	39001778	76148cb6-a8ee-541f-aea9-71c61012aeaf	11			ae70c00e2e54	mutation	2	84cd8501d39dfaa4	Qwen/Qwen3.6-35B-A3B	open-access	50	hybrid	2026-09-18T11:49:01Z		local	http://mango.cels.anl.gov:8004/v1	0a11b305d247d112
Pseudomonas aeruginosa	pbpA	A244T	β-lactam resistance	measured	[11]	1		Karl A Glen et al. Journal of Antimicrobial Chemotherapy PMID:39001778	39001778	76148cb6-a8ee-541f-aea9-71c61012aeaf	11			ae70c00e2e54	mutation	2	84cd8501d39dfaa4	Qwen/Qwen3.6-35B-A3B	open-access	50	hybrid	2026-09-18T11:49:01Z		local	http://mango.cels.anl.gov:8004/v1	0a11b305d247d112
Pseudomonas aeruginosa	pbpA	Y367C	β-lactam resistance	measured	[11]	1		Karl A Glen et al. Journal of Antimicrobial Chemotherapy PMID:39001778	39001778	76148cb6-a8ee-541f-aea9-71c61012aeaf	11			ae70c00e2e54	mutation	2	84cd8501d39dfaa4	Qwen/Qwen3.6-35B-A3B	open-access	50	hybrid	2026-09-18T11:49:01Z		local	http://mango.cels.anl.gov:8004/v1	0a11b305d247d112
Pseudomonas aeruginosa	pbpA	V465G	β-lactam resistance	measured	[11]	1		Karl A Glen et al. Journal of Antimicrobial Chemotherapy PMID:39001778	39001778	76148cb6-a8ee-541f-aea9-71c61012aeaf	11			ae70c00e2e54	mutation	2	84cd8501d39dfaa4	Qwen/Qwen3.6-35B-A3B	open-access	50	hybrid	2026-09-18T11:49:01Z		local	http://mango.cels.anl.gov:8004/v1	0a11b305d247d112
Pseudomonas aeruginosa	pbpA	V471G	β-lactam resistance	measured	[11]	1		Karl A Glen et al. Journal of Antimicrobial Chemotherapy PMID:39001778	39001778	76148cb6-a8ee-541f-aea9-71c61012aeaf	11			ae70c00e2e54	mutation	2	84cd8501d39dfaa4	Qwen/Qwen3.6-35B-A3B	open-access	50	hybrid	2026-09-18T11:49:01Z		local	http://mango.cels.anl.gov:8004/v1	0a11b305d247d112
Pseudomonas aeruginosa	pbpA	R504C	β-lactam resistance	measured	[11]	1		Karl A Glen et al. Journal of Antimicrobial Chemotherapy PMID:39001778	39001778	76148cb6-a8ee-541f-aea9-71c61012aeaf	11			ae70c00e2e54	mutation	2	84cd8501d39dfaa4	Qwen/Qwen3.6-35B-A3B	open-access	50	hybrid	2026-09-18T11:49:01Z		local	http://mango.cels.anl.gov:8004/v1	0a11b305d247d112
Pseudomonas aeruginosa	pbpA	F507L	β-lactam resistance	measured	[11]	1		Karl A Glen et al. Journal of Antimicrobial Chemotherapy PMID:39001778	39001778	76148cb6-a8ee-541f-aea9-71c61012aeaf	11			ae70c00e2e54	mutation	2	84cd8501d39dfaa4	Qwen/Qwen3.6-35B-A3B	open-access	50	hybrid	2026-09-18T11:49:01Z		local	http://mango.cels.anl.gov:8004/v1	0a11b305d247d112
Pseudomonas aeruginosa	pbpA	I524T	β-lactam resistance	measured	[11]	1		Karl A Glen et al. Journal of Antimicrobial Chemotherapy PMID:39001778	39001778	76148cb6-a8ee-541f-aea9-71c61012aeaf	11			ae70c00e2e54	mutation	2	84cd8501d39dfaa4	Qwen/Qwen3.6-35B-A3B	open-access	50	hybrid	2026-09-18T11:49:01Z		local	http://mango.cels.anl.gov:8004/v1	0a11b305d247d112
Pseudomonas aeruginosa	pbpA	P527S	β-lactam resistance	measured	[11]	1		Karl A Glen et al. Journal of Antimicrobial Chemotherapy PMID:39001778	39001778	76148cb6-a8ee-541f-aea9-71c61012aeaf	11			ae70c00e2e54	mutation	2	84cd8501d39dfaa4	Qwen/Qwen3.6-35B-A3B	open-access	50	hybrid	2026-09-18T11:49:01Z		local	http://mango.cels.anl.gov:8004/v1	0a11b305d247d112
Pseudomonas aeruginosa	pbpA	F533L	β-lactam resistance	measured	[11]	1		Karl A Glen et al. Journal of Antimicrobial Chemotherapy PMID:39001778	39001778	76148cb6-a8ee-541f-aea9-71c61012aeaf	11			ae70c00e2e54	mutation	2	84cd8501d39dfaa4	Qwen/Qwen3.6-35B-A3B	open-access	50	hybrid	2026-09-18T11:49:01Z		local	http://mango.cels.anl.gov:8004/v1	0a11b305d247d112
Pseudomonas aeruginosa	pbpA	V537L	β-lactam resistance	measured	[11]	1		Karl A Glen et al. Journal of Antimicrobial Chemotherapy PMID:39001778	39001778	76148cb6-a8ee-541f-aea9-71c61012aeaf	11			ae70c00e2e54	mutation	2	84cd8501d39dfaa4	Qwen/Qwen3.6-35B-A3B	open-access	50	hybrid	2026-09-18T11:49:01Z		local	http://mango.cels.anl.gov:8004/v1	0a11b305d247d112
Pseudomonas aeruginosa	pbpA	L219V	β-lactam resistance	reported	[37]	1		Roberta Genova et al. International Journal of Molecular Sciences PMID:37108055	37108055	5a3be09a-5f9f-566c-a223-90e28b1a7781	37			ae70c00e2e54	mutation	2	84cd8501d39dfaa4	Qwen/Qwen3.6-35B-A3B	open-access	50	hybrid	2026-09-18T11:49:01Z		local	http://mango.cels.anl.gov:8004/v1	0a11b305d247d112
Staphylococcus aureus	pbp4	E183A	Antimicrobial resistance (ceftobiprole)	measured	[20]	1		Nidhi Satishkumar et al. Microorganisms PMID:42075313	42075313	19921b7c-678b-5133-b751-86dc63d7486a	20			bd0dc9c932a9	mutation	2	84cd8501d39dfaa4	Qwen/Qwen3.6-35B-A3B	open-access	50	hybrid	2026-09-18T11:49:03Z		local	http://mango.cels.anl.gov:8004/v1	3026e651b96c9c6d
Staphylococcus aureus	pbp4	F241R	Antimicrobial resistance (ceftobiprole)	measured	[20]	1		Nidhi Satishkumar et al. Microorganisms PMID:42075313	42075313	19921b7c-678b-5133-b751-86dc63d7486a	20			bd0dc9c932a9	mutation	2	84cd8501d39dfaa4	Qwen/Qwen3.6-35B-A3B	open-access	50	hybrid	2026-09-18T11:49:03Z		local	http://mango.cels.anl.gov:8004/v1	3026e651b96c9c6d
Staphylococcus aureus	pbp4	N138K	Antimicrobial resistance (ceftaroline/ceftobiprole)	measured	[6]	1		Alexander L. Greninger et al. PLoS ONE PMID:26890675	26890675	18235a5b-9562-53ed-a825-441421ae970e	6			bd0dc9c932a9	mutation	2	84cd8501d39dfaa4	Qwen/Qwen3.6-35B-A3B	open-access	50	hybrid	2026-09-18T11:49:03Z		local	http://mango.cels.anl.gov:8004/v1	3026e651b96c9c6d
Staphylococcus aureus	pbp4	N138I	Antimicrobial resistance (ceftaroline)	measured	[45]	1		Alexander L. Greninger et al. PLoS ONE PMID:26890675	26890675	5fee9e8f-c52d-5848-976b-38e17f8f9cd8	45			bd0dc9c932a9	mutation	2	84cd8501d39dfaa4	Qwen/Qwen3.6-35B-A3B	open-access	50	hybrid	2026-09-18T11:49:03Z		local	http://mango.cels.anl.gov:8004/v1	3026e651b96c9c6d
Staphylococcus aureus	pbp4	R200L	Antimicrobial resistance (NGBs)	measured	[8]	1		Nidhi Satishkumar et al. Microorganisms PMID:42075313	42075313	01f53ca0-152f-5671-9762-4b0460c38707	8			bd0dc9c932a9	mutation	2	84cd8501d39dfaa4	Qwen/Qwen3.6-35B-A3B	open-access	50	hybrid	2026-09-18T11:49:03Z		local	http://mango.cels.anl.gov:8004/v1	3026e651b96c9c6d
Staphylococcus aureus	pbp4	T201A	Antimicrobial resistance (ceftaroline)	measured	[45]	1		Alexander L. Greninger et al. PLoS ONE PMID:26890675	26890675	5fee9e8f-c52d-5848-976b-38e17f8f9cd8	45			bd0dc9c932a9	mutation	2	84cd8501d39dfaa4	Qwen/Qwen3.6-35B-A3B	open-access	50	hybrid	2026-09-18T11:49:03Z		local	http://mango.cels.anl.gov:8004/v1	3026e651b96c9c6d
Staphylococcus aureus	pbp4	F241L	Antimicrobial resistance (ceftaroline)	measured	[45]	1		Alexander L. Greninger et al. PLoS ONE PMID:26890675	26890675	5fee9e8f-c52d-5848-976b-38e17f8f9cd8	45			bd0dc9c932a9	mutation	2	84cd8501d39dfaa4	Qwen/Qwen3.6-35B-A3B	open-access	50	hybrid	2026-09-18T11:49:03Z		local	http://mango.cels.anl.gov:8004/v1	3026e651b96c9c6d
Staphylococcus aureus	pbp4	H270L	Antimicrobial resistance (ceftaroline)	measured	[21]	1		Alexander L. Greninger et al. PLoS ONE PMID:26890675	26890675	54083ae5-f256-595d-abf6-8dd7397dc481	21			bd0dc9c932a9	mutation	2	84cd8501d39dfaa4	Qwen/Qwen3.6-35B-A3B	open-access	50	hybrid	2026-09-18T11:49:03Z		local	http://mango.cels.anl.gov:8004/v1	3026e651b96c9c6d
Staphylococcus aureus	pbp4	S75A	Antimicrobial resistance (β-lactams)	measured	[13]	1		Thaina M. da Costa et al. Microorganisms (2010) PMID:29932109	29932109	d99e2c87-85a3-50e1-b550-5ef13a666b15	13			bd0dc9c932a9	mutation	2	84cd8501d39dfaa4	Qwen/Qwen3.6-35B-A3B	open-access	50	hybrid	2026-09-18T11:49:03Z		local	http://mango.cels.anl.gov:8004/v1	3026e651b96c9c6d
Staphylococcus aureus	pbp4	Deletion of pbp4	Antimicrobial resistance (ceftobiprole)	measured	[20]	1		Nidhi Satishkumar et al. Microorganisms PMID:42075313	42075313	19921b7c-678b-5133-b751-86dc63d7486a	20			bd0dc9c932a9	mutation	2	84cd8501d39dfaa4	Qwen/Qwen3.6-35B-A3B	open-access	50	hybrid	2026-09-18T11:49:03Z		local	http://mango.cels.anl.gov:8004/v1	3026e651b96c9c6d
Staphylococcus aureus	pbp4	Promoter mutations (e.g., T to A substitution 266 bp upstream)	Antimicrobial resistance (NGBs)	measured	[8]	1		Nidhi Satishkumar et al. Microorganisms PMID:42075313	42075313	01f53ca0-152f-5671-9762-4b0460c38707	8			bd0dc9c932a9	mutation	2	84cd8501d39dfaa4	Qwen/Qwen3.6-35B-A3B	open-access	50	hybrid	2026-09-18T11:49:03Z		local	http://mango.cels.anl.gov:8004/v1	3026e651b96c9c6d
Staphylococcus aureus	pbp4	Promoter mutations (e.g., 11-bp deletion at -301 bp)	Antimicrobial resistance (ceftaroline)	measured	[21]	1		Alexander L. Greninger et al. PLoS ONE PMID:26890675	26890675	54083ae5-f256-595d-abf6-8dd7397dc481	21			bd0dc9c932a9	mutation	2	84cd8501d39dfaa4	Qwen/Qwen3.6-35B-A3B	open-access	50	hybrid	2026-09-18T11:49:03Z		local	http://mango.cels.anl.gov:8004/v1	3026e651b96c9c6d
Staphylococcus aureus	pbp4	Promoter mutations (e.g., single nucleotide insertion of thymidine at -377 bp)	Antimicrobial resistance (ceftaroline/ceftobiprole)	measured	[12]	1		Alexander L. Greninger et al. PLoS ONE PMID:26890675	26890675	b822df05-e7ce-5921-b163-c9aeefad84bb	12			bd0dc9c932a9	mutation	2	84cd8501d39dfaa4	Qwen/Qwen3.6-35B-A3B	open-access	50	hybrid	2026-09-18T11:49:03Z		local	http://mango.cels.anl.gov:8004/v1	3026e651b96c9c6d
Staphylococcus aureus	pbp4	Promoter mutations (e.g., 91 bp deletion beginning at -274 bp)	Antimicrobial resistance (ceftaroline)	measured	[21]	1		Alexander L. Greninger et al. PLoS ONE PMID:26890675	26890675	54083ae5-f256-595d-abf6-8dd7397dc481	21			bd0dc9c932a9	mutation	2	84cd8501d39dfaa4	Qwen/Qwen3.6-35B-A3B	open-access	50	hybrid	2026-09-18T11:49:03Z		local	http://mango.cels.anl.gov:8004/v1	3026e651b96c9c6d
Staphylococcus aureus	pbp4	Promoter mutations (e.g., 36 bp duplication 290 bp upstream)	Antimicrobial resistance (ceftobiprole)	measured	[20]	1		Nidhi Satishkumar et al. Microorganisms PMID:42075313	42075313	19921b7c-678b-5133-b751-86dc63d7486a	20			bd0dc9c932a9	mutation	2	84cd8501d39dfaa4	Qwen/Qwen3.6-35B-A3B	open-access	50	hybrid	2026-09-18T11:49:03Z		local	http://mango.cels.anl.gov:8004/v1	3026e651b96c9c6d
Staphylococcus aureus	pbp4	Promoter mutations (e.g., single nucleotide deletion of thymidine at -21 bp)	Antimicrobial resistance (ceftaroline)	measured	[45]	1		Alexander L. Greninger et al. PLoS ONE PMID:26890675	26890675	5fee9e8f-c52d-5848-976b-38e17f8f9cd8	45			bd0dc9c932a9	mutation	2	84cd8501d39dfaa4	Qwen/Qwen3.6-35B-A3B	open-access	50	hybrid	2026-09-18T11:49:03Z		local	http://mango.cels.anl.gov:8004/v1	3026e651b96c9c6d
Staphylococcus aureus	pbp4	Promoter mutations	Antimicrobial resistance (fifth-generation cephalosporins); Antimicrobial resistance (β-lactams); Antimicrobial resistance (ceftobiprole); Antimicrobial resistance (mecA-independent); Antimicrobial resistance (MRLM); Antimicrobial resistance (MODSA); Antimicrobial resistance (NGBs); Antimicrobial resistance (oxacillin)	reported	[3]	46	merged_variants:Phenotype	Thaina M. da Costa et al. Microorganisms (2010) PMID:29932109; M. Sartori et al. Frontiers in Microbiology (2025) PMID:41608681; Alexander L. Greninger et al. PLoS ONE PMID:26890675; Anna Sommer et al. Microbial Genomics PMID:34486969; Nidhi Satishkumar et al. Microorganisms PMID:42075313; Beata Mlynarczyk-Bonikowska et al. International Journal of Molecular Sciences PMID:35897667; Mikaeel Young et al. Antibiotics PMID:36290009; Melissa R Gitman et al. Journal of Antimicrobial Chemotherapy PMID:34368846; Xiaoliang Ba et al. Journal of Antimicrobial Chemotherapy PMID:24216768; Sabrina Di Gregorio et al. Antibiotics PMID:38927220; Ronit Vogt Sionov et al. Microorganisms PMID:35744757; Sarita Manandhar et al. BMC Infectious Diseases PMID:40234825; Louise Ruffier d'Epenoux et al. Emerging Infectious Diseases PMID:38407206; Karsten Becker et al. Emerging Infectious Diseases PMID:29350135; Clinical Microbiology and Infection (2011) DOI:10.1111/j.1469-0691.2011.03559.x; Paula Gagetti et al. Antibiotics PMID:34827237; Brittney D. Gimza et al. Frontiers in Immunology (2021) PMID:33643322; Xiao-Lei Zhang et al. BMC Infectious Diseases PMID:40025450; Kizito M. Muwonge et al. BMC Microbiology PMID:40121403; Xuehan Li et al. BMC Infectious Diseases PMID:31640587; Kawtar EL Harrak et al. BMC Infectious Diseases PMID:41832406; Drakhshaan et al. PLOS One PMID:41650131; Roberto Maya-Martinez et al. Frontiers in Microbiology (2018) PMID:30713527	29932109;41608681;26890675;34486969;42075313;35897667;36290009;34368846;24216768;38927220;35744757;40234825;38407206;29350135;34827237;33643322;40025450;40121403;31640587;41832406;41650131;30713527	fa9fbc6f-c405-5bfe-9a9a-6518864feedc;b0f58c11-d3ea-5860-8778-cfaf1357fda8;466b93fe-f8cd-500a-a13e-af19f55448ff;18235a5b-9562-53ed-a825-441421ae970e;b822df05-e7ce-5921-b163-c9aeefad84bb;16d77ec1-b61a-5048-a6eb-af05eb5825e9;5fee9e8f-c52d-5848-976b-38e17f8f9cd8;0ccd2b4f-baeb-57ae-b0dc-91df9e0619e5;dc5e5ff5-26db-55f2-a733-f10eed85c5b9;31df95a6-d354-596f-bb99-d194e0d8c1a3;cffeb734-f5f6-5145-8848-dcb5815e8fc8;a36c7438-40fa-5603-8575-0dc174da7d50;f944edd3-4a94-5750-acb4-56b9dcf3a1d8;47fb6ad2-b558-5d1c-9881-62bbf1bf5224;8e9b3c66-cdb4-51bf-8629-79dedb1eb900;5911fc81-f3ef-5ac2-93f1-aa36260a1b5e;0072240d-6bee-59c2-9352-3a6c96d0fd46;18a2d26e-41a5-5234-bff8-5b2b2448d705;58695a9b-d777-55fe-b47a-a838004cb8fc;d7b92a60-4912-5147-ad2d-4fd9395abe8e;bfc20773-d23f-5236-9d6c-5c224400935b;d4eb9fd3-d418-51be-85a1-9f1d3b7bec78;0e0c9878-4be7-58ea-a052-a1699763ff72;53681707-7694-51a0-b613-5bbff14044ba;67c82bac-569f-59f3-baa1-1262377ea34f;d1f17b11-7ee7-5824-b7b2-343a2b44b0f2;1edeeed8-1d91-546e-88dc-0fa2adf62d09;2f50f5f1-5018-51cc-b1a7-7b15f4adb83d;8aa80caf-227d-53ad-ba89-3772e079dead;aeb8d05e-d98c-529d-96d8-6b7a196834ae;e73280f8-5695-5c0e-a91a-80568f07725c;b66ce04d-77bb-5e7e-bebf-ef8c5829a199;eef3e00d-ea82-522e-bea4-c275097a9348	1;3;5;6;12;15;18;22;25;27;28;29;30;31;32;33;34;35;36;37;38;39;40;41;42;43;44;45;46;47;48;49;50			bd0dc9c932a9	mutation	2	84cd8501d39dfaa4	Qwen/Qwen3.6-35B-A3B	open-access	50	hybrid	2026-09-18T11:49:03Z		local	http://mango.cels.anl.gov:8004/v1	3026e651b96c9c6d
Staphylococcus aureus	parC	S80F	Antimicrobial resistance	measured; reported	1	326	merged_variants:Assertion	Madeeha Afzal et al. Pathogens PMID:36422605; Rachida Namoune et al. Microorganisms PMID:37630607; Emilia Cercenado et al. Journal of Antimicrobial Chemotherapy PMID:40836876; Silvia Bolaños et al. Antibiotics PMID:39061323; Daniel Gyamfi Amoako et al. Pathogens PMID:31569754; Tamara Lopes Rocha de Oliveira et al. Scientific Reports PMID:41699132	36422605;37630607;40836876;39061323;31569754;41699132	2ea583db-c5c6-5e04-b956-991a468458bc;bedab700-2db6-5963-a4eb-59df2b6237cd;af759157-0bc9-53ee-9342-bdf42cd81197;ab578a32-34fe-527a-9763-de15cbc013c6;fb9edded-fc87-59d1-b0a9-58f067b12b01;4140cac4-e9bc-5d1e-b086-23256c9c5989;4b4007f9-2ed3-55ae-b325-beb46ea1b6a2	1;5;10;13;28;31;34			e406d6943f53	mutation	2	84cd8501d39dfaa4	Qwen/Qwen3.6-35B-A3B	open-access	50	hybrid	2026-09-18T11:49:06Z		local	http://mango.cels.anl.gov:8004/v1	061edecba6589c14
Staphylococcus aureus	parC	S80Y	Antimicrobial resistance	reported; measured	34	8	merged_variants:Assertion	Daniel Gyamfi Amoako et al. Pathogens PMID:31569754; Ingrid Nayara Marcelino Santos et al. Microorganisms PMID:35744667; Etienne Ruppé et al. Scientific Reports PMID:28798333	31569754;35744667;28798333	4140cac4-e9bc-5d1e-b086-23256c9c5989;3b2d6711-eda6-56a6-b564-bac9293d3f5f;67985e99-6a4f-58ec-9e9e-fb73ab226549;5f5305b7-247a-547b-97aa-43c0306bbeef;da658b3f-b24b-544a-b03e-38e1b9d9c29b	15;17;18;30;34			e406d6943f53	mutation	2	84cd8501d39dfaa4	Qwen/Qwen3.6-35B-A3B	open-access	50	hybrid	2026-09-18T11:49:06Z		local	http://mango.cels.anl.gov:8004/v1	061edecba6589c14
Staphylococcus aureus	parC	E84K	Antimicrobial resistance	measured	28	2		Silvia Bolaños et al. Antibiotics PMID:39061323	39061323	ab578a32-34fe-527a-9763-de15cbc013c6;fb9edded-fc87-59d1-b0a9-58f067b12b01	28;31			e406d6943f53	mutation	2	84cd8501d39dfaa4	Qwen/Qwen3.6-35B-A3B	open-access	50	hybrid	2026-09-18T11:49:06Z		local	http://mango.cels.anl.gov:8004/v1	061edecba6589c14
Staphylococcus aureus	parC	E84Q	Antimicrobial resistance	measured	28	1		Silvia Bolaños et al. Antibiotics PMID:39061323	39061323	ab578a32-34fe-527a-9763-de15cbc013c6	28			e406d6943f53	mutation	2	84cd8501d39dfaa4	Qwen/Qwen3.6-35B-A3B	open-access	50	hybrid	2026-09-18T11:49:06Z		local	http://mango.cels.anl.gov:8004/v1	061edecba6589c14
Staphylococcus aureus	parC	E84G	Antimicrobial resistance	measured	28	2		Silvia Bolaños et al. Antibiotics PMID:39061323; Ingrid Nayara Marcelino Santos et al. Microorganisms PMID:35744667	39061323;35744667	ab578a32-34fe-527a-9763-de15cbc013c6;3b2d6711-eda6-56a6-b564-bac9293d3f5f	28;30			e406d6943f53	mutation	2	84cd8501d39dfaa4	Qwen/Qwen3.6-35B-A3B	open-access	50	hybrid	2026-09-18T11:49:06Z		local	http://mango.cels.anl.gov:8004/v1	061edecba6589c14
Staphylococcus aureus	parC	S80				1	column_count_mismatch;citation_not_in_sources							e406d6943f53	mutation	2	84cd8501d39dfaa4	Qwen/Qwen3.6-35B-A3B	open-access	50	hybrid	2026-09-18T11:49:06Z		local	http://mango.cels.anl.gov:8004/v1	061edecba6589c14
Burkholderia cepacia	penR		Antimicrobial resistance	Reported	[6]	1	missing:Mutation	Zhipeng Zhang et al. Frontiers in Microbiology (2023) PMID:36960295	36960295	3e37b26c-71ab-53a8-b1b3-f2b070999eac	6			f145d64d9a6f	mutation	2	84cd8501d39dfaa4	Qwen/Qwen3.6-35B-A3B	open-access	50	hybrid	2026-09-18T11:49:08Z		local	http://mango.cels.anl.gov:8004/v1	586f39e782757caa
Burkholderia cepacia	BCAM2166		Antimicrobial resistance	Reported	[25]	1	missing:Mutation;off_target_gene	Andrea Sass et al. BMC Genomics PMID:21781329	21781329	e9e4f79f-bff1-54fb-9bcf-9d34d4692052	25			f145d64d9a6f	mutation	2	84cd8501d39dfaa4	Qwen/Qwen3.6-35B-A3B	open-access	50	hybrid	2026-09-18T11:49:08Z		local	http://mango.cels.anl.gov:8004/v1	586f39e782757caa
Staphylococcus aureus	pgsA	S177F	daptomycin resistance	measured	[12]	1		Erica Lasek-Nesselquist et al. Frontiers in Microbiology (2019) PMID:30891010	30891010	cfa3d820-3ff9-5344-aafb-06e85fe7a843	12			f93ebbeea459	mutation	2	84cd8501d39dfaa4	Qwen/Qwen3.6-35B-A3B	open-access	50	hybrid	2026-09-18T11:49:10Z		local	http://mango.cels.anl.gov:8004/v1	9ddde29fbb742184
Staphylococcus aureus	pgsA		daptomycin resistance	reported	[2]	4	missing:Mutation	Anton Y. Peleg et al. PLoS ONE PMID:22238576; Adrienn Gréta Tóth et al. Antibiotics PMID:34827225; Swati Sucharita Satpathy et al. Scientific Reports PMID:40998902	22238576;34827225;40998902	39c5f6c0-2377-5a3c-b894-b58caab93c1f;dce8af3a-2372-5b0c-9e65-160856d291e7;a123d47e-095d-5f69-969a-e66573fdae92;5fafc202-3a5d-50b8-81cd-7125d1b0feaf	2;13;23;27			f93ebbeea459	mutation	2	84cd8501d39dfaa4	Qwen/Qwen3.6-35B-A3B	open-access	50	hybrid	2026-09-18T11:49:10Z		local	http://mango.cels.anl.gov:8004/v1	9ddde29fbb742184
Klebsiella pneumoniae	phoP	Klebsiella mutant phoP conferring antibiotic resistance to colistin	Antimicrobial resistance (colistin)	reported	1	1		Hengzhong Lun et al. Frontiers in Microbiology (2026) PMID:41859454	41859454	90e2ef23-fae6-578e-8dae-466179b7e8b5	1			c4ada9bef633	mutation	2	84cd8501d39dfaa4	Qwen/Qwen3.6-35B-A3B	open-access	50	hybrid	2026-09-18T11:49:13Z		local	http://mango.cels.anl.gov:8004/v1	59baba802a7e657c
Klebsiella pneumoniae	phoP	T151A	Antimicrobial resistance (colistin)	reported	7	1		Mudsser Azam et al. Frontiers in Microbiology (2021) PMID:33692764	33692764	61ebf372-2353-5fe8-b612-4fe17125c133	7			c4ada9bef633	mutation	2	84cd8501d39dfaa4	Qwen/Qwen3.6-35B-A3B	open-access	50	hybrid	2026-09-18T11:49:13Z		local	http://mango.cels.anl.gov:8004/v1	59baba802a7e657c
Klebsiella pneumoniae	phoP	L4F	Antimicrobial resistance (colistin)	reported	13	1		Annamária Főldes et al. Antibiotics PMID:36139950	36139950	ba7966de-5cf6-5bc6-affe-53e35d8c5134	13			c4ada9bef633	mutation	2	84cd8501d39dfaa4	Qwen/Qwen3.6-35B-A3B	open-access	50	hybrid	2026-09-18T11:49:13Z		local	http://mango.cels.anl.gov:8004/v1	59baba802a7e657c
Klebsiella pneumoniae	phoP	N135K	Antimicrobial resistance (colistin)	reported	17	1		Sophie Alexandra Baron et al. Eurosurveillance (2021) PMID:34047270	34047270	36ff0831-bd4f-50e2-a168-13df02d30fe5	17			c4ada9bef633	mutation	2	84cd8501d39dfaa4	Qwen/Qwen3.6-35B-A3B	open-access	50	hybrid	2026-09-18T11:49:13Z		local	http://mango.cels.anl.gov:8004/v1	59baba802a7e657c
Klebsiella pneumoniae	phoP	L26Q	Antimicrobial resistance (colistin)	predicted	13	1		Annamária Főldes et al. Antibiotics PMID:36139950	36139950	ba7966de-5cf6-5bc6-affe-53e35d8c5134	13			c4ada9bef633	mutation	2	84cd8501d39dfaa4	Qwen/Qwen3.6-35B-A3B	open-access	50	hybrid	2026-09-18T11:49:13Z		local	http://mango.cels.anl.gov:8004/v1	59baba802a7e657c
Klebsiella pneumoniae	phoP	V3F	Antimicrobial resistance (colistin)	reported	13	1		Annamária Főldes et al. Antibiotics PMID:36139950	36139950	ba7966de-5cf6-5bc6-affe-53e35d8c5134	13			c4ada9bef633	mutation	2	84cd8501d39dfaa4	Qwen/Qwen3.6-35B-A3B	open-access	50	hybrid	2026-09-18T11:49:13Z		local	http://mango.cels.anl.gov:8004/v1	59baba802a7e657c
Klebsiella pneumoniae	phoP	PhoP gene mutation	Antimicrobial resistance (colistin)	reported	5	3		Meghan Maguire et al. PLoS ONE PMID:33444384	33444384	43dede31-9bde-5857-979e-af26df9f190e;367d504a-5307-5b17-bd2a-4bdaf0a75e48;03527365-074d-52cd-bcda-0d6e4b15058d	5;15;16			c4ada9bef633	mutation	2	84cd8501d39dfaa4	Qwen/Qwen3.6-35B-A3B	open-access	50	hybrid	2026-09-18T11:49:13Z		local	http://mango.cels.anl.gov:8004/v1	59baba802a7e657c
Neisseria gonorrhoeae	penA	Asp345 insertion	Reduced susceptibility to penicillin; intermediate resistance to penicillin; Reduced susceptibility to penicillin	measured; reported	[3]	62	merged_variants:Phenotype;merged_variants:Assertion;unresolved_citation	Boris Shaskolskiy et al. PLoS ONE PMID:31344102; Tatum D Mortimer et al. The Lancet. Microbe PMID:35544098; Alexey Kubanov et al. BMC Infectious Diseases PMID:27506605; Meshack Juma et al. Frontiers in Microbiology (2021) PMID:34385981; Ilya Kandinov et al. Pathogens PMID:33198126; Adam C. Retchless et al. BMC Genomics PMID:29499642; Marissa M. Bivins et al. PLOS Pathogens PMID:41843612; Ala-Eddine Deghmane et al. Antibiotics PMID:37370311; Natakorn Nokchan et al. PLoS ONE PMID:35905043; Monica M. Lahra et al. Emerging Infectious Diseases PMID:29553335; Carolin Vegvari et al. Eurosurveillance (2020) PMID:33124551; [51] unresolved; [52] unresolved; [53] unresolved; [54] unresolved; [55] unresolved; [56] unresolved; [57] unresolved; [58] unresolved; [59] unresolved; [60] unresolved; [61] unresolved; [62] unresolved; [63] unresolved; [64] unresolved; [65] unresolved; [66] unresolved; [67] unresolved; [68] unresolved; [69] unresolved; [70] unresolved; [71] unresolved; [72] unresolved; [73] unresolved; [74] unresolved; [75] unresolved; [76] unresolved; [77] unresolved; [78] unresolved; [79] unresolved; [80] unresolved; [81] unresolved; [82] unresolved; [83] unresolved; [84] unresolved; [85] unresolved; [86] unresolved; [87] unresolved; [88] unresolved; [89] unresolved; [90] unresolved; [91] unresolved; [92] unresolved; [93] unresolved; [94] unresolved; [95] unresolved; [96] unresolved; [97] unresolved; [98] unresolved; [99] unresolved; [100] unresolved	31344102;35544098;27506605;34385981;33198126;29499642;41843612;37370311;35905043;29553335;33124551	e0d49e28-4179-5bd2-a28e-beb277acdeb0;00711306-2492-5dbf-b140-adc057401202;edf272a8-744e-5581-ba95-6169dc323af0;63685395-ff86-53ce-9a3e-8ee794fbcd70;2e9271f4-4e81-581a-905c-dc60775268da;e35ce6c8-ba92-5865-a1ac-504bf80d2f95;5e2d450d-e90d-547e-97af-da091fe5796f;7b3b2413-987b-5ca2-9980-ee3a708c49da;6e4eee9c-7ae0-55aa-90a5-a9e09b2fd345;b857b935-7a89-51e0-990a-c28c75ede80b;169a966b-0035-5c59-a9a0-05e4f4527410;df22c31c-2262-5c47-99ef-08283375faf3	3;10;26;27;37;44;45;46;47;48;49;50;51;52;53;54;55;56;57;58;59;60;61;62;63;64;65;66;67;68;69;70;71;72;73;74;75;76;77;78;79;80;81;82;83;84;85;86;87;88;89;90;91;92;93;94;95;96;97;98;99;100			613874842336	mutation	2	84cd8501d39dfaa4	Qwen/Qwen3.6-35B-A3B	open-access	50	hybrid	2026-09-18T11:49:19Z		local	http://mango.cels.anl.gov:8004/v1	558a8c124e252066
Klebsiella pneumoniae	phoQ	L96P	Polymyxin resistance	measured	[1]	1		Huijuan Song et al. Antibiotics PMID:41750481	41750481	63acc18a-f63f-5307-8b62-9d2ad7b7a25e	1			dcf72727a5f2	mutation	2	84cd8501d39dfaa4	Qwen/Qwen3.6-35B-A3B	open-access	50	hybrid	2026-09-18T11:49:22Z		local	http://mango.cels.anl.gov:8004/v1	9996a6e025cbd749
Klebsiella pneumoniae	phoQ	T281M	Polymyxin resistance	measured	[7]	1		Miranda E. Pitt et al. Microbial Genomics PMID:29431605	29431605	e7618443-2791-5adc-b2b7-4f81f916f6f1	7			dcf72727a5f2	mutation	2	84cd8501d39dfaa4	Qwen/Qwen3.6-35B-A3B	open-access	50	hybrid	2026-09-18T11:49:22Z		local	http://mango.cels.anl.gov:8004/v1	9996a6e025cbd749
Klebsiella pneumoniae	phoQ	G385C	Polymyxin resistance	measured	[7]	1		Miranda E. Pitt et al. Microbial Genomics PMID:29431605	29431605	e7618443-2791-5adc-b2b7-4f81f916f6f1	7			dcf72727a5f2	mutation	2	84cd8501d39dfaa4	Qwen/Qwen3.6-35B-A3B	open-access	50	hybrid	2026-09-18T11:49:22Z		local	http://mango.cels.anl.gov:8004/v1	9996a6e025cbd749
Klebsiella pneumoniae	phoQ	D150G	Colistin resistance	reported	[9]	1		Yang Lu et al. Frontiers in Microbiology (2018) PMID:30410479	30410479	60a59fc6-4ae0-55a4-90f8-2b713636c1b9	9			dcf72727a5f2	mutation	2	84cd8501d39dfaa4	Qwen/Qwen3.6-35B-A3B	open-access	50	hybrid	2026-09-18T11:49:22Z		local	http://mango.cels.anl.gov:8004/v1	9996a6e025cbd749
Klebsiella pneumoniae	phoQ	V24G	Colistin resistance	reported	[22]	1		Yanling Liu et al. Frontiers in Cellular and Infection Microbiology (2021) PMID:34765565	34765565	4d991c5a-4245-54f5-ba03-dde7e8daa83d	22			dcf72727a5f2	mutation	2	84cd8501d39dfaa4	Qwen/Qwen3.6-35B-A3B	open-access	50	hybrid	2026-09-18T11:49:22Z		local	http://mango.cels.anl.gov:8004/v1	9996a6e025cbd749
Klebsiella pneumoniae	phoQ	del87-90	Colistin resistance	reported	[12]	1		Mudsser Azam et al. Frontiers in Microbiology (2021) PMID:33692764	33692764	61ebf372-2353-5fe8-b612-4fe17125c133	12			dcf72727a5f2	mutation	2	84cd8501d39dfaa4	Qwen/Qwen3.6-35B-A3B	open-access	50	hybrid	2026-09-18T11:49:22Z		local	http://mango.cels.anl.gov:8004/v1	9996a6e025cbd749
Klebsiella pneumoniae	phoQ	del263-264	Colistin resistance	reported	[12]	1		Mudsser Azam et al. Frontiers in Microbiology (2021) PMID:33692764	33692764	61ebf372-2353-5fe8-b612-4fe17125c133	12			dcf72727a5f2	mutation	2	84cd8501d39dfaa4	Qwen/Qwen3.6-35B-A3B	open-access	50	hybrid	2026-09-18T11:49:22Z		local	http://mango.cels.anl.gov:8004/v1	9996a6e025cbd749
Klebsiella pneumoniae	phoQ	L30Q	Colistin resistance	reported	[12]	1		Mudsser Azam et al. Frontiers in Microbiology (2021) PMID:33692764	33692764	61ebf372-2353-5fe8-b612-4fe17125c133	12			dcf72727a5f2	mutation	2	84cd8501d39dfaa4	Qwen/Qwen3.6-35B-A3B	open-access	50	hybrid	2026-09-18T11:49:22Z		local	http://mango.cels.anl.gov:8004/v1	9996a6e025cbd749
Klebsiella pneumoniae	phoQ	A351D	Colistin resistance	reported	[12]	1		Mudsser Azam et al. Frontiers in Microbiology (2021) PMID:33692764	33692764	61ebf372-2353-5fe8-b612-4fe17125c133	12			dcf72727a5f2	mutation	2	84cd8501d39dfaa4	Qwen/Qwen3.6-35B-A3B	open-access	50	hybrid	2026-09-18T11:49:22Z		local	http://mango.cels.anl.gov:8004/v1	9996a6e025cbd749
Klebsiella pneumoniae	phoQ	M293R	Colistin resistance	reported	[40]	1		Mathilde Lescat et al. Antibiotics PMID:35052927	35052927	08390eff-8e7e-5a3f-8d56-c2cf8a9de8d7	40			dcf72727a5f2	mutation	2	84cd8501d39dfaa4	Qwen/Qwen3.6-35B-A3B	open-access	50	hybrid	2026-09-18T11:49:22Z		local	http://mango.cels.anl.gov:8004/v1	9996a6e025cbd749
Klebsiella pneumoniae	phoQ	K354N	Colistin resistance	reported	[40]	1		Mathilde Lescat et al. Antibiotics PMID:35052927	35052927	08390eff-8e7e-5a3f-8d56-c2cf8a9de8d7	40			dcf72727a5f2	mutation	2	84cd8501d39dfaa4	Qwen/Qwen3.6-35B-A3B	open-access	50	hybrid	2026-09-18T11:49:22Z		local	http://mango.cels.anl.gov:8004/v1	9996a6e025cbd749
Klebsiella pneumoniae	phoQ	K46Q	Colistin resistance	reported	[40]	1		Mathilde Lescat et al. Antibiotics PMID:35052927	35052927	08390eff-8e7e-5a3f-8d56-c2cf8a9de8d7	40			dcf72727a5f2	mutation	2	84cd8501d39dfaa4	Qwen/Qwen3.6-35B-A3B	open-access	50	hybrid	2026-09-18T11:49:22Z		local	http://mango.cels.anl.gov:8004/v1	9996a6e025cbd749
Neisseria meningitidis	penA	F504L	Antimicrobial resistance	reported	[1]	10		Youxing Shao et al. Emerging Infectious Diseases PMID:40023817; Aneley Getahun Strobel et al. Emerging Infectious Diseases PMID:39714270; Paola Vacca et al. Frontiers in Microbiology (2023) PMID:38235426; Mark R. Alderson et al. The Journal of Infection (2021) PMID:34838594; Laura Willerton et al. PLoS ONE (2010) PMID:34843604; André Zapun et al. Antibiotics PMID:27690121	40023817;39714270;38235426;34838594;34843604;27690121	4a98a4b0-3b61-5175-97c0-5c2028063e01;2913b97a-8537-50a0-b9c6-0c94c83b69be;f07bed1a-6946-5d96-a8d3-1d2312e986b8;5409bc0d-ff46-5ea8-a319-4837aa0c7f41;6bfe7922-c7de-595b-905c-c3b31b74cd5d;991cc42e-2407-5b7c-a0b4-44eb06515943;6b87d40f-65fd-5870-94d6-7256ef7359e4	1;7;30;32;39;43;44			84339716c4c5	mutation	2	84cd8501d39dfaa4	Qwen/Qwen3.6-35B-A3B	open-access	50	hybrid	2026-09-18T11:49:27Z		local	http://mango.cels.anl.gov:8004/v1	c868e197982df101
Neisseria meningitidis	penA	A510V	Antimicrobial resistance	reported	[1]	10		Youxing Shao et al. Emerging Infectious Diseases PMID:40023817; Aneley Getahun Strobel et al. Emerging Infectious Diseases PMID:39714270; Paola Vacca et al. Frontiers in Microbiology (2023) PMID:38235426; Mark R. Alderson et al. The Journal of Infection (2021) PMID:34838594; Laura Willerton et al. PLoS ONE (2010) PMID:34843604; André Zapun et al. Antibiotics PMID:27690121	40023817;39714270;38235426;34838594;34843604;27690121	4a98a4b0-3b61-5175-97c0-5c2028063e01;2913b97a-8537-50a0-b9c6-0c94c83b69be;f07bed1a-6946-5d96-a8d3-1d2312e986b8;5409bc0d-ff46-5ea8-a319-4837aa0c7f41;6bfe7922-c7de-595b-905c-c3b31b74cd5d;991cc42e-2407-5b7c-a0b4-44eb06515943;6b87d40f-65fd-5870-94d6-7256ef7359e4	1;7;30;32;39;43;44			84339716c4c5	mutation	2	84cd8501d39dfaa4	Qwen/Qwen3.6-35B-A3B	open-access	50	hybrid	2026-09-18T11:49:27Z		local	http://mango.cels.anl.gov:8004/v1	c868e197982df101
Neisseria meningitidis	penA	I515V	Antimicrobial resistance	reported	[1]	9		Youxing Shao et al. Emerging Infectious Diseases PMID:40023817; Paola Vacca et al. Frontiers in Microbiology (2023) PMID:38235426; Mark R. Alderson et al. The Journal of Infection (2021) PMID:34838594; Laura Willerton et al. PLoS ONE (2010) PMID:34843604; André Zapun et al. Antibiotics PMID:27690121	40023817;38235426;34838594;34843604;27690121	4a98a4b0-3b61-5175-97c0-5c2028063e01;f07bed1a-6946-5d96-a8d3-1d2312e986b8;5409bc0d-ff46-5ea8-a319-4837aa0c7f41;6bfe7922-c7de-595b-905c-c3b31b74cd5d;991cc42e-2407-5b7c-a0b4-44eb06515943;6b87d40f-65fd-5870-94d6-7256ef7359e4	1;30;32;39;43;44			84339716c4c5	mutation	2	84cd8501d39dfaa4	Qwen/Qwen3.6-35B-A3B	open-access	50	hybrid	2026-09-18T11:49:27Z		local	http://mango.cels.anl.gov:8004/v1	c868e197982df101
Neisseria meningitidis	penA	H541N	Antimicrobial resistance	reported	[1]	7		Youxing Shao et al. Emerging Infectious Diseases PMID:40023817; Paola Vacca et al. Frontiers in Microbiology (2023) PMID:38235426; Mark R. Alderson et al. The Journal of Infection (2021) PMID:34838594; Laura Willerton et al. PLoS ONE (2010) PMID:34843604; André Zapun et al. Antibiotics PMID:27690121	40023817;38235426;34838594;34843604;27690121	4a98a4b0-3b61-5175-97c0-5c2028063e01;f07bed1a-6946-5d96-a8d3-1d2312e986b8;5409bc0d-ff46-5ea8-a319-4837aa0c7f41;991cc42e-2407-5b7c-a0b4-44eb06515943;6b87d40f-65fd-5870-94d6-7256ef7359e4	1;30;32;43;44			84339716c4c5	mutation	2	84cd8501d39dfaa4	Qwen/Qwen3.6-35B-A3B	open-access	50	hybrid	2026-09-18T11:49:27Z		local	http://mango.cels.anl.gov:8004/v1	c868e197982df101
Neisseria meningitidis	penA	I566V	Antimicrobial resistance	reported	[1]	5		Youxing Shao et al. Emerging Infectious Diseases PMID:40023817; Paola Vacca et al. Frontiers in Microbiology (2023) PMID:38235426; Mark R. Alderson et al. The Journal of Infection (2021) PMID:34838594; Laura Willerton et al. PLoS ONE (2010) PMID:34843604	40023817;38235426;34838594;34843604	4a98a4b0-3b61-5175-97c0-5c2028063e01;f07bed1a-6946-5d96-a8d3-1d2312e986b8;5409bc0d-ff46-5ea8-a319-4837aa0c7f41;991cc42e-2407-5b7c-a0b4-44eb06515943	1;30;32;43			84339716c4c5	mutation	2	84cd8501d39dfaa4	Qwen/Qwen3.6-35B-A3B	open-access	50	hybrid	2026-09-18T11:49:27Z		local	http://mango.cels.anl.gov:8004/v1	c868e197982df101
Neisseria meningitidis	penA	A549T	Antimicrobial resistance	reported	[1]	1		Youxing Shao et al. Emerging Infectious Diseases PMID:40023817	40023817	4a98a4b0-3b61-5175-97c0-5c2028063e01	1			84339716c4c5	mutation	2	84cd8501d39dfaa4	Qwen/Qwen3.6-35B-A3B	open-access	50	hybrid	2026-09-18T11:49:27Z		local	http://mango.cels.anl.gov:8004/v1	c868e197982df101
Neisseria meningitidis	penA	A311V	Antimicrobial resistance	reported	[1]	1		Youxing Shao et al. Emerging Infectious Diseases PMID:40023817	40023817	4a98a4b0-3b61-5175-97c0-5c2028063e01	1			84339716c4c5	mutation	2	84cd8501d39dfaa4	Qwen/Qwen3.6-35B-A3B	open-access	50	hybrid	2026-09-18T11:49:27Z		local	http://mango.cels.anl.gov:8004/v1	c868e197982df101
Neisseria meningitidis	penA	I312M	Antimicrobial resistance	reported	[1]	5		Youxing Shao et al. Emerging Infectious Diseases PMID:40023817; Laura Willerton et al. PLoS ONE (2010) PMID:34843604; André Zapun et al. Antibiotics PMID:27690121	40023817;34843604;27690121	4a98a4b0-3b61-5175-97c0-5c2028063e01;991cc42e-2407-5b7c-a0b4-44eb06515943;6b87d40f-65fd-5870-94d6-7256ef7359e4	1;43;44			84339716c4c5	mutation	2	84cd8501d39dfaa4	Qwen/Qwen3.6-35B-A3B	open-access	50	hybrid	2026-09-18T11:49:27Z		local	http://mango.cels.anl.gov:8004/v1	c868e197982df101
Neisseria meningitidis	penA	V316T	Antimicrobial resistance	reported	[1]	5		Youxing Shao et al. Emerging Infectious Diseases PMID:40023817; Laura Willerton et al. PLoS ONE (2010) PMID:34843604; André Zapun et al. Antibiotics PMID:27690121	40023817;34843604;27690121	4a98a4b0-3b61-5175-97c0-5c2028063e01;991cc42e-2407-5b7c-a0b4-44eb06515943;6b87d40f-65fd-5870-94d6-7256ef7359e4	1;43;44			84339716c4c5	mutation	2	84cd8501d39dfaa4	Qwen/Qwen3.6-35B-A3B	open-access	50	hybrid	2026-09-18T11:49:27Z		local	http://mango.cels.anl.gov:8004/v1	c868e197982df101
Neisseria meningitidis	penA	T483S	Antimicrobial resistance	reported	[1]	1		Youxing Shao et al. Emerging Infectious Diseases PMID:40023817	40023817	4a98a4b0-3b61-5175-97c0-5c2028063e01	1			84339716c4c5	mutation	2	84cd8501d39dfaa4	Qwen/Qwen3.6-35B-A3B	open-access	50	hybrid	2026-09-18T11:49:27Z		local	http://mango.cels.anl.gov:8004/v1	c868e197982df101
Neisseria meningitidis	penA	N512Y	Antimicrobial resistance	reported	[1]	6		Youxing Shao et al. Emerging Infectious Diseases PMID:40023817; Aneley Getahun Strobel et al. Emerging Infectious Diseases PMID:39714270; Laura Willerton et al. PLoS ONE (2010) PMID:34843604; André Zapun et al. Antibiotics PMID:27690121	40023817;39714270;34843604;27690121	4a98a4b0-3b61-5175-97c0-5c2028063e01;2913b97a-8537-50a0-b9c6-0c94c83b69be;991cc42e-2407-5b7c-a0b4-44eb06515943;6b87d40f-65fd-5870-94d6-7256ef7359e4	1;7;43;44			84339716c4c5	mutation	2	84cd8501d39dfaa4	Qwen/Qwen3.6-35B-A3B	open-access	50	hybrid	2026-09-18T11:49:27Z		local	http://mango.cels.anl.gov:8004/v1	c868e197982df101
Neisseria meningitidis	penA	G545S	Antimicrobial resistance	reported	[1]	5		Youxing Shao et al. Emerging Infectious Diseases PMID:40023817; Laura Willerton et al. PLoS ONE (2010) PMID:34843604; André Zapun et al. Antibiotics PMID:27690121	40023817;34843604;27690121	4a98a4b0-3b61-5175-97c0-5c2028063e01;991cc42e-2407-5b7c-a0b4-44eb06515943;6b87d40f-65fd-5870-94d6-7256ef7359e4	1;43;44			84339716c4c5	mutation	2	84cd8501d39dfaa4	Qwen/Qwen3.6-35B-A3B	open-access	50	hybrid	2026-09-18T11:49:27Z		local	http://mango.cels.anl.gov:8004/v1	c868e197982df101
Neisseria meningitidis	penA	penA14	Reduced susceptibility to penicillin	reported	[2]	1		Ioanna Spiliopoulou et al. Antibiotics PMID:37508232	37508232	5be8d416-bae6-5e25-8c1d-0538bad05873	2			84339716c4c5	mutation	2	84cd8501d39dfaa4	Qwen/Qwen3.6-35B-A3B	open-access	50	hybrid	2026-09-18T11:49:27Z		local	http://mango.cels.anl.gov:8004/v1	c868e197982df101
Neisseria meningitidis	penA	penA25	Reduced susceptibility to penicillin	reported	[2]	1		Ioanna Spiliopoulou et al. Antibiotics PMID:37508232	37508232	5be8d416-bae6-5e25-8c1d-0538bad05873	2			84339716c4c5	mutation	2	84cd8501d39dfaa4	Qwen/Qwen3.6-35B-A3B	open-access	50	hybrid	2026-09-18T11:49:27Z		local	http://mango.cels.anl.gov:8004/v1	c868e197982df101
Neisseria meningitidis	penA	penA22	Reduced susceptibility to penicillin; Antimicrobial resistance	reported	[2]	3	merged_variants:Phenotype	Ioanna Spiliopoulou et al. Antibiotics PMID:37508232	37508232	5be8d416-bae6-5e25-8c1d-0538bad05873;65a30db9-0065-5406-bcf8-f44e946cb63d	2;46			84339716c4c5	mutation	2	84cd8501d39dfaa4	Qwen/Qwen3.6-35B-A3B	open-access	50	hybrid	2026-09-18T11:49:27Z		local	http://mango.cels.anl.gov:8004/v1	c868e197982df101
Neisseria meningitidis	penA	penA9	Resistance to penicillin; Antimicrobial resistance	reported	[2]	4	merged_variants:Phenotype	Ioanna Spiliopoulou et al. Antibiotics PMID:37508232; Ala-Eddine Deghmane et al. Antibiotics PMID:37370311	37508232;37370311	5be8d416-bae6-5e25-8c1d-0538bad05873;65a30db9-0065-5406-bcf8-f44e946cb63d;0af13a47-2569-5c62-b9c5-bc1412d92d25	2;42;46			84339716c4c5	mutation	2	84cd8501d39dfaa4	Qwen/Qwen3.6-35B-A3B	open-access	50	hybrid	2026-09-18T11:49:27Z		local	http://mango.cels.anl.gov:8004/v1	c868e197982df101
Neisseria meningitidis	penA	penA910	Resistance to penicillin	reported	[2]	1		Ioanna Spiliopoulou et al. Antibiotics PMID:37508232	37508232	5be8d416-bae6-5e25-8c1d-0538bad05873	2			84339716c4c5	mutation	2	84cd8501d39dfaa4	Qwen/Qwen3.6-35B-A3B	open-access	50	hybrid	2026-09-18T11:49:27Z		local	http://mango.cels.anl.gov:8004/v1	c868e197982df101
Neisseria meningitidis	penA	penA295	Resistance to penicillin; Antimicrobial resistance	reported	[2]	3	merged_variants:Phenotype	Ioanna Spiliopoulou et al. Antibiotics PMID:37508232	37508232	5be8d416-bae6-5e25-8c1d-0538bad05873;65a30db9-0065-5406-bcf8-f44e946cb63d	2;46			84339716c4c5	mutation	2	84cd8501d39dfaa4	Qwen/Qwen3.6-35B-A3B	open-access	50	hybrid	2026-09-18T11:49:27Z		local	http://mango.cels.anl.gov:8004/v1	c868e197982df101
Neisseria meningitidis	penA	T91I	Antimicrobial resistance	reported	[4]	2		Josep Roca-Grande et al. Eurosurveillance (2026) PMID:41612929; Aneley Getahun Strobel et al. Emerging Infectious Diseases PMID:39714270	41612929;39714270	9981994f-2086-55b4-b090-596f8636f80f;2913b97a-8537-50a0-b9c6-0c94c83b69be	4;7			84339716c4c5	mutation	2	84cd8501d39dfaa4	Qwen/Qwen3.6-35B-A3B	open-access	50	hybrid	2026-09-18T11:49:27Z		local	http://mango.cels.anl.gov:8004/v1	c868e197982df101
Neisseria meningitidis	penA	penA52	Antimicrobial resistance	reported	[17]	1		Anželika Slavinska et al. Frontiers in Cellular and Infection Microbiology (2024) PMID:39469455	39469455	e71d66e9-3b7f-590e-ac20-3cdbce1a3f59	17			84339716c4c5	mutation	2	84cd8501d39dfaa4	Qwen/Qwen3.6-35B-A3B	open-access	50	hybrid	2026-09-18T11:49:27Z		local	http://mango.cels.anl.gov:8004/v1	c868e197982df101
Neisseria meningitidis	penA	T573_A574insN	Antimicrobial resistance	reported	[17]	1		Anželika Slavinska et al. Frontiers in Cellular and Infection Microbiology (2024) PMID:39469455	39469455	e71d66e9-3b7f-590e-ac20-3cdbce1a3f59	17			84339716c4c5	mutation	2	84cd8501d39dfaa4	Qwen/Qwen3.6-35B-A3B	open-access	50	hybrid	2026-09-18T11:49:27Z		local	http://mango.cels.anl.gov:8004/v1	c868e197982df101
Neisseria meningitidis	penA	penA327	Antimicrobial resistance	reported	[30]	5		Paola Vacca et al. Frontiers in Microbiology (2023) PMID:38235426; Mark R. Alderson et al. The Journal of Infection (2021) PMID:34838594; Laura Willerton et al. PLoS ONE (2010) PMID:34843604; Ala-Eddine Deghmane et al. Antibiotics PMID:37370311	38235426;34838594;34843604;37370311	f07bed1a-6946-5d96-a8d3-1d2312e986b8;5409bc0d-ff46-5ea8-a319-4837aa0c7f41;6bfe7922-c7de-595b-905c-c3b31b74cd5d;991cc42e-2407-5b7c-a0b4-44eb06515943;0af13a47-2569-5c62-b9c5-bc1412d92d25	30;32;39;42;43			84339716c4c5	mutation	2	84cd8501d39dfaa4	Qwen/Qwen3.6-35B-A3B	open-access	50	hybrid	2026-09-18T11:49:27Z		local	http://mango.cels.anl.gov:8004/v1	c868e197982df101
Neisseria meningitidis	penA	V447L	Antimicrobial resistance	reported	[39]	2		Laura Willerton et al. PLoS ONE (2010) PMID:34843604	34843604	6bfe7922-c7de-595b-905c-c3b31b74cd5d	39			84339716c4c5	mutation	2	84cd8501d39dfaa4	Qwen/Qwen3.6-35B-A3B	open-access	50	hybrid	2026-09-18T11:49:27Z		local	http://mango.cels.anl.gov:8004/v1	c868e197982df101
Neisseria meningitidis	penA	A516G	Antimicrobial resistance	reported	[39]	2		Laura Willerton et al. PLoS ONE (2010) PMID:34843604	34843604	6bfe7922-c7de-595b-905c-c3b31b74cd5d	39			84339716c4c5	mutation	2	84cd8501d39dfaa4	Qwen/Qwen3.6-35B-A3B	open-access	50	hybrid	2026-09-18T11:49:27Z		local	http://mango.cels.anl.gov:8004/v1	c868e197982df101
Neisseria meningitidis	penA	penA171	Antimicrobial resistance	reported	[39]	2		Laura Willerton et al. PLoS ONE (2010) PMID:34843604	34843604	6bfe7922-c7de-595b-905c-c3b31b74cd5d	39			84339716c4c5	mutation	2	84cd8501d39dfaa4	Qwen/Qwen3.6-35B-A3B	open-access	50	hybrid	2026-09-18T11:49:27Z		local	http://mango.cels.anl.gov:8004/v1	c868e197982df101
Neisseria meningitidis	penA	P551S	Antimicrobial resistance	reported	[39]	2		Laura Willerton et al. PLoS ONE (2010) PMID:34843604	34843604	6bfe7922-c7de-595b-905c-c3b31b74cd5d	39			84339716c4c5	mutation	2	84cd8501d39dfaa4	Qwen/Qwen3.6-35B-A3B	open-access	50	hybrid	2026-09-18T11:49:27Z		local	http://mango.cels.anl.gov:8004/v1	c868e197982df101
Neisseria meningitidis	penA	A501P	Antimicrobial resistance	reported	[43]	4		Laura Willerton et al. PLoS ONE (2010) PMID:34843604; André Zapun et al. Antibiotics PMID:27690121	34843604;27690121	991cc42e-2407-5b7c-a0b4-44eb06515943;6b87d40f-65fd-5870-94d6-7256ef7359e4	43;44			84339716c4c5	mutation	2	84cd8501d39dfaa4	Qwen/Qwen3.6-35B-A3B	open-access	50	hybrid	2026-09-18T11:49:27Z		local	http://mango.cels.anl.gov:8004/v1	c868e197982df101
Neisseria meningitidis	penA	A501T	Antimicrobial resistance	reported	[43]	2		Laura Willerton et al. PLoS ONE (2010) PMID:34843604	34843604	991cc42e-2407-5b7c-a0b4-44eb06515943	43			84339716c4c5	mutation	2	84cd8501d39dfaa4	Qwen/Qwen3.6-35B-A3B	open-access	50	hybrid	2026-09-18T11:49:27Z		local	http://mango.cels.anl.gov:8004/v1	c868e197982df101
Neisseria meningitidis	penA	A501V	Antimicrobial resistance	reported	[43]	2		Laura Willerton et al. PLoS ONE (2010) PMID:34843604	34843604	991cc42e-2407-5b7c-a0b4-44eb06515943	43			84339716c4c5	mutation	2	84cd8501d39dfaa4	Qwen/Qwen3.6-35B-A3B	open-access	50	hybrid	2026-09-18T11:49:27Z		local	http://mango.cels.anl.gov:8004/v1	c868e197982df101
Neisseria meningitidis	penA	penA248	Antimicrobial resistance	reported	[46]	2		Ioanna Spiliopoulou et al. Antibiotics PMID:37508232	37508232	65a30db9-0065-5406-bcf8-f44e946cb63d	46			84339716c4c5	mutation	2	84cd8501d39dfaa4	Qwen/Qwen3.6-35B-A3B	open-access	50	hybrid	2026-09-18T11:49:27Z		local	http://mango.cels.anl.gov:8004/v1	c868e197982df101
Neisseria meningitidis	penA	penA1	Antimicrobial resistance	reported	[46]	2		Ioanna Spiliopoulou et al. Antibiotics PMID:37508232	37508232	65a30db9-0065-5406-bcf8-f44e946cb63d	46			84339716c4c5	mutation	2	84cd8501d39dfaa4	Qwen/Qwen3.6-35B-A3B	open-access	50	hybrid	2026-09-18T11:49:27Z		local	http://mango.cels.anl.gov:8004/v1	c868e197982df101
Neisseria meningitidis	penA	penA20	Antimicrobial resistance	reported	[46]	2		Ioanna Spiliopoulou et al. Antibiotics PMID:37508232	37508232	65a30db9-0065-5406-bcf8-f44e946cb63d	46			84339716c4c5	mutation	2	84cd8501d39dfaa4	Qwen/Qwen3.6-35B-A3B	open-access	50	hybrid	2026-09-18T11:49:27Z		local	http://mango.cels.anl.gov:8004/v1	c868e197982df101
Neisseria meningitidis	penA	penA209	Antimicrobial resistance	reported	[39]	1		Laura Willerton et al. PLoS ONE (2010) PMID:34843604	34843604	6bfe7922-c7de-595b-905c-c3b31b74cd5d	39			84339716c4c5	mutation	2	84cd8501d39dfaa4	Qwen/Qwen3.6-35B-A3B	open-access	50	hybrid	2026-09-18T11:49:27Z		local	http://mango.cels.anl.gov:8004/v1	c868e197982df101
Pseudomonas aeruginosa	phoQ		Colistin resistance	reported	1	17	missing:Mutation	Natalia Molchanova et al. Frontiers in Microbiology (2019) PMID:30842761; Igor Chebotar et al. Antibiotics PMID:38786180; Mareike B. Erdmann et al. PLOS ONE PMID:37824582; Matteo Cervoni et al. Antibiotics PMID:40558191; Saghar Jafari-Ramedani et al. BMC Microbiology PMID:38702660; Baopeng Yang et al. Microorganisms PMID:33572426; Abiola O. Olaitan et al. Frontiers in Microbiology (2014) PMID:25505462; Fauve Vergauwe et al. Microbiology PMID:42207565; Carla López-Causapé et al. Scientific Reports PMID:28717172; Absar Talat et al. BMC Microbiology PMID:38769479	30842761;38786180;37824582;40558191;38702660;33572426;25505462;42207565;28717172;38769479	4d62f256-ddc2-5ce2-813b-300400e4ffac;b5bcfc54-535c-5d21-b24a-705dd5cd5716;a3e0e948-1a54-56d6-9b8d-7221f230c7ef;71133c0f-2eba-5973-9247-9a69ed466921;2d7e8f80-3f73-5ee1-9e44-aa2c63654654;b179e4fb-ae86-546c-aa7f-e5cd8dffb53d;c716a0a4-7492-518f-bbab-bd2c2419e0fd;0e72875d-fcaa-585f-b24e-b651a781b8a6;41e820ce-d1f2-59bf-b1b4-c8a48193af75;1d7bf448-b3f2-5736-95e2-736bb203f45b;ebd3dd22-42c0-57e4-9606-4495b7239b46;5ba6c36d-a353-5282-b51b-0ea774b9fc45;f4026f73-0a81-5288-9302-d076fa8a9a68;97911aab-b14e-589e-95f4-74d7337b53a3;5fc62f68-335f-552c-9bdc-632779d895f4;662553d4-ccb8-50c4-87b6-66836c789285;9fe10ed4-b7a6-5722-82b2-e6f7286a29e8	1;2;3;5;16;18;23;26;30;32;33;38;39;41;43;44;46			fd209fe3cf40	mutation	2	84cd8501d39dfaa4	Qwen/Qwen3.6-35B-A3B	open-access	50	hybrid	2026-09-18T11:49:27Z		local	http://mango.cels.anl.gov:8004/v1	ceda55c2857a41b7
Pseudomonas aeruginosa	phoQ	L175R	TXA09155 resistance	measured	14	1		Yongzheng Zhang et al. Antibiotics PMID:35740123	35740123	8b4f48be-d979-51bd-9eb6-f6404433e179	14			fd209fe3cf40	mutation	2	84cd8501d39dfaa4	Qwen/Qwen3.6-35B-A3B	open-access	50	hybrid	2026-09-18T11:49:27Z		local	http://mango.cels.anl.gov:8004/v1	ceda55c2857a41b7
Pseudomonas aeruginosa	phoQ	H248D	TXA09155 resistance	measured	14	1		Yongzheng Zhang et al. Antibiotics PMID:35740123	35740123	8b4f48be-d979-51bd-9eb6-f6404433e179	14			fd209fe3cf40	mutation	2	84cd8501d39dfaa4	Qwen/Qwen3.6-35B-A3B	open-access	50	hybrid	2026-09-18T11:49:27Z		local	http://mango.cels.anl.gov:8004/v1	ceda55c2857a41b7
Pseudomonas aeruginosa	phoQ	V152fs	Colistin resistance	reported	17	1		Telma De Sousa et al. Pathogens PMID:40333140	40333140	ece0ef43-6e26-543b-83f7-938d7c306871	17			fd209fe3cf40	mutation	2	84cd8501d39dfaa4	Qwen/Qwen3.6-35B-A3B	open-access	50	hybrid	2026-09-18T11:49:27Z		local	http://mango.cels.anl.gov:8004/v1	ceda55c2857a41b7
Pseudomonas aeruginosa	piuD	Deletion of an A nucleotide with premature stop codon at amino acid 89	Increased cefiderocol MICs (resistance)	reported	[13]	1		Patricia J Simner et al. Open Forum Infectious Diseases PMID:34262990	34262990	06ae553a-4885-559f-8667-af765b4ff73c	13			e3b108ffe5a2	mutation	2	84cd8501d39dfaa4	Qwen/Qwen3.6-35B-A3B	open-access	50	hybrid	2026-09-18T11:49:30Z		local	http://mango.cels.anl.gov:8004/v1	fb48cfbd6536551c
Pseudomonas aeruginosa	piuD	Deletion	Increased cefiderocol MICs	reported	[13]	1		Patricia J Simner et al. Open Forum Infectious Diseases PMID:34262990	34262990	06ae553a-4885-559f-8667-af765b4ff73c	13			e3b108ffe5a2	mutation	2	84cd8501d39dfaa4	Qwen/Qwen3.6-35B-A3B	open-access	50	hybrid	2026-09-18T11:49:30Z		local	http://mango.cels.anl.gov:8004/v1	fb48cfbd6536551c
Pseudomonas aeruginosa	piuD	Mutation	Increased cefiderocol MICs	reported	[25]	3		Stamatis Karakonstantis et al. Antibiotics PMID:35740130	35740130	138c36ce-5aad-5ce9-9e1e-f65429c68bef;2ffed000-ac9e-5e20-8fce-bb2bcf6d82f3;d2d838a4-b703-51c4-a02e-f27293404af0	25;31;37			e3b108ffe5a2	mutation	2	84cd8501d39dfaa4	Qwen/Qwen3.6-35B-A3B	open-access	50	hybrid	2026-09-18T11:49:30Z		local	http://mango.cels.anl.gov:8004/v1	fb48cfbd6536551c
Pseudomonas aeruginosa	piuA	deletion	Increased resistance to siderophore-conjugated antibiotics (MLEB-22043, SMC-3176) and cefiderocol	measured	[10]	1		Brent et al. ACS Infectious Diseases PMID:39438291	39438291	caa122bf-fcc2-5c9d-bcc2-43d5d5c9e06d	10			1f5200a14a9d	mutation	2	84cd8501d39dfaa4	Qwen/Qwen3.6-35B-A3B	open-access	50	hybrid	2026-09-18T11:49:32Z		local	http://mango.cels.anl.gov:8004/v1	c76efd20d5cc7d22
Pseudomonas aeruginosa	piuA	Down-regulation (due to pvdS promoter mutation)	Reduced susceptibility to cefiderocol	measured	[19]	1		Yoshinori Yamano et al. Journal of Antimicrobial Chemotherapy PMID:41614616	41614616	66b4696b-9467-53b3-8c2e-9b9562d200ed	19			1f5200a14a9d	mutation	2	84cd8501d39dfaa4	Qwen/Qwen3.6-35B-A3B	open-access	50	hybrid	2026-09-18T11:49:32Z		local	http://mango.cels.anl.gov:8004/v1	c76efd20d5cc7d22
Pseudomonas aeruginosa	piuA	Down-regulation (due to fecI mutation)	Reduced susceptibility to cefiderocol	measured	[19]	1		Yoshinori Yamano et al. Journal of Antimicrobial Chemotherapy PMID:41614616	41614616	66b4696b-9467-53b3-8c2e-9b9562d200ed	19			1f5200a14a9d	mutation	2	84cd8501d39dfaa4	Qwen/Qwen3.6-35B-A3B	open-access	50	hybrid	2026-09-18T11:49:32Z		local	http://mango.cels.anl.gov:8004/v1	c76efd20d5cc7d22
Pseudomonas aeruginosa	piuA	Deletion (nt1Δ193)	Resistance to cefiderocol	reported	[23]	1		Rafael Cantón et al. Journal of Antimicrobial Chemotherapy PMID:42186121	42186121	7e29377c-d2ae-520c-bdc4-6b8c41f7827a	23			1f5200a14a9d	mutation	2	84cd8501d39dfaa4	Qwen/Qwen3.6-35B-A3B	open-access	50	hybrid	2026-09-18T11:49:32Z		local	http://mango.cels.anl.gov:8004/v1	c76efd20d5cc7d22
Pseudomonas aeruginosa	piuA	Transposon insertion	Increased cefiderocol MICs	reported	[20]	1		Patricia J Simner et al. Open Forum Infectious Diseases PMID:34262990	34262990	08b6c1a8-c8d0-5158-a6fc-f37789f2c2a3	20			1f5200a14a9d	mutation	2	84cd8501d39dfaa4	Qwen/Qwen3.6-35B-A3B	open-access	50	hybrid	2026-09-18T11:49:32Z		local	http://mango.cels.anl.gov:8004/v1	c76efd20d5cc7d22
Pseudomonas aeruginosa	piuA	Insertions	Increased MICs for siderophore-conjugated antibiotic SMC-3176	reported	[20]	1		Patricia J Simner et al. Open Forum Infectious Diseases PMID:34262990	34262990	08b6c1a8-c8d0-5158-a6fc-f37789f2c2a3	20			1f5200a14a9d	mutation	2	84cd8501d39dfaa4	Qwen/Qwen3.6-35B-A3B	open-access	50	hybrid	2026-09-18T11:49:32Z		local	http://mango.cels.anl.gov:8004/v1	c76efd20d5cc7d22
Pseudomonas aeruginosa	piuA	deletions	Increased MICs for siderophore-conjugated antibiotic SMC-3176	reported	[20]	1		Patricia J Simner et al. Open Forum Infectious Diseases PMID:34262990	34262990	08b6c1a8-c8d0-5158-a6fc-f37789f2c2a3	20			1f5200a14a9d	mutation	2	84cd8501d39dfaa4	Qwen/Qwen3.6-35B-A3B	open-access	50	hybrid	2026-09-18T11:49:32Z		local	http://mango.cels.anl.gov:8004/v1	c76efd20d5cc7d22
Pseudomonas aeruginosa	piuA	and frameshift mutations	Increased MICs for siderophore-conjugated antibiotic SMC-3176	reported	[20]	1		Patricia J Simner et al. Open Forum Infectious Diseases PMID:34262990	34262990	08b6c1a8-c8d0-5158-a6fc-f37789f2c2a3	20			1f5200a14a9d	mutation	2	84cd8501d39dfaa4	Qwen/Qwen3.6-35B-A3B	open-access	50	hybrid	2026-09-18T11:49:32Z		local	http://mango.cels.anl.gov:8004/v1	c76efd20d5cc7d22
Pseudomonas aeruginosa	piuA	Overexpression	Increased susceptibility to siderophore-conjugated antibiotics BAL30072 and MC-1	reported	[20]	1		Patricia J Simner et al. Open Forum Infectious Diseases PMID:34262990	34262990	08b6c1a8-c8d0-5158-a6fc-f37789f2c2a3	20			1f5200a14a9d	mutation	2	84cd8501d39dfaa4	Qwen/Qwen3.6-35B-A3B	open-access	50	hybrid	2026-09-18T11:49:32Z		local	http://mango.cels.anl.gov:8004/v1	c76efd20d5cc7d22
Acinetobacter baumannii	pmrA	D10N	colistin resistance	measured	[7]	1		Felicia E. Jaimes et al. Microorganisms PMID:41304284	41304284	69c6057a-a341-5755-a686-8233c7c406cd	7			6bcab283474c	mutation	2	84cd8501d39dfaa4	Qwen/Qwen3.6-35B-A3B	open-access	50	hybrid	2026-09-18T11:49:34Z		local	http://mango.cels.anl.gov:8004/v1	ff20d913517c8985
Acinetobacter baumannii	pmrA	M12I	colistin resistance	measured; reported	[7]	2	merged_variants:Assertion	Felicia E. Jaimes et al. Microorganisms PMID:41304284; Abiola O. Olaitan et al. Frontiers in Microbiology (2014) PMID:25505462	41304284;25505462	69c6057a-a341-5755-a686-8233c7c406cd;0c35f8db-0624-5a1e-adf4-65d1942091de	7;49			6bcab283474c	mutation	2	84cd8501d39dfaa4	Qwen/Qwen3.6-35B-A3B	open-access	50	hybrid	2026-09-18T11:49:34Z		local	http://mango.cels.anl.gov:8004/v1	ff20d913517c8985
Acinetobacter baumannii	pmrA	I13M	colistin resistance	measured; reported	[7]	2	merged_variants:Assertion	Felicia E. Jaimes et al. Microorganisms PMID:41304284; Md Minarul Islam et al. Pathogens PMID:39770308	41304284;39770308	69c6057a-a341-5755-a686-8233c7c406cd;1e503878-c779-5b4f-9011-9433988c5fec	7;32			6bcab283474c	mutation	2	84cd8501d39dfaa4	Qwen/Qwen3.6-35B-A3B	open-access	50	hybrid	2026-09-18T11:49:34Z		local	http://mango.cels.anl.gov:8004/v1	ff20d913517c8985
Acinetobacter baumannii	pmrA	G54E	colistin resistance	measured	[7]	1		Felicia E. Jaimes et al. Microorganisms PMID:41304284	41304284	69c6057a-a341-5755-a686-8233c7c406cd	7			6bcab283474c	mutation	2	84cd8501d39dfaa4	Qwen/Qwen3.6-35B-A3B	open-access	50	hybrid	2026-09-18T11:49:34Z		local	http://mango.cels.anl.gov:8004/v1	ff20d913517c8985
Acinetobacter baumannii	pmrA	S119T	colistin resistance	measured; reported	[7]	2	merged_variants:Assertion	Felicia E. Jaimes et al. Microorganisms PMID:41304284; Abiola O. Olaitan et al. Frontiers in Microbiology (2014) PMID:25505462	41304284;25505462	69c6057a-a341-5755-a686-8233c7c406cd;0c35f8db-0624-5a1e-adf4-65d1942091de	7;49			6bcab283474c	mutation	2	84cd8501d39dfaa4	Qwen/Qwen3.6-35B-A3B	open-access	50	hybrid	2026-09-18T11:49:34Z		local	http://mango.cels.anl.gov:8004/v1	ff20d913517c8985
Acinetobacter baumannii	pmrA	M12K	colistin resistance	reported	[27]	1		Laurent Dortet et al. Scientific Reports PMID:30442963	30442963	74bf81e8-ad69-5fec-8606-be5f5f4a1612	27			6bcab283474c	mutation	2	84cd8501d39dfaa4	Qwen/Qwen3.6-35B-A3B	open-access	50	hybrid	2026-09-18T11:49:34Z		local	http://mango.cels.anl.gov:8004/v1	ff20d913517c8985
Acinetobacter baumannii	pmrA	P102R	colistin resistance	reported	[32]	1		Md Minarul Islam et al. Pathogens PMID:39770308	39770308	1e503878-c779-5b4f-9011-9433988c5fec	32			6bcab283474c	mutation	2	84cd8501d39dfaa4	Qwen/Qwen3.6-35B-A3B	open-access	50	hybrid	2026-09-18T11:49:34Z		local	http://mango.cels.anl.gov:8004/v1	ff20d913517c8985
Acinetobacter baumannii	pmrA	I221V	colistin resistance	reported	[32]	1		Md Minarul Islam et al. Pathogens PMID:39770308	39770308	1e503878-c779-5b4f-9011-9433988c5fec	32			6bcab283474c	mutation	2	84cd8501d39dfaa4	Qwen/Qwen3.6-35B-A3B	open-access	50	hybrid	2026-09-18T11:49:34Z		local	http://mango.cels.anl.gov:8004/v1	ff20d913517c8985
Acinetobacter baumannii	pmrA	G244A	colistin resistance	reported	[35]	1		Letícia Dias de Melo Carrasco et al. Frontiers in Microbiology (2021) PMID:33897637	33897637	4b96ccd6-44f5-5197-af28-938482a4f9d2	35			6bcab283474c	mutation	2	84cd8501d39dfaa4	Qwen/Qwen3.6-35B-A3B	open-access	50	hybrid	2026-09-18T11:49:34Z		local	http://mango.cels.anl.gov:8004/v1	ff20d913517c8985
Acinetobacter baumannii	pmrA	D82N	colistin resistance	reported	[35]	1		Letícia Dias de Melo Carrasco et al. Frontiers in Microbiology (2021) PMID:33897637	33897637	4b96ccd6-44f5-5197-af28-938482a4f9d2	35	D82N	Asp82Asn	6bcab283474c	mutation	2	84cd8501d39dfaa4	Qwen/Qwen3.6-35B-A3B	open-access	50	hybrid	2026-09-18T11:49:34Z		local	http://mango.cels.anl.gov:8004/v1	ff20d913517c8985
Acinetobacter baumannii	pmrA	E8D	colistin resistance	reported	[49]	1		Abiola O. Olaitan et al. Frontiers in Microbiology (2014) PMID:25505462	25505462	0c35f8db-0624-5a1e-adf4-65d1942091de	49			6bcab283474c	mutation	2	84cd8501d39dfaa4	Qwen/Qwen3.6-35B-A3B	open-access	50	hybrid	2026-09-18T11:49:34Z		local	http://mango.cels.anl.gov:8004/v1	ff20d913517c8985
Acinetobacter baumannii	pmrA	P102H	colistin resistance	reported	[49]	1		Abiola O. Olaitan et al. Frontiers in Microbiology (2014) PMID:25505462	25505462	0c35f8db-0624-5a1e-adf4-65d1942091de	49			6bcab283474c	mutation	2	84cd8501d39dfaa4	Qwen/Qwen3.6-35B-A3B	open-access	50	hybrid	2026-09-18T11:49:34Z		local	http://mango.cels.anl.gov:8004/v1	ff20d913517c8985
Klebsiella pneumoniae	pmrA	G53S	Antimicrobial resistance	reported	[13]	1		Zijuan Jian et al. Scientific Reports PMID:39533012	39533012	3831e0df-c00b-51a7-b52a-9bc068d6fc2d	13			a5138c331bdd	mutation	2	84cd8501d39dfaa4	Qwen/Qwen3.6-35B-A3B	open-access	50	hybrid	2026-09-18T11:49:34Z		local	http://mango.cels.anl.gov:8004/v1	2ac1ea8098e3e97a
Klebsiella pneumoniae	pmrA	A217V	Antimicrobial resistance	reported	[17]	1		Sophie Alexandra Baron et al. Eurosurveillance (2021) PMID:34047270	34047270	36ff0831-bd4f-50e2-a168-13df02d30fe5	17			a5138c331bdd	mutation	2	84cd8501d39dfaa4	Qwen/Qwen3.6-35B-A3B	open-access	50	hybrid	2026-09-18T11:49:34Z		local	http://mango.cels.anl.gov:8004/v1	2ac1ea8098e3e97a
Klebsiella pneumoniae	pmrA	M66I	Antimicrobial resistance	reported	[29]	2		Aiman Waheed et al. Pathogens PMID:41754468; Yanling Liu et al. Frontiers in Cellular and Infection Microbiology (2021) PMID:34765565	41754468;34765565	6e34ad75-04eb-5419-b1e0-ea227d33ecb0;4d991c5a-4245-54f5-ba03-dde7e8daa83d	24;29			a5138c331bdd	mutation	2	84cd8501d39dfaa4	Qwen/Qwen3.6-35B-A3B	open-access	50	hybrid	2026-09-18T11:49:34Z		local	http://mango.cels.anl.gov:8004/v1	2ac1ea8098e3e97a
Klebsiella pneumoniae	pmrA	E57G	Antimicrobial resistance	reported	[21]	1		Ørjan Samuelsen et al. PLoS ONE PMID:29141051	29141051	bc6b0e82-01d7-5fd7-bec7-5a31472ffd60	21			a5138c331bdd	mutation	2	84cd8501d39dfaa4	Qwen/Qwen3.6-35B-A3B	open-access	50	hybrid	2026-09-18T11:49:34Z		local	http://mango.cels.anl.gov:8004/v1	2ac1ea8098e3e97a
Klebsiella pneumoniae	pmrA	G53C	Antimicrobial resistance	reported	[21]	1		Ørjan Samuelsen et al. PLoS ONE PMID:29141051	29141051	bc6b0e82-01d7-5fd7-bec7-5a31472ffd60	21			a5138c331bdd	mutation	2	84cd8501d39dfaa4	Qwen/Qwen3.6-35B-A3B	open-access	50	hybrid	2026-09-18T11:49:34Z		local	http://mango.cels.anl.gov:8004/v1	2ac1ea8098e3e97a
Klebsiella pneumoniae	pmrA	D86E	Antimicrobial resistance	reported	[21]	1		Ørjan Samuelsen et al. PLoS ONE PMID:29141051	29141051	bc6b0e82-01d7-5fd7-bec7-5a31472ffd60	21			a5138c331bdd	mutation	2	84cd8501d39dfaa4	Qwen/Qwen3.6-35B-A3B	open-access	50	hybrid	2026-09-18T11:49:34Z		local	http://mango.cels.anl.gov:8004/v1	2ac1ea8098e3e97a
Klebsiella pneumoniae	pmrA	E35A	Antimicrobial resistance	reported	[24]	1		Yanling Liu et al. Frontiers in Cellular and Infection Microbiology (2021) PMID:34765565	34765565	4d991c5a-4245-54f5-ba03-dde7e8daa83d	24			a5138c331bdd	mutation	2	84cd8501d39dfaa4	Qwen/Qwen3.6-35B-A3B	open-access	50	hybrid	2026-09-18T11:49:34Z		local	http://mango.cels.anl.gov:8004/v1	2ac1ea8098e3e97a
Klebsiella pneumoniae	pmrA	S64T	Antimicrobial resistance	reported	[17]	1		Sophie Alexandra Baron et al. Eurosurveillance (2021) PMID:34047270	34047270	36ff0831-bd4f-50e2-a168-13df02d30fe5	17			a5138c331bdd	mutation	2	84cd8501d39dfaa4	Qwen/Qwen3.6-35B-A3B	open-access	50	hybrid	2026-09-18T11:49:34Z		local	http://mango.cels.anl.gov:8004/v1	2ac1ea8098e3e97a
Pseudomonas aeruginosa	pmrA	D104Y	modulates resistance to cationic antimicrobial peptides	reported	[17]	1		Syed A. K. Shifat Ahmed et al. Scientific Reports PMID:33707533	33707533	cd09cda7-3b7b-5c42-8bda-c3c9922dfb7e	17			18649083faa5	mutation	2	84cd8501d39dfaa4	Qwen/Qwen3.6-35B-A3B	open-access	50	hybrid	2026-09-18T11:49:37Z		local	http://mango.cels.anl.gov:8004/v1	4a5c8972210d7e7c
Streptococcus agalactiae	pbp2x	S353F	Reduced penicillin susceptibility	reported	[38]	2		Leonardo Nagao Ferreira et al. Antibiotics PMID:41594068	41594068	99125c57-e61d-54c2-aa92-1737d2b094bd	38			2cdeedfd6f2d	mutation	2	84cd8501d39dfaa4	Qwen/Qwen3.6-35B-A3B	open-access	50	hybrid	2026-09-18T11:49:40Z		local	http://mango.cels.anl.gov:8004/v1	a48ece881b96c428
Streptococcus agalactiae	pbp2x	A374V	Reduced penicillin susceptibility	reported	[38]	2		Leonardo Nagao Ferreira et al. Antibiotics PMID:41594068	41594068	99125c57-e61d-54c2-aa92-1737d2b094bd	38			2cdeedfd6f2d	mutation	2	84cd8501d39dfaa4	Qwen/Qwen3.6-35B-A3B	open-access	50	hybrid	2026-09-18T11:49:40Z		local	http://mango.cels.anl.gov:8004/v1	a48ece881b96c428
Streptococcus agalactiae	pbp2x	F395L	Reduced penicillin susceptibility	reported	[38]	13		Leonardo Nagao Ferreira et al. Antibiotics PMID:41594068	41594068	99125c57-e61d-54c2-aa92-1737d2b094bd	38			2cdeedfd6f2d	mutation	2	84cd8501d39dfaa4	Qwen/Qwen3.6-35B-A3B	open-access	50	hybrid	2026-09-18T11:49:40Z		local	http://mango.cels.anl.gov:8004/v1	a48ece881b96c428
Streptococcus agalactiae	pbp2x	V405A	Reduced penicillin susceptibility	reported	[38]	34		Leonardo Nagao Ferreira et al. Antibiotics PMID:41594068	41594068	99125c57-e61d-54c2-aa92-1737d2b094bd	38			2cdeedfd6f2d	mutation	2	84cd8501d39dfaa4	Qwen/Qwen3.6-35B-A3B	open-access	50	hybrid	2026-09-18T11:49:40Z		local	http://mango.cels.anl.gov:8004/v1	a48ece881b96c428
Streptococcus agalactiae	pbp2x	A400V	Reduced penicillin susceptibility	reported	[38]	2		Leonardo Nagao Ferreira et al. Antibiotics PMID:41594068	41594068	99125c57-e61d-54c2-aa92-1737d2b094bd	38			2cdeedfd6f2d	mutation	2	84cd8501d39dfaa4	Qwen/Qwen3.6-35B-A3B	open-access	50	hybrid	2026-09-18T11:49:40Z		local	http://mango.cels.anl.gov:8004/v1	a48ece881b96c428
Streptococcus agalactiae	pbp2x	R433H	Reduced penicillin susceptibility	reported	[38]	15		Leonardo Nagao Ferreira et al. Antibiotics PMID:41594068	41594068	99125c57-e61d-54c2-aa92-1737d2b094bd	38			2cdeedfd6f2d	mutation	2	84cd8501d39dfaa4	Qwen/Qwen3.6-35B-A3B	open-access	50	hybrid	2026-09-18T11:49:40Z		local	http://mango.cels.anl.gov:8004/v1	a48ece881b96c428
Streptococcus agalactiae	pbp2x	H438Y	Reduced penicillin susceptibility	reported	[38]	17		Leonardo Nagao Ferreira et al. Antibiotics PMID:41594068	41594068	99125c57-e61d-54c2-aa92-1737d2b094bd	38			2cdeedfd6f2d	mutation	2	84cd8501d39dfaa4	Qwen/Qwen3.6-35B-A3B	open-access	50	hybrid	2026-09-18T11:49:40Z		local	http://mango.cels.anl.gov:8004/v1	a48ece881b96c428
Streptococcus agalactiae	pbp2x	A514V	Reduced penicillin susceptibility	reported	[38]	2		Leonardo Nagao Ferreira et al. Antibiotics PMID:41594068	41594068	99125c57-e61d-54c2-aa92-1737d2b094bd	38			2cdeedfd6f2d	mutation	2	84cd8501d39dfaa4	Qwen/Qwen3.6-35B-A3B	open-access	50	hybrid	2026-09-18T11:49:40Z		local	http://mango.cels.anl.gov:8004/v1	a48ece881b96c428
Streptococcus agalactiae	pbp2x	Q557E	Reduced penicillin susceptibility	reported	[38]	30		Leonardo Nagao Ferreira et al. Antibiotics PMID:41594068	41594068	99125c57-e61d-54c2-aa92-1737d2b094bd	38			2cdeedfd6f2d	mutation	2	84cd8501d39dfaa4	Qwen/Qwen3.6-35B-A3B	open-access	50	hybrid	2026-09-18T11:49:40Z		local	http://mango.cels.anl.gov:8004/v1	a48ece881b96c428
Streptococcus agalactiae	pbp2x	G648A	Reduced penicillin susceptibility	reported	[38]	15		Leonardo Nagao Ferreira et al. Antibiotics PMID:41594068	41594068	99125c57-e61d-54c2-aa92-1737d2b094bd	38			2cdeedfd6f2d	mutation	2	84cd8501d39dfaa4	Qwen/Qwen3.6-35B-A3B	open-access	50	hybrid	2026-09-18T11:49:40Z		local	http://mango.cels.anl.gov:8004/v1	a48ece881b96c428
Streptococcus agalactiae	pbp2x	T77I	Reduced penicillin susceptibility	reported	[38]	2		Leonardo Nagao Ferreira et al. Antibiotics PMID:41594068	41594068	99125c57-e61d-54c2-aa92-1737d2b094bd	38			2cdeedfd6f2d	mutation	2	84cd8501d39dfaa4	Qwen/Qwen3.6-35B-A3B	open-access	50	hybrid	2026-09-18T11:49:40Z		local	http://mango.cels.anl.gov:8004/v1	a48ece881b96c428
Streptococcus agalactiae	pbp2x	I377V	Reduced penicillin susceptibility	reported	[38]	27		Leonardo Nagao Ferreira et al. Antibiotics PMID:41594068	41594068	99125c57-e61d-54c2-aa92-1737d2b094bd	38			2cdeedfd6f2d	mutation	2	84cd8501d39dfaa4	Qwen/Qwen3.6-35B-A3B	open-access	50	hybrid	2026-09-18T11:49:40Z		local	http://mango.cels.anl.gov:8004/v1	a48ece881b96c428
Streptococcus agalactiae	pbp2x	G398A	Reduced penicillin susceptibility	reported	[38]	22		Leonardo Nagao Ferreira et al. Antibiotics PMID:41594068	41594068	99125c57-e61d-54c2-aa92-1737d2b094bd	38			2cdeedfd6f2d	mutation	2	84cd8501d39dfaa4	Qwen/Qwen3.6-35B-A3B	open-access	50	hybrid	2026-09-18T11:49:40Z		local	http://mango.cels.anl.gov:8004/v1	a48ece881b96c428
Streptococcus agalactiae	pbp2x	Q412L	Reduced penicillin susceptibility	reported	[38]	4		Leonardo Nagao Ferreira et al. Antibiotics PMID:41594068	41594068	99125c57-e61d-54c2-aa92-1737d2b094bd	38			2cdeedfd6f2d	mutation	2	84cd8501d39dfaa4	Qwen/Qwen3.6-35B-A3B	open-access	50	hybrid	2026-09-18T11:49:40Z		local	http://mango.cels.anl.gov:8004/v1	a48ece881b96c428
Streptococcus agalactiae	pbp2x	G429D	Reduced penicillin susceptibility	reported	[38]	15		Leonardo Nagao Ferreira et al. Antibiotics PMID:41594068	41594068	99125c57-e61d-54c2-aa92-1737d2b094bd	38			2cdeedfd6f2d	mutation	2	84cd8501d39dfaa4	Qwen/Qwen3.6-35B-A3B	open-access	50	hybrid	2026-09-18T11:49:40Z		local	http://mango.cels.anl.gov:8004/v1	a48ece881b96c428
Streptococcus agalactiae	pbp2x	D478A	Reduced penicillin susceptibility	reported	[38]	3		Leonardo Nagao Ferreira et al. Antibiotics PMID:41594068	41594068	99125c57-e61d-54c2-aa92-1737d2b094bd	38			2cdeedfd6f2d	mutation	2	84cd8501d39dfaa4	Qwen/Qwen3.6-35B-A3B	open-access	50	hybrid	2026-09-18T11:49:40Z		local	http://mango.cels.anl.gov:8004/v1	a48ece881b96c428
Streptococcus agalactiae	pbp2x	E513Q	Reduced penicillin susceptibility	reported	[38]	3		Leonardo Nagao Ferreira et al. Antibiotics PMID:41594068	41594068	99125c57-e61d-54c2-aa92-1737d2b094bd	38			2cdeedfd6f2d	mutation	2	84cd8501d39dfaa4	Qwen/Qwen3.6-35B-A3B	open-access	50	hybrid	2026-09-18T11:49:40Z		local	http://mango.cels.anl.gov:8004/v1	a48ece881b96c428
Streptococcus agalactiae	pbp2x	V510I	Reduced penicillin susceptibility	reported	[38]	27		Leonardo Nagao Ferreira et al. Antibiotics PMID:41594068	41594068	99125c57-e61d-54c2-aa92-1737d2b094bd	38			2cdeedfd6f2d	mutation	2	84cd8501d39dfaa4	Qwen/Qwen3.6-35B-A3B	open-access	50	hybrid	2026-09-18T11:49:40Z		local	http://mango.cels.anl.gov:8004/v1	a48ece881b96c428
Streptococcus agalactiae	pbp2x	G406D	Reduced penicillin susceptibility	reported	[38]	3		Leonardo Nagao Ferreira et al. Antibiotics PMID:41594068	41594068	99125c57-e61d-54c2-aa92-1737d2b094bd	38			2cdeedfd6f2d	mutation	2	84cd8501d39dfaa4	Qwen/Qwen3.6-35B-A3B	open-access	50	hybrid	2026-09-18T11:49:40Z		local	http://mango.cels.anl.gov:8004/v1	a48ece881b96c428
Streptococcus agalactiae	pbp2x	G329V	Reduced penicillin susceptibility	reported	[38]	14		Leonardo Nagao Ferreira et al. Antibiotics PMID:41594068	41594068	99125c57-e61d-54c2-aa92-1737d2b094bd	38			2cdeedfd6f2d	mutation	2	84cd8501d39dfaa4	Qwen/Qwen3.6-35B-A3B	open-access	50	hybrid	2026-09-18T11:49:40Z		local	http://mango.cels.anl.gov:8004/v1	a48ece881b96c428
Streptococcus agalactiae	pbp2x	N575D	Reduced penicillin susceptibility	reported	[38]	6		Leonardo Nagao Ferreira et al. Antibiotics PMID:41594068	41594068	99125c57-e61d-54c2-aa92-1737d2b094bd	38			2cdeedfd6f2d	mutation	2	84cd8501d39dfaa4	Qwen/Qwen3.6-35B-A3B	open-access	50	hybrid	2026-09-18T11:49:40Z		local	http://mango.cels.anl.gov:8004/v1	a48ece881b96c428
Streptococcus agalactiae	pbp2x	S295G	Reduced penicillin susceptibility	reported	[38]	6		Leonardo Nagao Ferreira et al. Antibiotics PMID:41594068	41594068	99125c57-e61d-54c2-aa92-1737d2b094bd	38			2cdeedfd6f2d	mutation	2	84cd8501d39dfaa4	Qwen/Qwen3.6-35B-A3B	open-access	50	hybrid	2026-09-18T11:49:40Z		local	http://mango.cels.anl.gov:8004/v1	a48ece881b96c428
Streptococcus agalactiae	pbp2x	K372E	Reduced penicillin susceptibility	reported	[38]	1		Leonardo Nagao Ferreira et al. Antibiotics PMID:41594068	41594068	99125c57-e61d-54c2-aa92-1737d2b094bd	38			2cdeedfd6f2d	mutation	2	84cd8501d39dfaa4	Qwen/Qwen3.6-35B-A3B	open-access	50	hybrid	2026-09-18T11:49:40Z		local	http://mango.cels.anl.gov:8004/v1	a48ece881b96c428
Escherichia	pmrB	V161G	colistin resistance	reported	[3]	2		Ea Zankari et al. Journal of Antimicrobial Chemotherapy PMID:29091202; Antonio Cannatelli et al. Scientific Reports PMID:28698568	29091202;28698568	fae4b0a8-bd5b-57cb-a6b2-96f46177aad6;6379a877-8a79-5c93-95bc-649c61f44289	3;28	V161G	V161G	e5477e8a78d8	mutation	2	84cd8501d39dfaa4	Qwen/Qwen3.6-35B-A3B	open-access	50	hybrid	2026-09-18T11:49:43Z		local	http://mango.cels.anl.gov:8004/v1	d741bb1f8109e875
Escherichia	pmrB	L10P	colistin resistance	measured; reported	[13]	3	merged_variants:Assertion	Antonio Cannatelli et al. Scientific Reports PMID:28698568	28698568	06004f59-c0fb-5bb3-a0ff-3bc358944990;73e38302-eb6a-5a95-b438-24f6af3e648a;6379a877-8a79-5c93-95bc-649c61f44289	13;15;28	L10P	Leu10Pro	e5477e8a78d8	mutation	2	84cd8501d39dfaa4	Qwen/Qwen3.6-35B-A3B	open-access	50	hybrid	2026-09-18T11:49:43Z		local	http://mango.cels.anl.gov:8004/v1	d741bb1f8109e875
Escherichia	pmrB	G361A	colistin resistance	measured; reported	[14]	4	merged_variants:Assertion	Fuzhou Xu et al. Microorganisms PMID:33809968	33809968	0df18131-7c7a-5940-ba91-3d66f0a1b702;3f01a267-03a7-547b-be0e-a2173c10d795;89d3d291-dd58-5780-9d0d-43218fb46006;b5085440-9036-52b5-99f6-f2c6a48a9ac4	14;17;29;37			e5477e8a78d8	mutation	2	84cd8501d39dfaa4	Qwen/Qwen3.6-35B-A3B	open-access	50	hybrid	2026-09-18T11:49:43Z		local	http://mango.cels.anl.gov:8004/v1	d741bb1f8109e875
Escherichia	pmrB	(p.Gly215fs)	colistin resistance	reported	[44]	2		Chenlu Xiao et al. Frontiers in Cellular and Infection Microbiology (2023) PMID:37143741	37143741	bbc1b4d3-9dd1-5248-8409-a9ff3d8bb8d1;24a2fc59-6ecb-5a31-94d8-ac80d070735e	44;45			e5477e8a78d8	mutation	2	84cd8501d39dfaa4	Qwen/Qwen3.6-35B-A3B	open-access	50	hybrid	2026-09-18T11:49:43Z		local	http://mango.cels.anl.gov:8004/v1	d741bb1f8109e875
Salmonella Typhimurium	pmrA		polymyxin B susceptibility; gut colonization defect; CAMP resistance; colitis virulence; polymyxin resistance	measured; inferred	1	20	missing:Mutation;merged_variants:Phenotype;merged_variants:Assertion	Ryosuke Goto et al. PLoS ONE PMID:29267354; Heungjeong Woo et al. PLoS ONE PMID:18270590; Kristi L. Strandberg et al. PLoS ONE PMID:23166721; Yuan-Chao Lou et al. Nucleic Acids Research PMID:37665001; Ming-Che Liu et al. PLoS ONE PMID:27159404; Ronit Vogt Sionov et al. Microorganisms PMID:35744757; Abiola O. Olaitan et al. Frontiers in Microbiology (2014) PMID:25505462; Mouna Hamel et al. Microorganisms PMID:33672663; Mohamed Rhouma et al. Frontiers in Microbiology (2016) PMID:27891118; Hafij Al Mahmud et al. Frontiers in Microbiology (2024) PMID:39512935; Yuan-Chao Lou et al. Nucleic Acids Research PMID:24371275; H. Deborah Chen et al. PLoS Genetics PMID:21811415; H. Deborah Chen et al. PLoS Genetics PMID:23300460	29267354;18270590;23166721;37665001;27159404;35744757;25505462;33672663;27891118;39512935;24371275;21811415;23300460	b1c8ab8f-c54e-51c3-9713-d757a3302d73;f7bf9ef3-8a77-59e0-a919-e057791e464b;cbb62407-55af-504d-834a-5bdc7e56d424;4183e412-1994-581c-87f9-289eb11b9afb;ae1c0730-a55b-54d9-9d7a-2bf3298434b4;6af94dcd-f1c1-5653-9757-bdf888cf2cd2;8c91f417-6c8a-59b6-9b58-ea5fe7ac16d9;308a9c90-aa49-5c61-a716-78865c6f7ec3;ee3623de-4835-5157-92b7-05be04b96cad;22d333e7-4981-5615-9225-acc729e450f1;35921da8-6bed-5364-a568-f94c32a677da;3682d838-a044-531e-a3b0-8e9c66003e4d;23d0e4b0-0671-5c9d-ace5-3eb9cb017364;ffcd4a67-7035-5a1f-b33e-2279a04d002b;59f62f7c-9543-57c8-b11a-6d7f54258a55;bcafbb58-d041-5567-948b-d12f59ad3fd0;e0076be0-57ea-5ad6-bb83-c6c9941f99ff;0ba3749e-972a-573d-8693-577ef99e1a1c;a4a49f46-3aa6-57c7-a989-78e064475a3f	1;3;4;9;13;15;19;24;25;27;29;30;31;33;34;38;46;48;49			53f9c843bde3	mutation	2	84cd8501d39dfaa4	Qwen/Qwen3.6-35B-A3B	open-access	50	hybrid	2026-09-18T11:49:46Z		local	http://mango.cels.anl.gov:8004/v1	fff2905b619ce471
Salmonella Typhimurium	pmrA	T89S	polymyxin resistance	predicted	21	2		Chelea Matchawe et al. Pathogens PMID:35631023	35631023	a230da98-2cdc-54b2-b7f9-ac19188679ed;482f68e6-2d51-50e7-8ed8-11aa3d137445	21;22	T89S	p.T89S	53f9c843bde3	mutation	2	84cd8501d39dfaa4	Qwen/Qwen3.6-35B-A3B	open-access	50	hybrid	2026-09-18T11:49:46Z		local	http://mango.cels.anl.gov:8004/v1	fff2905b619ce471
Salmonella Typhimurium	pmrB	M15T	polymyxin resistance	predicted	21	3	off_target_gene	Chelea Matchawe et al. Pathogens PMID:35631023	35631023	a230da98-2cdc-54b2-b7f9-ac19188679ed;482f68e6-2d51-50e7-8ed8-11aa3d137445	21;22	M15T	p.M15T	53f9c843bde3	mutation	2	84cd8501d39dfaa4	Qwen/Qwen3.6-35B-A3B	open-access	50	hybrid	2026-09-18T11:49:46Z		local	http://mango.cels.anl.gov:8004/v1	fff2905b619ce471
Salmonella Typhimurium	pmrB	G73S	polymyxin resistance	predicted	21	3	off_target_gene	Chelea Matchawe et al. Pathogens PMID:35631023	35631023	a230da98-2cdc-54b2-b7f9-ac19188679ed;482f68e6-2d51-50e7-8ed8-11aa3d137445	21;22	G73S	p.G73S	53f9c843bde3	mutation	2	84cd8501d39dfaa4	Qwen/Qwen3.6-35B-A3B	open-access	50	hybrid	2026-09-18T11:49:46Z		local	http://mango.cels.anl.gov:8004/v1	fff2905b619ce471
Salmonella Typhimurium	pmrB	V74I	polymyxin resistance	predicted	21	3	off_target_gene	Chelea Matchawe et al. Pathogens PMID:35631023	35631023	a230da98-2cdc-54b2-b7f9-ac19188679ed;482f68e6-2d51-50e7-8ed8-11aa3d137445	21;22	V74I	p.V74I	53f9c843bde3	mutation	2	84cd8501d39dfaa4	Qwen/Qwen3.6-35B-A3B	open-access	50	hybrid	2026-09-18T11:49:46Z		local	http://mango.cels.anl.gov:8004/v1	fff2905b619ce471
Salmonella Typhimurium	pmrB	A111T	polymyxin resistance	predicted	22	2	off_target_gene	Chelea Matchawe et al. Pathogens PMID:35631023	35631023	482f68e6-2d51-50e7-8ed8-11aa3d137445	22	A111T	p.A111T	53f9c843bde3	mutation	2	84cd8501d39dfaa4	Qwen/Qwen3.6-35B-A3B	open-access	50	hybrid	2026-09-18T11:49:46Z		local	http://mango.cels.anl.gov:8004/v1	fff2905b619ce471
Salmonella Typhimurium	pmrB	I18L	polymyxin resistance	predicted	22	1	off_target_gene	Chelea Matchawe et al. Pathogens PMID:35631023	35631023	482f68e6-2d51-50e7-8ed8-11aa3d137445	22	I18L	p.I18L	53f9c843bde3	mutation	2	84cd8501d39dfaa4	Qwen/Qwen3.6-35B-A3B	open-access	50	hybrid	2026-09-18T11:49:46Z		local	http://mango.cels.anl.gov:8004/v1	fff2905b619ce471
Salmonella Typhimurium	pmrB	L352M	polymyxin resistance	predicted	22	1	off_target_gene	Chelea Matchawe et al. Pathogens PMID:35631023	35631023	482f68e6-2d51-50e7-8ed8-11aa3d137445	22	L352M	p.L352M	53f9c843bde3	mutation	2	84cd8501d39dfaa4	Qwen/Qwen3.6-35B-A3B	open-access	50	hybrid	2026-09-18T11:49:46Z		local	http://mango.cels.anl.gov:8004/v1	fff2905b619ce471
Salmonella Typhimurium	pmrB	T89S	polymyxin resistance	predicted	22	1	off_target_gene	Chelea Matchawe et al. Pathogens PMID:35631023	35631023	482f68e6-2d51-50e7-8ed8-11aa3d137445	22	T89S	p.T89S	53f9c843bde3	mutation	2	84cd8501d39dfaa4	Qwen/Qwen3.6-35B-A3B	open-access	50	hybrid	2026-09-18T11:49:46Z		local	http://mango.cels.anl.gov:8004/v1	fff2905b619ce471
Salmonella Typhimurium	pmrB	V126G	polymyxin resistance	predicted	22	1	off_target_gene	Chelea Matchawe et al. Pathogens PMID:35631023	35631023	482f68e6-2d51-50e7-8ed8-11aa3d137445	22	V126G	p.V126G	53f9c843bde3	mutation	2	84cd8501d39dfaa4	Qwen/Qwen3.6-35B-A3B	open-access	50	hybrid	2026-09-18T11:49:46Z		local	http://mango.cels.anl.gov:8004/v1	fff2905b619ce471
Salmonella Typhimurium	pmrB	S127A	polymyxin resistance	predicted	22	1	off_target_gene	Chelea Matchawe et al. Pathogens PMID:35631023	35631023	482f68e6-2d51-50e7-8ed8-11aa3d137445	22	S127A	p.S127A	53f9c843bde3	mutation	2	84cd8501d39dfaa4	Qwen/Qwen3.6-35B-A3B	open-access	50	hybrid	2026-09-18T11:49:46Z		local	http://mango.cels.anl.gov:8004/v1	fff2905b619ce471
Salmonella Typhimurium	pmrB	I129L	polymyxin resistance	predicted	22	1	off_target_gene	Chelea Matchawe et al. Pathogens PMID:35631023	35631023	482f68e6-2d51-50e7-8ed8-11aa3d137445	22	I129L	p.I129L	53f9c843bde3	mutation	2	84cd8501d39dfaa4	Qwen/Qwen3.6-35B-A3B	open-access	50	hybrid	2026-09-18T11:49:46Z		local	http://mango.cels.anl.gov:8004/v1	fff2905b619ce471
Salmonella Typhimurium	pmrB	V133D	polymyxin resistance	predicted	22	1	off_target_gene	Chelea Matchawe et al. Pathogens PMID:35631023	35631023	482f68e6-2d51-50e7-8ed8-11aa3d137445	22	V133D	p.V133D	53f9c843bde3	mutation	2	84cd8501d39dfaa4	Qwen/Qwen3.6-35B-A3B	open-access	50	hybrid	2026-09-18T11:49:46Z		local	http://mango.cels.anl.gov:8004/v1	fff2905b619ce471
Salmonella Typhimurium	pmrB	L136R	polymyxin resistance	predicted	22	1	off_target_gene	Chelea Matchawe et al. Pathogens PMID:35631023	35631023	482f68e6-2d51-50e7-8ed8-11aa3d137445	22	L136R	p.L136R	53f9c843bde3	mutation	2	84cd8501d39dfaa4	Qwen/Qwen3.6-35B-A3B	open-access	50	hybrid	2026-09-18T11:49:46Z		local	http://mango.cels.anl.gov:8004/v1	fff2905b619ce471
Salmonella Typhimurium	pmrB	T139P	polymyxin resistance	predicted	22	1	off_target_gene	Chelea Matchawe et al. Pathogens PMID:35631023	35631023	482f68e6-2d51-50e7-8ed8-11aa3d137445	22	T139P	p.T139P	53f9c843bde3	mutation	2	84cd8501d39dfaa4	Qwen/Qwen3.6-35B-A3B	open-access	50	hybrid	2026-09-18T11:49:46Z		local	http://mango.cels.anl.gov:8004/v1	fff2905b619ce471
Acinetobacter baumannii	pmrB		colistin resistance	reported	1	38	missing:Mutation	Nguyen Thi Khanh Nhu et al. Scientific Reports PMID:27329501; Seo-Yeon Ko et al. Antibiotics PMID:37237716; Noor Andryan Ilsan et al. Microorganisms PMID:34198665; Clinical Microbiology and Infection (2010) DOI:10.1111/j.1469-0691.2010.03239.x; Zahra Farshadzadeh et al. Frontiers in Microbiology (2018) PMID:29483899; Dimitrios Karakalpakidis et al. Antibiotics PMID:41892479; Jale Boral et al. PLOS ONE PMID:39196973; Misung Kim et al. Virulence (2020) PMID:33372826; Shah Zeb et al. Microorganisms PMID:41597692; Neveen M. Saleh et al. Antibiotics PMID:32268563; Antoine Abou Fayad et al. Microorganisms PMID:38399753; Zhenlin Ouyang et al. Frontiers in Microbiology (2024) PMID:38476937; Diana Albertos Torres et al. BMC Microbiology PMID:34798825; Mandana Hosseini et al. Scientific Reports PMID:41454049; Chorong Hahm et al. PLoS ONE PMID:35245298; Antonio Cannatelli et al. Scientific Reports PMID:28698568; Abiola O. Olaitan et al. Frontiers in Microbiology (2014) PMID:25505462; Jamil Allen G. Fortaleza et al. Virulence (2026) PMID:42056714; Shakeel Shahzad et al. Antibiotics PMID:37998799; Shaimaa Mohamed Seleim et al. Scientific Reports PMID:36470921; Md Minarul Islam et al. Pathogens PMID:39770308; Aurora Luna-De-Alba et al. Antibiotics PMID:39596772; Felipe Morales-León et al. Microorganisms PMID:32825799; Ching-Hsun Wang et al. BMC Microbiology PMID:38565985; Fuzhou Xu et al. Microorganisms PMID:33809968; Letícia Dias de Melo Carrasco et al. Frontiers in Microbiology (2021) PMID:33897637; Noha A. Kamel et al. BMC Microbiology PMID:38745145; Mohamed Kettani-Halabi et al. BMC Microbiology PMID:23890050	27329501;37237716;34198665;29483899;41892479;39196973;33372826;41597692;32268563;38399753;38476937;34798825;41454049;35245298;28698568;25505462;42056714;37998799;36470921;39770308;39596772;32825799;38565985;33809968;33897637;38745145;23890050	6223359f-96a8-5da1-a92b-e01d7301328f;3d663763-9724-5d03-b25e-56aa8433fe32;b32c02aa-70c9-5083-8200-e14959665666;263cfba2-24eb-5a09-90bb-64ec80f3f0cf;bfd26a76-4436-5d54-b949-67204c5d174c;76ba22d0-7d28-59cf-a585-100d0ca8b304;8ae1c447-b393-507c-839e-c39555d174ad;7d63b66e-23f8-5c20-91dd-bae86659d022;0bab680b-c5f9-5076-9ebd-85e1c02b10b2;d1061f74-27cc-5331-86cd-31f7f81cd99b;6642b0bd-cc53-512e-93cf-5e21e428b944;4f38453e-2bf9-5ff9-8e0e-c97f5d13488a;4fb0f1fa-d66e-587f-a9d8-ec9afd0df0cb;570f7ded-f738-5556-8090-581a2a11a9db;2620572a-d594-5ef7-8f17-66f9526a03df;aca0516f-5123-5743-95ca-491ff0e055b9;913998e2-a1d8-5148-ae46-b82320dcb3ce;f52913e6-bb1c-5b1e-8f8f-831390ddae6d;530ac661-dc12-5e9d-add2-1d1b6a43bb53;836a1567-3830-5de8-879a-00ce6aa18eb5;4ebb0d32-1495-509b-8aca-12bd63329871;75294cd7-10ad-5acd-89df-c9c56fa9734c;06004f59-c0fb-5bb3-a0ff-3bc358944990;7d546f5e-309c-5365-b649-ef740f28340a;65655a53-bdf4-51c6-8018-2df54c74cbd1;e9b17e78-15d6-5c47-ac38-1bb644160059;29c360a6-019f-5eb4-b883-7328bd1d5a16;f0870b6f-44b3-5598-8f2f-c1a783f5e953;906f7560-1fff-571e-ba61-49299e2c60a8;6f6f88e3-3fbf-5b5d-bd4a-a689d3e0e04a;1e503878-c779-5b4f-9011-9433988c5fec;7646ca48-f1f7-5bc3-84d2-b460023fd523;1f13cf67-e3eb-5f82-b894-5035f733b9ef;a354dd02-64eb-5fd5-94be-62058ca23631;3f01a267-03a7-547b-be0e-a2173c10d795;f0f7da12-3619-5ebf-bca4-a661d9a0cf48;53fdbe53-c4d3-5c21-abb2-f08a3b4254c9;3ccf340f-2fe9-5752-8ed0-af58a7e61f6b	1;2;3;4;6;7;8;9;11;12;15;16;17;18;20;22;23;26;27;28;30;32;33;36;37;38;39;40;41;42;43;44;45;46;47;48;49;50			51cf2f64b8de	mutation	2	84cd8501d39dfaa4	Qwen/Qwen3.6-35B-A3B	open-access	50	hybrid	2026-09-18T11:49:50Z		local	http://mango.cels.anl.gov:8004/v1	2818fac64d58675e
Acinetobacter baumannii	pmrB	3277188_3277189T	colistin resistance	measured	5	1		Shaimaa Mohamed Seleim et al. Scientific Reports PMID:36470921	36470921	dc4bd95a-c00f-572b-876b-7acbd4a947a9	5			51cf2f64b8de	mutation	2	84cd8501d39dfaa4	Qwen/Qwen3.6-35B-A3B	open-access	50	hybrid	2026-09-18T11:49:50Z		local	http://mango.cels.anl.gov:8004/v1	2818fac64d58675e
Acinetobacter baumannii	pmrB	n235A	colistin resistance	measured; reported	10	2	merged_variants:Assertion	Kimia Bazyar et al. Scientific Reports PMID:41617754	41617754	c4ad6142-b06d-59dd-844a-11e70db31327;73e1f6c5-cccf-5f5c-b1fc-9680c169e0c4	10;19	n235A	c.235T>A	51cf2f64b8de	mutation	2	84cd8501d39dfaa4	Qwen/Qwen3.6-35B-A3B	open-access	50	hybrid	2026-09-18T11:49:50Z		local	http://mango.cels.anl.gov:8004/v1	2818fac64d58675e
Acinetobacter baumannii	pmrB	ΔA28	colistin resistance	measured	13	1		Mohd Hafidz Mahamad Maifiah et al. Scientific Reports PMID:26924392	26924392	97992784-ae05-5984-b945-ad92f87fd64f	13			51cf2f64b8de	mutation	2	84cd8501d39dfaa4	Qwen/Qwen3.6-35B-A3B	open-access	50	hybrid	2026-09-18T11:49:50Z		local	http://mango.cels.anl.gov:8004/v1	2818fac64d58675e
Acinetobacter baumannii	pmrB	P233S	colistin resistance	measured	14	2		Zahra Farshadzadeh et al. Frontiers in Microbiology (2018) PMID:29483899; Clinical Microbiology and Infection (2010) DOI:10.1111/j.1469-0691.2010.03239.x	29483899	2a6ea111-17f2-5e63-8602-8a6e33cb8f1f;f42d99ae-0f1d-5803-95da-a38388463a69	14;31			51cf2f64b8de	mutation	2	84cd8501d39dfaa4	Qwen/Qwen3.6-35B-A3B	open-access	50	hybrid	2026-09-18T11:49:50Z		local	http://mango.cels.anl.gov:8004/v1	2818fac64d58675e
Acinetobacter baumannii	pmrB	T232I	colistin resistance	measured	14	2		Zahra Farshadzadeh et al. Frontiers in Microbiology (2018) PMID:29483899; Letícia Dias de Melo Carrasco et al. Frontiers in Microbiology (2021) PMID:33897637	29483899;33897637	2a6ea111-17f2-5e63-8602-8a6e33cb8f1f;32611662-2131-5fa0-83d4-31e59623ad62	14;34			51cf2f64b8de	mutation	2	84cd8501d39dfaa4	Qwen/Qwen3.6-35B-A3B	open-access	50	hybrid	2026-09-18T11:49:50Z		local	http://mango.cels.anl.gov:8004/v1	2818fac64d58675e
Acinetobacter baumannii	pmrB	H89L	colistin resistance	measured	21	1		Mai M. Zafer et al. Frontiers in Microbiology (2021) PMID:34880837	34880837	1405b8c9-f607-5dbb-a3e4-3c3e1f598860	21			51cf2f64b8de	mutation	2	84cd8501d39dfaa4	Qwen/Qwen3.6-35B-A3B	open-access	50	hybrid	2026-09-18T11:49:50Z		local	http://mango.cels.anl.gov:8004/v1	2818fac64d58675e
Acinetobacter baumannii	pmrB	A138T	colistin resistance	measured	24	1		Liliane Okdah et al. Antibiotics PMID:36421243	36421243	03a10425-9318-50d1-8ca5-9d4b3547ecfc	24			51cf2f64b8de	mutation	2	84cd8501d39dfaa4	Qwen/Qwen3.6-35B-A3B	open-access	50	hybrid	2026-09-18T11:49:50Z		local	http://mango.cels.anl.gov:8004/v1	2818fac64d58675e
Acinetobacter baumannii	pmrB	Δ27-30	colistin resistance	measured	25	1		Misung Kim et al. Virulence (2020) PMID:33372826	33372826	a2b314c0-28dc-5c8a-b62d-dacc628e62a9	25			51cf2f64b8de	mutation	2	84cd8501d39dfaa4	Qwen/Qwen3.6-35B-A3B	open-access	50	hybrid	2026-09-18T11:49:50Z		local	http://mango.cels.anl.gov:8004/v1	2818fac64d58675e
Acinetobacter baumannii	pmrB	A444V	colistin resistance	measured	25	1		Misung Kim et al. Virulence (2020) PMID:33372826	33372826	a2b314c0-28dc-5c8a-b62d-dacc628e62a9	25			51cf2f64b8de	mutation	2	84cd8501d39dfaa4	Qwen/Qwen3.6-35B-A3B	open-access	50	hybrid	2026-09-18T11:49:50Z		local	http://mango.cels.anl.gov:8004/v1	2818fac64d58675e
Acinetobacter baumannii	pmrB	F26L	colistin resistance	measured	25	1		Misung Kim et al. Virulence (2020) PMID:33372826	33372826	a2b314c0-28dc-5c8a-b62d-dacc628e62a9	25			51cf2f64b8de	mutation	2	84cd8501d39dfaa4	Qwen/Qwen3.6-35B-A3B	open-access	50	hybrid	2026-09-18T11:49:50Z		local	http://mango.cels.anl.gov:8004/v1	2818fac64d58675e
Acinetobacter baumannii	pmrB	P170L	colistin resistance	measured	25	2		Misung Kim et al. Virulence (2020) PMID:33372826; Letícia Dias de Melo Carrasco et al. Frontiers in Microbiology (2021) PMID:33897637	33372826;33897637	a2b314c0-28dc-5c8a-b62d-dacc628e62a9;32611662-2131-5fa0-83d4-31e59623ad62	25;34			51cf2f64b8de	mutation	2	84cd8501d39dfaa4	Qwen/Qwen3.6-35B-A3B	open-access	50	hybrid	2026-09-18T11:49:50Z		local	http://mango.cels.anl.gov:8004/v1	2818fac64d58675e
Acinetobacter baumannii	pmrB	R263H	colistin resistance	measured	29	1		Laurent Dortet et al. Scientific Reports PMID:30442963	30442963	74bf81e8-ad69-5fec-8606-be5f5f4a1612	29			51cf2f64b8de	mutation	2	84cd8501d39dfaa4	Qwen/Qwen3.6-35B-A3B	open-access	50	hybrid	2026-09-18T11:49:50Z		local	http://mango.cels.anl.gov:8004/v1	2818fac64d58675e
Acinetobacter baumannii	pmrB	S14L	colistin resistance	measured	31	1		Clinical Microbiology and Infection (2010) DOI:10.1111/j.1469-0691.2010.03239.x		f42d99ae-0f1d-5803-95da-a38388463a69	31			51cf2f64b8de	mutation	2	84cd8501d39dfaa4	Qwen/Qwen3.6-35B-A3B	open-access	50	hybrid	2026-09-18T11:49:50Z		local	http://mango.cels.anl.gov:8004/v1	2818fac64d58675e
Acinetobacter baumannii	pmrB	L87F	colistin resistance	measured	31	1		Clinical Microbiology and Infection (2010) DOI:10.1111/j.1469-0691.2010.03239.x		f42d99ae-0f1d-5803-95da-a38388463a69	31			51cf2f64b8de	mutation	2	84cd8501d39dfaa4	Qwen/Qwen3.6-35B-A3B	open-access	50	hybrid	2026-09-18T11:49:50Z		local	http://mango.cels.anl.gov:8004/v1	2818fac64d58675e
Acinetobacter baumannii	pmrB	M145K	colistin resistance	measured	31	1		Clinical Microbiology and Infection (2010) DOI:10.1111/j.1469-0691.2010.03239.x		f42d99ae-0f1d-5803-95da-a38388463a69	31			51cf2f64b8de	mutation	2	84cd8501d39dfaa4	Qwen/Qwen3.6-35B-A3B	open-access	50	hybrid	2026-09-18T11:49:50Z		local	http://mango.cels.anl.gov:8004/v1	2818fac64d58675e
Acinetobacter baumannii	pmrB	F387Y	colistin resistance	measured	31	1		Clinical Microbiology and Infection (2010) DOI:10.1111/j.1469-0691.2010.03239.x		f42d99ae-0f1d-5803-95da-a38388463a69	31			51cf2f64b8de	mutation	2	84cd8501d39dfaa4	Qwen/Qwen3.6-35B-A3B	open-access	50	hybrid	2026-09-18T11:49:50Z		local	http://mango.cels.anl.gov:8004/v1	2818fac64d58675e
Acinetobacter baumannii	pmrB	S403F	colistin resistance	measured	31	1		Clinical Microbiology and Infection (2010) DOI:10.1111/j.1469-0691.2010.03239.x		f42d99ae-0f1d-5803-95da-a38388463a69	31			51cf2f64b8de	mutation	2	84cd8501d39dfaa4	Qwen/Qwen3.6-35B-A3B	open-access	50	hybrid	2026-09-18T11:49:50Z		local	http://mango.cels.anl.gov:8004/v1	2818fac64d58675e
Acinetobacter baumannii	pmrB	A227V	colistin resistance	measured	31	1		Clinical Microbiology and Infection (2010) DOI:10.1111/j.1469-0691.2010.03239.x		f42d99ae-0f1d-5803-95da-a38388463a69	31			51cf2f64b8de	mutation	2	84cd8501d39dfaa4	Qwen/Qwen3.6-35B-A3B	open-access	50	hybrid	2026-09-18T11:49:50Z		local	http://mango.cels.anl.gov:8004/v1	2818fac64d58675e
Acinetobacter baumannii	pmrB	N353Y	colistin resistance	measured	31	1		Clinical Microbiology and Infection (2010) DOI:10.1111/j.1469-0691.2010.03239.x		f42d99ae-0f1d-5803-95da-a38388463a69	31			51cf2f64b8de	mutation	2	84cd8501d39dfaa4	Qwen/Qwen3.6-35B-A3B	open-access	50	hybrid	2026-09-18T11:49:50Z		local	http://mango.cels.anl.gov:8004/v1	2818fac64d58675e
Acinetobacter baumannii	pmrB	A226T	colistin resistance	measured	35	1		Laurent Dortet et al. Scientific Reports PMID:30442963	30442963	48be6d71-2138-500d-a066-92d1f3bd03b6	35			51cf2f64b8de	mutation	2	84cd8501d39dfaa4	Qwen/Qwen3.6-35B-A3B	open-access	50	hybrid	2026-09-18T11:49:50Z		local	http://mango.cels.anl.gov:8004/v1	2818fac64d58675e
Acinetobacter baumannii	pmrB	A226V	colistin resistance	measured	35	1		Laurent Dortet et al. Scientific Reports PMID:30442963	30442963	48be6d71-2138-500d-a066-92d1f3bd03b6	35			51cf2f64b8de	mutation	2	84cd8501d39dfaa4	Qwen/Qwen3.6-35B-A3B	open-access	50	hybrid	2026-09-18T11:49:50Z		local	http://mango.cels.anl.gov:8004/v1	2818fac64d58675e
Klebsiella pneumoniae	pmrB	R256G	colistin resistance	reported; measured	[1]	8	merged_variants:Assertion	Iliana Alejandra Cortés-Ortíz et al. International Journal of Molecular Sciences PMID:40869367; Zijuan Jian et al. Scientific Reports PMID:39533012; Yanling Liu et al. Frontiers in Cellular and Infection Microbiology (2021) PMID:34765565; Tingting Si et al. Frontiers in Cellular and Infection Microbiology (2025) PMID:41158526; Mengli Tang et al. BMC Microbiology PMID:36882683; Aiman Waheed et al. Pathogens PMID:41754468	40869367;39533012;34765565;41158526;36882683;41754468	7e6f6b49-2b8e-57ae-a938-fd1f118d8d2c;d6f50410-0b19-506d-94ad-00a8b8fbab80;3831e0df-c00b-51a7-b52a-9bc068d6fc2d;a09429bc-cb0a-5ba8-9a76-384e42bd5247;4d991c5a-4245-54f5-ba03-dde7e8daa83d;4b6637f2-fa8b-525b-a691-5dde9d11a51d;35414bda-69f8-5500-80df-f4a5b80664a9;6e34ad75-04eb-5419-b1e0-ea227d33ecb0	1;4;10;19;24;26;30;34			d1f9f5a3403a	mutation	2	84cd8501d39dfaa4	Qwen/Qwen3.6-35B-A3B	open-access	50	hybrid	2026-09-18T11:49:51Z		local	http://mango.cels.anl.gov:8004/v1	7650ab7f6bfc77f4
Klebsiella pneumoniae	pmrB	P95L	colistin resistance	measured	[2]	1		Yanghua Xiao et al. BMC Microbiology PMID:41398649	41398649	62cf5e20-2217-5d46-94b1-4cb509a16219	2			d1f9f5a3403a	mutation	2	84cd8501d39dfaa4	Qwen/Qwen3.6-35B-A3B	open-access	50	hybrid	2026-09-18T11:49:51Z		local	http://mango.cels.anl.gov:8004/v1	7650ab7f6bfc77f4
Klebsiella pneumoniae	pmrB	D150H	colistin resistance	measured	[2]	1		Yanghua Xiao et al. BMC Microbiology PMID:41398649	41398649	62cf5e20-2217-5d46-94b1-4cb509a16219	2			d1f9f5a3403a	mutation	2	84cd8501d39dfaa4	Qwen/Qwen3.6-35B-A3B	open-access	50	hybrid	2026-09-18T11:49:51Z		local	http://mango.cels.anl.gov:8004/v1	7650ab7f6bfc77f4
Klebsiella pneumoniae	pmrB	T157P	colistin resistance	measured; reported	[2]	6	merged_variants:Assertion	Yanghua Xiao et al. BMC Microbiology PMID:41398649; Zijuan Jian et al. Scientific Reports PMID:39533012; Yanling Liu et al. Frontiers in Cellular and Infection Microbiology (2021) PMID:34765565; Tingting Si et al. Frontiers in Cellular and Infection Microbiology (2025) PMID:41158526; Mengli Tang et al. BMC Microbiology PMID:36882683	41398649;39533012;34765565;41158526;36882683	62cf5e20-2217-5d46-94b1-4cb509a16219;d6f50410-0b19-506d-94ad-00a8b8fbab80;3831e0df-c00b-51a7-b52a-9bc068d6fc2d;4d991c5a-4245-54f5-ba03-dde7e8daa83d;4b6637f2-fa8b-525b-a691-5dde9d11a51d;35414bda-69f8-5500-80df-f4a5b80664a9	2;4;19;24;26;30			d1f9f5a3403a	mutation	2	84cd8501d39dfaa4	Qwen/Qwen3.6-35B-A3B	open-access	50	hybrid	2026-09-18T11:49:51Z		local	http://mango.cels.anl.gov:8004/v1	7650ab7f6bfc77f4
Klebsiella pneumoniae	pmrB	S203P	colistin resistance	measured	[2]	2		Yanghua Xiao et al. BMC Microbiology PMID:41398649; Yanling Liu et al. Frontiers in Cellular and Infection Microbiology (2021) PMID:34765565	41398649;34765565	62cf5e20-2217-5d46-94b1-4cb509a16219;4d991c5a-4245-54f5-ba03-dde7e8daa83d	2;24			d1f9f5a3403a	mutation	2	84cd8501d39dfaa4	Qwen/Qwen3.6-35B-A3B	open-access	50	hybrid	2026-09-18T11:49:51Z		local	http://mango.cels.anl.gov:8004/v1	7650ab7f6bfc77f4
Klebsiella pneumoniae	pmrB	T246A	colistin resistance	predicted; reported; measured	[4]	8	merged_variants:Assertion	Zijuan Jian et al. Scientific Reports PMID:39533012; Yanling Liu et al. Frontiers in Cellular and Infection Microbiology (2021) PMID:34765565; Nuttapat Anuwongcharoen et al. PeerJ PMID:40936770; Ørjan Samuelsen et al. PLoS ONE PMID:29141051; Tingting Si et al. Frontiers in Cellular and Infection Microbiology (2025) PMID:41158526; Aiman Waheed et al. Pathogens PMID:41754468	39533012;34765565;40936770;29141051;41158526;41754468	d6f50410-0b19-506d-94ad-00a8b8fbab80;3831e0df-c00b-51a7-b52a-9bc068d6fc2d;a09429bc-cb0a-5ba8-9a76-384e42bd5247;4d991c5a-4245-54f5-ba03-dde7e8daa83d;6d7be0bb-3ea3-58b0-ba1e-42fd7389515a;bc6b0e82-01d7-5fd7-bec7-5a31472ffd60;4b6637f2-fa8b-525b-a691-5dde9d11a51d;6e34ad75-04eb-5419-b1e0-ea227d33ecb0	4;10;18;19;24;25;26;34			d1f9f5a3403a	mutation	2	84cd8501d39dfaa4	Qwen/Qwen3.6-35B-A3B	open-access	50	hybrid	2026-09-18T11:49:51Z		local	http://mango.cels.anl.gov:8004/v1	7650ab7f6bfc77f4
Klebsiella pneumoniae	pmrB	P158R	colistin resistance	measured	[9]	1		Miranda E. Pitt et al. Microbial Genomics PMID:29431605	29431605	e7618443-2791-5adc-b2b7-4f81f916f6f1	9			d1f9f5a3403a	mutation	2	84cd8501d39dfaa4	Qwen/Qwen3.6-35B-A3B	open-access	50	hybrid	2026-09-18T11:49:51Z		local	http://mango.cels.anl.gov:8004/v1	7650ab7f6bfc77f4
Klebsiella pneumoniae	pmrB	L344P	colistin resistance	predicted	[18]	1		Nuttapat Anuwongcharoen et al. PeerJ PMID:40936770	40936770	6d7be0bb-3ea3-58b0-ba1e-42fd7389515a	18			d1f9f5a3403a	mutation	2	84cd8501d39dfaa4	Qwen/Qwen3.6-35B-A3B	open-access	50	hybrid	2026-09-18T11:49:51Z		local	http://mango.cels.anl.gov:8004/v1	7650ab7f6bfc77f4
Klebsiella pneumoniae	pmrB	V257A	colistin resistance	measured	[24]	1		Yanling Liu et al. Frontiers in Cellular and Infection Microbiology (2021) PMID:34765565	34765565	4d991c5a-4245-54f5-ba03-dde7e8daa83d	24			d1f9f5a3403a	mutation	2	84cd8501d39dfaa4	Qwen/Qwen3.6-35B-A3B	open-access	50	hybrid	2026-09-18T11:49:51Z		local	http://mango.cels.anl.gov:8004/v1	7650ab7f6bfc77f4
Klebsiella pneumoniae	pmrB	T240M	colistin resistance	measured	[24]	1		Yanling Liu et al. Frontiers in Cellular and Infection Microbiology (2021) PMID:34765565	34765565	4d991c5a-4245-54f5-ba03-dde7e8daa83d	24			d1f9f5a3403a	mutation	2	84cd8501d39dfaa4	Qwen/Qwen3.6-35B-A3B	open-access	50	hybrid	2026-09-18T11:49:51Z		local	http://mango.cels.anl.gov:8004/v1	7650ab7f6bfc77f4
Klebsiella pneumoniae	pmrB	M285L	colistin resistance	measured	[24]	1		Yanling Liu et al. Frontiers in Cellular and Infection Microbiology (2021) PMID:34765565	34765565	4d991c5a-4245-54f5-ba03-dde7e8daa83d	24			d1f9f5a3403a	mutation	2	84cd8501d39dfaa4	Qwen/Qwen3.6-35B-A3B	open-access	50	hybrid	2026-09-18T11:49:51Z		local	http://mango.cels.anl.gov:8004/v1	7650ab7f6bfc77f4
Klebsiella pneumoniae	pmrB	S85R	colistin resistance	predicted	[30]	1		Mengli Tang et al. BMC Microbiology PMID:36882683	36882683	35414bda-69f8-5500-80df-f4a5b80664a9	30			d1f9f5a3403a	mutation	2	84cd8501d39dfaa4	Qwen/Qwen3.6-35B-A3B	open-access	50	hybrid	2026-09-18T11:49:51Z		local	http://mango.cels.anl.gov:8004/v1	7650ab7f6bfc77f4
Klebsiella pneumoniae	pmrB	L213M	colistin resistance	measured	[37]	1		Mehri Haeili et al. Frontiers in Microbiology (2017) PMID:29326662	29326662	8aba64a9-3294-5a25-a6ed-954f8580413b	37			d1f9f5a3403a	mutation	2	84cd8501d39dfaa4	Qwen/Qwen3.6-35B-A3B	open-access	50	hybrid	2026-09-18T11:49:51Z		local	http://mango.cels.anl.gov:8004/v1	7650ab7f6bfc77f4
Klebsiella pneumoniae	pmrB	A246T	colistin resistance	measured	[37]	1		Mehri Haeili et al. Frontiers in Microbiology (2017) PMID:29326662	29326662	8aba64a9-3294-5a25-a6ed-954f8580413b	37			d1f9f5a3403a	mutation	2	84cd8501d39dfaa4	Qwen/Qwen3.6-35B-A3B	open-access	50	hybrid	2026-09-18T11:49:51Z		local	http://mango.cels.anl.gov:8004/v1	7650ab7f6bfc77f4
Klebsiella pneumoniae	pmrB	P344L	colistin resistance	reported	[6]	1		Yang Lu et al. Frontiers in Microbiology (2018) PMID:30410479	30410479	60a59fc6-4ae0-55a4-90f8-2b713636c1b9	6			d1f9f5a3403a	mutation	2	84cd8501d39dfaa4	Qwen/Qwen3.6-35B-A3B	open-access	50	hybrid	2026-09-18T11:49:51Z		local	http://mango.cels.anl.gov:8004/v1	7650ab7f6bfc77f4
Salmonella	pmrB	V164M	colistin resistance	reported	[21]	1		Lianhua Zhang et al. Antibiotics PMID:36421318	36421318	7eef2fbe-65e3-5178-8161-5a5cb8564a56	21			e328f33264aa	mutation	2	84cd8501d39dfaa4	Qwen/Qwen3.6-35B-A3B	open-access	50	hybrid	2026-09-18T11:49:54Z		local	http://mango.cels.anl.gov:8004/v1	41c8e8414e304eaa
Salmonella	pmrB	R92P	colistin resistance	reported	[21]	1		Lianhua Zhang et al. Antibiotics PMID:36421318	36421318	7eef2fbe-65e3-5178-8161-5a5cb8564a56	21			e328f33264aa	mutation	2	84cd8501d39dfaa4	Qwen/Qwen3.6-35B-A3B	open-access	50	hybrid	2026-09-18T11:49:54Z		local	http://mango.cels.anl.gov:8004/v1	41c8e8414e304eaa
Salmonella	pmrB	M15T	polymyxin resistance	reported	[22]	1		Chelea Matchawe et al. Pathogens PMID:35631023	35631023	a230da98-2cdc-54b2-b7f9-ac19188679ed	22			e328f33264aa	mutation	2	84cd8501d39dfaa4	Qwen/Qwen3.6-35B-A3B	open-access	50	hybrid	2026-09-18T11:49:54Z		local	http://mango.cels.anl.gov:8004/v1	41c8e8414e304eaa
Salmonella	pmrB	G73S	polymyxin resistance	reported	[22]	1		Chelea Matchawe et al. Pathogens PMID:35631023	35631023	a230da98-2cdc-54b2-b7f9-ac19188679ed	22			e328f33264aa	mutation	2	84cd8501d39dfaa4	Qwen/Qwen3.6-35B-A3B	open-access	50	hybrid	2026-09-18T11:49:54Z		local	http://mango.cels.anl.gov:8004/v1	41c8e8414e304eaa
Salmonella	pmrB	V74I	polymyxin resistance	reported	[22]	1		Chelea Matchawe et al. Pathogens PMID:35631023	35631023	a230da98-2cdc-54b2-b7f9-ac19188679ed	22			e328f33264aa	mutation	2	84cd8501d39dfaa4	Qwen/Qwen3.6-35B-A3B	open-access	50	hybrid	2026-09-18T11:49:54Z		local	http://mango.cels.anl.gov:8004/v1	41c8e8414e304eaa
Salmonella	pmrB	A111T	polymyxin resistance	reported	[22]	1		Chelea Matchawe et al. Pathogens PMID:35631023	35631023	a230da98-2cdc-54b2-b7f9-ac19188679ed	22			e328f33264aa	mutation	2	84cd8501d39dfaa4	Qwen/Qwen3.6-35B-A3B	open-access	50	hybrid	2026-09-18T11:49:54Z		local	http://mango.cels.anl.gov:8004/v1	41c8e8414e304eaa
Salmonella	pmrB	I18L	polymyxin resistance	reported	[25]	1		Chelea Matchawe et al. Pathogens PMID:35631023	35631023	482f68e6-2d51-50e7-8ed8-11aa3d137445	25			e328f33264aa	mutation	2	84cd8501d39dfaa4	Qwen/Qwen3.6-35B-A3B	open-access	50	hybrid	2026-09-18T11:49:54Z		local	http://mango.cels.anl.gov:8004/v1	41c8e8414e304eaa
Salmonella	pmrB	L352M	polymyxin resistance	reported	[25]	1		Chelea Matchawe et al. Pathogens PMID:35631023	35631023	482f68e6-2d51-50e7-8ed8-11aa3d137445	25			e328f33264aa	mutation	2	84cd8501d39dfaa4	Qwen/Qwen3.6-35B-A3B	open-access	50	hybrid	2026-09-18T11:49:54Z		local	http://mango.cels.anl.gov:8004/v1	41c8e8414e304eaa
Salmonella	pmrB	V126G	polymyxin resistance	reported	[25]	1		Chelea Matchawe et al. Pathogens PMID:35631023	35631023	482f68e6-2d51-50e7-8ed8-11aa3d137445	25			e328f33264aa	mutation	2	84cd8501d39dfaa4	Qwen/Qwen3.6-35B-A3B	open-access	50	hybrid	2026-09-18T11:49:54Z		local	http://mango.cels.anl.gov:8004/v1	41c8e8414e304eaa
Salmonella	pmrB	S127A	polymyxin resistance	reported	[25]	1		Chelea Matchawe et al. Pathogens PMID:35631023	35631023	482f68e6-2d51-50e7-8ed8-11aa3d137445	25			e328f33264aa	mutation	2	84cd8501d39dfaa4	Qwen/Qwen3.6-35B-A3B	open-access	50	hybrid	2026-09-18T11:49:54Z		local	http://mango.cels.anl.gov:8004/v1	41c8e8414e304eaa
Salmonella	pmrB	I129L	polymyxin resistance	reported	[25]	1		Chelea Matchawe et al. Pathogens PMID:35631023	35631023	482f68e6-2d51-50e7-8ed8-11aa3d137445	25			e328f33264aa	mutation	2	84cd8501d39dfaa4	Qwen/Qwen3.6-35B-A3B	open-access	50	hybrid	2026-09-18T11:49:54Z		local	http://mango.cels.anl.gov:8004/v1	41c8e8414e304eaa
Salmonella	pmrB	V133D	polymyxin resistance	reported	[25]	1		Chelea Matchawe et al. Pathogens PMID:35631023	35631023	482f68e6-2d51-50e7-8ed8-11aa3d137445	25			e328f33264aa	mutation	2	84cd8501d39dfaa4	Qwen/Qwen3.6-35B-A3B	open-access	50	hybrid	2026-09-18T11:49:54Z		local	http://mango.cels.anl.gov:8004/v1	41c8e8414e304eaa
Salmonella	pmrB	L136R	polymyxin resistance	reported	[25]	1		Chelea Matchawe et al. Pathogens PMID:35631023	35631023	482f68e6-2d51-50e7-8ed8-11aa3d137445	25			e328f33264aa	mutation	2	84cd8501d39dfaa4	Qwen/Qwen3.6-35B-A3B	open-access	50	hybrid	2026-09-18T11:49:54Z		local	http://mango.cels.anl.gov:8004/v1	41c8e8414e304eaa
Salmonella	pmrB	T139P	polymyxin resistance	reported	[25]	1		Chelea Matchawe et al. Pathogens PMID:35631023	35631023	482f68e6-2d51-50e7-8ed8-11aa3d137445	25			e328f33264aa	mutation	2	84cd8501d39dfaa4	Qwen/Qwen3.6-35B-A3B	open-access	50	hybrid	2026-09-18T11:49:54Z		local	http://mango.cels.anl.gov:8004/v1	41c8e8414e304eaa
Acinetobacter baumannii	pmrC	3277188_3277189T insertion	Colin resistance	measured	[2]	1		Shaimaa Mohamed Seleim et al. Scientific Reports PMID:36470921	36470921	dc4bd95a-c00f-572b-876b-7acbd4a947a9	2			baf6e8d2ce92	mutation	2	84cd8501d39dfaa4	Qwen/Qwen3.6-35B-A3B	open-access	50	hybrid	2026-09-18T11:49:58Z		local	http://mango.cels.anl.gov:8004/v1	f18717af777fcd84
Acinetobacter baumannii	pmrC	1185149_1185150T insertion	Colin resistance	measured	[2]	1		Shaimaa Mohamed Seleim et al. Scientific Reports PMID:36470921	36470921	dc4bd95a-c00f-572b-876b-7acbd4a947a9	2			baf6e8d2ce92	mutation	2	84cd8501d39dfaa4	Qwen/Qwen3.6-35B-A3B	open-access	50	hybrid	2026-09-18T11:49:58Z		local	http://mango.cels.anl.gov:8004/v1	f18717af777fcd84
Acinetobacter baumannii	pmrC	G326A	Colin resistance	reported	[4]	1		Antoine Abou Fayad et al. Microorganisms PMID:38399753	38399753	913998e2-a1d8-5148-ae46-b82320dcb3ce	4			baf6e8d2ce92	mutation	2	84cd8501d39dfaa4	Qwen/Qwen3.6-35B-A3B	open-access	50	hybrid	2026-09-18T11:49:58Z		local	http://mango.cels.anl.gov:8004/v1	f18717af777fcd84
Acinetobacter baumannii	pmrC	R109H	Colin resistance	reported; measured	[4]	2	merged_variants:Assertion	Antoine Abou Fayad et al. Microorganisms PMID:38399753; Sukrit Srisakul et al. Scientific Reports PMID:35794134	38399753;35794134	913998e2-a1d8-5148-ae46-b82320dcb3ce;f43b1a46-adb7-5792-a3be-3f8b34d3ff5e	4;40			baf6e8d2ce92	mutation	2	84cd8501d39dfaa4	Qwen/Qwen3.6-35B-A3B	open-access	50	hybrid	2026-09-18T11:49:58Z		local	http://mango.cels.anl.gov:8004/v1	f18717af777fcd84
Acinetobacter baumannii	pmrC	C950T	Colin resistance	reported	[4]	1		Antoine Abou Fayad et al. Microorganisms PMID:38399753	38399753	913998e2-a1d8-5148-ae46-b82320dcb3ce	4			baf6e8d2ce92	mutation	2	84cd8501d39dfaa4	Qwen/Qwen3.6-35B-A3B	open-access	50	hybrid	2026-09-18T11:49:58Z		local	http://mango.cels.anl.gov:8004/v1	f18717af777fcd84
Acinetobacter baumannii	pmrC	A317V	Colin resistance	reported	[4]	1		Antoine Abou Fayad et al. Microorganisms PMID:38399753	38399753	913998e2-a1d8-5148-ae46-b82320dcb3ce	4			baf6e8d2ce92	mutation	2	84cd8501d39dfaa4	Qwen/Qwen3.6-35B-A3B	open-access	50	hybrid	2026-09-18T11:49:58Z		local	http://mango.cels.anl.gov:8004/v1	f18717af777fcd84
Acinetobacter baumannii	pmrC	I42V	Colin resistance	reported	[14]	2		Mai M. Zafer et al. Frontiers in Microbiology (2021) PMID:34880837; Jingchao Shi et al. Frontiers in Microbiology (2024) PMID:38318341	34880837;38318341	1405b8c9-f607-5dbb-a3e4-3c3e1f598860;5722db31-a8d6-554d-b6f0-40dd5c2a606a	14;22			baf6e8d2ce92	mutation	2	84cd8501d39dfaa4	Qwen/Qwen3.6-35B-A3B	open-access	50	hybrid	2026-09-18T11:49:58Z		local	http://mango.cels.anl.gov:8004/v1	f18717af777fcd84
Acinetobacter baumannii	pmrC	L150F	Colin resistance	reported	[22]	1		Jingchao Shi et al. Frontiers in Microbiology (2024) PMID:38318341	38318341	5722db31-a8d6-554d-b6f0-40dd5c2a606a	22			baf6e8d2ce92	mutation	2	84cd8501d39dfaa4	Qwen/Qwen3.6-35B-A3B	open-access	50	hybrid	2026-09-18T11:49:58Z		local	http://mango.cels.anl.gov:8004/v1	f18717af777fcd84
Acinetobacter baumannii	pmrC	R125P	Colin resistance	reported	[22]	1		Jingchao Shi et al. Frontiers in Microbiology (2024) PMID:38318341	38318341	5722db31-a8d6-554d-b6f0-40dd5c2a606a	22			baf6e8d2ce92	mutation	2	84cd8501d39dfaa4	Qwen/Qwen3.6-35B-A3B	open-access	50	hybrid	2026-09-18T11:49:58Z		local	http://mango.cels.anl.gov:8004/v1	f18717af777fcd84
Acinetobacter baumannii	pmrC	R125H	Colin resistance	reported	[30]	1		Letícia Dias de Melo Carrasco et al. Frontiers in Microbiology (2021) PMID:33897637	33897637	32611662-2131-5fa0-83d4-31e59623ad62	30			baf6e8d2ce92	mutation	2	84cd8501d39dfaa4	Qwen/Qwen3.6-35B-A3B	open-access	50	hybrid	2026-09-18T11:49:58Z		local	http://mango.cels.anl.gov:8004/v1	f18717af777fcd84
Acinetobacter baumannii	pmrC	N284D	Colin resistance	measured	[40]	1		Sukrit Srisakul et al. Scientific Reports PMID:35794134	35794134	f43b1a46-adb7-5792-a3be-3f8b34d3ff5e	40			baf6e8d2ce92	mutation	2	84cd8501d39dfaa4	Qwen/Qwen3.6-35B-A3B	open-access	50	hybrid	2026-09-18T11:49:58Z		local	http://mango.cels.anl.gov:8004/v1	f18717af777fcd84
Acinetobacter baumannii	pmrC	V42I	Colin resistance	measured	[40]	1		Sukrit Srisakul et al. Scientific Reports PMID:35794134	35794134	f43b1a46-adb7-5792-a3be-3f8b34d3ff5e	40			baf6e8d2ce92	mutation	2	84cd8501d39dfaa4	Qwen/Qwen3.6-35B-A3B	open-access	50	hybrid	2026-09-18T11:49:58Z		local	http://mango.cels.anl.gov:8004/v1	f18717af777fcd84
Acinetobacter baumannii	pmrC	I155V	Colin resistance	measured	[40]	1		Sukrit Srisakul et al. Scientific Reports PMID:35794134	35794134	f43b1a46-adb7-5792-a3be-3f8b34d3ff5e	40			baf6e8d2ce92	mutation	2	84cd8501d39dfaa4	Qwen/Qwen3.6-35B-A3B	open-access	50	hybrid	2026-09-18T11:49:58Z		local	http://mango.cels.anl.gov:8004/v1	f18717af777fcd84
Acinetobacter baumannii	pmrC	V135A	Colin resistance	measured	[40]	1		Sukrit Srisakul et al. Scientific Reports PMID:35794134	35794134	f43b1a46-adb7-5792-a3be-3f8b34d3ff5e	40			baf6e8d2ce92	mutation	2	84cd8501d39dfaa4	Qwen/Qwen3.6-35B-A3B	open-access	50	hybrid	2026-09-18T11:49:58Z		local	http://mango.cels.anl.gov:8004/v1	f18717af777fcd84
Acinetobacter baumannii	pmrC	F150L	Colin resistance	measured	[40]	1		Sukrit Srisakul et al. Scientific Reports PMID:35794134	35794134	f43b1a46-adb7-5792-a3be-3f8b34d3ff5e	40			baf6e8d2ce92	mutation	2	84cd8501d39dfaa4	Qwen/Qwen3.6-35B-A3B	open-access	50	hybrid	2026-09-18T11:49:58Z		local	http://mango.cels.anl.gov:8004/v1	f18717af777fcd84
Acinetobacter baumannii	pmrC	V203M	Colin resistance	measured	[40]	1		Sukrit Srisakul et al. Scientific Reports PMID:35794134	35794134	f43b1a46-adb7-5792-a3be-3f8b34d3ff5e	40			baf6e8d2ce92	mutation	2	84cd8501d39dfaa4	Qwen/Qwen3.6-35B-A3B	open-access	50	hybrid	2026-09-18T11:49:58Z		local	http://mango.cels.anl.gov:8004/v1	f18717af777fcd84
Acinetobacter baumannii	pmrC	R214Q	Colin resistance	measured	[40]	1		Sukrit Srisakul et al. Scientific Reports PMID:35794134	35794134	f43b1a46-adb7-5792-a3be-3f8b34d3ff5e	40			baf6e8d2ce92	mutation	2	84cd8501d39dfaa4	Qwen/Qwen3.6-35B-A3B	open-access	50	hybrid	2026-09-18T11:49:58Z		local	http://mango.cels.anl.gov:8004/v1	f18717af777fcd84
Acinetobacter baumannii	pmrC	D282G	Colin resistance	measured	[40]	1		Sukrit Srisakul et al. Scientific Reports PMID:35794134	35794134	f43b1a46-adb7-5792-a3be-3f8b34d3ff5e	40			baf6e8d2ce92	mutation	2	84cd8501d39dfaa4	Qwen/Qwen3.6-35B-A3B	open-access	50	hybrid	2026-09-18T11:49:58Z		local	http://mango.cels.anl.gov:8004/v1	f18717af777fcd84
Acinetobacter baumannii	pmrC	V321I	Colin resistance	measured	[40]	1		Sukrit Srisakul et al. Scientific Reports PMID:35794134	35794134	f43b1a46-adb7-5792-a3be-3f8b34d3ff5e	40			baf6e8d2ce92	mutation	2	84cd8501d39dfaa4	Qwen/Qwen3.6-35B-A3B	open-access	50	hybrid	2026-09-18T11:49:58Z		local	http://mango.cels.anl.gov:8004/v1	f18717af777fcd84
Acinetobacter baumannii	pmrC	A354S	Colin resistance	measured	[40]	1		Sukrit Srisakul et al. Scientific Reports PMID:35794134	35794134	f43b1a46-adb7-5792-a3be-3f8b34d3ff5e	40			baf6e8d2ce92	mutation	2	84cd8501d39dfaa4	Qwen/Qwen3.6-35B-A3B	open-access	50	hybrid	2026-09-18T11:49:58Z		local	http://mango.cels.anl.gov:8004/v1	f18717af777fcd84
Acinetobacter baumannii	pmrC	V470I	Colin resistance	measured	[40]	1		Sukrit Srisakul et al. Scientific Reports PMID:35794134	35794134	f43b1a46-adb7-5792-a3be-3f8b34d3ff5e	40			baf6e8d2ce92	mutation	2	84cd8501d39dfaa4	Qwen/Qwen3.6-35B-A3B	open-access	50	hybrid	2026-09-18T11:49:58Z		local	http://mango.cels.anl.gov:8004/v1	f18717af777fcd84
Acinetobacter baumannii	pmrC	K498N	Colin resistance	measured	[40]	1		Sukrit Srisakul et al. Scientific Reports PMID:35794134	35794134	f43b1a46-adb7-5792-a3be-3f8b34d3ff5e	40			baf6e8d2ce92	mutation	2	84cd8501d39dfaa4	Qwen/Qwen3.6-35B-A3B	open-access	50	hybrid	2026-09-18T11:49:58Z		local	http://mango.cels.anl.gov:8004/v1	f18717af777fcd84
Acinetobacter baumannii	pmrC	K515T	Colin resistance	measured	[40]	1		Sukrit Srisakul et al. Scientific Reports PMID:35794134	35794134	f43b1a46-adb7-5792-a3be-3f8b34d3ff5e	40			baf6e8d2ce92	mutation	2	84cd8501d39dfaa4	Qwen/Qwen3.6-35B-A3B	open-access	50	hybrid	2026-09-18T11:49:58Z		local	http://mango.cels.anl.gov:8004/v1	f18717af777fcd84
Acinetobacter baumannii	pmrC	L108S	Colin resistance	measured	[25]	1		Noor Andryan Ilsan et al. Microorganisms PMID:34198665	34198665	b6c61313-1a91-5b1d-98c2-7e4fac8997ac	25			baf6e8d2ce92	mutation	2	84cd8501d39dfaa4	Qwen/Qwen3.6-35B-A3B	open-access	50	hybrid	2026-09-18T11:49:58Z		local	http://mango.cels.anl.gov:8004/v1	f18717af777fcd84
Acinetobacter baumannii	pmrC	G374A	Colin resistance	reported	[30]	1		Letícia Dias de Melo Carrasco et al. Frontiers in Microbiology (2021) PMID:33897637	33897637	32611662-2131-5fa0-83d4-31e59623ad62	30			baf6e8d2ce92	mutation	2	84cd8501d39dfaa4	Qwen/Qwen3.6-35B-A3B	open-access	50	hybrid	2026-09-18T11:49:58Z		local	http://mango.cels.anl.gov:8004/v1	f18717af777fcd84
Acinetobacter baumannii	pmrC	1185196 T>G substitution	Colin resistance	measured	[2]	1		Shaimaa Mohamed Seleim et al. Scientific Reports PMID:36470921	36470921	dc4bd95a-c00f-572b-876b-7acbd4a947a9	2			baf6e8d2ce92	mutation	2	84cd8501d39dfaa4	Qwen/Qwen3.6-35B-A3B	open-access	50	hybrid	2026-09-18T11:49:58Z		local	http://mango.cels.anl.gov:8004/v1	f18717af777fcd84
Acinetobacter baumannii	pmrC	1185199A substitution	Colin resistance	measured	[2]	1		Shaimaa Mohamed Seleim et al. Scientific Reports PMID:36470921	36470921	dc4bd95a-c00f-572b-876b-7acbd4a947a9	2			baf6e8d2ce92	mutation	2	84cd8501d39dfaa4	Qwen/Qwen3.6-35B-A3B	open-access	50	hybrid	2026-09-18T11:49:58Z		local	http://mango.cels.anl.gov:8004/v1	f18717af777fcd84
Campylobacter	porA	duplication	ertapenem resistance	reported	[3]	1		Quentin Jehanne et al. Frontiers in Microbiology (2026) PMID:41994285	41994285	da09161d-f886-5fb9-92ed-50bee08166f9	3			7d1758d47cff	mutation	2	84cd8501d39dfaa4	Qwen/Qwen3.6-35B-A3B	open-access	50	hybrid	2026-09-18T11:50:00Z		local	http://mango.cels.anl.gov:8004/v1	4e52ddb5429a3d5f
Campylobacter	porA	deletion at position A71	meropenem resistance	reported	[14]	1		Quentin Jehanne et al. Frontiers in Microbiology (2026) PMID:41994285	41994285	bd686c6e-9de8-52ef-bfa4-cb1c4c21842c	14			7d1758d47cff	mutation	2	84cd8501d39dfaa4	Qwen/Qwen3.6-35B-A3B	open-access	50	hybrid	2026-09-18T11:50:00Z		local	http://mango.cels.anl.gov:8004/v1	4e52ddb5429a3d5f
Campylobacter	porA	nonsynonymous mutations	ertapenem resistance	reported	[13]	1		Manel Gharbi et al. Antibiotics PMID:41463739	41463739	76e93622-8e5d-5a9f-a87d-f0c80d3c35ec	13			7d1758d47cff	mutation	2	84cd8501d39dfaa4	Qwen/Qwen3.6-35B-A3B	open-access	50	hybrid	2026-09-18T11:50:00Z		local	http://mango.cels.anl.gov:8004/v1	4e52ddb5429a3d5f
Campylobacter	porA	point mutation	meropenem resistance	reported	[13]	1		Manel Gharbi et al. Antibiotics PMID:41463739	41463739	76e93622-8e5d-5a9f-a87d-f0c80d3c35ec	13			7d1758d47cff	mutation	2	84cd8501d39dfaa4	Qwen/Qwen3.6-35B-A3B	open-access	50	hybrid	2026-09-18T11:50:00Z		local	http://mango.cels.anl.gov:8004/v1	4e52ddb5429a3d5f
Neisseria gonorrhoeae	ponA	L421P	antimicrobial resistance	reported	1	22		Alexey Kubanov et al. BMC Infectious Diseases PMID:27506605; Sai Li et al. BMC Infectious Diseases PMID:25427572; Yijing Yang et al. Journal of Antimicrobial Chemotherapy PMID:31713620; Boris Shaskolskiy et al. PLoS ONE PMID:31344102; Naris Kueakulpattana et al. Scientific Reports PMID:34737332; Hiroto Mizushima et al. Emerging Infectious Diseases PMID:41017068; François Caméléna et al. Emerging Infectious Diseases PMID:39084693; Daniel Golparian et al. Scientific Reports PMID:30514867; Meshack Juma et al. Frontiers in Microbiology (2021) PMID:34385981; Adam C. Retchless et al. BMC Genomics PMID:29499642; André Zapun et al. Antibiotics PMID:27690121; Natakorn Nokchan et al. PLoS ONE PMID:35905043; Christina Straub et al. Microbial Genomics PMID:34755593; Ilya Kandinov et al. Pathogens PMID:33198126	27506605;25427572;31713620;31344102;34737332;41017068;39084693;30514867;34385981;29499642;27690121;35905043;34755593;33198126	8264f811-6b20-506e-a0fe-6a8cf52f9f81;1c866d7a-93b5-5385-9544-1e50f169dd4a;13bf8b0d-e35e-5afb-82d1-62458e1d3a31;edf272a8-744e-5581-ba95-6169dc323af0;4f19eae1-f21a-5551-a2e9-ba4fc4606824;9a611c3b-ffd7-589e-bab7-f0f24207aabb;3648573b-707c-5b6b-8b8c-00a5162578cc;ee6649fe-68eb-5785-94da-a57ca729acef;7064b07b-f265-504a-80be-f3dd349aa39c;526fa6be-90db-5295-8a84-e085d1f732f0;fc010c1b-5f0a-52dc-8da4-13bbefd5b32d;235cc370-cdf5-5c89-81ff-88d0f85a5c7b;ed1b2c4f-2c1e-566d-b2f7-8b260fb90f2d;525d2047-1666-57d2-b574-685dfb47c05d;e4817f43-5a79-5f98-9113-d962f4e2b84d;2f7a8489-785e-56a0-b811-f6ab177b5bdc;63685395-ff86-53ce-9a3e-8ee794fbcd70;5e2d450d-e90d-547e-97af-da091fe5796f;77a37663-560e-5a65-b9ae-c7be989ebee1;cc28bf22-df16-5b99-a2ae-f0c2c28d7fcf;85bc947c-50c9-56df-9247-97ae8a21bdf4;2e9271f4-4e81-581a-905c-dc60775268da	1;2;3;4;5;7;12;13;15;21;24;26;29;30;31;32;33;34;35;42;44;47			e5ec253dee9b	mutation	2	84cd8501d39dfaa4	Qwen/Qwen3.6-35B-A3B	open-access	50	hybrid	2026-09-18T11:50:00Z		local	http://mango.cels.anl.gov:8004/v1	cdf6a0c77e3d7414
Neisseria gonorrhoeae	ponA	A375T	antimicrobial resistance	reported	10	4		Natakorn Nokchan et al. PLoS ONE PMID:35905043	35905043	a2e16f02-7ba8-51ef-a7df-8c11a6906540;0ca25b8d-795f-5f61-ad8a-267300f1b355;c98c65b2-8263-51cc-b1d9-83f41b6a23c3;cc28bf22-df16-5b99-a2ae-f0c2c28d7fcf	10;16;25;42			e5ec253dee9b	mutation	2	84cd8501d39dfaa4	Qwen/Qwen3.6-35B-A3B	open-access	50	hybrid	2026-09-18T11:50:00Z		local	http://mango.cels.anl.gov:8004/v1	cdf6a0c77e3d7414
Pseudomonas aeruginosa	pmrB	phoQ and/or pmrB mutations	Colistin resistance	reported	[1]	1		Natalia Molchanova et al. Frontiers in Microbiology (2019) PMID:30842761	30842761	4d62f256-ddc2-5ce2-813b-300400e4ffac	1			a6d246530d55	mutation	2	84cd8501d39dfaa4	Qwen/Qwen3.6-35B-A3B	open-access	50	hybrid	2026-09-18T11:50:04Z		local	http://mango.cels.anl.gov:8004/v1	38e6b23dc5cbcb70
Pseudomonas aeruginosa	pmrB	changes in pmrB	Colistin adaptation	reported	[2]	1		Igor Chebotar et al. Antibiotics PMID:38786180	38786180	71133c0f-2eba-5973-9247-9a69ed466921	2			a6d246530d55	mutation	2	84cd8501d39dfaa4	Qwen/Qwen3.6-35B-A3B	open-access	50	hybrid	2026-09-18T11:50:04Z		local	http://mango.cels.anl.gov:8004/v1	38e6b23dc5cbcb70
Pseudomonas aeruginosa	pmrB	pmrB deletion	Enhanced resistance to lysozyme; increased susceptibility to antibiotics	reported; measured	[3]	4	merged_variants:Assertion	Laura Bricio-Moreno et al. Nature Communications PMID:29980663; Natalia Kapel et al. Cell Reports (2022) PMID:35675785	29980663;35675785	12459f96-0612-5a59-9b09-5f6166572669;bb705fc2-f5ba-5336-9faf-17075015fde0;4eaca804-642d-585c-a8ba-ac7b9011ca0b;62a989b0-069a-53e4-8d78-2c416bfe0d7d	3;6;9;18			a6d246530d55	mutation	2	84cd8501d39dfaa4	Qwen/Qwen3.6-35B-A3B	open-access	50	hybrid	2026-09-18T11:50:04Z		local	http://mango.cels.anl.gov:8004/v1	38e6b23dc5cbcb70
Pseudomonas aeruginosa	pmrB	SNP mutants	Enhanced resistance to lysozyme; increased susceptibility to antibiotics	reported; measured	[3]	4	merged_variants:Assertion	Laura Bricio-Moreno et al. Nature Communications PMID:29980663; Natalia Kapel et al. Cell Reports (2022) PMID:35675785	29980663;35675785	12459f96-0612-5a59-9b09-5f6166572669;bb705fc2-f5ba-5336-9faf-17075015fde0;4eaca804-642d-585c-a8ba-ac7b9011ca0b;62a989b0-069a-53e4-8d78-2c416bfe0d7d	3;6;9;18			a6d246530d55	mutation	2	84cd8501d39dfaa4	Qwen/Qwen3.6-35B-A3B	open-access	50	hybrid	2026-09-18T11:50:04Z		local	http://mango.cels.anl.gov:8004/v1	38e6b23dc5cbcb70
Pseudomonas aeruginosa	pmrB	phoQ	Resistance to cationic antimicrobial peptides; Colistin resistance; Resistance to antimicrobial peptides	reported	[4]	5	merged_variants:Phenotype	Natalia Molchanova et al. Frontiers in Microbiology (2019) PMID:30842761; Lori Johnson et al. BMC Microbiology PMID:23705831; Ronit Vogt Sionov et al. Microorganisms PMID:35744757	30842761;23705831;35744757	b5bcfc54-535c-5d21-b24a-705dd5cd5716;e9d43763-389d-5f7e-90d3-6b6300343ba4;a3e0e948-1a54-56d6-9b8d-7221f230c7ef;77a86276-a167-5401-b1e5-9ce10560ea53;8c91f417-6c8a-59b6-9b58-ea5fe7ac16d9	4;15;26;32;36			a6d246530d55	mutation	2	84cd8501d39dfaa4	Qwen/Qwen3.6-35B-A3B	open-access	50	hybrid	2026-09-18T11:50:04Z		local	http://mango.cels.anl.gov:8004/v1	38e6b23dc5cbcb70
Pseudomonas aeruginosa	pmrB	pmrB mutations	Enhanced susceptibility to antibiotics; Colistin resistance	reported	[4]	4	merged_variants:Phenotype	Natalia Molchanova et al. Frontiers in Microbiology (2019) PMID:30842761; Laura Bricio-Moreno et al. Nature Communications PMID:29980663	30842761;29980663	b5bcfc54-535c-5d21-b24a-705dd5cd5716;e9d43763-389d-5f7e-90d3-6b6300343ba4;a3e0e948-1a54-56d6-9b8d-7221f230c7ef;f5ed9d83-9da2-5744-b880-da40110d66e4	4;15;22;32			a6d246530d55	mutation	2	84cd8501d39dfaa4	Qwen/Qwen3.6-35B-A3B	open-access	50	hybrid	2026-09-18T11:50:04Z		local	http://mango.cels.anl.gov:8004/v1	38e6b23dc5cbcb70
Pseudomonas aeruginosa	pmrB	mutation in the PmrB locus	Resistance to polymyxins	reported	[5]	1		Anjali Y. Bhagirath et al. International Journal of Molecular Sciences PMID:30974906	30974906	1ee7ccfb-1c29-5a54-aac3-759c707b7988	5			a6d246530d55	mutation	2	84cd8501d39dfaa4	Qwen/Qwen3.6-35B-A3B	open-access	50	hybrid	2026-09-18T11:50:04Z		local	http://mango.cels.anl.gov:8004/v1	38e6b23dc5cbcb70
Pseudomonas aeruginosa	pmrB	hotspot mutations in PmrAB regulatory system	Colistin heteroresistance	reported	[7]	1		Natalia Kapel et al. Cell Reports (2022) PMID:35675785	35675785	84159697-e022-5a0e-b389-1f07c0dcc59b	7			a6d246530d55	mutation	2	84cd8501d39dfaa4	Qwen/Qwen3.6-35B-A3B	open-access	50	hybrid	2026-09-18T11:50:04Z		local	http://mango.cels.anl.gov:8004/v1	38e6b23dc5cbcb70
Pseudomonas aeruginosa	pmrB	mutations in the pmrAB operon	Resistance to cationic antimicrobial peptides	reported	[10]	1		Anjali Y. Bhagirath et al. International Journal of Molecular Sciences PMID:30974906	30974906	f061d624-a56e-59d3-8d9f-32cfca2a149b	10			a6d246530d55	mutation	2	84cd8501d39dfaa4	Qwen/Qwen3.6-35B-A3B	open-access	50	hybrid	2026-09-18T11:50:04Z		local	http://mango.cels.anl.gov:8004/v1	38e6b23dc5cbcb70
Pseudomonas aeruginosa	pmrB	ΔpmrB	Enhanced resistance to lysozyme; increased susceptibility to antibiotics	measured	[11]	1		Laura Bricio-Moreno et al. Nature Communications PMID:29980663	29980663	56a3c68d-af63-5a32-8d73-c4af2586ef89	11			a6d246530d55	mutation	2	84cd8501d39dfaa4	Qwen/Qwen3.6-35B-A3B	open-access	50	hybrid	2026-09-18T11:50:04Z		local	http://mango.cels.anl.gov:8004/v1	38e6b23dc5cbcb70
Pseudomonas aeruginosa	pmrB	T246A	Colistin resistance	reported	[12]	1		Absar Talat et al. BMC Microbiology PMID:38769479	38769479	f98d3e3a-bd92-5a34-a663-45aedbedf57c	12			a6d246530d55	mutation	2	84cd8501d39dfaa4	Qwen/Qwen3.6-35B-A3B	open-access	50	hybrid	2026-09-18T11:50:04Z		local	http://mango.cels.anl.gov:8004/v1	38e6b23dc5cbcb70
Pseudomonas aeruginosa	pmrB	R256G	Colistin resistance	reported	[12]	2		Absar Talat et al. BMC Microbiology PMID:38769479; Mengli Tang et al. BMC Microbiology PMID:36882683	38769479;36882683	f98d3e3a-bd92-5a34-a663-45aedbedf57c;35414bda-69f8-5500-80df-f4a5b80664a9	12;37			a6d246530d55	mutation	2	84cd8501d39dfaa4	Qwen/Qwen3.6-35B-A3B	open-access	50	hybrid	2026-09-18T11:50:04Z		local	http://mango.cels.anl.gov:8004/v1	38e6b23dc5cbcb70
Pseudomonas aeruginosa	pmrB	G362S	Colistin resistance	reported	[13]	2		Absar Talat et al. BMC Microbiology PMID:38769479; Yanghua Xiao et al. BMC Microbiology PMID:41772443	38769479;41772443	d87105cc-2680-5e7e-b2e6-511fbe583031;48111eb6-e5e4-5d04-9d81-cbc4f04f330d	13;31			a6d246530d55	mutation	2	84cd8501d39dfaa4	Qwen/Qwen3.6-35B-A3B	open-access	50	hybrid	2026-09-18T11:50:04Z		local	http://mango.cels.anl.gov:8004/v1	38e6b23dc5cbcb70
Pseudomonas aeruginosa	pmrB	in vivo acquired pmrB SNP	Enhanced ability to colonise mouse lungs	reported	[14]	1		Laura Bricio-Moreno et al. Nature Communications PMID:29980663	29980663	b326441c-090f-5a8b-83d1-2cbbf592d072	14			a6d246530d55	mutation	2	84cd8501d39dfaa4	Qwen/Qwen3.6-35B-A3B	open-access	50	hybrid	2026-09-18T11:50:04Z		local	http://mango.cels.anl.gov:8004/v1	38e6b23dc5cbcb70
Pseudomonas aeruginosa	pmrB	three different variants	Resistance to polymyxins	reported	[16]	2		Irene Bianconi et al. Frontiers in Microbiology (2018) PMID:30692969	30692969	24d41dcf-b812-510d-b959-4f91fae9f967;6ec2f009-d80f-5215-bec7-3c8c3168d30a	16;33			a6d246530d55	mutation	2	84cd8501d39dfaa4	Qwen/Qwen3.6-35B-A3B	open-access	50	hybrid	2026-09-18T11:50:04Z		local	http://mango.cels.anl.gov:8004/v1	38e6b23dc5cbcb70
Pseudomonas aeruginosa	pmrB	pmrB mutation	Enhanced susceptibility to antibiotics	reported	[19]	1		Laura Bricio-Moreno et al. Nature Communications PMID:29980663	29980663	3b5f770d-b7d9-5e94-8625-ba78584ece71	19			a6d246530d55	mutation	2	84cd8501d39dfaa4	Qwen/Qwen3.6-35B-A3B	open-access	50	hybrid	2026-09-18T11:50:04Z		local	http://mango.cels.anl.gov:8004/v1	38e6b23dc5cbcb70
Pseudomonas aeruginosa	pmrB	mutations conferring polymyxin resistance	Colistin resistance	reported	[20]	1		Abiola O. Olaitan et al. Frontiers in Microbiology (2014) PMID:25505462	25505462	b8080b63-7d8f-5070-9bcb-34e28b7c5398	20			a6d246530d55	mutation	2	84cd8501d39dfaa4	Qwen/Qwen3.6-35B-A3B	open-access	50	hybrid	2026-09-18T11:50:04Z		local	http://mango.cels.anl.gov:8004/v1	38e6b23dc5cbcb70
Pseudomonas aeruginosa	pmrB	constitutive modification of LPSs	Colistin resistance	reported	[21]	1		Abiola O. Olaitan et al. Frontiers in Microbiology (2014) PMID:25505462	25505462	f4026f73-0a81-5288-9302-d076fa8a9a68	21			a6d246530d55	mutation	2	84cd8501d39dfaa4	Qwen/Qwen3.6-35B-A3B	open-access	50	hybrid	2026-09-18T11:50:04Z		local	http://mango.cels.anl.gov:8004/v1	38e6b23dc5cbcb70
Pseudomonas aeruginosa	pmrB	leucine to proline amino acid substitution at position 10	Colistin resistance	reported	[23]	1		Antonio Cannatelli et al. Scientific Reports PMID:28698568	28698568	06004f59-c0fb-5bb3-a0ff-3bc358944990	23			a6d246530d55	mutation	2	84cd8501d39dfaa4	Qwen/Qwen3.6-35B-A3B	open-access	50	hybrid	2026-09-18T11:50:04Z		local	http://mango.cels.anl.gov:8004/v1	38e6b23dc5cbcb70
Pseudomonas aeruginosa	pmrB	mutated pmrB genes	Colistin resistance	reported	[25]	1		Ching-Hsun Wang et al. BMC Microbiology PMID:38565985	38565985	a354dd02-64eb-5fd5-94be-62058ca23631	25			a6d246530d55	mutation	2	84cd8501d39dfaa4	Qwen/Qwen3.6-35B-A3B	open-access	50	hybrid	2026-09-18T11:50:04Z		local	http://mango.cels.anl.gov:8004/v1	38e6b23dc5cbcb70
Pseudomonas aeruginosa	pmrB	pmrB systems required for expression of arn operon	Resistance to antimicrobial peptides	reported	[26]	1		Lori Johnson et al. BMC Microbiology PMID:23705831	23705831	77a86276-a167-5401-b1e5-9ce10560ea53	26			a6d246530d55	mutation	2	84cd8501d39dfaa4	Qwen/Qwen3.6-35B-A3B	open-access	50	hybrid	2026-09-18T11:50:04Z		local	http://mango.cels.anl.gov:8004/v1	38e6b23dc5cbcb70
Pseudomonas aeruginosa	pmrB	modifications of PmrB	Colistin resistance	reported	[27]	1		Laurent Dortet et al. Scientific Reports PMID:30442963	30442963	e270014c-75c4-5bb6-9877-d43a01655c54	27			a6d246530d55	mutation	2	84cd8501d39dfaa4	Qwen/Qwen3.6-35B-A3B	open-access	50	hybrid	2026-09-18T11:50:04Z		local	http://mango.cels.anl.gov:8004/v1	38e6b23dc5cbcb70
Pseudomonas aeruginosa	pmrB	mutations in pmrB	Colistin resistance	reported	[28]	10		Noha A. Kamel et al. BMC Microbiology PMID:38745145; Md Minarul Islam et al. Pathogens PMID:39770308; Felipe Morales-León et al. Microorganisms PMID:32825799; Misung Kim et al. Virulence (2020) PMID:33372826; Antonio Cannatelli et al. Scientific Reports PMID:28698568; Estelle Longla Madaha et al. Microorganisms PMID:32403300; Yanghua Xiao et al. BMC Microbiology PMID:41398649; Zhenlin Ouyang et al. Frontiers in Microbiology (2024) PMID:38476937; Mohamed Kettani-Halabi et al. BMC Microbiology PMID:23890050	38745145;39770308;32825799;33372826;28698568;32403300;41398649;38476937;23890050	53fdbe53-c4d3-5c21-abb2-f08a3b4254c9;be1505dc-a1da-54c0-8551-285a3cf52f08;1e503878-c779-5b4f-9011-9433988c5fec;1f13cf67-e3eb-5f82-b894-5035f733b9ef;4f38453e-2bf9-5ff9-8e0e-c97f5d13488a;7d546f5e-309c-5365-b649-ef740f28340a;d996618e-ce91-50fe-ba34-bb2b1cf28a1f;4c20cc78-f560-5dfd-a589-8dfc92dc3bb7;530ac661-dc12-5e9d-add2-1d1b6a43bb53;3ccf340f-2fe9-5752-8ed0-af58a7e61f6b	28;30;35;38;39;42;46;47;49;50			a6d246530d55	mutation	2	84cd8501d39dfaa4	Qwen/Qwen3.6-35B-A3B	open-access	50	hybrid	2026-09-18T11:50:04Z		local	http://mango.cels.anl.gov:8004/v1	38e6b23dc5cbcb70
Pseudomonas aeruginosa	pmrB	hypermutability	Colistin heteroresistance	reported	[29]	1		Natalia Kapel et al. Cell Reports (2022) PMID:35675785	35675785	093bcfba-e5f5-5f85-85d8-1f87ad8b06ef	29			a6d246530d55	mutation	2	84cd8501d39dfaa4	Qwen/Qwen3.6-35B-A3B	open-access	50	hybrid	2026-09-18T11:50:04Z		local	http://mango.cels.anl.gov:8004/v1	38e6b23dc5cbcb70
Pseudomonas aeruginosa	pmrB	S94N	Colistin resistance	reported	[31]	1		Yanghua Xiao et al. BMC Microbiology PMID:41772443	41772443	48111eb6-e5e4-5d04-9d81-cbc4f04f330d	31			a6d246530d55	mutation	2	84cd8501d39dfaa4	Qwen/Qwen3.6-35B-A3B	open-access	50	hybrid	2026-09-18T11:50:04Z		local	http://mango.cels.anl.gov:8004/v1	38e6b23dc5cbcb70
Pseudomonas aeruginosa	pmrB	A119T	Colistin resistance	reported	[31]	1		Yanghua Xiao et al. BMC Microbiology PMID:41772443	41772443	48111eb6-e5e4-5d04-9d81-cbc4f04f330d	31			a6d246530d55	mutation	2	84cd8501d39dfaa4	Qwen/Qwen3.6-35B-A3B	open-access	50	hybrid	2026-09-18T11:50:04Z		local	http://mango.cels.anl.gov:8004/v1	38e6b23dc5cbcb70
Pseudomonas aeruginosa	pmrB	P369S	Colistin resistance	reported	[31]	1		Yanghua Xiao et al. BMC Microbiology PMID:41772443	41772443	48111eb6-e5e4-5d04-9d81-cbc4f04f330d	31			a6d246530d55	mutation	2	84cd8501d39dfaa4	Qwen/Qwen3.6-35B-A3B	open-access	50	hybrid	2026-09-18T11:50:04Z		local	http://mango.cels.anl.gov:8004/v1	38e6b23dc5cbcb70
Pseudomonas aeruginosa	pmrB	L107P	Colistin resistance	reported	[31]	1		Yanghua Xiao et al. BMC Microbiology PMID:41772443	41772443	48111eb6-e5e4-5d04-9d81-cbc4f04f330d	31			a6d246530d55	mutation	2	84cd8501d39dfaa4	Qwen/Qwen3.6-35B-A3B	open-access	50	hybrid	2026-09-18T11:50:04Z		local	http://mango.cels.anl.gov:8004/v1	38e6b23dc5cbcb70
Pseudomonas aeruginosa	pmrB	G361A	Colistin resistance	reported	[34]	1		Fuzhou Xu et al. Microorganisms PMID:33809968	33809968	3f01a267-03a7-547b-be0e-a2173c10d795	34			a6d246530d55	mutation	2	84cd8501d39dfaa4	Qwen/Qwen3.6-35B-A3B	open-access	50	hybrid	2026-09-18T11:50:04Z		local	http://mango.cels.anl.gov:8004/v1	38e6b23dc5cbcb70
Pseudomonas aeruginosa	pmrB	pmrAB induce expression of arnBCADTEF	Resistance to cationic antimicrobial peptides	reported	[36]	1		Ronit Vogt Sionov et al. Microorganisms PMID:35744757	35744757	8c91f417-6c8a-59b6-9b58-ea5fe7ac16d9	36			a6d246530d55	mutation	2	84cd8501d39dfaa4	Qwen/Qwen3.6-35B-A3B	open-access	50	hybrid	2026-09-18T11:50:04Z		local	http://mango.cels.anl.gov:8004/v1	38e6b23dc5cbcb70
Pseudomonas aeruginosa	pmrB	T157P	Colistin resistance	reported	[37]	1		Mengli Tang et al. BMC Microbiology PMID:36882683	36882683	35414bda-69f8-5500-80df-f4a5b80664a9	37			a6d246530d55	mutation	2	84cd8501d39dfaa4	Qwen/Qwen3.6-35B-A3B	open-access	50	hybrid	2026-09-18T11:50:04Z		local	http://mango.cels.anl.gov:8004/v1	38e6b23dc5cbcb70
Pseudomonas aeruginosa	pmrB	S85R	Colistin resistance	reported	[37]	1		Mengli Tang et al. BMC Microbiology PMID:36882683	36882683	35414bda-69f8-5500-80df-f4a5b80664a9	37			a6d246530d55	mutation	2	84cd8501d39dfaa4	Qwen/Qwen3.6-35B-A3B	open-access	50	hybrid	2026-09-18T11:50:04Z		local	http://mango.cels.anl.gov:8004/v1	38e6b23dc5cbcb70
Pseudomonas aeruginosa	pmrB	pmrAB	Colistin resistance	reported	[40]	1		Shah Zeb et al. Microorganisms PMID:41597692	41597692	0c5f8a1d-0d35-5725-bf0a-8da62a9fc32f	40			a6d246530d55	mutation	2	84cd8501d39dfaa4	Qwen/Qwen3.6-35B-A3B	open-access	50	hybrid	2026-09-18T11:50:04Z		local	http://mango.cels.anl.gov:8004/v1	38e6b23dc5cbcb70
Pseudomonas aeruginosa	pmrB	mutations of pmrAB	Colistin resistance	reported	[41]	1		Shaimaa Mohamed Seleim et al. Scientific Reports PMID:36470921	36470921	906f7560-1fff-571e-ba61-49299e2c60a8	41			a6d246530d55	mutation	2	84cd8501d39dfaa4	Qwen/Qwen3.6-35B-A3B	open-access	50	hybrid	2026-09-18T11:50:04Z		local	http://mango.cels.anl.gov:8004/v1	38e6b23dc5cbcb70
Pseudomonas aeruginosa	pmrB	mutations in pmrAB	Colistin resistance	reported	[43]	1		Yanghua Xiao et al. BMC Microbiology PMID:41772443	41772443	bc85d6c5-b075-5fb1-bd11-9aa5e4849634	43			a6d246530d55	mutation	2	84cd8501d39dfaa4	Qwen/Qwen3.6-35B-A3B	open-access	50	hybrid	2026-09-18T11:50:04Z		local	http://mango.cels.anl.gov:8004/v1	38e6b23dc5cbcb70
Pseudomonas aeruginosa	pmrB	S14L	Colistin resistance	reported	[44]	1		Clinical Microbiology and Infection (2010) DOI:10.1111/j.1469-0691.2010.03239.x		f42d99ae-0f1d-5803-95da-a38388463a69	44			a6d246530d55	mutation	2	84cd8501d39dfaa4	Qwen/Qwen3.6-35B-A3B	open-access	50	hybrid	2026-09-18T11:50:04Z		local	http://mango.cels.anl.gov:8004/v1	38e6b23dc5cbcb70
Pseudomonas aeruginosa	pmrB	L87F	Colistin resistance	reported	[44]	1		Clinical Microbiology and Infection (2010) DOI:10.1111/j.1469-0691.2010.03239.x		f42d99ae-0f1d-5803-95da-a38388463a69	44			a6d246530d55	mutation	2	84cd8501d39dfaa4	Qwen/Qwen3.6-35B-A3B	open-access	50	hybrid	2026-09-18T11:50:04Z		local	http://mango.cels.anl.gov:8004/v1	38e6b23dc5cbcb70
Pseudomonas aeruginosa	pmrB	M145K	Colistin resistance	reported	[44]	1		Clinical Microbiology and Infection (2010) DOI:10.1111/j.1469-0691.2010.03239.x		f42d99ae-0f1d-5803-95da-a38388463a69	44			a6d246530d55	mutation	2	84cd8501d39dfaa4	Qwen/Qwen3.6-35B-A3B	open-access	50	hybrid	2026-09-18T11:50:04Z		local	http://mango.cels.anl.gov:8004/v1	38e6b23dc5cbcb70
Pseudomonas aeruginosa	pmrB	P233S	Colistin resistance	reported	[44]	1		Clinical Microbiology and Infection (2010) DOI:10.1111/j.1469-0691.2010.03239.x		f42d99ae-0f1d-5803-95da-a38388463a69	44			a6d246530d55	mutation	2	84cd8501d39dfaa4	Qwen/Qwen3.6-35B-A3B	open-access	50	hybrid	2026-09-18T11:50:04Z		local	http://mango.cels.anl.gov:8004/v1	38e6b23dc5cbcb70
Pseudomonas aeruginosa	pmrB	F387Y	Colistin resistance	reported	[44]	1		Clinical Microbiology and Infection (2010) DOI:10.1111/j.1469-0691.2010.03239.x		f42d99ae-0f1d-5803-95da-a38388463a69	44			a6d246530d55	mutation	2	84cd8501d39dfaa4	Qwen/Qwen3.6-35B-A3B	open-access	50	hybrid	2026-09-18T11:50:04Z		local	http://mango.cels.anl.gov:8004/v1	38e6b23dc5cbcb70
Pseudomonas aeruginosa	pmrB	S403F	Colistin resistance	reported	[44]	1		Clinical Microbiology and Infection (2010) DOI:10.1111/j.1469-0691.2010.03239.x		f42d99ae-0f1d-5803-95da-a38388463a69	44			a6d246530d55	mutation	2	84cd8501d39dfaa4	Qwen/Qwen3.6-35B-A3B	open-access	50	hybrid	2026-09-18T11:50:04Z		local	http://mango.cels.anl.gov:8004/v1	38e6b23dc5cbcb70
Pseudomonas aeruginosa	pmrB	A227V	Colistin resistance	reported	[44]	1		Clinical Microbiology and Infection (2010) DOI:10.1111/j.1469-0691.2010.03239.x		f42d99ae-0f1d-5803-95da-a38388463a69	44			a6d246530d55	mutation	2	84cd8501d39dfaa4	Qwen/Qwen3.6-35B-A3B	open-access	50	hybrid	2026-09-18T11:50:04Z		local	http://mango.cels.anl.gov:8004/v1	38e6b23dc5cbcb70
Pseudomonas aeruginosa	pmrB	N353Y	Colistin resistance	reported	[44]	1		Clinical Microbiology and Infection (2010) DOI:10.1111/j.1469-0691.2010.03239.x		f42d99ae-0f1d-5803-95da-a38388463a69	44			a6d246530d55	mutation	2	84cd8501d39dfaa4	Qwen/Qwen3.6-35B-A3B	open-access	50	hybrid	2026-09-18T11:50:04Z		local	http://mango.cels.anl.gov:8004/v1	38e6b23dc5cbcb70
Pseudomonas aeruginosa	pmrB	N353I	Colistin resistance	reported	[45]	1		Jaeeun Park et al. eLife PMID:34180396	34180396	4b9e7c3f-c98a-5a55-a4a1-66fcc0eff99f	45			a6d246530d55	mutation	2	84cd8501d39dfaa4	Qwen/Qwen3.6-35B-A3B	open-access	50	hybrid	2026-09-18T11:50:04Z		local	http://mango.cels.anl.gov:8004/v1	38e6b23dc5cbcb70
Pseudomonas aeruginosa	pmrB	T2351	Colistin resistance	reported	[45]	1		Jaeeun Park et al. eLife PMID:34180396	34180396	4b9e7c3f-c98a-5a55-a4a1-66fcc0eff99f	45			a6d246530d55	mutation	2	84cd8501d39dfaa4	Qwen/Qwen3.6-35B-A3B	open-access	50	hybrid	2026-09-18T11:50:04Z		local	http://mango.cels.anl.gov:8004/v1	38e6b23dc5cbcb70
Pseudomonas aeruginosa	pmrB	P344L	Colistin resistance	reported	[48]	1		Yang Lu et al. Frontiers in Microbiology (2018) PMID:30410479	30410479	d9b291b5-7cb0-50b7-801d-fb02ce1ec318	48			a6d246530d55	mutation	2	84cd8501d39dfaa4	Qwen/Qwen3.6-35B-A3B	open-access	50	hybrid	2026-09-18T11:50:04Z		local	http://mango.cels.anl.gov:8004/v1	38e6b23dc5cbcb70
Escherichia coli	ptsI	V25I	fosfomycin resistance	reported	[3]	22		Paula Kurittu et al. Frontiers in Microbiology (2021) PMID:35058905; Ahmad Ibrahim Al-Mustapha et al. Scientific Reports PMID:40033002	35058905;40033002	ae95344a-e545-5a84-a0e7-969e7eb89766;5ca905ed-82a2-5dcb-877d-ad8d796fbde2;0bb52510-cd02-52f2-a05e-de8a5c0708ad;3ffd278d-342b-5511-8780-03d66794c7e5;509f11ef-82d0-5ae9-b084-30bf6684462c;50e16eff-943a-53e3-afb5-346b565bd367;4b536565-5e36-54a1-9174-08e861bd983c;d3938535-cfc0-549c-a9d9-063791c258d3;3bcb0996-b6b0-5660-8031-cd7b6d6465e9;47df6adc-c109-5d2d-b313-0f121c26c8db;9c05dc04-f8df-5cd9-a8f3-bb0130ee56c8;8a33c724-7dde-5667-a9e2-93d911feed8b;65405584-8877-5612-8f37-1c2611b4b6c1;51a3faae-1856-5d02-83b7-09b47a02479b;a9367f62-204d-5483-af63-427fa20366a0;dd3a8c31-16de-5948-bd91-94798409c97f;7cb97c5e-75b0-5234-b60d-c9990d1399ae;fe091e3f-9cee-5a9c-aaf7-3d07a3e2aeda;4d3e323f-8dc2-5e48-a6c9-7035fe1b3066;f289971f-9d10-5bb6-b0dc-0c412eefcd58;a1065bd8-fca3-58d0-b293-d77964f9809a;a4dc9886-78ad-5a57-8e2c-7481244af675	3;4;5;7;8;9;10;11;12;13;14;15;16;17;18;19;20;21;22;23;24;32			d6f2b91c5ec7	mutation	2	84cd8501d39dfaa4	Qwen/Qwen3.6-35B-A3B	open-access	50	hybrid	2026-09-18T11:50:08Z		local	http://mango.cels.anl.gov:8004/v1	8ae103f15e81fc7b
Escherichia coli	ptsI	loss-of-function	multidrug tolerance	reported	[6]	4		Joshua B. Parsons et al. Proceedings of the National Academy of Sciences of the United States of America PMID:38190524	38190524	a08944f6-6845-55d4-9bab-7f111244f8d2;fd890bce-4a29-59a5-8127-29702ee35da2;4f624deb-e542-5e85-a874-15366458478a;cd4fa21e-1afe-56ce-9e27-ef9348766fa8	6;27;33;36			d6f2b91c5ec7	mutation	2	84cd8501d39dfaa4	Qwen/Qwen3.6-35B-A3B	open-access	50	hybrid	2026-09-18T11:50:08Z		local	http://mango.cels.anl.gov:8004/v1	8ae103f15e81fc7b
Escherichia coli	ptsI	V488F		reported	[6]	1		Joshua B. Parsons et al. Proceedings of the National Academy of Sciences of the United States of America PMID:38190524	38190524	a08944f6-6845-55d4-9bab-7f111244f8d2	6			d6f2b91c5ec7	mutation	2	84cd8501d39dfaa4	Qwen/Qwen3.6-35B-A3B	open-access	50	hybrid	2026-09-18T11:50:08Z		local	http://mango.cels.anl.gov:8004/v1	8ae103f15e81fc7b
Escherichia coli	ptsI	T306A	fosfomycin resistance	reported	[2]	2		Yuta Hosoi et al. International Journal of Molecular Sciences PMID:39769485	39769485	2f18cc26-f3e7-517a-8490-f34598100e80	2			d6f2b91c5ec7	mutation	2	84cd8501d39dfaa4	Qwen/Qwen3.6-35B-A3B	open-access	50	hybrid	2026-09-18T11:50:08Z		local	http://mango.cels.anl.gov:8004/v1	8ae103f15e81fc7b
Escherichia coli	ptsI	K367R	fosfomycin resistance	reported	[2]	1		Yuta Hosoi et al. International Journal of Molecular Sciences PMID:39769485	39769485	2f18cc26-f3e7-517a-8490-f34598100e80	2			d6f2b91c5ec7	mutation	2	84cd8501d39dfaa4	Qwen/Qwen3.6-35B-A3B	open-access	50	hybrid	2026-09-18T11:50:08Z		local	http://mango.cels.anl.gov:8004/v1	8ae103f15e81fc7b
Salmonella	ramR	11 bp deletion in ramRA intergenic region (RamR binding site)	Multidrug resistance (ceftiofur, amoxicillin/clavulanic acid, azithromycin, tetracycline) and fluoroquinolone resistance	measured	1	1		Sinisa Vidovic et al. Frontiers in Microbiology (2019) PMID:31024504	31024504	64c5eddb-2fe8-5f21-b3eb-cfbc54e5717e	1			ef148b3b1096	mutation	2	84cd8501d39dfaa4	Qwen/Qwen3.6-35B-A3B	open-access	50	hybrid	2026-09-18T11:50:13Z		local	http://mango.cels.anl.gov:8004/v1	20dd9eb2633819c2
Salmonella	ramR	Mutation in RamR (transcriptional regulator of AcrAB-TolC)	Increased MIC (2-fold) to antimicrobial peptide 4DK5L7	measured	2	1		Gal Kapach et al. Frontiers in Microbiology (2020) PMID:32210923	32210923	9ba1faf8-7e20-5394-9776-e55bd5432295	2			ef148b3b1096	mutation	2	84cd8501d39dfaa4	Qwen/Qwen3.6-35B-A3B	open-access	50	hybrid	2026-09-18T11:50:13Z		local	http://mango.cels.anl.gov:8004/v1	20dd9eb2633819c2
Salmonella	ramR	Loss-of-function mutation	De-repression of AcrAB-TolC MDR efflux pump and multidrug resistance	reported	3	1		Mark A. Webber et al. Journal of Antimicrobial Chemotherapy PMID:25953808	25953808	6b066cb1-0d80-55de-a18b-6cc69ad5f424	3			ef148b3b1096	mutation	2	84cd8501d39dfaa4	Qwen/Qwen3.6-35B-A3B	open-access	50	hybrid	2026-09-18T11:50:13Z		local	http://mango.cels.anl.gov:8004/v1	20dd9eb2633819c2
Salmonella	ramR	S80I substitution	Fluoroquinolone resistance (ciprofloxacin)	reported	4	1		Sylvie Baucheron et al. Frontiers in Microbiology (2013) PMID:23914184	23914184	bf4274d0-32f6-53f4-afbb-735ca51d9179	4			ef148b3b1096	mutation	2	84cd8501d39dfaa4	Qwen/Qwen3.6-35B-A3B	open-access	50	hybrid	2026-09-18T11:50:13Z		local	http://mango.cels.anl.gov:8004/v1	20dd9eb2633819c2
Salmonella	ramR	91 bp insertion (position 42)	Fluoroquinolone resistance (ciprofloxacin)	reported	5	1		Sylvie Baucheron et al. Frontiers in Microbiology (2013) PMID:23914184	23914184	82217521-75bb-5c3d-96aa-aea9e7f77b01	5			ef148b3b1096	mutation	2	84cd8501d39dfaa4	Qwen/Qwen3.6-35B-A3B	open-access	50	hybrid	2026-09-18T11:50:13Z		local	http://mango.cels.anl.gov:8004/v1	20dd9eb2633819c2
Salmonella	ramR	4 bp duplication (position 508)	Fluoroquinolone resistance (ciprofloxacin)	reported	6	1		Sylvie Baucheron et al. Frontiers in Microbiology (2013) PMID:23914184	23914184	c003c7cf-2dc3-5c30-8f83-a99771545eb2	6			ef148b3b1096	mutation	2	84cd8501d39dfaa4	Qwen/Qwen3.6-35B-A3B	open-access	50	hybrid	2026-09-18T11:50:13Z		local	http://mango.cels.anl.gov:8004/v1	20dd9eb2633819c2
Salmonella	ramR	Deletion in ramRA intergenic region affecting RamR binding site	Multidrug resistance and fluoroquinolone resistance	measured	7	1		Sinisa Vidovic et al. Frontiers in Microbiology (2019) PMID:31024504	31024504	d807e2ed-61a7-515c-8cc2-7f5576131174	7			ef148b3b1096	mutation	2	84cd8501d39dfaa4	Qwen/Qwen3.6-35B-A3B	open-access	50	hybrid	2026-09-18T11:50:13Z		local	http://mango.cels.anl.gov:8004/v1	20dd9eb2633819c2
Salmonella	ramR	1 bp insertion (position 506)	Fluoroquinolone resistance (ciprofloxacin)	reported	11	1		Sylvie Baucheron et al. Frontiers in Microbiology (2013) PMID:23914184	23914184	f2681259-21bf-561f-a0c6-0b7e8b74125e	11			ef148b3b1096	mutation	2	84cd8501d39dfaa4	Qwen/Qwen3.6-35B-A3B	open-access	50	hybrid	2026-09-18T11:50:13Z		local	http://mango.cels.anl.gov:8004/v1	20dd9eb2633819c2
Salmonella	ramR	11 bp deletion in ramR	Fluoroquinolone resistance (ciprofloxacin)	reported	14	1		Michael Biggel et al. Microbial Genomics PMID:36301086	36301086	18b9780b-9e71-596d-8d93-35eeaf06618c	14			ef148b3b1096	mutation	2	84cd8501d39dfaa4	Qwen/Qwen3.6-35B-A3B	open-access	50	hybrid	2026-09-18T11:50:13Z		local	http://mango.cels.anl.gov:8004/v1	20dd9eb2633819c2
Salmonella	ramR	Deletion upstream ramA (22 bp)	Multiple drug resistance (MDR) phenotype associated with AcrAB-TolC overexpression	reported	21	1		Clinical Microbiology and Infection (2010) DOI:10.1111/j.1469-0691.2010.03239.x		069a5bb6-e4a8-5415-ae21-8923a989fd82	21			ef148b3b1096	mutation	2	84cd8501d39dfaa4	Qwen/Qwen3.6-35B-A3B	open-access	50	hybrid	2026-09-18T11:50:13Z		local	http://mango.cels.anl.gov:8004/v1	20dd9eb2633819c2
Salmonella	ramR	Inactivation of ramR gene	Acquired drug resistance	reported	22	1		Michał Wójcicki et al. Pathogens PMID:34202800	34202800	a85cb129-451a-58f1-97ba-0d2f34677f70	22			ef148b3b1096	mutation	2	84cd8501d39dfaa4	Qwen/Qwen3.6-35B-A3B	open-access	50	hybrid	2026-09-18T11:50:13Z		local	http://mango.cels.anl.gov:8004/v1	20dd9eb2633819c2
Salmonella	ramR	Deletion in ramR binding site (T-288/A-285)	Increased resistance to ciprofloxacin and tigecycline	reported	42	1		Norhan K. Abd El-Aziz et al. Frontiers in Microbiology (2021) PMID:34899627	34899627	b91c942f-4ec7-50fe-8d65-bfb228c639d2	42			ef148b3b1096	mutation	2	84cd8501d39dfaa4	Qwen/Qwen3.6-35B-A3B	open-access	50	hybrid	2026-09-18T11:50:13Z		local	http://mango.cels.anl.gov:8004/v1	20dd9eb2633819c2
Salmonella	ramR	G499A substitution	Increased ciprofloxacin resistance	reported	43	1		Yawei Sun et al. PLoS ONE PMID:21858134	21858134	8816d218-e9b6-5fff-b410-2e4d3154b950	43			ef148b3b1096	mutation	2	84cd8501d39dfaa4	Qwen/Qwen3.6-35B-A3B	open-access	50	hybrid	2026-09-18T11:50:13Z		local	http://mango.cels.anl.gov:8004/v1	20dd9eb2633819c2
Salmonella	ramR	C500 deletion (stop codon at 562)	Increased ciprofloxacin resistance	reported	43	1		Yawei Sun et al. PLoS ONE PMID:21858134	21858134	8816d218-e9b6-5fff-b410-2e4d3154b950	43			ef148b3b1096	mutation	2	84cd8501d39dfaa4	Qwen/Qwen3.6-35B-A3B	open-access	50	hybrid	2026-09-18T11:50:13Z		local	http://mango.cels.anl.gov:8004/v1	20dd9eb2633819c2
Salmonella	ramR	ramR mutation	Increased tigecycline heteroresistance	reported	40	1		Yi Chen et al. Frontiers in Cellular and Infection Microbiology (2017) PMID:28261566	28261566	11877d32-a175-573c-bee6-d695bf817129	40			ef148b3b1096	mutation	2	84cd8501d39dfaa4	Qwen/Qwen3.6-35B-A3B	open-access	50	hybrid	2026-09-18T11:50:13Z		local	http://mango.cels.anl.gov:8004/v1	20dd9eb2633819c2
Enterococcus faecium	rplC		Decreased susceptibility to linezolid	reported	[1]	9	missing:Mutation	Laura Ruiz-Ripa et al. Microorganisms PMID:32751552; Catarina Geraldes et al. Antibiotics PMID:35884110; Seok-Hyeon Na et al. Microorganisms PMID:33238406; Qun Wang et al. BMC Infectious Diseases PMID:40775271; Jennifer K. Bender et al. PLoS ONE PMID:27893790; Marzia Cinthi et al. Antibiotics PMID:36421262; Lucia Mališová et al. Antibiotics PMID:33671753	32751552;35884110;33238406;40775271;27893790;36421262;33671753	275106a2-c867-5955-9fdf-fa076e26055c;2a45a13c-60cd-572f-9aed-32aba018659c;5fd43be8-a72e-51b6-9274-aae2b5a9c820;4d92bef2-f7f8-59f3-ad65-82988b07ef2b;85d3ef55-d9f5-5f94-8df2-5807a309a2d4;65dab39c-79bf-5e88-8f43-1a0c59cabb46;338d4614-c360-5c78-8da2-b5d29ada0369;e3c36c3f-33d6-5d6b-b280-113695f18554;ab689b6e-9024-5aba-aea5-eb7c1e544fcc	1;9;10;11;15;29;30;41;42			3e22effd61ad	mutation	2	84cd8501d39dfaa4	Qwen/Qwen3.6-35B-A3B	open-access	50	hybrid	2026-09-18T11:50:17Z		local	http://mango.cels.anl.gov:8004/v1	6cbee5e5d657140c
Staphylococcus aureus	rplC	T314C	Linezolid resistance	reported	[2]	1		Michał Michalik et al. Pathogens PMID:33805734	33805734	a556a234-a3fd-52b6-bf4a-fa09ca70d1c9	2			c4a4b33c5b0f	mutation	2	84cd8501d39dfaa4	Qwen/Qwen3.6-35B-A3B	open-access	50	hybrid	2026-09-18T11:50:20Z		local	http://mango.cels.anl.gov:8004/v1	75112964ebab3e01
Staphylococcus aureus	rplC	G362A	Linezolid resistance	reported	[2]	1		Michał Michalik et al. Pathogens PMID:33805734	33805734	a556a234-a3fd-52b6-bf4a-fa09ca70d1c9	2			c4a4b33c5b0f	mutation	2	84cd8501d39dfaa4	Qwen/Qwen3.6-35B-A3B	open-access	50	hybrid	2026-09-18T11:50:20Z		local	http://mango.cels.anl.gov:8004/v1	75112964ebab3e01
Staphylococcus aureus	rplC	G120V	Linezolid resistance	measured	[3]	1		Anna Zanfardino et al. Microorganisms PMID:36985273	36985273	320391a1-2391-577c-832e-24ce9795974d	3			c4a4b33c5b0f	mutation	2	84cd8501d39dfaa4	Qwen/Qwen3.6-35B-A3B	open-access	50	hybrid	2026-09-18T11:50:20Z		local	http://mango.cels.anl.gov:8004/v1	75112964ebab3e01
Staphylococcus aureus	rplC		Linezolid resistance	reported	[12]	5	missing:Mutation	Josep M. Sierra et al. PLoS ONE PMID:23554998; Gi Yong Lee et al. Antibiotics PMID:36830270; Hee Young Kang et al. Antibiotics PMID:33147717; Katarzyna Grudlewska-Buda et al. Antibiotics PMID:37237783; Lifang Jiang et al. Frontiers in Microbiology (2020) PMID:33633692	23554998;36830270;33147717;37237783;33633692	78821ffa-8050-5971-8e2b-a831ca0529e7;df768f48-99c8-5e1d-8345-d58997bc6237;320a084b-e51e-5081-839d-ab5cc43a947b;2d40dd5c-73e4-5e9f-9b34-71aa594ad726;758abd6a-0deb-514d-b91a-ac72ccfe9d23	12;14;23;28;30			c4a4b33c5b0f	mutation	2	84cd8501d39dfaa4	Qwen/Qwen3.6-35B-A3B	open-access	50	hybrid	2026-09-18T11:50:20Z		local	http://mango.cels.anl.gov:8004/v1	75112964ebab3e01
Staphylococcus aureus	rplC	L101V	Linezolid resistance	reported	[32]	1		Clinical Microbiology and Infection (2012) DOI:10.1111/j.1469-0691.2012.03802.x		f790874f-cb9a-5f18-9f8d-19e4103dc3b7	32			c4a4b33c5b0f	mutation	2	84cd8501d39dfaa4	Qwen/Qwen3.6-35B-A3B	open-access	50	hybrid	2026-09-18T11:50:20Z		local	http://mango.cels.anl.gov:8004/v1	75112964ebab3e01
Staphylococcus aureus	rplC	A58T	Linezolid resistance	reported	[32]	1		Clinical Microbiology and Infection (2012) DOI:10.1111/j.1469-0691.2012.03802.x		f790874f-cb9a-5f18-9f8d-19e4103dc3b7	32			c4a4b33c5b0f	mutation	2	84cd8501d39dfaa4	Qwen/Qwen3.6-35B-A3B	open-access	50	hybrid	2026-09-18T11:50:20Z		local	http://mango.cels.anl.gov:8004/v1	75112964ebab3e01
Staphylococcus aureus	rplC	135QGRGPM136 insertion	Linezolid resistance	reported	[32]	1		Clinical Microbiology and Infection (2012) DOI:10.1111/j.1469-0691.2012.03802.x		f790874f-cb9a-5f18-9f8d-19e4103dc3b7	32			c4a4b33c5b0f	mutation	2	84cd8501d39dfaa4	Qwen/Qwen3.6-35B-A3B	open-access	50	hybrid	2026-09-18T11:50:20Z		local	http://mango.cels.anl.gov:8004/v1	75112964ebab3e01
Staphylococcus aureus	rplC	C353T	Linezolid resistance	reported	[37]	1		Hee Young Kang et al. Antibiotics PMID:33147717	33147717	b2ce569f-387f-58ba-8737-d6b557294b59	37			c4a4b33c5b0f	mutation	2	84cd8501d39dfaa4	Qwen/Qwen3.6-35B-A3B	open-access	50	hybrid	2026-09-18T11:50:20Z		local	http://mango.cels.anl.gov:8004/v1	75112964ebab3e01
Klebsiella pneumoniae	ramR	ΔramR (gene deletion)	Increased susceptibility to drugs; decreased biofilm formation; reduced in vitro virulence; Increased tolerance to biocides; cross-resistance to antimicrobials	measured; reported	[1]	2	merged_variants:Phenotype;merged_variants:Assertion	Kirandeep Bhogal et al. Microbiology PMID:41416578; Matthew E. Wand et al. Journal of Medical Microbiology PMID:35324422	41416578;35324422	f411b86d-df18-5789-b7f0-801682a7146a;a63e6478-b711-5937-8d69-54f599353e74	1;2			d2b65e1fd081	mutation	2	84cd8501d39dfaa4	Qwen/Qwen3.6-35B-A3B	open-access	50	hybrid	2026-09-18T11:50:23Z		local	http://mango.cels.anl.gov:8004/v1	2ddecbb8c64c26ef
Klebsiella pneumoniae	ramR	M184V	Tigecycline resistance	reported	[3]	1		Nachat Chirabhundhu et al. Scientific Reports PMID:38433246	38433246	2d123231-a2c1-53e3-8f08-f76efe10111b	3			d2b65e1fd081	mutation	2	84cd8501d39dfaa4	Qwen/Qwen3.6-35B-A3B	open-access	50	hybrid	2026-09-18T11:50:23Z		local	http://mango.cels.anl.gov:8004/v1	2ddecbb8c64c26ef
Klebsiella pneumoniae	ramR	Y59C	Tigecycline resistance	reported	[3]	1		Nachat Chirabhundhu et al. Scientific Reports PMID:38433246	38433246	2d123231-a2c1-53e3-8f08-f76efe10111b	3			d2b65e1fd081	mutation	2	84cd8501d39dfaa4	Qwen/Qwen3.6-35B-A3B	open-access	50	hybrid	2026-09-18T11:50:23Z		local	http://mango.cels.anl.gov:8004/v1	2ddecbb8c64c26ef
Klebsiella pneumoniae	ramR	I141T	Tigecycline resistance	reported; measured	[3]	5	merged_variants:Assertion	Nachat Chirabhundhu et al. Scientific Reports PMID:38433246; Mohaddeseh Moghimi et al. Frontiers in Microbiology (2021) PMID:34421858; Yuqiong Li et al. Frontiers in Cellular and Infection Microbiology (2025) PMID:40182765	38433246;34421858;40182765	2d123231-a2c1-53e3-8f08-f76efe10111b;adc1d038-97f4-570e-a168-45966e579e85;81fa80ba-2f64-565d-aa30-64b1926fd4f6;716995a9-d5b8-579d-87f3-45bfa883030a;bc8e5194-ba84-53f2-99a5-336bdbd0ba26	3;12;21;26;36			d2b65e1fd081	mutation	2	84cd8501d39dfaa4	Qwen/Qwen3.6-35B-A3B	open-access	50	hybrid	2026-09-18T11:50:23Z		local	http://mango.cels.anl.gov:8004/v1	2ddecbb8c64c26ef
Klebsiella pneumoniae	ramR	A28T	Tigecycline resistance	reported	[3]	3		Nachat Chirabhundhu et al. Scientific Reports PMID:38433246; Mohaddeseh Moghimi et al. Frontiers in Microbiology (2021) PMID:34421858	38433246;34421858	2d123231-a2c1-53e3-8f08-f76efe10111b;adc1d038-97f4-570e-a168-45966e579e85;81fa80ba-2f64-565d-aa30-64b1926fd4f6	3;12;36			d2b65e1fd081	mutation	2	84cd8501d39dfaa4	Qwen/Qwen3.6-35B-A3B	open-access	50	hybrid	2026-09-18T11:50:23Z		local	http://mango.cels.anl.gov:8004/v1	2ddecbb8c64c26ef
Klebsiella pneumoniae	ramR	C99/C100 insertion	Tigecycline resistance	reported	[3]	1		Nachat Chirabhundhu et al. Scientific Reports PMID:38433246	38433246	2d123231-a2c1-53e3-8f08-f76efe10111b	3			d2b65e1fd081	mutation	2	84cd8501d39dfaa4	Qwen/Qwen3.6-35B-A3B	open-access	50	hybrid	2026-09-18T11:50:23Z		local	http://mango.cels.anl.gov:8004/v1	2ddecbb8c64c26ef
Klebsiella pneumoniae	ramR	L156V	Fluoroquinolone resistance	reported	[4]	1		Mehwish Rizvi et al. Microorganisms PMID:40732086	40732086	b041c191-88d9-57f4-accb-9cc270b085c9	4	L156V	p.L156V	d2b65e1fd081	mutation	2	84cd8501d39dfaa4	Qwen/Qwen3.6-35B-A3B	open-access	50	hybrid	2026-09-18T11:50:23Z		local	http://mango.cels.anl.gov:8004/v1	2ddecbb8c64c26ef
Klebsiella pneumoniae	ramR	E175D	Fluoroquinolone resistance	reported	[4]	1		Mehwish Rizvi et al. Microorganisms PMID:40732086	40732086	b041c191-88d9-57f4-accb-9cc270b085c9	4	E175D	p.E175D	d2b65e1fd081	mutation	2	84cd8501d39dfaa4	Qwen/Qwen3.6-35B-A3B	open-access	50	hybrid	2026-09-18T11:50:23Z		local	http://mango.cels.anl.gov:8004/v1	2ddecbb8c64c26ef
Klebsiella pneumoniae	ramR	F181*	Fluoroquinolone resistance	reported	[4]	1		Mehwish Rizvi et al. Microorganisms PMID:40732086	40732086	b041c191-88d9-57f4-accb-9cc270b085c9	4	F181*	p.F181* (Premature stop codon)	d2b65e1fd081	mutation	2	84cd8501d39dfaa4	Qwen/Qwen3.6-35B-A3B	open-access	50	hybrid	2026-09-18T11:50:23Z		local	http://mango.cels.anl.gov:8004/v1	2ddecbb8c64c26ef
Klebsiella pneumoniae	ramR	Mutation (unspecified)	Tigecycline resistance	measured; reported	[5]	8	merged_variants:Assertion	Li Fang et al. PLoS ONE PMID:27764207; Yuqiong Li et al. Frontiers in Cellular and Infection Microbiology (2025) PMID:40182765; Fang He et al. PLoS ONE PMID:25734903; Zhiren Wang et al. Frontiers in Cellular and Infection Microbiology (2024) PMID:39635040; Nachat Chirabhundhu et al. Scientific Reports PMID:38433246	27764207;40182765;25734903;39635040;38433246	071dc514-da06-5f84-98b4-79463e1f74fc;5d801b87-1c91-57f1-acb8-4705389a4b59;8a14a595-272d-5f52-9564-4ce55a4ab8c8;d30155e3-daa6-5d4c-a0b0-50b90453c391;3a58f4e9-f8ad-515e-a0e0-0a40ff12fcd2;73a9fd9b-0702-553b-9f6e-c81c01153cac;8f010ff8-c278-5a80-858f-a9e12e13b50d;01103e99-546e-50b3-af54-ec4f80d6a9be	5;7;11;20;24;33;35;43			d2b65e1fd081	mutation	2	84cd8501d39dfaa4	Qwen/Qwen3.6-35B-A3B	open-access	50	hybrid	2026-09-18T11:50:23Z		local	http://mango.cels.anl.gov:8004/v1	2ddecbb8c64c26ef
Klebsiella pneumoniae	ramR	Termination mutation	Ertapenem resistance	measured	[10]	2		Dongliang Wang et al. Frontiers in Microbiology (2022) PMID:36425030	36425030	4ea8c1a5-45b4-5318-9c28-137e8f1b9cb0;889451fd-e03c-5799-918b-e7052af0d7b7	10;19			d2b65e1fd081	mutation	2	84cd8501d39dfaa4	Qwen/Qwen3.6-35B-A3B	open-access	50	hybrid	2026-09-18T11:50:23Z		local	http://mango.cels.anl.gov:8004/v1	2ddecbb8c64c26ef
Klebsiella pneumoniae	ramR	A19V	Tigecycline resistance	reported; measured	[12]	6	merged_variants:Assertion	Mohaddeseh Moghimi et al. Frontiers in Microbiology (2021) PMID:34421858; Jingchen Hao et al. Frontiers in Microbiology (2022) PMID:35572689; Yuqiong Li et al. Frontiers in Cellular and Infection Microbiology (2025) PMID:40182765; Ying Li et al. Frontiers in Microbiology (2023) PMID:38029087	34421858;35572689;40182765;38029087	adc1d038-97f4-570e-a168-45966e579e85;81fa80ba-2f64-565d-aa30-64b1926fd4f6;7a4b76d9-b376-5d19-ae15-69fa745fed82;716995a9-d5b8-579d-87f3-45bfa883030a;ae82d7da-afea-5c1e-891e-8bfa100fc13e;cc9dc777-49cd-576d-8d35-45bd409df5fc	12;17;21;30;32;36			d2b65e1fd081	mutation	2	84cd8501d39dfaa4	Qwen/Qwen3.6-35B-A3B	open-access	50	hybrid	2026-09-18T11:50:23Z		local	http://mango.cels.anl.gov:8004/v1	2ddecbb8c64c26ef
Klebsiella pneumoniae	ramR	L44Q	Tigecycline resistance	reported	[12]	2		Mohaddeseh Moghimi et al. Frontiers in Microbiology (2021) PMID:34421858	34421858	adc1d038-97f4-570e-a168-45966e579e85;81fa80ba-2f64-565d-aa30-64b1926fd4f6	12;36			d2b65e1fd081	mutation	2	84cd8501d39dfaa4	Qwen/Qwen3.6-35B-A3B	open-access	50	hybrid	2026-09-18T11:50:23Z		local	http://mango.cels.anl.gov:8004/v1	2ddecbb8c64c26ef
Klebsiella pneumoniae	ramR	G180D	Tigecycline resistance	reported	[12]	2		Mohaddeseh Moghimi et al. Frontiers in Microbiology (2021) PMID:34421858	34421858	adc1d038-97f4-570e-a168-45966e579e85;81fa80ba-2f64-565d-aa30-64b1926fd4f6	12;36			d2b65e1fd081	mutation	2	84cd8501d39dfaa4	Qwen/Qwen3.6-35B-A3B	open-access	50	hybrid	2026-09-18T11:50:23Z		local	http://mango.cels.anl.gov:8004/v1	2ddecbb8c64c26ef
Klebsiella pneumoniae	ramR	R114L	Tigecycline resistance	reported	[12]	2		Mohaddeseh Moghimi et al. Frontiers in Microbiology (2021) PMID:34421858	34421858	adc1d038-97f4-570e-a168-45966e579e85;81fa80ba-2f64-565d-aa30-64b1926fd4f6	12;36			d2b65e1fd081	mutation	2	84cd8501d39dfaa4	Qwen/Qwen3.6-35B-A3B	open-access	50	hybrid	2026-09-18T11:50:23Z		local	http://mango.cels.anl.gov:8004/v1	2ddecbb8c64c26ef
Klebsiella pneumoniae	ramR	T119S	Tigecycline resistance	reported	[12]	2		Mohaddeseh Moghimi et al. Frontiers in Microbiology (2021) PMID:34421858	34421858	adc1d038-97f4-570e-a168-45966e579e85;81fa80ba-2f64-565d-aa30-64b1926fd4f6	12;36			d2b65e1fd081	mutation	2	84cd8501d39dfaa4	Qwen/Qwen3.6-35B-A3B	open-access	50	hybrid	2026-09-18T11:50:23Z		local	http://mango.cels.anl.gov:8004/v1	2ddecbb8c64c26ef
Klebsiella pneumoniae	ramR	Y59stop	Tigecycline resistance	reported	[12]	1		Mohaddeseh Moghimi et al. Frontiers in Microbiology (2021) PMID:34421858	34421858	adc1d038-97f4-570e-a168-45966e579e85	12			d2b65e1fd081	mutation	2	84cd8501d39dfaa4	Qwen/Qwen3.6-35B-A3B	open-access	50	hybrid	2026-09-18T11:50:23Z		local	http://mango.cels.anl.gov:8004/v1	2ddecbb8c64c26ef
Klebsiella pneumoniae	ramR	Q122stop	Tigecycline resistance	reported; measured	[12]	2	merged_variants:Assertion	Mohaddeseh Moghimi et al. Frontiers in Microbiology (2021) PMID:34421858; Ying Li et al. Frontiers in Microbiology (2023) PMID:38029087	34421858;38029087	adc1d038-97f4-570e-a168-45966e579e85;ae82d7da-afea-5c1e-891e-8bfa100fc13e	12;30			d2b65e1fd081	mutation	2	84cd8501d39dfaa4	Qwen/Qwen3.6-35B-A3B	open-access	50	hybrid	2026-09-18T11:50:23Z		local	http://mango.cels.anl.gov:8004/v1	2ddecbb8c64c26ef
Klebsiella pneumoniae	ramR	Insertion (+205)	Tigecycline resistance	reported	[12]	1		Mohaddeseh Moghimi et al. Frontiers in Microbiology (2021) PMID:34421858	34421858	adc1d038-97f4-570e-a168-45966e579e85	12			d2b65e1fd081	mutation	2	84cd8501d39dfaa4	Qwen/Qwen3.6-35B-A3B	open-access	50	hybrid	2026-09-18T11:50:23Z		local	http://mango.cels.anl.gov:8004/v1	2ddecbb8c64c26ef
Klebsiella pneumoniae	ramR	Insertion (+343)	Tigecycline resistance	reported	[12]	1		Mohaddeseh Moghimi et al. Frontiers in Microbiology (2021) PMID:34421858	34421858	adc1d038-97f4-570e-a168-45966e579e85	12			d2b65e1fd081	mutation	2	84cd8501d39dfaa4	Qwen/Qwen3.6-35B-A3B	open-access	50	hybrid	2026-09-18T11:50:23Z		local	http://mango.cels.anl.gov:8004/v1	2ddecbb8c64c26ef
Klebsiella pneumoniae	ramR	Deletion (+205)	Tigecycline resistance	reported	[12]	1		Mohaddeseh Moghimi et al. Frontiers in Microbiology (2021) PMID:34421858	34421858	adc1d038-97f4-570e-a168-45966e579e85	12			d2b65e1fd081	mutation	2	84cd8501d39dfaa4	Qwen/Qwen3.6-35B-A3B	open-access	50	hybrid	2026-09-18T11:50:23Z		local	http://mango.cels.anl.gov:8004/v1	2ddecbb8c64c26ef
Klebsiella pneumoniae	ramR	Deletion (unspecified)	Tigecycline resistance	reported	[12]	1		Mohaddeseh Moghimi et al. Frontiers in Microbiology (2021) PMID:34421858	34421858	adc1d038-97f4-570e-a168-45966e579e85	12			d2b65e1fd081	mutation	2	84cd8501d39dfaa4	Qwen/Qwen3.6-35B-A3B	open-access	50	hybrid	2026-09-18T11:50:23Z		local	http://mango.cels.anl.gov:8004/v1	2ddecbb8c64c26ef
Klebsiella pneumoniae	ramR	E7STOP	Tigecycline resistance	reported	[13]	1		Matthew E. Wand et al. Journal of Medical Microbiology PMID:35324422	35324422	51cc61a2-6b25-5eb8-acf0-efe96cd2e0a0	13			d2b65e1fd081	mutation	2	84cd8501d39dfaa4	Qwen/Qwen3.6-35B-A3B	open-access	50	hybrid	2026-09-18T11:50:23Z		local	http://mango.cels.anl.gov:8004/v1	2ddecbb8c64c26ef
Klebsiella pneumoniae	ramR	R3S	Tigecycline resistance	reported	[14]	1		Fouzia Nahid et al. PLoS ONE PMID:29220374	29220374	4b42e2c6-ad25-505a-8431-5d57cc02073c	14	R3S	Arg3Ser	d2b65e1fd081	mutation	2	84cd8501d39dfaa4	Qwen/Qwen3.6-35B-A3B	open-access	50	hybrid	2026-09-18T11:50:23Z		local	http://mango.cels.anl.gov:8004/v1	2ddecbb8c64c26ef
Klebsiella pneumoniae	ramR	Premature stop codon	Tigecycline resistance	measured	[15]	1		Fang He et al. PLoS ONE PMID:25734903	25734903	82e927d7-724f-59c9-b396-e35864a0ae0f	15			d2b65e1fd081	mutation	2	84cd8501d39dfaa4	Qwen/Qwen3.6-35B-A3B	open-access	50	hybrid	2026-09-18T11:50:23Z		local	http://mango.cels.anl.gov:8004/v1	2ddecbb8c64c26ef
Klebsiella pneumoniae	ramR	Amino acid exchange	Tigecycline resistance	measured	[15]	1		Fang He et al. PLoS ONE PMID:25734903	25734903	82e927d7-724f-59c9-b396-e35864a0ae0f	15			d2b65e1fd081	mutation	2	84cd8501d39dfaa4	Qwen/Qwen3.6-35B-A3B	open-access	50	hybrid	2026-09-18T11:50:23Z		local	http://mango.cels.anl.gov:8004/v1	2ddecbb8c64c26ef
Klebsiella pneumoniae	ramR	G25S	Tigecycline resistance	reported	[16]	1		David Ortega-Paredes et al. Antibiotics PMID:40001449	40001449	fa9fb6fc-6b6e-590d-a5c2-4c77d21dbdd7	16			d2b65e1fd081	mutation	2	84cd8501d39dfaa4	Qwen/Qwen3.6-35B-A3B	open-access	50	hybrid	2026-09-18T11:50:23Z		local	http://mango.cels.anl.gov:8004/v1	2ddecbb8c64c26ef
Klebsiella pneumoniae	ramR	K194*	Tigecycline resistance	reported	[16]	1		David Ortega-Paredes et al. Antibiotics PMID:40001449	40001449	fa9fb6fc-6b6e-590d-a5c2-4c77d21dbdd7	16			d2b65e1fd081	mutation	2	84cd8501d39dfaa4	Qwen/Qwen3.6-35B-A3B	open-access	50	hybrid	2026-09-18T11:50:23Z		local	http://mango.cels.anl.gov:8004/v1	2ddecbb8c64c26ef
Klebsiella pneumoniae	ramR	S157P	Tigecycline resistance	reported	[16]	1		David Ortega-Paredes et al. Antibiotics PMID:40001449	40001449	fa9fb6fc-6b6e-590d-a5c2-4c77d21dbdd7	16			d2b65e1fd081	mutation	2	84cd8501d39dfaa4	Qwen/Qwen3.6-35B-A3B	open-access	50	hybrid	2026-09-18T11:50:23Z		local	http://mango.cels.anl.gov:8004/v1	2ddecbb8c64c26ef
Klebsiella pneumoniae	ramR	Deletion (5 isolates)	Tigecycline resistance	measured	[21]	1		Yuqiong Li et al. Frontiers in Cellular and Infection Microbiology (2025) PMID:40182765	40182765	716995a9-d5b8-579d-87f3-45bfa883030a	21			d2b65e1fd081	mutation	2	84cd8501d39dfaa4	Qwen/Qwen3.6-35B-A3B	open-access	50	hybrid	2026-09-18T11:50:23Z		local	http://mango.cels.anl.gov:8004/v1	2ddecbb8c64c26ef
Klebsiella pneumoniae	ramR	Frameshift or substitution mutation	Tigecycline resistance	measured	[21]	1		Yuqiong Li et al. Frontiers in Cellular and Infection Microbiology (2025) PMID:40182765	40182765	716995a9-d5b8-579d-87f3-45bfa883030a	21			d2b65e1fd081	mutation	2	84cd8501d39dfaa4	Qwen/Qwen3.6-35B-A3B	open-access	50	hybrid	2026-09-18T11:50:23Z		local	http://mango.cels.anl.gov:8004/v1	2ddecbb8c64c26ef
Klebsiella pneumoniae	ramR	K63M	Tigecycline resistance	measured	[21]	1		Yuqiong Li et al. Frontiers in Cellular and Infection Microbiology (2025) PMID:40182765	40182765	716995a9-d5b8-579d-87f3-45bfa883030a	21			d2b65e1fd081	mutation	2	84cd8501d39dfaa4	Qwen/Qwen3.6-35B-A3B	open-access	50	hybrid	2026-09-18T11:50:23Z		local	http://mango.cels.anl.gov:8004/v1	2ddecbb8c64c26ef
Klebsiella pneumoniae	ramR	C364T	Tigecycline resistance	reported	[23]	1		Marco Falcone et al. Eurosurveillance (2020) PMID:33272354	33272354	fa702875-136e-5875-858b-f891bf02cb32	23	C364T	C364→T (creating premature stop codon at position 122)	d2b65e1fd081	mutation	2	84cd8501d39dfaa4	Qwen/Qwen3.6-35B-A3B	open-access	50	hybrid	2026-09-18T11:50:23Z		local	http://mango.cels.anl.gov:8004/v1	2ddecbb8c64c26ef
Klebsiella pneumoniae	ramR	C292ins-frameshift mutation	Tigecycline resistance	measured	[26]	1		Yuqiong Li et al. Frontiers in Cellular and Infection Microbiology (2025) PMID:40182765	40182765	bc8e5194-ba84-53f2-99a5-336bdbd0ba26	26			d2b65e1fd081	mutation	2	84cd8501d39dfaa4	Qwen/Qwen3.6-35B-A3B	open-access	50	hybrid	2026-09-18T11:50:23Z		local	http://mango.cels.anl.gov:8004/v1	2ddecbb8c64c26ef
Klebsiella pneumoniae	ramR	E182*	Tigecycline resistance	measured	[26]	1		Yuqiong Li et al. Frontiers in Cellular and Infection Microbiology (2025) PMID:40182765	40182765	bc8e5194-ba84-53f2-99a5-336bdbd0ba26	26			d2b65e1fd081	mutation	2	84cd8501d39dfaa4	Qwen/Qwen3.6-35B-A3B	open-access	50	hybrid	2026-09-18T11:50:23Z		local	http://mango.cels.anl.gov:8004/v1	2ddecbb8c64c26ef
Klebsiella pneumoniae	ramR	Y147C	Tigecycline resistance	measured	[26]	1		Yuqiong Li et al. Frontiers in Cellular and Infection Microbiology (2025) PMID:40182765	40182765	bc8e5194-ba84-53f2-99a5-336bdbd0ba26	26			d2b65e1fd081	mutation	2	84cd8501d39dfaa4	Qwen/Qwen3.6-35B-A3B	open-access	50	hybrid	2026-09-18T11:50:23Z		local	http://mango.cels.anl.gov:8004/v1	2ddecbb8c64c26ef
Klebsiella pneumoniae	ramR	G151D	Tigecycline resistance	measured	[26]	1		Yuqiong Li et al. Frontiers in Cellular and Infection Microbiology (2025) PMID:40182765	40182765	bc8e5194-ba84-53f2-99a5-336bdbd0ba26	26			d2b65e1fd081	mutation	2	84cd8501d39dfaa4	Qwen/Qwen3.6-35B-A3B	open-access	50	hybrid	2026-09-18T11:50:23Z		local	http://mango.cels.anl.gov:8004/v1	2ddecbb8c64c26ef
Klebsiella pneumoniae	ramR	A183T	Tigecycline resistance	measured	[26]	1		Yuqiong Li et al. Frontiers in Cellular and Infection Microbiology (2025) PMID:40182765	40182765	bc8e5194-ba84-53f2-99a5-336bdbd0ba26	26			d2b65e1fd081	mutation	2	84cd8501d39dfaa4	Qwen/Qwen3.6-35B-A3B	open-access	50	hybrid	2026-09-18T11:50:23Z		local	http://mango.cels.anl.gov:8004/v1	2ddecbb8c64c26ef
Klebsiella pneumoniae	ramR	114 deletion (frameshift)	Tigecycline resistance	measured	[27]	1		Ying Li et al. Frontiers in Microbiology (2023) PMID:38029087	38029087	3e9ac5ef-9ed0-5da6-800a-5d73d377dfd6	27			d2b65e1fd081	mutation	2	84cd8501d39dfaa4	Qwen/Qwen3.6-35B-A3B	open-access	50	hybrid	2026-09-18T11:50:23Z		local	http://mango.cels.anl.gov:8004/v1	2ddecbb8c64c26ef
Klebsiella pneumoniae	ramR	K194 Stop	Tigecycline resistance	measured	[28]	2		Ying Li et al. Frontiers in Microbiology (2023) PMID:38029087	38029087	eebd364a-f2d1-5b84-8190-971fef7e3fa2;cc9dc777-49cd-576d-8d35-45bd409df5fc	28;32			d2b65e1fd081	mutation	2	84cd8501d39dfaa4	Qwen/Qwen3.6-35B-A3B	open-access	50	hybrid	2026-09-18T11:50:23Z		local	http://mango.cels.anl.gov:8004/v1	2ddecbb8c64c26ef
Klebsiella pneumoniae	ramR	W89C	Tigecycline resistance	measured	[30]	1		Ying Li et al. Frontiers in Microbiology (2023) PMID:38029087	38029087	ae82d7da-afea-5c1e-891e-8bfa100fc13e	30			d2b65e1fd081	mutation	2	84cd8501d39dfaa4	Qwen/Qwen3.6-35B-A3B	open-access	50	hybrid	2026-09-18T11:50:23Z		local	http://mango.cels.anl.gov:8004/v1	2ddecbb8c64c26ef
Klebsiella pneumoniae	ramR	K194Stop	Tigecycline resistance	measured	[30]	1		Ying Li et al. Frontiers in Microbiology (2023) PMID:38029087	38029087	ae82d7da-afea-5c1e-891e-8bfa100fc13e	30			d2b65e1fd081	mutation	2	84cd8501d39dfaa4	Qwen/Qwen3.6-35B-A3B	open-access	50	hybrid	2026-09-18T11:50:23Z		local	http://mango.cels.anl.gov:8004/v1	2ddecbb8c64c26ef
Klebsiella pneumoniae	ramR	stop194Lys	Tigecycline resistance	measured	[31]	1		Siyi Liu et al. Frontiers in Cellular and Infection Microbiology (2022) PMID:36176583	36176583	028f05fc-7c40-5f1d-8f19-d3ed279d6942	31			d2b65e1fd081	mutation	2	84cd8501d39dfaa4	Qwen/Qwen3.6-35B-A3B	open-access	50	hybrid	2026-09-18T11:50:23Z		local	http://mango.cels.anl.gov:8004/v1	2ddecbb8c64c26ef
Klebsiella pneumoniae	ramR	Q122 stop	Tigecycline resistance	reported	[36]	1		Mohaddeseh Moghimi et al. Frontiers in Microbiology (2021) PMID:34421858	34421858	81fa80ba-2f64-565d-aa30-64b1926fd4f6	36			d2b65e1fd081	mutation	2	84cd8501d39dfaa4	Qwen/Qwen3.6-35B-A3B	open-access	50	hybrid	2026-09-18T11:50:23Z		local	http://mango.cels.anl.gov:8004/v1	2ddecbb8c64c26ef
Klebsiella pneumoniae	ramR	77_78delTA (Ile26fs)	Doxycycline resistance	measured	[39]	1		Chris Kenyon et al. Frontiers in Microbiology (2023) PMID:37711686	37711686	972294b7-34bc-5c82-9e5b-98dfd6e2fb56	39			d2b65e1fd081	mutation	2	84cd8501d39dfaa4	Qwen/Qwen3.6-35B-A3B	open-access	50	hybrid	2026-09-18T11:50:23Z		local	http://mango.cels.anl.gov:8004/v1	2ddecbb8c64c26ef
Klebsiella pneumoniae	ramR	132_139delCGCTGTTT (Tyr47fs)	Doxycycline resistance	measured	[39]	1		Chris Kenyon et al. Frontiers in Microbiology (2023) PMID:37711686	37711686	972294b7-34bc-5c82-9e5b-98dfd6e2fb56	39			d2b65e1fd081	mutation	2	84cd8501d39dfaa4	Qwen/Qwen3.6-35B-A3B	open-access	50	hybrid	2026-09-18T11:50:23Z		local	http://mango.cels.anl.gov:8004/v1	2ddecbb8c64c26ef
Klebsiella pneumoniae	ramR	Deletion upstream ramA (22 bp)	Multidrug resistance	reported	[38]	1		Clinical Microbiology and Infection (2010) DOI:10.1111/j.1469-0691.2010.03239.x		6b2229bb-8a7a-5b06-8110-ed791fbda0d9	38			d2b65e1fd081	mutation	2	84cd8501d39dfaa4	Qwen/Qwen3.6-35B-A3B	open-access	50	hybrid	2026-09-18T11:50:23Z		local	http://mango.cels.anl.gov:8004/v1	2ddecbb8c64c26ef
Klebsiella pneumoniae	ramR	Deletion upstream ramA (1 bp)	Multidrug resistance	reported	[38]	1		Clinical Microbiology and Infection (2010) DOI:10.1111/j.1469-0691.2010.03239.x		6b2229bb-8a7a-5b06-8110-ed791fbda0d9	38			d2b65e1fd081	mutation	2	84cd8501d39dfaa4	Qwen/Qwen3.6-35B-A3B	open-access	50	hybrid	2026-09-18T11:50:23Z		local	http://mango.cels.anl.gov:8004/v1	2ddecbb8c64c26ef
Klebsiella pneumoniae	ramR	3 bp exchanges (Ala72Asp, Pro100Ser, Ile121Ser)	Multidrug resistance	reported	[44]	1		Nadège Philippe et al. PLoS ONE PMID:26398358	26398358	2877ecf4-26aa-59e0-8e7a-26b732c9c136	44			d2b65e1fd081	mutation	2	84cd8501d39dfaa4	Qwen/Qwen3.6-35B-A3B	open-access	50	hybrid	2026-09-18T11:50:23Z		local	http://mango.cels.anl.gov:8004/v1	2ddecbb8c64c26ef
Klebsiella pneumoniae	ramR	frameshift	Multidrug resistance	reported	[44]	1		Nadège Philippe et al. PLoS ONE PMID:26398358	26398358	2877ecf4-26aa-59e0-8e7a-26b732c9c136	44			d2b65e1fd081	mutation	2	84cd8501d39dfaa4	Qwen/Qwen3.6-35B-A3B	open-access	50	hybrid	2026-09-18T11:50:23Z		local	http://mango.cels.anl.gov:8004/v1	2ddecbb8c64c26ef
Pseudomonas aeruginosa	phoP		Colistin resistance (via two-component system regulation); Colistin resistance (loss-of-function suppressor); Colistin resistance (regulation of arn operon); Colistin resistance (regulation of LPS modification); Colistin resistance (regulation of pagP); Colistin resistance (regulation of oprH); Colistin resistance (regulation of PA14_46900); Colistin resistance (regulation of PA14_11960); Colistin resistance (regulation of PA14_11970); Colistin resistance (regulation of PA14_50740); Colistin resistance (regulation of PA14_52350); Colistin resistance (regulation of PA14_52370); Colistin resistance (regulation of gabD); Colistin resistance (regulation of gabT); Colistin resistance (regulation of PA0921); Colistin resistance (regulation of PA1343); Colistin resistance (regulation of PA3885); Colistin resistance (regulation of PA4010-PA4011); Colistin resistance (regulation of PA4456-PA4453); Colistin resistance (regulation of PA1196); Colistin resistance (regulation of PA3309); Colistin resistance (regulation of PA4918); Colistin resistance (regulation of pmrD); Colistin resistance (regulation of arnBCADTEF); Colistin resistance (regulation of pmrHFIJKLM); Colistin resistance (regulation of pmrAB); Colistin resistance (regulation of pmrCAB); Colistin resistance (regulation of arnB); Colistin resistance (regulation of lpxO); Colistin resistance (regulation of PlsB); Colistin resistance (regulation of PlsC); Colistin resistance (regulation of AcrAB-TolC); Colistin resistance (regulation of SoxR); Colistin resistance (regulation of SoxS); Colistin resistance (regulation of pmrC)	reported	10	270	missing:Mutation;merged_variants:Phenotype	Anjali Y. Bhagirath et al. International Journal of Molecular Sciences PMID:30974906; Abiola O. Olaitan et al. Frontiers in Microbiology (2014) PMID:25505462; Baopeng Yang et al. Microorganisms PMID:33572426; Emily M. Eichenberger et al. Antibiotics PMID:30959901; Telma de Sousa et al. International Journal of Molecular Sciences PMID:34884697; Ronit Vogt Sionov et al. Microorganisms PMID:35744757; Absar Talat et al. BMC Microbiology PMID:38769479; Fauve Vergauwe et al. Microbiology PMID:42207565; Huijuan Song et al. Antibiotics PMID:41750481	30974906;25505462;33572426;30959901;34884697;35744757;38769479;42207565;41750481	eb993294-3a39-53e8-8144-f61ea15b7dc1;9c25f5f3-564f-5d3c-9f19-c3eec97e9b7b;9820c650-c535-57e0-bef8-26dac45a8116;5ba6c36d-a353-5282-b51b-0ea774b9fc45;d5665377-0541-516d-bf56-3fc8fe06db18;358295ad-4ef0-56d4-98de-6fd6fc1e7fa7;8c91f417-6c8a-59b6-9b58-ea5fe7ac16d9;9fe10ed4-b7a6-5722-82b2-e6f7286a29e8;97911aab-b14e-589e-95f4-74d7337b53a3;9bcee74c-fd7b-55ca-af99-8505e27e5b7c;59ba56e8-42fb-5d4f-93e1-3f55f17df460;6dcf2b3a-c056-5278-8d89-3be858c985e9	5;10;13;14;15;29;31;38;40;41;48;50			1c00cc290bb5	mutation	2	84cd8501d39dfaa4	Qwen/Qwen3.6-35B-A3B	open-access	50	hybrid	2026-09-18T11:50:24Z		local	http://mango.cels.anl.gov:8004/v1	7a7915370923c3e1
Campylobacter	rplD	V121M	antimicrobial resistance	reported	[3]	1		Stephan Lorenzen et al. BMC Microbiology PMID:40413380	40413380	92e400f8-32da-58d2-bc90-d1fd40e6c188	3			465190414bbb	mutation	2	84cd8501d39dfaa4	Qwen/Qwen3.6-35B-A3B	open-access	50	hybrid	2026-09-18T11:50:25Z		local	http://mango.cels.anl.gov:8004/v1	d1614583c4d2038a
Campylobacter	rplD	V121S	antimicrobial resistance	reported	[3]	1		Stephan Lorenzen et al. BMC Microbiology PMID:40413380	40413380	92e400f8-32da-58d2-bc90-d1fd40e6c188	3			465190414bbb	mutation	2	84cd8501d39dfaa4	Qwen/Qwen3.6-35B-A3B	open-access	50	hybrid	2026-09-18T11:50:25Z		local	http://mango.cels.anl.gov:8004/v1	d1614583c4d2038a
Campylobacter	rplD	T177N	antimicrobial resistance	reported	[3]	1		Stephan Lorenzen et al. BMC Microbiology PMID:40413380	40413380	92e400f8-32da-58d2-bc90-d1fd40e6c188	3			465190414bbb	mutation	2	84cd8501d39dfaa4	Qwen/Qwen3.6-35B-A3B	open-access	50	hybrid	2026-09-18T11:50:25Z		local	http://mango.cels.anl.gov:8004/v1	d1614583c4d2038a
Campylobacter	rplD	M192F	antimicrobial resistance	reported	[3]	1		Stephan Lorenzen et al. BMC Microbiology PMID:40413380	40413380	92e400f8-32da-58d2-bc90-d1fd40e6c188	3			465190414bbb	mutation	2	84cd8501d39dfaa4	Qwen/Qwen3.6-35B-A3B	open-access	50	hybrid	2026-09-18T11:50:25Z		local	http://mango.cels.anl.gov:8004/v1	d1614583c4d2038a
Campylobacter	rplD	G74N	antimicrobial resistance	reported	[4]	1		Renata Urban-Chmiel et al. Antibiotics PMID:36009947	36009947	a049cd0d-2deb-515f-a65e-961dcea9b557	4			465190414bbb	mutation	2	84cd8501d39dfaa4	Qwen/Qwen3.6-35B-A3B	open-access	50	hybrid	2026-09-18T11:50:25Z		local	http://mango.cels.anl.gov:8004/v1	d1614583c4d2038a
Campylobacter	rplD	V121A	antimicrobial resistance	reported	[32]	2		Mengjun Tang et al. Frontiers in Microbiology (2020) PMID:33193261; Mohamed Elhadidy et al. Frontiers in Microbiology (2018) PMID:29867900	33193261;29867900	93165e1f-886c-5be2-b963-a34a14e30ea8;51d0c614-e550-50fd-9364-797d175ab236	32;44			465190414bbb	mutation	2	84cd8501d39dfaa4	Qwen/Qwen3.6-35B-A3B	open-access	50	hybrid	2026-09-18T11:50:25Z		local	http://mango.cels.anl.gov:8004/v1	d1614583c4d2038a
Campylobacter	rplD	M192I	antimicrobial resistance	reported	[32]	2		Mengjun Tang et al. Frontiers in Microbiology (2020) PMID:33193261; Mohamed Elhadidy et al. Frontiers in Microbiology (2018) PMID:29867900	33193261;29867900	93165e1f-886c-5be2-b963-a34a14e30ea8;51d0c614-e550-50fd-9364-797d175ab236	32;44			465190414bbb	mutation	2	84cd8501d39dfaa4	Qwen/Qwen3.6-35B-A3B	open-access	50	hybrid	2026-09-18T11:50:25Z		local	http://mango.cels.anl.gov:8004/v1	d1614583c4d2038a
Campylobacter	rplD	T177S	antimicrobial resistance	reported	[44]	1		Mohamed Elhadidy et al. Frontiers in Microbiology (2018) PMID:29867900	29867900	51d0c614-e550-50fd-9364-797d175ab236	44			465190414bbb	mutation	2	84cd8501d39dfaa4	Qwen/Qwen3.6-35B-A3B	open-access	50	hybrid	2026-09-18T11:50:25Z		local	http://mango.cels.anl.gov:8004/v1	d1614583c4d2038a
Campylobacter	rplD	V196A	antimicrobial resistance	reported	[44]	2		Mohamed Elhadidy et al. Frontiers in Microbiology (2018) PMID:29867900; Beata Wysok et al. Frontiers in Microbiology (2020) PMID:32849410	29867900;32849410	51d0c614-e550-50fd-9364-797d175ab236;b0bebb59-8a26-5bd8-92fe-ce9684ceba77	18;44			465190414bbb	mutation	2	84cd8501d39dfaa4	Qwen/Qwen3.6-35B-A3B	open-access	50	hybrid	2026-09-18T11:50:25Z		local	http://mango.cels.anl.gov:8004/v1	d1614583c4d2038a
Campylobacter	rplD	T91K	antimicrobial resistance	reported	[18]	1		Beata Wysok et al. Frontiers in Microbiology (2020) PMID:32849410	32849410	b0bebb59-8a26-5bd8-92fe-ce9684ceba77	18			465190414bbb	mutation	2	84cd8501d39dfaa4	Qwen/Qwen3.6-35B-A3B	open-access	50	hybrid	2026-09-18T11:50:25Z		local	http://mango.cels.anl.gov:8004/v1	d1614583c4d2038a
Enterococcus faecium	rplD	211GGT213 (insertion of glycine)	Linezolid resistance	reported	[13]	1		Jennifer K. Bender et al. PLoS ONE PMID:27893790	27893790	338d4614-c360-5c78-8da2-b5d29ada0369	13			f7858e85c8a0	mutation	2	84cd8501d39dfaa4	Qwen/Qwen3.6-35B-A3B	open-access	50	hybrid	2026-09-18T11:50:27Z		local	http://mango.cels.anl.gov:8004/v1	b462d8bef1dce01e
Enterococcus faecium	rplD		Linezolid resistance	reported	[1]	4	missing:Mutation	Laura Ruiz-Ripa et al. Microorganisms PMID:32751552; Catarina Geraldes et al. Antibiotics PMID:35884110; Xun Gao et al. Antibiotics PMID:40298468; Qun Wang et al. BMC Infectious Diseases PMID:40775271	32751552;35884110;40298468;40775271	275106a2-c867-5955-9fdf-fa076e26055c;2a45a13c-60cd-572f-9aed-32aba018659c;e4b6840d-9992-514d-a96e-9caedf5b84da;85d3ef55-d9f5-5f94-8df2-5807a309a2d4	1;10;22;43			f7858e85c8a0	mutation	2	84cd8501d39dfaa4	Qwen/Qwen3.6-35B-A3B	open-access	50	hybrid	2026-09-18T11:50:27Z		local	http://mango.cels.anl.gov:8004/v1	b462d8bef1dce01e
Streptococcus pneumoniae	rplD	K63E	macrolide resistance	reported	[31]	1		Dàmaris Berbel et al. Microorganisms PMID:36557569	36557569	2a4532dc-34be-5904-8c4c-d180f1130b0e	31			db05f5e28034	mutation	2	84cd8501d39dfaa4	Qwen/Qwen3.6-35B-A3B	open-access	50	hybrid	2026-09-18T11:50:27Z		local	http://mango.cels.anl.gov:8004/v1	937d3ebaeb7b6d38
Streptococcus pneumoniae	rplD	Del65WR66	macrolide resistance	reported	[31]	1		Dàmaris Berbel et al. Microorganisms PMID:36557569	36557569	2a4532dc-34be-5904-8c4c-d180f1130b0e	31			db05f5e28034	mutation	2	84cd8501d39dfaa4	Qwen/Qwen3.6-35B-A3B	open-access	50	hybrid	2026-09-18T11:50:27Z		local	http://mango.cels.anl.gov:8004/v1	937d3ebaeb7b6d38
Streptococcus pneumoniae	rplD	82ME84 deletion	macrolide resistance	reported	[31]	1		Dàmaris Berbel et al. Microorganisms PMID:36557569	36557569	2a4532dc-34be-5904-8c4c-d180f1130b0e	31			db05f5e28034	mutation	2	84cd8501d39dfaa4	Qwen/Qwen3.6-35B-A3B	open-access	50	hybrid	2026-09-18T11:50:27Z		local	http://mango.cels.anl.gov:8004/v1	937d3ebaeb7b6d38
Enterococcus faecium	rplV		Decreased susceptibility to linezolid	reported	1	4	missing:Mutation	Laura Ruiz-Ripa et al. Microorganisms PMID:32751552; Catarina Geraldes et al. Antibiotics PMID:35884110; Xun Gao et al. Antibiotics PMID:40298468; Qun Wang et al. BMC Infectious Diseases PMID:40775271	32751552;35884110;40298468;40775271	275106a2-c867-5955-9fdf-fa076e26055c;2a45a13c-60cd-572f-9aed-32aba018659c;e4b6840d-9992-514d-a96e-9caedf5b84da;85d3ef55-d9f5-5f94-8df2-5807a309a2d4	1;11;25;45			1c44b7341464	mutation	2	84cd8501d39dfaa4	Qwen/Qwen3.6-35B-A3B	open-access	50	hybrid	2026-09-18T11:50:29Z		local	http://mango.cels.anl.gov:8004/v1	471e9f292fd19249
Neisseria gonorrhoeae	rplD	G70D	azithromycin resistance	measured; reported	[5]	7	merged_variants:Assertion	Kevin C. Ma et al. Nature Communications PMID:33097713; Meshack Juma et al. Frontiers in Microbiology (2021) PMID:34385981; Daniel Golparian et al. BMC Genomics PMID:32013864	33097713;34385981;32013864	5f65b575-8712-5a10-8c45-0d0ec6706f77;67109713-dd10-52f2-a27d-cafd624a34d1;4e6d9159-047d-55cb-949e-cd2600445473;d1d57a3d-d61c-50d3-b53a-5fc1beafe487;c0f6760e-5766-5af0-854b-70eb3aa56490;63685395-ff86-53ce-9a3e-8ee794fbcd70;69f41a1b-985a-5a86-9072-85a90558373e	5;7;15;24;27;29;35			810cc1831e88	mutation	2	84cd8501d39dfaa4	Qwen/Qwen3.6-35B-A3B	open-access	50	hybrid	2026-09-18T11:50:30Z		local	http://mango.cels.anl.gov:8004/v1	f7c8d11640186dc4
Neisseria gonorrhoeae	rplD	G70S	azithromycin resistance	reported	[28]	2		Tessa de Block et al. Pathogens PMID:33806962	33806962	164ee93f-2c15-5cf7-a845-2f7fa0af544d;34b3acbb-d44c-5cfc-bd69-49566be5ac37	28;43			810cc1831e88	mutation	2	84cd8501d39dfaa4	Qwen/Qwen3.6-35B-A3B	open-access	50	hybrid	2026-09-18T11:50:30Z		local	http://mango.cels.anl.gov:8004/v1	f7c8d11640186dc4
Neisseria gonorrhoeae	rplD	G70A	azithromycin resistance	reported	[28]	2		Tessa de Block et al. Pathogens PMID:33806962	33806962	164ee93f-2c15-5cf7-a845-2f7fa0af544d;34b3acbb-d44c-5cfc-bd69-49566be5ac37	28;43			810cc1831e88	mutation	2	84cd8501d39dfaa4	Qwen/Qwen3.6-35B-A3B	open-access	50	hybrid	2026-09-18T11:50:30Z		local	http://mango.cels.anl.gov:8004/v1	f7c8d11640186dc4
Neisseria gonorrhoeae	rplD	R157Q	azithromycin resistance	reported	[41]	1		Sheeba Santhini Manoharan-Basil et al. Frontiers in Microbiology (2021) PMID:34177869	34177869	ec694ee5-fd36-50df-9b50-8084b30c0631	41			810cc1831e88	mutation	2	84cd8501d39dfaa4	Qwen/Qwen3.6-35B-A3B	open-access	50	hybrid	2026-09-18T11:50:30Z		local	http://mango.cels.anl.gov:8004/v1	f7c8d11640186dc4
Neisseria gonorrhoeae	rplD		macrolide resistance	reported	[3]	2	missing:Mutation	Maira Goytia et al. Antibiotics PMID:34066576	34066576	b4d9096c-905e-52c5-8bb4-810cc9ed2a95;1488bb58-aed5-54be-b0eb-4749c3e84522	3;4			810cc1831e88	mutation	2	84cd8501d39dfaa4	Qwen/Qwen3.6-35B-A3B	open-access	50	hybrid	2026-09-18T11:50:30Z		local	http://mango.cels.anl.gov:8004/v1	f7c8d11640186dc4
Acinetobacter baumannii	rpoB		Antimicrobial resistance (Rifampicin resistance)	reported	18	3	missing:Mutation	Giedrė Valdonė Sakalauskienė et al. Antibiotics PMID:39858349; Arturo Martínez-Trejo et al. International Journal of Molecular Sciences PMID:35743027; Jiakai Sun et al. BMC Microbiology PMID:31122209	39858349;35743027;31122209	d71e98a2-33ea-5e9b-bd3e-5219d7f01e9d;048ece26-e211-511b-bae4-12ed2c587c00;8d904f0e-52d1-5433-8605-4f2619926778	18;23;29			f9c41a1f6e2b	mutation	2	84cd8501d39dfaa4	Qwen/Qwen3.6-35B-A3B	open-access	50	hybrid	2026-09-18T11:50:32Z		local	http://mango.cels.anl.gov:8004/v1	ba57c346742d4199
Neisseria gonorrhoeae	rplV	L6Q	Antimicrobial resistance	Inferred	[2]	1		Maira Goytia et al. Antibiotics PMID:34066576	34066576	b4d9096c-905e-52c5-8bb4-810cc9ed2a95	2			e18cccb5a48b	mutation	2	84cd8501d39dfaa4	Qwen/Qwen3.6-35B-A3B	open-access	50	hybrid	2026-09-18T11:50:32Z		local	http://mango.cels.anl.gov:8004/v1	cb760a9b1dd21461
Neisseria gonorrhoeae	rplV	D94N	Antimicrobial resistance	Inferred	[2]	1		Maira Goytia et al. Antibiotics PMID:34066576	34066576	b4d9096c-905e-52c5-8bb4-810cc9ed2a95	2			e18cccb5a48b	mutation	2	84cd8501d39dfaa4	Qwen/Qwen3.6-35B-A3B	open-access	50	hybrid	2026-09-18T11:50:32Z		local	http://mango.cels.anl.gov:8004/v1	cb760a9b1dd21461
Neisseria gonorrhoeae	rplV	R99Q	Antimicrobial resistance	Inferred	[2]	1		Maira Goytia et al. Antibiotics PMID:34066576	34066576	b4d9096c-905e-52c5-8bb4-810cc9ed2a95	2			e18cccb5a48b	mutation	2	84cd8501d39dfaa4	Qwen/Qwen3.6-35B-A3B	open-access	50	hybrid	2026-09-18T11:50:32Z		local	http://mango.cels.anl.gov:8004/v1	cb760a9b1dd21461
Neisseria gonorrhoeae	rplV	V17A	Antimicrobial resistance	Inferred	[2]	1		Maira Goytia et al. Antibiotics PMID:34066576	34066576	b4d9096c-905e-52c5-8bb4-810cc9ed2a95	2			e18cccb5a48b	mutation	2	84cd8501d39dfaa4	Qwen/Qwen3.6-35B-A3B	open-access	50	hybrid	2026-09-18T11:50:32Z		local	http://mango.cels.anl.gov:8004/v1	cb760a9b1dd21461
Neisseria gonorrhoeae	rplV	V45Q	Antimicrobial resistance	Inferred	[2]	1		Maira Goytia et al. Antibiotics PMID:34066576	34066576	b4d9096c-905e-52c5-8bb4-810cc9ed2a95	2			e18cccb5a48b	mutation	2	84cd8501d39dfaa4	Qwen/Qwen3.6-35B-A3B	open-access	50	hybrid	2026-09-18T11:50:32Z		local	http://mango.cels.anl.gov:8004/v1	cb760a9b1dd21461
Neisseria gonorrhoeae	rplV	T72V	Antimicrobial resistance	Inferred	[2]	1		Maira Goytia et al. Antibiotics PMID:34066576	34066576	b4d9096c-905e-52c5-8bb4-810cc9ed2a95	2			e18cccb5a48b	mutation	2	84cd8501d39dfaa4	Qwen/Qwen3.6-35B-A3B	open-access	50	hybrid	2026-09-18T11:50:32Z		local	http://mango.cels.anl.gov:8004/v1	cb760a9b1dd21461
Neisseria gonorrhoeae	rplV	S101C	Antimicrobial resistance	Inferred	[2]	1		Maira Goytia et al. Antibiotics PMID:34066576	34066576	b4d9096c-905e-52c5-8bb4-810cc9ed2a95	2			e18cccb5a48b	mutation	2	84cd8501d39dfaa4	Qwen/Qwen3.6-35B-A3B	open-access	50	hybrid	2026-09-18T11:50:32Z		local	http://mango.cels.anl.gov:8004/v1	cb760a9b1dd21461
Campylobacter	rplV	A103V	antimicrobial resistance	reported	[13]	5		Sam Haldenby et al. PLoS ONE PMID:31999701; Abera Admasie et al. PLOS ONE PMID:39159178; Lorena Montero et al. PLOS ONE PMID:39316598; Aurora García-Fernández et al. BMC Microbiology PMID:41152732; Beata Wysok et al. Frontiers in Microbiology (2020) PMID:32849410	31999701;39159178;39316598;41152732;32849410	5500ce1f-31e6-5552-b854-fd1c63868f11;a7926b6d-1f97-5033-92be-cf9e1a68d53b;72192386-31a7-5862-949e-9ec5e2cfb3b5;dadb1320-a515-584d-ad80-2aca0359d680;b0bebb59-8a26-5bd8-92fe-ce9684ceba77	13;17;22;31;41			3f1de26cd464	mutation	2	84cd8501d39dfaa4	Qwen/Qwen3.6-35B-A3B	open-access	50	hybrid	2026-09-18T11:50:35Z		local	http://mango.cels.anl.gov:8004/v1	43f1c53386e3964f
Campylobacter	rplV	V65I	antimicrobial resistance	reported	[44]	2		Mengjun Tang et al. Frontiers in Microbiology (2020) PMID:33193261; Mohamed Elhadidy et al. Frontiers in Microbiology (2018) PMID:29867900	33193261;29867900	93165e1f-886c-5be2-b963-a34a14e30ea8;51d0c614-e550-50fd-9364-797d175ab236	44;45			3f1de26cd464	mutation	2	84cd8501d39dfaa4	Qwen/Qwen3.6-35B-A3B	open-access	50	hybrid	2026-09-18T11:50:35Z		local	http://mango.cels.anl.gov:8004/v1	43f1c53386e3964f
Campylobacter	rplV	G74A	antimicrobial resistance	reported	[44]	3		Mengjun Tang et al. Frontiers in Microbiology (2020) PMID:33193261; Mohamed Elhadidy et al. Frontiers in Microbiology (2018) PMID:29867900; Beata Wysok et al. Frontiers in Microbiology (2020) PMID:32849410	33193261;29867900;32849410	93165e1f-886c-5be2-b963-a34a14e30ea8;51d0c614-e550-50fd-9364-797d175ab236;b0bebb59-8a26-5bd8-92fe-ce9684ceba77	17;44;45			3f1de26cd464	mutation	2	84cd8501d39dfaa4	Qwen/Qwen3.6-35B-A3B	open-access	50	hybrid	2026-09-18T11:50:35Z		local	http://mango.cels.anl.gov:8004/v1	43f1c53386e3964f
Campylobacter	rplV	T109S	antimicrobial resistance	reported	[45]	1		Mohamed Elhadidy et al. Frontiers in Microbiology (2018) PMID:29867900	29867900	51d0c614-e550-50fd-9364-797d175ab236	45			3f1de26cd464	mutation	2	84cd8501d39dfaa4	Qwen/Qwen3.6-35B-A3B	open-access	50	hybrid	2026-09-18T11:50:35Z		local	http://mango.cels.anl.gov:8004/v1	43f1c53386e3964f
Campylobacter	rplV	A111E	antimicrobial resistance	reported	[45]	2		Mohamed Elhadidy et al. Frontiers in Microbiology (2018) PMID:29867900; Beata Wysok et al. Frontiers in Microbiology (2020) PMID:32849410	29867900;32849410	51d0c614-e550-50fd-9364-797d175ab236;b0bebb59-8a26-5bd8-92fe-ce9684ceba77	17;45			3f1de26cd464	mutation	2	84cd8501d39dfaa4	Qwen/Qwen3.6-35B-A3B	open-access	50	hybrid	2026-09-18T11:50:35Z		local	http://mango.cels.anl.gov:8004/v1	43f1c53386e3964f
Campylobacter	rplV	A114T	antimicrobial resistance	reported	[45]	2		Mohamed Elhadidy et al. Frontiers in Microbiology (2018) PMID:29867900; Beata Wysok et al. Frontiers in Microbiology (2020) PMID:32849410	29867900;32849410	51d0c614-e550-50fd-9364-797d175ab236;b0bebb59-8a26-5bd8-92fe-ce9684ceba77	17;45			3f1de26cd464	mutation	2	84cd8501d39dfaa4	Qwen/Qwen3.6-35B-A3B	open-access	50	hybrid	2026-09-18T11:50:35Z		local	http://mango.cels.anl.gov:8004/v1	43f1c53386e3964f
Campylobacter	rplV	Q24R	antimicrobial resistance	reported	[45]	1		Mohamed Elhadidy et al. Frontiers in Microbiology (2018) PMID:29867900	29867900	51d0c614-e550-50fd-9364-797d175ab236	45			3f1de26cd464	mutation	2	84cd8501d39dfaa4	Qwen/Qwen3.6-35B-A3B	open-access	50	hybrid	2026-09-18T11:50:35Z		local	http://mango.cels.anl.gov:8004/v1	43f1c53386e3964f
Campylobacter	rplV	S13P	antimicrobial resistance	reported	[17]	1		Beata Wysok et al. Frontiers in Microbiology (2020) PMID:32849410	32849410	b0bebb59-8a26-5bd8-92fe-ce9684ceba77	17			3f1de26cd464	mutation	2	84cd8501d39dfaa4	Qwen/Qwen3.6-35B-A3B	open-access	50	hybrid	2026-09-18T11:50:35Z		local	http://mango.cels.anl.gov:8004/v1	43f1c53386e3964f
Campylobacter	rplV	T109A	antimicrobial resistance	reported	[17]	1		Beata Wysok et al. Frontiers in Microbiology (2020) PMID:32849410	32849410	b0bebb59-8a26-5bd8-92fe-ce9684ceba77	17			3f1de26cd464	mutation	2	84cd8501d39dfaa4	Qwen/Qwen3.6-35B-A3B	open-access	50	hybrid	2026-09-18T11:50:35Z		local	http://mango.cels.anl.gov:8004/v1	43f1c53386e3964f
Campylobacter	rplV	T119A	antimicrobial resistance	reported	[17]	1		Beata Wysok et al. Frontiers in Microbiology (2020) PMID:32849410	32849410	b0bebb59-8a26-5bd8-92fe-ce9684ceba77	17			3f1de26cd464	mutation	2	84cd8501d39dfaa4	Qwen/Qwen3.6-35B-A3B	open-access	50	hybrid	2026-09-18T11:50:35Z		local	http://mango.cels.anl.gov:8004/v1	43f1c53386e3964f
Campylobacter	rplV	A121V	antimicrobial resistance	reported	[17]	1		Beata Wysok et al. Frontiers in Microbiology (2020) PMID:32849410	32849410	b0bebb59-8a26-5bd8-92fe-ce9684ceba77	17			3f1de26cd464	mutation	2	84cd8501d39dfaa4	Qwen/Qwen3.6-35B-A3B	open-access	50	hybrid	2026-09-18T11:50:35Z		local	http://mango.cels.anl.gov:8004/v1	43f1c53386e3964f
Campylobacter	rplV	A136T	antimicrobial resistance	reported	[17]	1		Beata Wysok et al. Frontiers in Microbiology (2020) PMID:32849410	32849410	b0bebb59-8a26-5bd8-92fe-ce9684ceba77	17			3f1de26cd464	mutation	2	84cd8501d39dfaa4	Qwen/Qwen3.6-35B-A3B	open-access	50	hybrid	2026-09-18T11:50:35Z		local	http://mango.cels.anl.gov:8004/v1	43f1c53386e3964f
Campylobacter	rplV	duplication at positions 292 and 256	antimicrobial resistance	reported	[4]	1		Renata Urban-Chmiel et al. Antibiotics PMID:36009947	36009947	a049cd0d-2deb-515f-a65e-961dcea9b557	4			3f1de26cd464	mutation	2	84cd8501d39dfaa4	Qwen/Qwen3.6-35B-A3B	open-access	50	hybrid	2026-09-18T11:50:35Z		local	http://mango.cels.anl.gov:8004/v1	43f1c53386e3964f
Corynebacterium diphtheriae	rpoB	S442F	rifamycin resistance; rifampin resistance	reported	[10]	3	merged_variants:Phenotype	Le Huy Hoang et al. Scientific Reports PMID:41651982; Lamali Sadeesh Kumar et al. Microbial Genomics PMID:41032446	41651982;41032446	f3bca215-e0ef-5d88-92a6-b261b76abb2d;3f016ce7-d465-5ad6-8e5f-f308f7ebc7f6;0fb43864-9d32-5f5f-9388-39763906a789	10;11;12			c04b0a4bd584	mutation	2	84cd8501d39dfaa4	Qwen/Qwen3.6-35B-A3B	open-access	50	hybrid	2026-09-18T11:50:36Z		local	http://mango.cels.anl.gov:8004/v1	775a5b5559d92ca8
Corynebacterium diphtheriae	rpoB	S442Y	rifampin resistance	reported	[10]	2		Le Huy Hoang et al. Scientific Reports PMID:41651982	41651982	f3bca215-e0ef-5d88-92a6-b261b76abb2d;3f016ce7-d465-5ad6-8e5f-f308f7ebc7f6	10;11			c04b0a4bd584	mutation	2	84cd8501d39dfaa4	Qwen/Qwen3.6-35B-A3B	open-access	50	hybrid	2026-09-18T11:50:36Z		local	http://mango.cels.anl.gov:8004/v1	775a5b5559d92ca8
Corynebacterium diphtheriae	rpoB	S444F	rifampin resistance	reported	[19]	1		Gabriele Arcari et al. Microbial Genomics PMID:36748453	36748453	2e118da5-dcf5-55f5-b862-425b3897f0b5	19			c04b0a4bd584	mutation	2	84cd8501d39dfaa4	Qwen/Qwen3.6-35B-A3B	open-access	50	hybrid	2026-09-18T11:50:36Z		local	http://mango.cels.anl.gov:8004/v1	775a5b5559d92ca8
Corynebacterium diphtheriae	rpoB	S445F	rifampin resistance	reported	[27]	3		Max Roberto Batista Araújo et al. Frontiers in Microbiology (2025) PMID:41170434	41170434	5f0f484e-2b5b-53d9-8f48-07de084435ce;5735bf78-4a22-5de2-b25b-3b0c0e749623;0ccbe851-b903-5d4e-8715-c00cdae1cbfe	27;33;40	S445F	N441Y-S445F	c04b0a4bd584	mutation	2	84cd8501d39dfaa4	Qwen/Qwen3.6-35B-A3B	open-access	50	hybrid	2026-09-18T11:50:36Z		local	http://mango.cels.anl.gov:8004/v1	775a5b5559d92ca8
Enterococcus faecium	rpoB	Rifampin resistance	Rifampin resistance is generally caused by a punctual mutation in the RpoB gene.	reported	1	1		S. Álvarez-Narváez et al. Scientific Reports PMID:31969575	31969575	be140eaa-e26d-5ef8-b24c-035a6c7f13b1	1			534b9d840d1e	mutation	2	84cd8501d39dfaa4	Qwen/Qwen3.6-35B-A3B	open-access	50	hybrid	2026-09-18T11:50:38Z		local	http://mango.cels.anl.gov:8004/v1	8872564535ea5a78
Enterococcus faecium	rpoB	Mutations in the gene that encodes the β-subunit of RNA polymerase	Rifampin resistance	reported	3	1		Joana Monteiro Marques et al. Antibiotics PMID:37508236	37508236	eedf6313-f773-5092-835e-80cc80013d35	3			534b9d840d1e	mutation	2	84cd8501d39dfaa4	Qwen/Qwen3.6-35B-A3B	open-access	50	hybrid	2026-09-18T11:50:38Z		local	http://mango.cels.anl.gov:8004/v1	8872564535ea5a78
Enterococcus faecium	rpoB	rpoB mutants	Rifampicin resistance	reported	6	1		Adrienn Gréta Tóth et al. Antibiotics PMID:34827225	34827225	80e21a04-b577-591e-9c91-71e691d0e584	6			534b9d840d1e	mutation	2	84cd8501d39dfaa4	Qwen/Qwen3.6-35B-A3B	open-access	50	hybrid	2026-09-18T11:50:38Z		local	http://mango.cels.anl.gov:8004/v1	8872564535ea5a78
Enterococcus faecium	rpoB	S491F	Daptomycin resistance (in combination with RpoC T634K) measured in competition assays.; Daptomycin resistance	measured; reported	14	2	merged_variants:Phenotype;merged_variants:Assertion;off_target_gene	Adrianna M. Turner et al. Nature PMID:39443798	39443798	9f7672f5-b9aa-5746-99af-7ebd360269bb	14			534b9d840d1e	mutation	2	84cd8501d39dfaa4	Qwen/Qwen3.6-35B-A3B	open-access	50	hybrid	2026-09-18T11:50:38Z		local	http://mango.cels.anl.gov:8004/v1	8872564535ea5a78
Enterococcus faecium	rpoB	rpoB	Peptide/ansamycins antibiotics resistance (predicted via CARD)	predicted	15	1		Weiwei Li et al. Frontiers in Microbiology (2022) PMID:35801099	35801099	d13d32ce-5015-59cf-918e-ae55e69d1ab7	15			534b9d840d1e	mutation	2	84cd8501d39dfaa4	Qwen/Qwen3.6-35B-A3B	open-access	50	hybrid	2026-09-18T11:50:38Z		local	http://mango.cels.anl.gov:8004/v1	8872564535ea5a78
Enterococcus faecium	rpoB	rpoB mutations	Rifampin resistance (listed in DRAGdb)	reported	23	1		Abhirupa Ghosh et al. Scientific Reports PMID:32488120	32488120	ba20d09a-29ef-5f4a-b1dd-7bd489b2cd05	23			534b9d840d1e	mutation	2	84cd8501d39dfaa4	Qwen/Qwen3.6-35B-A3B	open-access	50	hybrid	2026-09-18T11:50:38Z		local	http://mango.cels.anl.gov:8004/v1	8872564535ea5a78
Escherichia coli	rpoB	H526Y	rifampicin resistance	measured	[1]	1		Matthew J. Jago et al. Nature Communications PMID:39824824	39824824	17e085c3-8e57-5291-8a38-1e05189b6c14	1			acc65d7e753d	mutation	2	84cd8501d39dfaa4	Qwen/Qwen3.6-35B-A3B	open-access	50	hybrid	2026-09-18T11:50:38Z		local	http://mango.cels.anl.gov:8004/v1	eb868ba576bcb1ec
Escherichia coli	rpoB	Q513L	rifampicin resistance	measured	[1]	1		Matthew J. Jago et al. Nature Communications PMID:39824824	39824824	17e085c3-8e57-5291-8a38-1e05189b6c14	1			acc65d7e753d	mutation	2	84cd8501d39dfaa4	Qwen/Qwen3.6-35B-A3B	open-access	50	hybrid	2026-09-18T11:50:38Z		local	http://mango.cels.anl.gov:8004/v1	eb868ba576bcb1ec
Escherichia coli	rpoB	Q513R	rifampicin resistance	measured	[1]	1		Matthew J. Jago et al. Nature Communications PMID:39824824	39824824	17e085c3-8e57-5291-8a38-1e05189b6c14	1			acc65d7e753d	mutation	2	84cd8501d39dfaa4	Qwen/Qwen3.6-35B-A3B	open-access	50	hybrid	2026-09-18T11:50:38Z		local	http://mango.cels.anl.gov:8004/v1	eb868ba576bcb1ec
Escherichia coli	rpoB	+1-nt insertion at codon Ser531 (TCC to TCCC)	rifampicin resistance	measured	[24]	1		Douglas L. Huseby et al. Proceedings of the National Academy of Sciences of the United States of America PMID:31992637	31992637	7de427ef-5c16-5746-b07b-92973c357341	24			acc65d7e753d	mutation	2	84cd8501d39dfaa4	Qwen/Qwen3.6-35B-A3B	open-access	50	hybrid	2026-09-18T11:50:38Z		local	http://mango.cels.anl.gov:8004/v1	eb868ba576bcb1ec
Neisseria gonorrhoeae	rpoB	rpoB1	cephalosporin resistance (ceftriaxone)	measured	[9]	3		Samantha G Palace et al. eLife PMID:32011233	32011233	71f2141d-7eaf-5a31-adae-d1a45b0392fc;6f56f28b-ded0-591a-986b-4869aefa4221;3a25c11d-44e6-5e12-9ea5-5b97d39ede7e	9;42;43			be96dc1eb67c	mutation	2	84cd8501d39dfaa4	Qwen/Qwen3.6-35B-A3B	open-access	50	hybrid	2026-09-18T11:50:40Z		local	http://mango.cels.anl.gov:8004/v1	eb38685b79e6b571
Clostridioides difficile	rpoB	R505K	rifampicin resistance	measured; reported	1	6	merged_variants:Assertion	Emmanuel Aguilar-Zamora et al. Frontiers in Microbiology (2021) PMID:35360652; Tongxuan Su et al. Frontiers in Microbiology (2021) PMID:34992586; Joana Isidro et al. Frontiers in Microbiology (2018) PMID:30574133; Korakrit Imwattana et al. Microbial Genomics PMID:34793295	35360652;34992586;30574133;34793295	e1defdbd-2b36-5a27-9b92-f2744cca4d88;65a89b7b-45bb-5d37-b449-b2fcd4c14ef9;0d5666e1-a682-5f40-84c7-7d740e3878b3;2e60a941-3b26-56a2-ab03-5a5fde5a7eeb;6eb5e1df-3c87-51ae-8cb8-4b367ffccf95;ce95815d-f710-5ff4-9c26-8421cef73985	1;26;28;38;39;42	R505K	Arg505Lys	80aa682ca052	mutation	2	84cd8501d39dfaa4	Qwen/Qwen3.6-35B-A3B	open-access	50	hybrid	2026-09-18T11:50:44Z		local	http://mango.cels.anl.gov:8004/v1	3d62ab367648983d
Clostridioides difficile	rpoB	I548M	rifampicin resistance	measured	1	1		Emmanuel Aguilar-Zamora et al. Frontiers in Microbiology (2021) PMID:35360652	35360652	e1defdbd-2b36-5a27-9b92-f2744cca4d88	1	I548M	Ile548Met	80aa682ca052	mutation	2	84cd8501d39dfaa4	Qwen/Qwen3.6-35B-A3B	open-access	50	hybrid	2026-09-18T11:50:44Z		local	http://mango.cels.anl.gov:8004/v1	3d62ab367648983d
Clostridioides difficile	rpoB	I750M	rifampicin resistance	measured	1	1		Emmanuel Aguilar-Zamora et al. Frontiers in Microbiology (2021) PMID:35360652	35360652	e1defdbd-2b36-5a27-9b92-f2744cca4d88	1	I750M	Ile750Met	80aa682ca052	mutation	2	84cd8501d39dfaa4	Qwen/Qwen3.6-35B-A3B	open-access	50	hybrid	2026-09-18T11:50:44Z		local	http://mango.cels.anl.gov:8004/v1	3d62ab367648983d
Clostridioides difficile	rpoB	I750V	rifampicin resistance	measured	1	1		Emmanuel Aguilar-Zamora et al. Frontiers in Microbiology (2021) PMID:35360652	35360652	e1defdbd-2b36-5a27-9b92-f2744cca4d88	1	I750V	Ile750Val	80aa682ca052	mutation	2	84cd8501d39dfaa4	Qwen/Qwen3.6-35B-A3B	open-access	50	hybrid	2026-09-18T11:50:44Z		local	http://mango.cels.anl.gov:8004/v1	3d62ab367648983d
Clostridioides difficile	rpoB	D1160E	rifampicin resistance	measured	1	1		Emmanuel Aguilar-Zamora et al. Frontiers in Microbiology (2021) PMID:35360652	35360652	e1defdbd-2b36-5a27-9b92-f2744cca4d88	1	D1160E	Asp1160Glu	80aa682ca052	mutation	2	84cd8501d39dfaa4	Qwen/Qwen3.6-35B-A3B	open-access	50	hybrid	2026-09-18T11:50:44Z		local	http://mango.cels.anl.gov:8004/v1	3d62ab367648983d
Clostridioides difficile	rpoB	D1232E	rifampicin resistance	measured	1	1		Emmanuel Aguilar-Zamora et al. Frontiers in Microbiology (2021) PMID:35360652	35360652	e1defdbd-2b36-5a27-9b92-f2744cca4d88	1	D1232E	Asp1232Glu	80aa682ca052	mutation	2	84cd8501d39dfaa4	Qwen/Qwen3.6-35B-A3B	open-access	50	hybrid	2026-09-18T11:50:44Z		local	http://mango.cels.anl.gov:8004/v1	3d62ab367648983d
Clostridioides difficile	rpoB	H502N	rifampicin resistance	measured; reported	4	6	merged_variants:Assertion	Joana Isidro et al. Frontiers in Microbiology (2018) PMID:30574133; Tongxuan Su et al. Frontiers in Microbiology (2021) PMID:34992586; Korakrit Imwattana et al. Microbial Genomics PMID:34793295	30574133;34992586;34793295	37c690c3-6a2f-589c-a98b-a13bedc25715;0d5666e1-a682-5f40-84c7-7d740e3878b3;2e60a941-3b26-56a2-ab03-5a5fde5a7eeb;65a89b7b-45bb-5d37-b449-b2fcd4c14ef9;6eb5e1df-3c87-51ae-8cb8-4b367ffccf95;ce95815d-f710-5ff4-9c26-8421cef73985	4;26;28;38;39;42	H502N	His502Asn	80aa682ca052	mutation	2	84cd8501d39dfaa4	Qwen/Qwen3.6-35B-A3B	open-access	50	hybrid	2026-09-18T11:50:44Z		local	http://mango.cels.anl.gov:8004/v1	3d62ab367648983d
Clostridioides difficult	rpoB	R505K	rifampicin resistance	measured; reported	4	2	merged_variants:Assertion	Joana Isidro et al. Frontiers in Microbiology (2018) PMID:30574133; John E. Markantonis et al. Pathogens PMID:38392856	30574133;38392856	37c690c3-6a2f-589c-a98b-a13bedc25715;114a636b-97d9-5b37-9fa1-39399afbed01	4;19	R505K	Arg505Lys	80aa682ca052	mutation	2	84cd8501d39dfaa4	Qwen/Qwen3.6-35B-A3B	open-access	50	hybrid	2026-09-18T11:50:44Z		local	http://mango.cels.anl.gov:8004/v1	3d62ab367648983d
Clostridioides difficile	rpoB	Q1073R	fidaxomicin resistance	reported	7	1		John E. Markantonis et al. Pathogens PMID:38392856	38392856	9b48940e-241d-57ba-9a83-4339924eb455	7	Q1073R	Gln1073Arg	80aa682ca052	mutation	2	84cd8501d39dfaa4	Qwen/Qwen3.6-35B-A3B	open-access	50	hybrid	2026-09-18T11:50:44Z		local	http://mango.cels.anl.gov:8004/v1	3d62ab367648983d
Clostridioides difficile	rpoB	V1143D	fidaxomicin resistance	reported; measured	7	3	merged_variants:Assertion	John E. Markantonis et al. Pathogens PMID:38392856; Sarah A Kuehne et al. Journal of Antimicrobial Chemotherapy PMID:29253242; Baban Kolte et al. Journal of Antimicrobial Chemotherapy PMID:38598696	38392856;29253242;38598696	9b48940e-241d-57ba-9a83-4339924eb455;1d2be30f-9f9f-5ca8-bf16-54e5f1419cc7;cd4b2e17-1381-5170-9ee1-72b58fcd071c	7;18;27	V1143D	Val1143Asp	80aa682ca052	mutation	2	84cd8501d39dfaa4	Qwen/Qwen3.6-35B-A3B	open-access	50	hybrid	2026-09-18T11:50:44Z		local	http://mango.cels.anl.gov:8004/v1	3d62ab367648983d
Clostridioides difficile	rpoB	V1143G	fidaxomicin resistance	reported; measured	7	3	merged_variants:Assertion	John E. Markantonis et al. Pathogens PMID:38392856; Sarah A Kuehne et al. Journal of Antimicrobial Chemotherapy PMID:29253242; Baban Kolte et al. Journal of Antimicrobial Chemotherapy PMID:38598696	38392856;29253242;38598696	9b48940e-241d-57ba-9a83-4339924eb455;1d2be30f-9f9f-5ca8-bf16-54e5f1419cc7;b4fed6a9-0d17-5149-bac3-4d417b53cf7b	7;18;32	V1143G	Val1143Gly	80aa682ca052	mutation	2	84cd8501d39dfaa4	Qwen/Qwen3.6-35B-A3B	open-access	50	hybrid	2026-09-18T11:50:44Z		local	http://mango.cels.anl.gov:8004/v1	3d62ab367648983d
Clostridioides difficile	rpoB	V1143F	fidaxomicin resistance	reported; measured	7	2	merged_variants:Assertion	John E. Markantonis et al. Pathogens PMID:38392856; Sarah A Kuehne et al. Journal of Antimicrobial Chemotherapy PMID:29253242	38392856;29253242	9b48940e-241d-57ba-9a83-4339924eb455;1d2be30f-9f9f-5ca8-bf16-54e5f1419cc7	7;18	V1143F	Val1143Phe	80aa682ca052	mutation	2	84cd8501d39dfaa4	Qwen/Qwen3.6-35B-A3B	open-access	50	hybrid	2026-09-18T11:50:44Z		local	http://mango.cels.anl.gov:8004/v1	3d62ab367648983d
Clostridioides difficult	rpoB	V1143L	fidaxomicin resistance	reported	32	1		Baban Kolte et al. Journal of Antimicrobial Chemotherapy PMID:38598696	38598696	b4fed6a9-0d17-5149-bac3-4d417b53cf7b	32	V1143L	Val1143Leu	80aa682ca052	mutation	2	84cd8501d39dfaa4	Qwen/Qwen3.6-35B-A3B	open-access	50	hybrid	2026-09-18T11:50:44Z		local	http://mango.cels.anl.gov:8004/v1	3d62ab367648983d
Clostridioides difficult	rpoB	V1143F	fidaxomicin resistance	reported	32	1		Baban Kolte et al. Journal of Antimicrobial Chemotherapy PMID:38598696	38598696	b4fed6a9-0d17-5149-bac3-4d417b53cf7b	32	V1143F	Val1143Phe	80aa682ca052	mutation	2	84cd8501d39dfaa4	Qwen/Qwen3.6-35B-A3B	open-access	50	hybrid	2026-09-18T11:50:44Z		local	http://mango.cels.anl.gov:8004/v1	3d62ab367648983d
Clostridioides difficult	rpoB	Q1073R	fidaxomicin resistance	reported	42	1		Korakrit Imwattana et al. Microbial Genomics PMID:34793295	34793295	ce95815d-f710-5ff4-9c26-8421cef73985	42	Q1073R	Gln1073Arg	80aa682ca052	mutation	2	84cd8501d39dfaa4	Qwen/Qwen3.6-35B-A3B	open-access	50	hybrid	2026-09-18T11:50:44Z		local	http://mango.cels.anl.gov:8004/v1	3d62ab367648983d
Clostridioides difficult	rpoB	H502N	rifampicin resistance	reported	19	1		John E. Markantonis et al. Pathogens PMID:38392856	38392856	114a636b-97d9-5b37-9fa1-39399afbed01	19	H502N	His502Asn	80aa682ca052	mutation	2	84cd8501d39dfaa4	Qwen/Qwen3.6-35B-A3B	open-access	50	hybrid	2026-09-18T11:50:44Z		local	http://mango.cels.anl.gov:8004/v1	3d62ab367648983d
Clostridioides difficult	rpoB	I750M	rifampicin resistance	reported	6	1		Julian Schwanbeck et al. BMC Microbiology PMID:40731265	40731265	4b49ba02-6c0a-5487-af1a-e213ca856726	6	I750M	Ile750Met	80aa682ca052	mutation	2	84cd8501d39dfaa4	Qwen/Qwen3.6-35B-A3B	open-access	50	hybrid	2026-09-18T11:50:44Z		local	http://mango.cels.anl.gov:8004/v1	3d62ab367648983d
Clostridioides difficult	rpoB	I750V	rifampicin resistance	reported	6	1		Julian Schwanbeck et al. BMC Microbiology PMID:40731265	40731265	4b49ba02-6c0a-5487-af1a-e213ca856726	6	I750V	Ile750Val	80aa682ca052	mutation	2	84cd8501d39dfaa4	Qwen/Qwen3.6-35B-A3B	open-access	50	hybrid	2026-09-18T11:50:44Z		local	http://mango.cels.anl.gov:8004/v1	3d62ab367648983d
Clostridioides difficult	rpoB	Q1037E	rifampicin resistance	reported	6	1		Julian Schwanbeck et al. BMC Microbiology PMID:40731265	40731265	4b49ba02-6c0a-5487-af1a-e213ca856726	6	Q1037E	Gln1037Glu	80aa682ca052	mutation	2	84cd8501d39dfaa4	Qwen/Qwen3.6-35B-A3B	open-access	50	hybrid	2026-09-18T11:50:44Z		local	http://mango.cels.anl.gov:8004/v1	3d62ab367648983d
Clostridioides difficult	rpoB	A1205V	rifampicin resistance	reported	6	1		Julian Schwanbeck et al. BMC Microbiology PMID:40731265	40731265	4b49ba02-6c0a-5487-af1a-e213ca856726	6	A1205V	Ala1205Val	80aa682ca052	mutation	2	84cd8501d39dfaa4	Qwen/Qwen3.6-35B-A3B	open-access	50	hybrid	2026-09-18T11:50:44Z		local	http://mango.cels.anl.gov:8004/v1	3d62ab367648983d
Clostridioides difficult	rpoB	N1207A	rifampicin resistance	reported	6	1		Julian Schwanbeck et al. BMC Microbiology PMID:40731265	40731265	4b49ba02-6c0a-5487-af1a-e213ca856726	6	N1207A	Asn1207Ala	80aa682ca052	mutation	2	84cd8501d39dfaa4	Qwen/Qwen3.6-35B-A3B	open-access	50	hybrid	2026-09-18T11:50:44Z		local	http://mango.cels.anl.gov:8004/v1	3d62ab367648983d
Clostridioides difficult	rpoB	A1208T	rifampicin resistance	reported	6	1		Julian Schwanbeck et al. BMC Microbiology PMID:40731265	40731265	4b49ba02-6c0a-5487-af1a-e213ca856726	6	A1208T	Ala1208Thr	80aa682ca052	mutation	2	84cd8501d39dfaa4	Qwen/Qwen3.6-35B-A3B	open-access	50	hybrid	2026-09-18T11:50:44Z		local	http://mango.cels.anl.gov:8004/v1	3d62ab367648983d
Clostridioides difficult	rpoB	D1232E	rifampicin resistance	reported	6	1		Julian Schwanbeck et al. BMC Microbiology PMID:40731265	40731265	4b49ba02-6c0a-5487-af1a-e213ca856726	6	D1232E	Asp1232Glu	80aa682ca052	mutation	2	84cd8501d39dfaa4	Qwen/Qwen3.6-35B-A3B	open-access	50	hybrid	2026-09-18T11:50:44Z		local	http://mango.cels.anl.gov:8004/v1	3d62ab367648983d
Neisseria meningitidis	rpoB	H552Y	Antimicrobial resistance (Rifampin resistance)	reported	[20]	1		Jean Rainbow et al. Emerging Infectious Diseases (2005) PMID:15963302	15963302	6204d3c7-fa7d-5145-a8ee-3f2c1a940bfa	20			4f17f19539ea	mutation	2	84cd8501d39dfaa4	Qwen/Qwen3.6-35B-A3B	open-access	50	hybrid	2026-09-18T11:50:45Z		local	http://mango.cels.anl.gov:8004/v1	84622caea6e546e8
Neisseria meningitidis	rpoB	S548F	Antimicrobial resistance (Rifampin resistance)	reported	[21]	1		Jean Rainbow et al. Emerging Infectious Diseases (2005) PMID:15963302	15963302	9a4a1f50-9e8b-52ba-a7a3-4c87cddd12e2	21			4f17f19539ea	mutation	2	84cd8501d39dfaa4	Qwen/Qwen3.6-35B-A3B	open-access	50	hybrid	2026-09-18T11:50:45Z		local	http://mango.cels.anl.gov:8004/v1	84622caea6e546e8
Neisseria meningitidis	rpoB	H553Y	Antimicrobial resistance (Rifampin resistance)	reported	[10]	1		Aneley Getahun Strobel et al. Emerging Infectious Diseases PMID:39714270	39714270	2913b97a-8537-50a0-b9c6-0c94c83b69be	10			4f17f19539ea	mutation	2	84cd8501d39dfaa4	Qwen/Qwen3.6-35B-A3B	open-access	50	hybrid	2026-09-18T11:50:45Z		local	http://mango.cels.anl.gov:8004/v1	84622caea6e546e8
Neisseria meningitidis	rpoB	rpoB5 allele	Antimicrobial resistance (Rifampicin resistance)	reported	[6]	2		Ioanna Spiliopoulou et al. Antibiotics PMID:37508232	37508232	5be8d416-bae6-5e25-8c1d-0538bad05873;ce9937f9-52fe-5bd4-b01f-0e80ad115dc2	6;13			4f17f19539ea	mutation	2	84cd8501d39dfaa4	Qwen/Qwen3.6-35B-A3B	open-access	50	hybrid	2026-09-18T11:50:45Z		local	http://mango.cels.anl.gov:8004/v1	84622caea6e546e8
Neisseria meningitidis	rpoB	Asp542 substitution	Antimicrobial resistance (Rifampin resistance)	reported	[12]	1		Arianna Neri et al. BMC Microbiology PMID:20868485	20868485	01cdec3a-f863-500c-9931-1687969ee5fa	12			4f17f19539ea	mutation	2	84cd8501d39dfaa4	Qwen/Qwen3.6-35B-A3B	open-access	50	hybrid	2026-09-18T11:50:45Z		local	http://mango.cels.anl.gov:8004/v1	84622caea6e546e8
Neisseria meningitidis	rpoB	Ser548 substitution	Antimicrobial resistance (Rifampin resistance)	reported	[12]	1		Arianna Neri et al. BMC Microbiology PMID:20868485	20868485	01cdec3a-f863-500c-9931-1687969ee5fa	12			4f17f19539ea	mutation	2	84cd8501d39dfaa4	Qwen/Qwen3.6-35B-A3B	open-access	50	hybrid	2026-09-18T11:50:45Z		local	http://mango.cels.anl.gov:8004/v1	84622caea6e546e8
Neisseria meningitidis	rpoB	His552 substitution	Antimicrobial resistance (Rifampin resistance)	reported	[12]	1		Arianna Neri et al. BMC Microbiology PMID:20868485	20868485	01cdec3a-f863-500c-9931-1687969ee5fa	12			4f17f19539ea	mutation	2	84cd8501d39dfaa4	Qwen/Qwen3.6-35B-A3B	open-access	50	hybrid	2026-09-18T11:50:45Z		local	http://mango.cels.anl.gov:8004/v1	84622caea6e546e8
Neisseria meningitidis	rpoB	Ser557 substitution	Antimicrobial resistance (Rifampin resistance)	reported	[12]	1		Arianna Neri et al. BMC Microbiology PMID:20868485	20868485	01cdec3a-f863-500c-9931-1687969ee5fa	12			4f17f19539ea	mutation	2	84cd8501d39dfaa4	Qwen/Qwen3.6-35B-A3B	open-access	50	hybrid	2026-09-18T11:50:45Z		local	http://mango.cels.anl.gov:8004/v1	84622caea6e546e8
Neisseria meningitidis	rpoB	Gly560 substitution	Antimicrobial resistance (Rifampin resistance)	reported	[12]	1		Arianna Neri et al. BMC Microbiology PMID:20868485	20868485	01cdec3a-f863-500c-9931-1687969ee5fa	12			4f17f19539ea	mutation	2	84cd8501d39dfaa4	Qwen/Qwen3.6-35B-A3B	open-access	50	hybrid	2026-09-18T11:50:45Z		local	http://mango.cels.anl.gov:8004/v1	84622caea6e546e8
Staphylococcus pseudintermedius	rpoB	H481N	rifampin resistance	measured; reported	[2]	3	merged_variants:Assertion	Mariela E. Srednik et al. International Journal of Molecular Sciences PMID:37511121; Catarina Morais et al. Frontiers in Microbiology (2025) PMID:41132368	37511121;41132368	09c1ff6c-4ace-5ba1-a0ec-a3c2980ff59d;c4d001a4-b83c-5152-9bbb-2ad000a1d717;c9e67d90-6412-50ed-b76e-4e053c160aa8	2;8;34			d0402fb90912	mutation	2	84cd8501d39dfaa4	Qwen/Qwen3.6-35B-A3B	open-access	50	hybrid	2026-09-18T11:50:47Z		local	http://mango.cels.anl.gov:8004/v1	cd91d709edb1d6f8
Clostridioides difficile	rpoC	I833L	Rifampicin resistance	reported	[32]	1		Emmanuel Aguilar-Zamora et al. Frontiers in Microbiology (2021) PMID:35360652	35360652	03687359-0caf-53d9-8496-2e11613d7a54	32	I833L	Ile833Leu	fd11c07f9e2a	mutation	2	84cd8501d39dfaa4	Qwen/Qwen3.6-35B-A3B	open-access	50	hybrid	2026-09-18T11:50:50Z		local	http://mango.cels.anl.gov:8004/v1	8e76f902ff84c83b
Clostridioides difficile	rpoC	D244Y	Vancomycin resistance	reported	[30]	1		Taryn A. Eubank et al. Antibiotics PMID:35203860	35203860	852c8c38-9615-5969-849c-050d685305ca	30			fd11c07f9e2a	mutation	2	84cd8501d39dfaa4	Qwen/Qwen3.6-35B-A3B	open-access	50	hybrid	2026-09-18T11:50:50Z		local	http://mango.cels.anl.gov:8004/v1	8e76f902ff84c83b
Clostridioides difficile	rpoC	D245Y	Vancomycin resistance	predicted	[36]	1		Baban Kolte et al. Journal of Antimicrobial Chemotherapy PMID:38598696	38598696	ac5effd4-fa1c-5e62-a0be-edf14da48216	36			fd11c07f9e2a	mutation	2	84cd8501d39dfaa4	Qwen/Qwen3.6-35B-A3B	open-access	50	hybrid	2026-09-18T11:50:50Z		local	http://mango.cels.anl.gov:8004/v1	8e76f902ff84c83b
Clostridioides difficile	rpoC	R89G	Vancomycin resistance	predicted	[38]	1		Baban Kolte et al. Journal of Antimicrobial Chemotherapy PMID:38598696	38598696	41ca8d51-6887-5775-a52d-d0e6691c9d85	38			fd11c07f9e2a	mutation	2	84cd8501d39dfaa4	Qwen/Qwen3.6-35B-A3B	open-access	50	hybrid	2026-09-18T11:50:50Z		local	http://mango.cels.anl.gov:8004/v1	8e76f902ff84c83b
Clostridioides difficile	rpoC	D237Y	Vancomycin resistance	predicted	[38]	1		Baban Kolte et al. Journal of Antimicrobial Chemotherapy PMID:38598696	38598696	41ca8d51-6887-5775-a52d-d0e6691c9d85	38			fd11c07f9e2a	mutation	2	84cd8501d39dfaa4	Qwen/Qwen3.6-35B-A3B	open-access	50	hybrid	2026-09-18T11:50:50Z		local	http://mango.cels.anl.gov:8004/v1	8e76f902ff84c83b
Clostridioides difficile	rpoC	Q781R	Vancomycin resistance	predicted	[38]	1		Baban Kolte et al. Journal of Antimicrobial Chemotherapy PMID:38598696	38598696	41ca8d51-6887-5775-a52d-d0e6691c9d85	38			fd11c07f9e2a	mutation	2	84cd8501d39dfaa4	Qwen/Qwen3.6-35B-A3B	open-access	50	hybrid	2026-09-18T11:50:50Z		local	http://mango.cels.anl.gov:8004/v1	8e76f902ff84c83b
Clostridioides difficile	rpoC	D1127E	Vancomycin resistance	predicted	[38]	1		Baban Kolte et al. Journal of Antimicrobial Chemotherapy PMID:38598696	38598696	41ca8d51-6887-5775-a52d-d0e6691c9d85	38			fd11c07f9e2a	mutation	2	84cd8501d39dfaa4	Qwen/Qwen3.6-35B-A3B	open-access	50	hybrid	2026-09-18T11:50:50Z		local	http://mango.cels.anl.gov:8004/v1	8e76f902ff84c83b
Enterococcus faecium	rpoC	T634K	Daptomycin resistance	reported	[15]	1		Adrianna M. Turner et al. Nature PMID:39443798	39443798	9f7672f5-b9aa-5746-99af-7ebd360269bb	15			acdecd9a389f	mutation	2	84cd8501d39dfaa4	Qwen/Qwen3.6-35B-A3B	open-access	50	hybrid	2026-09-18T11:50:52Z		local	http://mango.cels.anl.gov:8004/v1	5135ce037d52d918
Enterococcus faecium	rpoC		Daptomycin resistance	reported	[16]	2	missing:Mutation	Lucy Li et al. Frontiers in Microbiology (2021) PMID:34745054; Weiwei Li et al. Frontiers in Microbiology (2022) PMID:35801099	34745054;35801099	030a28ea-4ef6-5ea5-bade-65c1f8894473;d13d32ce-5015-59cf-918e-ae55e69d1ab7	14;16			acdecd9a389f	mutation	2	84cd8501d39dfaa4	Qwen/Qwen3.6-35B-A3B	open-access	50	hybrid	2026-09-18T11:50:52Z		local	http://mango.cels.anl.gov:8004/v1	5135ce037d52d918
Enterococcus faecium	rpoB		Daptomycin resistance	reported	[16]	2	missing:Mutation;off_target_gene	Lucy Li et al. Frontiers in Microbiology (2021) PMID:34745054; Weiwei Li et al. Frontiers in Microbiology (2022) PMID:35801099	34745054;35801099	030a28ea-4ef6-5ea5-bade-65c1f8894473;d13d32ce-5015-59cf-918e-ae55e69d1ab7	14;16			acdecd9a389f	mutation	2	84cd8501d39dfaa4	Qwen/Qwen3.6-35B-A3B	open-access	50	hybrid	2026-09-18T11:50:52Z		local	http://mango.cels.anl.gov:8004/v1	5135ce037d52d918
Staphylococcus epidermidis	rpoB	D471E/I527M	Rifampicin resistance; reduced susceptibility to vancomycin and teicoplanin; Rifampicin resistance	measured; reported	[1]	3	merged_variants:Assertion;merged_variants:Phenotype	Sofie Marie Edslev et al. Journal of Antimicrobial Chemotherapy PMID:39913260; Adrianna M. Turner et al. Frontiers in Microbiology (2021) PMID:33796088; Vladimir Gostev et al. Frontiers in Microbiology (2021) PMID:34589061	39913260;33796088;34589061	f6a3b604-52e3-5883-a480-3e161c60bfd4;f953a90c-b7cb-598a-b596-b3f3486e5a37;7e111c48-7899-5657-ba66-f4623e2b3425	1;12;29			cd077d73a57d	mutation	2	84cd8501d39dfaa4	Qwen/Qwen3.6-35B-A3B	open-access	50	hybrid	2026-09-18T11:50:54Z		local	http://mango.cels.anl.gov:8004/v1	13eb63156dee7614
Staphylococcus epidermidis	rpoB	H481Y	Low-level rifampicin resistance (in combination with L466S)	measured	[2]	1		Sofie Marie Edslev et al. Journal of Antimicrobial Chemotherapy PMID:39913260	39913260	cad38bac-580f-50f9-9245-8d5d14283c12	2			cd077d73a57d	mutation	2	84cd8501d39dfaa4	Qwen/Qwen3.6-35B-A3B	open-access	50	hybrid	2026-09-18T11:50:54Z		local	http://mango.cels.anl.gov:8004/v1	13eb63156dee7614
Staphylococcus epidermidis	rpoB	H481N	Low-level rifampicin resistance (in combination with L466S or S529L)	measured	[2]	1		Sofie Marie Edslev et al. Journal of Antimicrobial Chemotherapy PMID:39913260	39913260	cad38bac-580f-50f9-9245-8d5d14283c12	2			cd077d73a57d	mutation	2	84cd8501d39dfaa4	Qwen/Qwen3.6-35B-A3B	open-access	50	hybrid	2026-09-18T11:50:54Z		local	http://mango.cels.anl.gov:8004/v1	13eb63156dee7614
Staphylococcus epidermidis	rpoB	L466S	Low-level rifampicin resistance (in combination with H481Y or H481N)	measured	[2]	1		Sofie Marie Edslev et al. Journal of Antimicrobial Chemotherapy PMID:39913260	39913260	cad38bac-580f-50f9-9245-8d5d14283c12	2			cd077d73a57d	mutation	2	84cd8501d39dfaa4	Qwen/Qwen3.6-35B-A3B	open-access	50	hybrid	2026-09-18T11:50:54Z		local	http://mango.cels.anl.gov:8004/v1	13eb63156dee7614
Staphylococcus epidermidis	rpoB	S529L	No resistance (detected in susceptible isolate)	measured	[2]	1		Sofie Marie Edslev et al. Journal of Antimicrobial Chemotherapy PMID:39913260	39913260	cad38bac-580f-50f9-9245-8d5d14283c12	2			cd077d73a57d	mutation	2	84cd8501d39dfaa4	Qwen/Qwen3.6-35B-A3B	open-access	50	hybrid	2026-09-18T11:50:54Z		local	http://mango.cels.anl.gov:8004/v1	13eb63156dee7614
Staphylococcus epidermidis	rpoB	D471Y	Rifampicin resistance	measured	[3]	1		Sofie Marie Edslev et al. Journal of Antimicrobial Chemotherapy PMID:39913260	39913260	8495b8a9-745b-5143-9298-3eafb957a341	3			cd077d73a57d	mutation	2	84cd8501d39dfaa4	Qwen/Qwen3.6-35B-A3B	open-access	50	hybrid	2026-09-18T11:50:54Z		local	http://mango.cels.anl.gov:8004/v1	13eb63156dee7614
Staphylococcus epidermidis	rpoB	Q468L	Rifampicin resistance	measured	[3]	1		Sofie Marie Edslev et al. Journal of Antimicrobial Chemotherapy PMID:39913260	39913260	8495b8a9-745b-5143-9298-3eafb957a341	3			cd077d73a57d	mutation	2	84cd8501d39dfaa4	Qwen/Qwen3.6-35B-A3B	open-access	50	hybrid	2026-09-18T11:50:54Z		local	http://mango.cels.anl.gov:8004/v1	13eb63156dee7614
Staphylococcus epidermidis	rpoB	H481C	Rifampicin resistance	measured	[3]	1		Sofie Marie Edslev et al. Journal of Antimicrobial Chemotherapy PMID:39913260	39913260	8495b8a9-745b-5143-9298-3eafb957a341	3			cd077d73a57d	mutation	2	84cd8501d39dfaa4	Qwen/Qwen3.6-35B-A3B	open-access	50	hybrid	2026-09-18T11:50:54Z		local	http://mango.cels.anl.gov:8004/v1	13eb63156dee7614
Staphylococcus epidermidis	rpoB	V111F	Rifampicin resistance (in combination with RRDR mutation)	measured	[3]	1		Sofie Marie Edslev et al. Journal of Antimicrobial Chemotherapy PMID:39913260	39913260	8495b8a9-745b-5143-9298-3eafb957a341	3			cd077d73a57d	mutation	2	84cd8501d39dfaa4	Qwen/Qwen3.6-35B-A3B	open-access	50	hybrid	2026-09-18T11:50:54Z		local	http://mango.cels.anl.gov:8004/v1	13eb63156dee7614
Staphylococcus epidermidis	rpoB	Y737N	Rifampicin resistance (in combination with RRDR mutation)	measured	[3]	1		Sofie Marie Edslev et al. Journal of Antimicrobial Chemotherapy PMID:39913260	39913260	8495b8a9-745b-5143-9298-3eafb957a341	3			cd077d73a57d	mutation	2	84cd8501d39dfaa4	Qwen/Qwen3.6-35B-A3B	open-access	50	hybrid	2026-09-18T11:50:54Z		local	http://mango.cels.anl.gov:8004/v1	13eb63156dee7614
Staphylococcus epidermidis	rpoB	R894H	Rifampicin resistance (in combination with RRDR mutation)	measured	[3]	1		Sofie Marie Edslev et al. Journal of Antimicrobial Chemotherapy PMID:39913260	39913260	8495b8a9-745b-5143-9298-3eafb957a341	3			cd077d73a57d	mutation	2	84cd8501d39dfaa4	Qwen/Qwen3.6-35B-A3B	open-access	50	hybrid	2026-09-18T11:50:54Z		local	http://mango.cels.anl.gov:8004/v1	13eb63156dee7614
Staphylococcus epidermidis	rpoB	V1044I	Rifampicin resistance (in combination with RRDR mutation)	measured	[3]	1		Sofie Marie Edslev et al. Journal of Antimicrobial Chemotherapy PMID:39913260	39913260	8495b8a9-745b-5143-9298-3eafb957a341	3			cd077d73a57d	mutation	2	84cd8501d39dfaa4	Qwen/Qwen3.6-35B-A3B	open-access	50	hybrid	2026-09-18T11:50:54Z		local	http://mango.cels.anl.gov:8004/v1	13eb63156dee7614
Staphylococcus epidermidis	rpoB	H481Y/L466S	Rifampicin resistance	measured	[9]	1		Sofie Marie Edslev et al. Journal of Antimicrobial Chemotherapy PMID:39913260	39913260	d64218f7-3cc8-52b7-ab63-931dca662913	9			cd077d73a57d	mutation	2	84cd8501d39dfaa4	Qwen/Qwen3.6-35B-A3B	open-access	50	hybrid	2026-09-18T11:50:54Z		local	http://mango.cels.anl.gov:8004/v1	13eb63156dee7614
Staphylococcus epidermidis	rpoB	H481N/L466S	Rifampicin resistance	measured	[9]	1		Sofie Marie Edslev et al. Journal of Antimicrobial Chemotherapy PMID:39913260	39913260	d64218f7-3cc8-52b7-ab63-931dca662913	9			cd077d73a57d	mutation	2	84cd8501d39dfaa4	Qwen/Qwen3.6-35B-A3B	open-access	50	hybrid	2026-09-18T11:50:54Z		local	http://mango.cels.anl.gov:8004/v1	13eb63156dee7614
Staphylococcus epidermidis	rpoB	H481N/I527M	Rifampicin resistance	measured	[9]	1		Sofie Marie Edslev et al. Journal of Antimicrobial Chemotherapy PMID:39913260	39913260	d64218f7-3cc8-52b7-ab63-931dca662913	9			cd077d73a57d	mutation	2	84cd8501d39dfaa4	Qwen/Qwen3.6-35B-A3B	open-access	50	hybrid	2026-09-18T11:50:54Z		local	http://mango.cels.anl.gov:8004/v1	13eb63156dee7614
Staphylococcus epidermidis	rpoB	H481N/S529L	Rifampicin resistance	measured	[9]	1		Sofie Marie Edslev et al. Journal of Antimicrobial Chemotherapy PMID:39913260	39913260	d64218f7-3cc8-52b7-ab63-931dca662913	9			cd077d73a57d	mutation	2	84cd8501d39dfaa4	Qwen/Qwen3.6-35B-A3B	open-access	50	hybrid	2026-09-18T11:50:54Z		local	http://mango.cels.anl.gov:8004/v1	13eb63156dee7614
Staphylococcus epidermidis	rpoB	D471E	Rifampicin resistance; reduced susceptibility to vancomycin and teicoplanin; Rifampicin resistance	reported	[11]	2	merged_variants:Phenotype	Ingrid Nayara Marcelino Santos et al. Scientific Reports PMID:40604219; Ingrid Nayara Marcelino Santos et al. Microorganisms PMID:35744667	40604219;35744667	84f6f5f5-e897-5b41-9a06-89518367736f;c5276e2a-c162-5d37-b92f-9075eb5603e0	11;21			cd077d73a57d	mutation	2	84cd8501d39dfaa4	Qwen/Qwen3.6-35B-A3B	open-access	50	hybrid	2026-09-18T11:50:54Z		local	http://mango.cels.anl.gov:8004/v1	13eb63156dee7614
Staphylococcus epidermidis	rpoB	I527M	Rifampicin resistance; reduced susceptibility to vancomycin and teicoplanin; Rifampicin resistance	reported	[11]	2	merged_variants:Phenotype	Ingrid Nayara Marcelino Santos et al. Scientific Reports PMID:40604219; Ingrid Nayara Marcelino Santos et al. Microorganisms PMID:35744667	40604219;35744667	84f6f5f5-e897-5b41-9a06-89518367736f;3b2d6711-eda6-56a6-b564-bac9293d3f5f	11;27			cd077d73a57d	mutation	2	84cd8501d39dfaa4	Qwen/Qwen3.6-35B-A3B	open-access	50	hybrid	2026-09-18T11:50:54Z		local	http://mango.cels.anl.gov:8004/v1	13eb63156dee7614
Staphylococcus epidermidis	rpoB	T700S	Rifampicin resistance	reported	[18]	1		Etienne Ruppé et al. Scientific Reports PMID:28798333	28798333	5f559dd1-90f0-5fde-b55b-1f5cad5a0533	18			cd077d73a57d	mutation	2	84cd8501d39dfaa4	Qwen/Qwen3.6-35B-A3B	open-access	50	hybrid	2026-09-18T11:50:54Z		local	http://mango.cels.anl.gov:8004/v1	13eb63156dee7614
Staphylococcus epidermidis	rpoB	D837E	Rifampicin resistance	reported	[18]	1		Etienne Ruppé et al. Scientific Reports PMID:28798333	28798333	5f559dd1-90f0-5fde-b55b-1f5cad5a0533	18			cd077d73a57d	mutation	2	84cd8501d39dfaa4	Qwen/Qwen3.6-35B-A3B	open-access	50	hybrid	2026-09-18T11:50:54Z		local	http://mango.cels.anl.gov:8004/v1	13eb63156dee7614
Staphylococcus epidermidis	rpoB	S486Y	Rifampicin resistance	reported	[28]	2		Jonathan Asante et al. Frontiers in Microbiology (2021) PMID:34421833	34421833	7d6166a9-dc67-5c0c-a8af-a232db995373;778c5e5b-e893-5252-ad21-468cea4b28d9	28;35			cd077d73a57d	mutation	2	84cd8501d39dfaa4	Qwen/Qwen3.6-35B-A3B	open-access	50	hybrid	2026-09-18T11:50:54Z		local	http://mango.cels.anl.gov:8004/v1	13eb63156dee7614
Staphylococcus epidermidis	rpoB	Y737S	Rifampicin resistance	reported	[28]	2		Jonathan Asante et al. Frontiers in Microbiology (2021) PMID:34421833	34421833	7d6166a9-dc67-5c0c-a8af-a232db995373;778c5e5b-e893-5252-ad21-468cea4b28d9	28;35			cd077d73a57d	mutation	2	84cd8501d39dfaa4	Qwen/Qwen3.6-35B-A3B	open-access	50	hybrid	2026-09-18T11:50:54Z		local	http://mango.cels.anl.gov:8004/v1	13eb63156dee7614
Neisseria gonorrhoeae	rpoD	rpoD1	cephalosporin resistance (ceftriaxone)	measured	[8]	2		Samantha G Palace et al. eLife PMID:32011233	32011233	71f2141d-7eaf-5a31-adae-d1a45b0392fc;6f56f28b-ded0-591a-986b-4869aefa4221	8;43			7a26d9f315ac	mutation	2	84cd8501d39dfaa4	Qwen/Qwen3.6-35B-A3B	open-access	50	hybrid	2026-09-18T11:50:56Z		local	http://mango.cels.anl.gov:8004/v1	950bf0e13c72bebe
Staphylococcus aureus	rpoC	K334N	Antimicrobial resistance (Corallopyronin A)	measured	7	2		Jan Balansky et al. Antibiotics PMID:35884174	35884174	e10ff3b2-9278-5580-b303-33bc6da7e90b;6a0c7996-7f59-501e-b669-16905ab81fef	7;12			fd9e00071c2c	mutation	2	84cd8501d39dfaa4	Qwen/Qwen3.6-35B-A3B	open-access	50	hybrid	2026-09-18T11:50:57Z		local	http://mango.cels.anl.gov:8004/v1	37dbad9e01fb63ff
Staphylococcus aureus	rpoC	L1165	Antimicrobial resistance (Corallopyronin A)	reported	18	1		Jan Balansky et al. Antibiotics PMID:35884174	35884174	5826ce0e-c694-5f6d-8f33-5b834c75187d	18			fd9e00071c2c	mutation	2	84cd8501d39dfaa4	Qwen/Qwen3.6-35B-A3B	open-access	50	hybrid	2026-09-18T11:50:57Z		local	http://mango.cels.anl.gov:8004/v1	37dbad9e01fb63ff
Staphylococcus aureus	rpoC	G17D	Phage K resistance	reported	13	1		Rohit Kongari et al. Viruses PMID:39599887	39599887	6722e94e-728f-53dd-8a8c-712c22dc1e81	13			fd9e00071c2c	mutation	2	84cd8501d39dfaa4	Qwen/Qwen3.6-35B-A3B	open-access	50	hybrid	2026-09-18T11:50:57Z		local	http://mango.cels.anl.gov:8004/v1	37dbad9e01fb63ff
Staphylococcus aureus	rpoC	G17V	Phage K resistance	reported	13	1		Rohit Kongari et al. Viruses PMID:39599887	39599887	6722e94e-728f-53dd-8a8c-712c22dc1e81	13			fd9e00071c2c	mutation	2	84cd8501d39dfaa4	Qwen/Qwen3.6-35B-A3B	open-access	50	hybrid	2026-09-18T11:50:57Z		local	http://mango.cels.anl.gov:8004/v1	37dbad9e01fb63ff
Staphylococcus aureus	rpoC	G17R	Phage K resistance	reported	13	1		Rohit Kongari et al. Viruses PMID:39599887	39599887	6722e94e-728f-53dd-8a8c-712c22dc1e81	13			fd9e00071c2c	mutation	2	84cd8501d39dfaa4	Qwen/Qwen3.6-35B-A3B	open-access	50	hybrid	2026-09-18T11:50:57Z		local	http://mango.cels.anl.gov:8004/v1	37dbad9e01fb63ff
Staphylococcus aureus	rpoC	A267E	Phage K resistance	reported	13	1		Rohit Kongari et al. Viruses PMID:39599887	39599887	6722e94e-728f-53dd-8a8c-712c22dc1e81	13			fd9e00071c2c	mutation	2	84cd8501d39dfaa4	Qwen/Qwen3.6-35B-A3B	open-access	50	hybrid	2026-09-18T11:50:57Z		local	http://mango.cels.anl.gov:8004/v1	37dbad9e01fb63ff
Staphylococcus aureus	rpoC	G740R	High-level β-lactam resistance (oxacillin)	measured	11	1		Viralkumar V. Panchal et al. PLoS Pathogens PMID:32706832	32706832	e81043dd-82ff-5b55-88fe-633c6c018184	11			fd9e00071c2c	mutation	2	84cd8501d39dfaa4	Qwen/Qwen3.6-35B-A3B	open-access	50	hybrid	2026-09-18T11:50:57Z		local	http://mango.cels.anl.gov:8004/v1	37dbad9e01fb63ff
Staphylococcus aureus	rpoC		Vancomycin-intermediate S. aureus (VISA) conversion; High-level β-lactam resistance (oxacillin); Daptomycin resistance; β-lactam resistance	measured; reported	3	7	missing:Mutation;merged_variants:Assertion;merged_variants:Phenotype	Viralkumar V. Panchal et al. PLoS Pathogens PMID:32706832; Harshad Lade et al. Antibiotics PMID:37760659; Natalia Gómez-Casanova et al. Pathogens PMID:38535549; Swati Sucharita Satpathy et al. Scientific Reports PMID:40998902; Won-Sik Yeo et al. Antibiotics PMID:34680778	32706832;37760659;38535549;40998902;34680778	397102ff-1420-573f-ac7e-fde69061c941;ebad4a1e-1f41-5e95-8c0e-9972f9adf903;c89f9362-d6b8-5e16-8b74-8d26ae93b3fb;d35fc140-adc5-5a23-a388-c2ebd19e307b;1a5900f3-851a-5043-852c-19ac197ee294;dac355f7-20fc-5fd3-98a0-a89cc858e911	3;8;16;19;23;29			fd9e00071c2c	mutation	2	84cd8501d39dfaa4	Qwen/Qwen3.6-35B-A3B	open-access	50	hybrid	2026-09-18T11:50:57Z		local	http://mango.cels.anl.gov:8004/v1	37dbad9e01fb63ff
Staphylococcus aureus	rpoC	D244Y	Vancomycin resistance	reported	32	1		Taryn A. Eubank et al. Antibiotics PMID:35203860	35203860	852c8c38-9615-5969-849c-050d685305ca	32			fd9e00071c2c	mutation	2	84cd8501d39dfaa4	Qwen/Qwen3.6-35B-A3B	open-access	50	hybrid	2026-09-18T11:50:57Z		local	http://mango.cels.anl.gov:8004/v1	37dbad9e01fb63ff
Acinetobacter baumannii	rpsJ		Antimicrobial resistance; Tigecycline resistance	reported	[1]	5	missing:Mutation;merged_variants:Phenotype	Anastasia Geladari et al. Pathogens PMID:41599065; Giedrė Valdonė Sakalauskienė et al. Antibiotics PMID:39858349; Yu-Chia Hsieh et al. Antibiotics PMID:34680819; Jingchao Shi et al. Frontiers in Microbiology (2024) PMID:38318341	41599065;39858349;34680819;38318341	b9cb0bbd-cce2-5c4e-bf43-234e9fed0222;1935a50f-81e6-5b15-b6af-448a2e510af4;d71e98a2-33ea-5e9b-bd3e-5219d7f01e9d;8406574b-9c2b-57ac-8bc6-a2e34c1dbf36;3299e9f0-0191-5eda-84cf-405615e72c9c	1;5;12;14;16			b7e54e8c289c	mutation	2	84cd8501d39dfaa4	Qwen/Qwen3.6-35B-A3B	open-access	50	hybrid	2026-09-18T11:51:00Z		local	http://mango.cels.anl.gov:8004/v1	d754683e3656af7d
Acinetobacter baumannii	rpsJ	12 bp deletion	Tigecycline resistance	reported	[21]	1		Shaqiu Zhang et al. Frontiers in Microbiology (2022) PMID:36246244	36246244	8a123b90-06d0-5126-9491-631b69f9ac75	21			b7e54e8c289c	mutation	2	84cd8501d39dfaa4	Qwen/Qwen3.6-35B-A3B	open-access	50	hybrid	2026-09-18T11:51:00Z		local	http://mango.cels.anl.gov:8004/v1	d754683e3656af7d
Acinetobacter baumannii	rpsJ	V57L	Tigecycline resistance	reported	[23]	1		Zhiren Wang et al. Frontiers in Cellular and Infection Microbiology (2024) PMID:39635040	39635040	52a8ba09-35da-5365-bc87-6dce59f0a5ea	23			b7e54e8c289c	mutation	2	84cd8501d39dfaa4	Qwen/Qwen3.6-35B-A3B	open-access	50	hybrid	2026-09-18T11:51:00Z		local	http://mango.cels.anl.gov:8004/v1	d754683e3656af7d
Enterococcus faecalis	rpsJ	D60Y	Reduced susceptibility to tigecycline	reported	[2]	1		Robert S. Barlow et al. PLoS ONE PMID:28542602	28542602	b646c585-55a3-5c24-a6ee-d8960ca7417d	2	D60Y	Asp60Tyr	0306b5420e38	mutation	2	84cd8501d39dfaa4	Qwen/Qwen3.6-35B-A3B	open-access	50	hybrid	2026-09-18T11:51:01Z		local	http://mango.cels.anl.gov:8004/v1	83092d90360fd586
Enterococcus faecalis	rpsJ		Confers low-to-moderate-level tetracycline resistance	reported	[8]	1	missing:Mutation	Xianguang Lin et al. Scientific Reports PMID:41936577	41936577	c9ae8939-8ead-59ed-93bf-ed15054057da	8			0306b5420e38	mutation	2	84cd8501d39dfaa4	Qwen/Qwen3.6-35B-A3B	open-access	50	hybrid	2026-09-18T11:51:01Z		local	http://mango.cels.anl.gov:8004/v1	83092d90360fd586
Neisseria gonorrhoeae	rpsE	T24P	Spectinomycin resistance	measured	[5]	6		Elena N. Ilina et al. Frontiers in Microbiology (2013) PMID:23847609; Clinical Microbiology and Infection (2010) DOI:10.1111/j.1469-0691.2010.03239.x	23847609	6f4144b6-028f-5990-b97d-f2532c47d662;a40cf2ec-2803-5a6d-8d7d-3b16131b7536;cd0c46b2-e973-52f8-8bb6-c617ce641258;9d25e165-ec0f-579d-a568-ece31656ffda;45ce7a2d-49d4-523d-896b-00f7014f7a45;22644891-66c6-539b-9191-d966b498e6e3	5;16;31;39;42;46	T24P	Thr-24→Pro	8bd5364077a1	mutation	2	84cd8501d39dfaa4	Qwen/Qwen3.6-35B-A3B	open-access	50	hybrid	2026-09-18T11:51:02Z		local	http://mango.cels.anl.gov:8004/v1	a377ea84e9a925ec
Neisseria gonorrhoeae	rpsE	K26E	Spectinomycin resistance	reported	[23]	3		Beata Mlynarczyk-Bonikowska et al. International Journal of Molecular Sciences PMID:36142410; Adam C. Retchless et al. BMC Genomics PMID:29499642; Yuan Dong et al. Frontiers in Microbiology (2020) PMID:33123111	36142410;29499642;33123111	298c220d-ff55-5c9d-9333-242a6b7b3b16;5e2d450d-e90d-547e-97af-da091fe5796f;5fb12d63-97f6-5225-baa9-2d50dc43a372	23;26;41			8bd5364077a1	mutation	2	84cd8501d39dfaa4	Qwen/Qwen3.6-35B-A3B	open-access	50	hybrid	2026-09-18T11:51:02Z		local	http://mango.cels.anl.gov:8004/v1	a377ea84e9a925ec
Neisseria gonorrhoeae	rpsE	Deletion of codon 27 (valine)	Spectinomycin resistance	reported	[23]	1		Beata Mlynarczyk-Bonikowska et al. International Journal of Molecular Sciences PMID:36142410	36142410	298c220d-ff55-5c9d-9333-242a6b7b3b16	23			8bd5364077a1	mutation	2	84cd8501d39dfaa4	Qwen/Qwen3.6-35B-A3B	open-access	50	hybrid	2026-09-18T11:51:02Z		local	http://mango.cels.anl.gov:8004/v1	a377ea84e9a925ec
Neisseria gonorrhoeae	rpsE	A70C	Spectinomycin resistance	measured	[31]	4		Elena N. Ilina et al. Frontiers in Microbiology (2013) PMID:23847609	23847609	cd0c46b2-e973-52f8-8bb6-c617ce641258;9d25e165-ec0f-579d-a568-ece31656ffda;c2c68264-fde2-51e9-8afd-e188633be49b;45ce7a2d-49d4-523d-896b-00f7014f7a45	31;42;43;46			8bd5364077a1	mutation	2	84cd8501d39dfaa4	Qwen/Qwen3.6-35B-A3B	open-access	50	hybrid	2026-09-18T11:51:02Z		local	http://mango.cels.anl.gov:8004/v1	a377ea84e9a925ec
Neisseria gonorrhoeae	rpsE	V25-deletion	Spectinomycin resistance	reported	[26]	1		Adam C. Retchless et al. BMC Genomics PMID:29499642	29499642	5e2d450d-e90d-547e-97af-da091fe5796f	26			8bd5364077a1	mutation	2	84cd8501d39dfaa4	Qwen/Qwen3.6-35B-A3B	open-access	50	hybrid	2026-09-18T11:51:02Z		local	http://mango.cels.anl.gov:8004/v1	a377ea84e9a925ec
Neisseria gonorrhoeae	rpsE	K23E	Spectinomycin resistance	predicted	[22]	1		Yaokang Wu et al. Nucleic Acids Research PMID:38567723	38567723	449a83d4-9a0a-5e99-a0a3-3d5e5b30c04a	22			8bd5364077a1	mutation	2	84cd8501d39dfaa4	Qwen/Qwen3.6-35B-A3B	open-access	50	hybrid	2026-09-18T11:51:02Z		local	http://mango.cels.anl.gov:8004/v1	a377ea84e9a925ec
Neisseria gonorrhoeae	rpsE	V21	Spectinomycin resistance	predicted	[22]	1		Yaokang Wu et al. Nucleic Acids Research PMID:38567723	38567723	449a83d4-9a0a-5e99-a0a3-3d5e5b30c04a	22			8bd5364077a1	mutation	2	84cd8501d39dfaa4	Qwen/Qwen3.6-35B-A3B	open-access	50	hybrid	2026-09-18T11:51:02Z		local	http://mango.cels.anl.gov:8004/v1	a377ea84e9a925ec
Neisseria gonorrhoeae	rpsE	A22	Spectinomycin resistance	predicted	[22]	1		Yaokang Wu et al. Nucleic Acids Research PMID:38567723	38567723	449a83d4-9a0a-5e99-a0a3-3d5e5b30c04a	22			8bd5364077a1	mutation	2	84cd8501d39dfaa4	Qwen/Qwen3.6-35B-A3B	open-access	50	hybrid	2026-09-18T11:51:02Z		local	http://mango.cels.anl.gov:8004/v1	a377ea84e9a925ec
Neisseria gonorrhoeae	rpsE	R30	Spectinomycin resistance	predicted	[22]	1		Yaokang Wu et al. Nucleic Acids Research PMID:38567723	38567723	449a83d4-9a0a-5e99-a0a3-3d5e5b30c04a	22			8bd5364077a1	mutation	2	84cd8501d39dfaa4	Qwen/Qwen3.6-35B-A3B	open-access	50	hybrid	2026-09-18T11:51:02Z		local	http://mango.cels.anl.gov:8004/v1	a377ea84e9a925ec
Enterococcus faecium	rpsJ	D60Y	Tigecycline resistance	predicted; reported	[2]	2	merged_variants:Assertion	Robert S. Barlow et al. PLoS ONE PMID:28542602	28542602	b646c585-55a3-5c24-a6ee-d8960ca7417d;2fe859b5-a9b4-5cf2-ad0f-54e6aca34d82	2;14	D60Y	Asp60 to Tyr	d2802d394e50	mutation	2	84cd8501d39dfaa4	Qwen/Qwen3.6-35B-A3B	open-access	50	hybrid	2026-09-18T11:51:04Z		local	http://mango.cels.anl.gov:8004/v1	ab81b69d4359caaf
Enterococcus faecium	rpsJ	S10	Tigecycline resistance	reported	[38]	1		Li Fang et al. PLoS ONE PMID:27764207	27764207	c7ade680-b9a4-5c97-aa0c-fe891438621d	38			d2802d394e50	mutation	2	84cd8501d39dfaa4	Qwen/Qwen3.6-35B-A3B	open-access	50	hybrid	2026-09-18T11:51:04Z		local	http://mango.cels.anl.gov:8004/v1	ab81b69d4359caaf
Escherichia coli	rpsJ	V57L	tigecycline resistance	measured; reported	9	5	merged_variants:Assertion	Li Fang et al. PLoS ONE PMID:27764207; Zhiren Wang et al. Frontiers in Cellular and Infection Microbiology (2024) PMID:39635040	27764207;39635040	878e47e2-cb30-5164-be50-86c971786db7;c7ade680-b9a4-5c97-aa0c-fe891438621d;52a8ba09-35da-5365-bc87-6dce59f0a5ea	9;20;28			8af4ed0d6091	mutation	2	84cd8501d39dfaa4	Qwen/Qwen3.6-35B-A3B	open-access	50	hybrid	2026-09-18T11:51:04Z		local	http://mango.cels.anl.gov:8004/v1	7b18ca505a238195
Staphylococcus aureus	rpoB	A477D	Antimicrobial resistance (Rifampicin)	measured	[2]	5		Yong Kyun Kim et al. Antibiotics PMID:37887212; Lisa Maudsdotter et al. Frontiers in Microbiology (2019) PMID:31134027	37887212;31134027	04dc90b6-40a1-53c7-9792-e6e680685ee5;a281f96f-be0d-5f35-b948-e42530a989c0;eabcaa76-51c8-5d9d-a834-66be5444cb1d	2;20;31			b91f6b411c1d	mutation	2	84cd8501d39dfaa4	Qwen/Qwen3.6-35B-A3B	open-access	50	hybrid	2026-09-18T11:51:06Z		local	http://mango.cels.anl.gov:8004/v1	794795c76ca82884
Staphylococcus aureus	rpoB	H481Y	Antimicrobial resistance (Rifampicin); Antimicrobial resistance (Vancomycin)	measured; reported	[2]	16	merged_variants:Assertion;merged_variants:Phenotype	Yong Kyun Kim et al. Antibiotics PMID:37887212; Chong Wang et al. BMC Microbiology PMID:31533633; Jan Balansky et al. Antibiotics PMID:35884174; Viralkumar V. Panchal et al. PLoS Pathogens PMID:32706832; Harshad Lade et al. Antibiotics PMID:36290036; Md Tauqeer Alam et al. Genome Biology and Evolution PMID:24787619	37887212;31533633;35884174;32706832;36290036;24787619	04dc90b6-40a1-53c7-9792-e6e680685ee5;d34148b4-52e6-5704-9da3-c8ac0f8139a5;f5590f83-c002-5c31-bea6-a1a09fff94b1;e10ff3b2-9278-5580-b303-33bc6da7e90b;ebad4a1e-1f41-5e95-8c0e-9972f9adf903;e81043dd-82ff-5b55-88fe-633c6c018184;2685ea8f-f4d5-5437-822f-a9a0d0c8c55f;53af4782-9f02-55e9-92ae-fb691a55b1f6	2;3;14;17;18;23;25;40			b91f6b411c1d	mutation	2	84cd8501d39dfaa4	Qwen/Qwen3.6-35B-A3B	open-access	50	hybrid	2026-09-18T11:51:06Z		local	http://mango.cels.anl.gov:8004/v1	794795c76ca82884
Staphylococcus aureus	rpoB	H481F/Y	Antimicrobial resistance (Rifampicin)	measured	[8]	2		Chong Wang et al. BMC Microbiology PMID:31533633	31533633	c5dfca45-558b-531f-be79-6c886a6cff8d;f5590f83-c002-5c31-bea6-a1a09fff94b1	8;18			b91f6b411c1d	mutation	2	84cd8501d39dfaa4	Qwen/Qwen3.6-35B-A3B	open-access	50	hybrid	2026-09-18T11:51:06Z		local	http://mango.cels.anl.gov:8004/v1	794795c76ca82884
Staphylococcus aureus	rpoB	H481N	Antimicrobial resistance (Rifampicin)	reported	[12]	8		Mariela E. Srednik et al. International Journal of Molecular Sciences PMID:37511121; Fernanda Pimentel de Araujo et al. Frontiers in Microbiology (2022) PMID:35308345; Daniel Gyamfi Amoako et al. Pathogens PMID:31569754; Yong Kyun Kim et al. Antibiotics PMID:37887212	37511121;35308345;31569754;37887212	c4d001a4-b83c-5152-9bbb-2ad000a1d717;13b3d16a-1af7-5a32-bb2a-6b1402b98191;4140cac4-e9bc-5d1e-b086-23256c9c5989;5b0f98a0-cfb8-51b0-9d2f-24b5ab7b8b9f	12;13;34;39			b91f6b411c1d	mutation	2	84cd8501d39dfaa4	Qwen/Qwen3.6-35B-A3B	open-access	50	hybrid	2026-09-18T11:51:06Z		local	http://mango.cels.anl.gov:8004/v1	794795c76ca82884
Staphylococcus aureus	rpoB	H481L	Antimicrobial resistance (Rifampicin)	reported	[13]	4		Fernanda Pimentel de Araujo et al. Frontiers in Microbiology (2022) PMID:35308345; Yong Kyun Kim et al. Antibiotics PMID:37887212	35308345;37887212	13b3d16a-1af7-5a32-bb2a-6b1402b98191;5b0f98a0-cfb8-51b0-9d2f-24b5ab7b8b9f	13;39			b91f6b411c1d	mutation	2	84cd8501d39dfaa4	Qwen/Qwen3.6-35B-A3B	open-access	50	hybrid	2026-09-18T11:51:06Z		local	http://mango.cels.anl.gov:8004/v1	794795c76ca82884
Staphylococcus aureus	rpoB	S463N	Antimicrobial resistance (Rifampicin)	measured	[39]	2		Yong Kyun Kim et al. Antibiotics PMID:37887212	37887212	5b0f98a0-cfb8-51b0-9d2f-24b5ab7b8b9f	39			b91f6b411c1d	mutation	2	84cd8501d39dfaa4	Qwen/Qwen3.6-35B-A3B	open-access	50	hybrid	2026-09-18T11:51:06Z		local	http://mango.cels.anl.gov:8004/v1	794795c76ca82884
Staphylococcus aureus	rpoB	S464P	Antimicrobial resistance (Rifampicin)	measured	[39]	2		Yong Kyun Kim et al. Antibiotics PMID:37887212	37887212	5b0f98a0-cfb8-51b0-9d2f-24b5ab7b8b9f	39			b91f6b411c1d	mutation	2	84cd8501d39dfaa4	Qwen/Qwen3.6-35B-A3B	open-access	50	hybrid	2026-09-18T11:51:06Z		local	http://mango.cels.anl.gov:8004/v1	794795c76ca82884
Staphylococcus aureus	rpoB	K1584I	Antimicrobial resistance (Rifampicin)	measured	[39]	2		Yong Kyun Kim et al. Antibiotics PMID:37887212	37887212	5b0f98a0-cfb8-51b0-9d2f-24b5ab7b8b9f	39			b91f6b411c1d	mutation	2	84cd8501d39dfaa4	Qwen/Qwen3.6-35B-A3B	open-access	50	hybrid	2026-09-18T11:51:06Z		local	http://mango.cels.anl.gov:8004/v1	794795c76ca82884
Staphylococcus aureus	rpoB	R197L	Antimicrobial resistance (Rifampicin)	measured	[39]	2		Yong Kyun Kim et al. Antibiotics PMID:37887212	37887212	5b0f98a0-cfb8-51b0-9d2f-24b5ab7b8b9f	39			b91f6b411c1d	mutation	2	84cd8501d39dfaa4	Qwen/Qwen3.6-35B-A3B	open-access	50	hybrid	2026-09-18T11:51:06Z		local	http://mango.cels.anl.gov:8004/v1	794795c76ca82884
Staphylococcus aureus	rpoB	L485I	Antimicrobial resistance (Rifampicin)	measured	[39]	2		Yong Kyun Kim et al. Antibiotics PMID:37887212	37887212	5b0f98a0-cfb8-51b0-9d2f-24b5ab7b8b9f	39			b91f6b411c1d	mutation	2	84cd8501d39dfaa4	Qwen/Qwen3.6-35B-A3B	open-access	50	hybrid	2026-09-18T11:51:06Z		local	http://mango.cels.anl.gov:8004/v1	794795c76ca82884
Staphylococcus aureus	rpoB	T480K	Antimicrobial resistance (Rifampicin)	measured	[39]	2		Yong Kyun Kim et al. Antibiotics PMID:37887212	37887212	5b0f98a0-cfb8-51b0-9d2f-24b5ab7b8b9f	39			b91f6b411c1d	mutation	2	84cd8501d39dfaa4	Qwen/Qwen3.6-35B-A3B	open-access	50	hybrid	2026-09-18T11:51:06Z		local	http://mango.cels.anl.gov:8004/v1	794795c76ca82884
Staphylococcus aureus	rpoB	I527H	Antimicrobial resistance (Rifampicin)	measured	[39]	2		Yong Kyun Kim et al. Antibiotics PMID:37887212	37887212	5b0f98a0-cfb8-51b0-9d2f-24b5ab7b8b9f	39			b91f6b411c1d	mutation	2	84cd8501d39dfaa4	Qwen/Qwen3.6-35B-A3B	open-access	50	hybrid	2026-09-18T11:51:06Z		local	http://mango.cels.anl.gov:8004/v1	794795c76ca82884
Staphylococcus aureus	rpoB	N967I	Antimicrobial resistance (Methicillin)	reported	[23]	6		Viralkumar V. Panchal et al. PLoS Pathogens PMID:32706832; Harshad Lade et al. Antibiotics PMID:36290036	32706832;36290036	ebad4a1e-1f41-5e95-8c0e-9972f9adf903;e81043dd-82ff-5b55-88fe-633c6c018184;2685ea8f-f4d5-5437-822f-a9a0d0c8c55f	23;25;40			b91f6b411c1d	mutation	2	84cd8501d39dfaa4	Qwen/Qwen3.6-35B-A3B	open-access	50	hybrid	2026-09-18T11:51:06Z		local	http://mango.cels.anl.gov:8004/v1	794795c76ca82884
Staphylococcus aureus	rpoB	R644H	Antimicrobial resistance (Methicillin)	reported	[23]	4		Viralkumar V. Panchal et al. PLoS Pathogens PMID:32706832	32706832	ebad4a1e-1f41-5e95-8c0e-9972f9adf903;e81043dd-82ff-5b55-88fe-633c6c018184	23;25			b91f6b411c1d	mutation	2	84cd8501d39dfaa4	Qwen/Qwen3.6-35B-A3B	open-access	50	hybrid	2026-09-18T11:51:06Z		local	http://mango.cels.anl.gov:8004/v1	794795c76ca82884
Staphylococcus aureus	rpoB	H929Q	Antimicrobial resistance (Methicillin)	measured	[25]	4		Viralkumar V. Panchal et al. PLoS Pathogens PMID:32706832	32706832	e81043dd-82ff-5b55-88fe-633c6c018184;a76e902e-0f5d-5320-84f6-ab122ea5998e	25;37			b91f6b411c1d	mutation	2	84cd8501d39dfaa4	Qwen/Qwen3.6-35B-A3B	open-access	50	hybrid	2026-09-18T11:51:06Z		local	http://mango.cels.anl.gov:8004/v1	794795c76ca82884
Staphylococcus aureus	rpoB	A798V	Antimicrobial resistance (Methicillin)	reported	[25]	2		Viralkumar V. Panchal et al. PLoS Pathogens PMID:32706832	32706832	e81043dd-82ff-5b55-88fe-633c6c018184	25			b91f6b411c1d	mutation	2	84cd8501d39dfaa4	Qwen/Qwen3.6-35B-A3B	open-access	50	hybrid	2026-09-18T11:51:06Z		local	http://mango.cels.anl.gov:8004/v1	794795c76ca82884
Staphylococcus aureus	rpoB	S875L	Antimicrobial resistance (Methicillin)	reported	[25]	2		Viralkumar V. Panchal et al. PLoS Pathogens PMID:32706832	32706832	e81043dd-82ff-5b55-88fe-633c6c018184	25			b91f6b411c1d	mutation	2	84cd8501d39dfaa4	Qwen/Qwen3.6-35B-A3B	open-access	50	hybrid	2026-09-18T11:51:06Z		local	http://mango.cels.anl.gov:8004/v1	794795c76ca82884
Staphylococcus aureus	rpoB	D320N	Antimicrobial resistance (Unknown)	reported	[22]	4		Etienne Ruppé et al. Scientific Reports PMID:28798333	28798333	67985e99-6a4f-58ec-9e9e-fb73ab226549;da658b3f-b24b-544a-b03e-38e1b9d9c29b	22;27			b91f6b411c1d	mutation	2	84cd8501d39dfaa4	Qwen/Qwen3.6-35B-A3B	open-access	50	hybrid	2026-09-18T11:51:06Z		local	http://mango.cels.anl.gov:8004/v1	794795c76ca82884
Staphylococcus aureus	rpoB	A487S	Antimicrobial resistance (Rifampicin)	measured	[31]	2		Lisa Maudsdotter et al. Frontiers in Microbiology (2019) PMID:31134027	31134027	eabcaa76-51c8-5d9d-a834-66be5444cb1d	31			b91f6b411c1d	mutation	2	84cd8501d39dfaa4	Qwen/Qwen3.6-35B-A3B	open-access	50	hybrid	2026-09-18T11:51:06Z		local	http://mango.cels.anl.gov:8004/v1	794795c76ca82884
Staphylococcus aureus	rpoB	A487L	Antimicrobial resistance (Rifampicin)	measured	[31]	2		Lisa Maudsdotter et al. Frontiers in Microbiology (2019) PMID:31134027	31134027	eabcaa76-51c8-5d9d-a834-66be5444cb1d	31			b91f6b411c1d	mutation	2	84cd8501d39dfaa4	Qwen/Qwen3.6-35B-A3B	open-access	50	hybrid	2026-09-18T11:51:06Z		local	http://mango.cels.anl.gov:8004/v1	794795c76ca82884
Klebsiella pneumoniae	rpsJ	V57L	tigecycline resistance	reported	6	5		Zhiren Wang et al. Frontiers in Cellular and Infection Microbiology (2024) PMID:39635040; Li Fang et al. PLoS ONE PMID:27764207; Zhixin Lei et al. Scientific Reports PMID:28790420; Lukasz Korczak et al. Frontiers in Cellular and Infection Microbiology (2024) PMID:38655285	39635040;27764207;28790420;38655285	52a8ba09-35da-5365-bc87-6dce59f0a5ea;878e47e2-cb30-5164-be50-86c971786db7;c7ade680-b9a4-5c97-aa0c-fe891438621d;3478b697-e1fe-503c-afa1-d6b8e15e6d8a;ad1c0267-6112-5cd3-a05b-57d750a57705	6;8;21;26;30			107305a0b1db	mutation	2	84cd8501d39dfaa4	Qwen/Qwen3.6-35B-A3B	open-access	50	hybrid	2026-09-18T11:51:07Z		local	http://mango.cels.anl.gov:8004/v1	97553762b61aad22
Klebsiella pneumoniae	rpsJ	G178T	tigecycline resistance	reported	16	1		Zichen Lei et al. BMC Microbiology PMID:40295931	40295931	170a093c-2d45-5b97-8b08-025be96eaa9a	16			107305a0b1db	mutation	2	84cd8501d39dfaa4	Qwen/Qwen3.6-35B-A3B	open-access	50	hybrid	2026-09-18T11:51:07Z		local	http://mango.cels.anl.gov:8004/v1	97553762b61aad22
Klebsiella pneumoniae	rpsJ		tigecycline resistance	reported	2	1	missing:Mutation	Li Fang et al. PLoS ONE PMID:27764207	27764207	071dc514-da06-5f84-98b4-79463e1f74fc	2			107305a0b1db	mutation	2	84cd8501d39dfaa4	Qwen/Qwen3.6-35B-A3B	open-access	50	hybrid	2026-09-18T11:51:07Z		local	http://mango.cels.anl.gov:8004/v1	97553762b61aad22
Staphylococcus aureus	rpsJ		Antimicrobial resistance; Tigecycline resistance	Reported	[1]	4	missing:Mutation;merged_variants:Phenotype	María Sol Haim et al. Microbial Genomics PMID:33599606; Christine Rumpf et al. Pathogens PMID:34578208; Zhixin Lei et al. Scientific Reports PMID:28790420; Li Fang et al. PLoS ONE PMID:27764207	33599606;34578208;28790420;27764207	eca4fc21-8722-5067-a564-5dab05886eaa;8b674d58-4470-5cd9-bc88-61bfb27fdbf4;3478b697-e1fe-503c-afa1-d6b8e15e6d8a;c7ade680-b9a4-5c97-aa0c-fe891438621d	1;3;20;34			66eaa088b68e	mutation	2	84cd8501d39dfaa4	Qwen/Qwen3.6-35B-A3B	open-access	50	hybrid	2026-09-18T11:51:09Z		local	http://mango.cels.anl.gov:8004/v1	4522ca2d0d5005ef
Neisseria gonorrhoeae	rpsJ	V57M	tetracycline susceptibility; tetracycline resistance	reported; measured	[2]	21	merged_variants:Phenotype;merged_variants:Assertion	Yijing Yang et al. Journal of Antimicrobial Chemotherapy PMID:31713620; Maira Goytia et al. Antibiotics PMID:34066576; Fabian Yuh Shiong Kong et al. Journal of Antimicrobial Chemotherapy PMID:37129293; Tatum D Mortimer et al. The Lancet. Microbe PMID:35544098; Alexey Kubanov et al. BMC Infectious Diseases PMID:27506605; Byron M. Berenger et al. Emerging Infectious Diseases PMID:31407661; Ramona Gabriela Ursu et al. Microorganisms PMID:36557641; François Caméléna et al. Emerging Infectious Diseases PMID:39084693; Daniel Golparian et al. Scientific Reports PMID:30514867; Marcos André Schörner et al. Frontiers in Cellular and Infection Microbiology (2022) PMID:35967879; David W Eyre et al. Eurosurveillance (2018) PMID:29991383; Boris Shaskolskiy et al. Frontiers in Microbiology (2016) PMID:27242760; Adam C. Retchless et al. BMC Genomics PMID:29499642; Leah R. Robinson et al. Scientific Reports PMID:40216901	31713620;34066576;37129293;35544098;27506605;31407661;36557641;39084693;30514867;35967879;29991383;27242760;29499642;40216901	9a611c3b-ffd7-589e-bab7-f0f24207aabb;1488bb58-aed5-54be-b0eb-4749c3e84522;18ca6518-cfab-5e1a-80e5-9a175cd23e15;f4ef9301-b625-527a-bea3-a72d9b1b1517;d5146811-ec72-54c7-9186-ba021414da89;edf272a8-744e-5581-ba95-6169dc323af0;29dcbb5e-4b33-502e-a6a4-1658c795e562;287f070f-35aa-5b33-b33b-406027ad7bf8;09dff68c-fb0c-5e98-a9bd-06d5e8840be5;526fa6be-90db-5295-8a84-e085d1f732f0;92f11525-4a28-5825-baff-1c7b18554536;6fd9c34b-e5fa-5bae-a8c1-a3a39b776b6c;ed1b2c4f-2c1e-566d-b2f7-8b260fb90f2d;e4817f43-5a79-5f98-9113-d962f4e2b84d;525d2047-1666-57d2-b574-685dfb47c05d;2f7a8489-785e-56a0-b811-f6ab177b5bdc;2ab9d1db-56b2-5931-a887-76b1d9fb018f;98bd7c82-2794-54d5-9ce1-33cd822d81c3;ef2446b4-bbfc-5462-a981-4629a4b163f3;5e2d450d-e90d-547e-97af-da091fe5796f;9bebbc8a-3e6c-5fe1-b6d1-5c07f3ba8827	2;3;5;7;8;9;10;12;13;14;15;16;19;25;26;27;28;29;30;35;40			d40d83490243	mutation	2	84cd8501d39dfaa4	Qwen/Qwen3.6-35B-A3B	open-access	50	hybrid	2026-09-18T11:51:12Z		local	http://mango.cels.anl.gov:8004/v1	3be965da9df345a6
Neisseria gonorrhoeae	rpsJ	V57L	tetracycline resistance	reported	[9]	3		Alexey Kubanov et al. BMC Infectious Diseases PMID:27506605; Boris Shaskolskiy et al. Frontiers in Microbiology (2016) PMID:27242760; Adam C. Retchless et al. BMC Genomics PMID:29499642	27506605;27242760;29499642	edf272a8-744e-5581-ba95-6169dc323af0;ef2446b4-bbfc-5462-a981-4629a4b163f3;5e2d450d-e90d-547e-97af-da091fe5796f	9;19;25			d40d83490243	mutation	2	84cd8501d39dfaa4	Qwen/Qwen3.6-35B-A3B	open-access	50	hybrid	2026-09-18T11:51:12Z		local	http://mango.cels.anl.gov:8004/v1	3be965da9df345a6
Campylobacter	rpsL	K43R	streptomycin resistance	reported	[3]	14		Iulia Adelina Bunduruș et al. Antibiotics PMID:36830312; Dawn M. Hull et al. PLoS ONE PMID:33571292; Lorena Hormeño et al. Frontiers in Microbiology (2018) PMID:30405573; Medelin Ocejo et al. Scientific Reports PMID:33903652; Chih-Hao Hsu et al. Pathogens PMID:32630646; Daniel Rivera-Mendoza et al. Frontiers in Microbiology (2020) PMID:33042043; Yao Bai et al. Microorganisms PMID:39203442; Shaimaa F. Mouftah et al. PLoS ONE PMID:34166472; Lorena Montero et al. PLOS ONE PMID:39316598; Maureen Feucherolles et al. Frontiers in Microbiology (2021) PMID:35250909; Alexander L Greninger et al. Clinical Infectious Diseases: An Official Publication of the Infectious Diseases Society of America PMID:31665255	36830312;33571292;30405573;33903652;32630646;33042043;39203442;34166472;39316598;35250909;31665255	83bdd1a5-faea-542e-bebc-34c5bf3dd88b;f2014c90-23cb-5aed-9332-41f9a6462707;358a9257-4e0e-5121-be34-d30ae6dc614d;5c5f5181-e776-573f-8a54-2c013d5f2ae2;fa69f5b4-999a-529a-8991-d1408aff518a;e0ccc713-09df-5fa4-b0a5-98238ab97a2f;76260fb8-7111-527a-bdaf-052cd303dc18;6bb7f599-7e33-5f95-9be7-7c4654d690a0;8b09078f-bc43-5753-ba31-01e70eef1617;c46eda66-1835-594a-ba72-8176d1f92a51;81cf8546-ce70-5700-8523-7bff2329ae1d;72192386-31a7-5862-949e-9ec5e2cfb3b5;1a5d4d6e-1c35-5259-a872-bc82747c70d5;a7d57ceb-e180-5812-9522-3af0097b5e66	3;7;11;19;23;26;27;28;29;31;34;36;42;45			191d777aea16	mutation	2	84cd8501d39dfaa4	Qwen/Qwen3.6-35B-A3B	open-access	50	hybrid	2026-09-18T11:51:14Z		local	http://mango.cels.anl.gov:8004/v1	a1149bd71c8904b0
Campylobacter	rpsL	K88R	streptomycin resistance	reported	[7]	12		Dawn M. Hull et al. PLoS ONE PMID:33571292; Vanina Guernier-Cambert et al. Frontiers in Microbiology (2021) PMID:34646252; Daniel Rivera-Mendoza et al. Frontiers in Microbiology (2020) PMID:33042043; Sarah Moser et al. Pathogens PMID:32842457; Lorena Montero et al. PLOS ONE PMID:39316598; Alexander L Greninger et al. Clinical Infectious Diseases: An Official Publication of the Infectious Diseases Society of America PMID:31665255	33571292;34646252;33042043;32842457;39316598;31665255	f2014c90-23cb-5aed-9332-41f9a6462707;414c533a-f61f-5f4c-b1bf-cb196fc37852;cf10e74b-6040-5d8f-b76a-6dcd741ca9db;b18594c1-cafe-5a4e-a6be-b7ab51a07c1d;373e2124-7413-5df5-8865-32336abb513b;6bb7f599-7e33-5f95-9be7-7c4654d690a0;8b09078f-bc43-5753-ba31-01e70eef1617;4dd3d7e7-2407-50a1-bad2-810e103db2fa;9e238a0a-1f89-5fe5-ba24-9cd5364fc7a5;8462b610-0f74-5caa-9954-91877fedff2d;72192386-31a7-5862-949e-9ec5e2cfb3b5;a7d57ceb-e180-5812-9522-3af0097b5e66	7;9;14;20;27;28;32;35;36;38;39;45			191d777aea16	mutation	2	84cd8501d39dfaa4	Qwen/Qwen3.6-35B-A3B	open-access	50	hybrid	2026-09-18T11:51:14Z		local	http://mango.cels.anl.gov:8004/v1	a1149bd71c8904b0
Campylobacter	rpsL	K88E	streptomycin resistance	reported	[27]	1		Daniel Rivera-Mendoza et al. Frontiers in Microbiology (2020) PMID:33042043	33042043	6bb7f599-7e33-5f95-9be7-7c4654d690a0	27			191d777aea16	mutation	2	84cd8501d39dfaa4	Qwen/Qwen3.6-35B-A3B	open-access	50	hybrid	2026-09-18T11:51:14Z		local	http://mango.cels.anl.gov:8004/v1	a1149bd71c8904b0
Campylobacter	rpsL	K88Q	streptomycin resistance	reported	[27]	1		Daniel Rivera-Mendoza et al. Frontiers in Microbiology (2020) PMID:33042043	33042043	6bb7f599-7e33-5f95-9be7-7c4654d690a0	27			191d777aea16	mutation	2	84cd8501d39dfaa4	Qwen/Qwen3.6-35B-A3B	open-access	50	hybrid	2026-09-18T11:51:14Z		local	http://mango.cels.anl.gov:8004/v1	a1149bd71c8904b0
Salmonella	soxR		antibiotic resistance; multiple antibiotics	reserved; reported	1	11	missing:Mutation;merged_variants:Phenotype;merged_variants:Assertion	Daniel Berdejo et al. Microorganisms PMID:32580471; Aurélie Ferrand et al. Microorganisms PMID:32492979; Hengzhong Lun et al. Frontiers in Microbiology (2026) PMID:41859454; Artun Yibar et al. BMC Genomics PMID:39487414; Chelea Matchawe et al. Pathogens PMID:35631023; Kandhan Srinivas et al. Frontiers in Microbiology (2025) PMID:40083789; Yuhui Tian et al. Transboundary and Emerging Diseases PMID:41282568; Nurun Nahar Akter et al. BMC Microbiology PMID:41606458; Enrique Jesús Delgado-Suárez et al. PLoS ONE PMID:33951039	32580471;32492979;41859454;39487414;35631023;40083789;41282568;41606458;33951039	72634103-f19d-59af-95c3-d52a8517fc4d;83371aec-1612-56b3-8a50-c31fc4ab0959;31738fdc-b8b5-58ff-95af-24a2afe3da8d;54d54bbf-575e-5815-ae62-e50392c3c237;ff70d5f0-4421-5d22-a00c-ba0c574184a9;60040794-4798-5f00-b6e8-bc7adb32b5b7;78206e94-76d4-5661-a37d-210785656a76;6191925a-99ae-5bdf-ba97-9f05773e5490;72f87fd4-b568-54a5-8c02-0376dc0cc6fe;5c06f32f-5daf-5bfa-adff-d955285c778b;39a7caef-f88f-5c76-b4bf-5496ec33cc37	1;5;6;11;15;16;22;23;26;39;45			cb6fa83f0fa0	mutation	2	84cd8501d39dfaa4	Qwen/Qwen3.6-35B-A3B	open-access	50	hybrid	2026-09-18T11:51:17Z		local	http://mango.cels.anl.gov:8004/v1	71c1dc1d033d9c91
Salmonella	soxR	T145S	tetracycline	reserved	38	1		Marloes Hoeksema et al. BMC Genomics PMID:30975082	30975082	f1a0cb58-6a84-56d7-a30f-28bb5983964c	38			cb6fa83f0fa0	mutation	2	84cd8501d39dfaa4	Qwen/Qwen3.6-35B-A3B	open-access	50	hybrid	2026-09-18T11:51:17Z		local	http://mango.cels.anl.gov:8004/v1	71c1dc1d033d9c91
Salmonella	soxR	G146T	tetracycline	reserved	38	1		Marloes Hoeksema et al. BMC Genomics PMID:30975082	30975082	f1a0cb58-6a84-56d7-a30f-28bb5983964c	38			cb6fa83f0fa0	mutation	2	84cd8501d39dfaa4	Qwen/Qwen3.6-35B-A3B	open-access	50	hybrid	2026-09-18T11:51:17Z		local	http://mango.cels.anl.gov:8004/v1	71c1dc1d033d9c91
Salmonella	soxR	A147L	tetracycline	reserved	38	1		Marloes Hoeksema et al. BMC Genomics PMID:30975082	30975082	f1a0cb58-6a84-56d7-a30f-28bb5983964c	38			cb6fa83f0fa0	mutation	2	84cd8501d39dfaa4	Qwen/Qwen3.6-35B-A3B	open-access	50	hybrid	2026-09-18T11:51:17Z		local	http://mango.cels.anl.gov:8004/v1	71c1dc1d033d9c91
Salmonella	soxR	R148A	tetracycline	reserved	38	1		Marloes Hoeksema et al. BMC Genomics PMID:30975082	30975082	f1a0cb58-6a84-56d7-a30f-28bb5983964c	38			cb6fa83f0fa0	mutation	2	84cd8501d39dfaa4	Qwen/Qwen3.6-35B-A3B	open-access	50	hybrid	2026-09-18T11:51:17Z		local	http://mango.cels.anl.gov:8004/v1	71c1dc1d033d9c91
Salmonella	soxR	L149G	tetracycline	reserved	38	1		Marloes Hoeksema et al. BMC Genomics PMID:30975082	30975082	f1a0cb58-6a84-56d7-a30f-28bb5983964c	38			cb6fa83f0fa0	mutation	2	84cd8501d39dfaa4	Qwen/Qwen3.6-35B-A3B	open-access	50	hybrid	2026-09-18T11:51:17Z		local	http://mango.cels.anl.gov:8004/v1	71c1dc1d033d9c91
Salmonella	soxR	L150R	tetracycline	reserved	38	1		Marloes Hoeksema et al. BMC Genomics PMID:30975082	30975082	f1a0cb58-6a84-56d7-a30f-28bb5983964c	38			cb6fa83f0fa0	mutation	2	84cd8501d39dfaa4	Qwen/Qwen3.6-35B-A3B	open-access	50	hybrid	2026-09-18T11:51:17Z		local	http://mango.cels.anl.gov:8004/v1	71c1dc1d033d9c91
Salmonella	soxR	Del E151-N155	tetracycline	reserved	38	1		Marloes Hoeksema et al. BMC Genomics PMID:30975082	30975082	f1a0cb58-6a84-56d7-a30f-28bb5983964c	38			cb6fa83f0fa0	mutation	2	84cd8501d39dfaa4	Qwen/Qwen3.6-35B-A3B	open-access	50	hybrid	2026-09-18T11:51:17Z		local	http://mango.cels.anl.gov:8004/v1	71c1dc1d033d9c91
Escherichia	soxR	mutation	Antimicrobial resistance	reported	[1]	35		Kandhan Srinivas et al. Frontiers in Microbiology (2025) PMID:40083789; Artun Yibar et al. BMC Genomics PMID:39487414; Ayman Ahmad Al kraiem et al. Frontiers in Cellular and Infection Microbiology (2019) PMID:31824867; Adrienn Gréta Tóth et al. Antibiotics PMID:34827225; Zaineb Hamzaoui et al. Antibiotics PMID:42192671; Hengzhong Lun et al. Frontiers in Microbiology (2026) PMID:41859454; Oluwaseyi Samuel Olanrewaju et al. BMC Genomics PMID:38459466; Márton Papp et al. Scientific Reports PMID:37210378; Dmitry S. Karpov et al. Antibiotics PMID:39452211; Amit Kumar et al. PLOS One PMID:42348609; Kandhan Srinivas et al. Frontiers in Microbiology (2022) PMID:36741902; Bigya Dhital et al. Antibiotics PMID:41594120; Pavel G. Alexyuk et al. Pathogens PMID:39861051; Ilya S. Korotetskiy et al. Microorganisms PMID:36838287; Nurun Nahar Akter et al. BMC Microbiology PMID:41606458; Michela Galgano et al. Pathogens PMID:37375494; Aviaja Lyberth Hauptmann et al. Frontiers in Microbiology (2024) PMID:39539714; Yuhui Tian et al. Transboundary and Emerging Diseases PMID:41282568; Nian Anwar Nasralddin et al. PLOS ONE PMID:39841693; Siyi Liu et al. Frontiers in Cellular and Infection Microbiology (2022) PMID:36176583; Gunn Merethe Bjørge Thomassen et al. Microorganisms PMID:35889139; Yinhuan Ding et al. Frontiers in Microbiology (2023) PMID:37601369; Daniel Yu et al. Frontiers in Microbiology (2022) PMID:35707173; Clinical Microbiology and Infection (2008) PMID:18399911; Qiaoyu Zhang et al. Frontiers in Microbiology (2021) PMID:34413834; Aurélie Ferrand et al. Microorganisms PMID:32492979; Lukasz Korczak et al. Frontiers in Cellular and Infection Microbiology (2026) PMID:41822337; Chuan-Zhen Zhang et al. Scientific Reports PMID:28831084	40083789;39487414;31824867;34827225;42192671;41859454;38459466;37210378;39452211;42348609;36741902;41594120;39861051;36838287;41606458;37375494;39539714;41282568;39841693;36176583;35889139;37601369;35707173;18399911;34413834;32492979;41822337;28831084	78206e94-76d4-5661-a37d-210785656a76;ff70d5f0-4421-5d22-a00c-ba0c574184a9;d86b3489-9a0b-534b-bb9b-e526375881f7;a123d47e-095d-5f69-969a-e66573fdae92;8399ef0b-ea55-581b-b7a8-663e02764769;4dc8ab87-cbf7-501c-bcb9-e9417a592ece;bccba71d-a75f-5763-bbb5-2500c1a026f2;7515277f-43b0-5e36-8e2a-022adddf9887;54d54bbf-575e-5815-ae62-e50392c3c237;34a07925-0949-5b4b-9da0-6fe40510db8e;617e93ed-ec9c-5a96-8e0d-a8290a314e86;1fb60bfb-6f7b-5153-a08c-2d3a2d4731e6;0c61a67b-d486-56d9-bae4-e04ff2f3d29f;fc0fcc5d-057a-5c16-b2fc-8411bdcf896b;6f679b72-7ed1-599e-be0d-6bea0914991c;57792c65-4047-5ee1-92f5-b40bb6664fb0;b743bdb5-7548-5515-a8ef-b87035fdf8ec;1a9c8b24-7152-50d5-8000-748e90301ec7;12b31a0d-d5f2-54a4-8d4d-911b9eba461c;72f87fd4-b568-54a5-8c02-0376dc0cc6fe;5c06f32f-5daf-5bfa-adff-d955285c778b;2bfce076-3807-51ca-bf9a-0495e4909081;72914c12-38a9-5736-9a61-4dd0925bb4b2;bda5914f-1f39-5ea0-9ea3-9b69bc9a6f01;6191925a-99ae-5bdf-ba97-9f05773e5490;a6b8f74c-5616-5fe8-ac51-9f589e0bbb54;028f05fc-7c40-5f1d-8f19-d3ed279d6942;9b58698b-8d5b-5c6f-aa16-a6db205e9318;2663771c-54d6-5450-88f4-d5285e47c272;9a4d115b-1b5f-5148-b8e4-2ec09a1dc466;2d1e20d9-8e11-544a-b3ec-4ae0067741dd;ee158b35-e6ff-5e9e-b1c9-3f878f159ff5;a20e00bc-6306-5b53-be5c-3552503cf883;a8b4ed70-6411-51bc-b1ca-d3ccc2b43802;48be4c18-4621-5d59-8d35-78297aefbe0f	1;2;3;4;5;6;7;8;9;10;11;12;13;18;19;20;21;22;25;28;29;30;31;33;34;35;36;40;41;42;44;46;47;48;49			7c94297b663f	mutation	2	84cd8501d39dfaa4	Qwen/Qwen3.6-35B-A3B	open-access	50	hybrid	2026-09-18T11:51:21Z		local	http://mango.cels.anl.gov:8004/v1	bb74ca6a346529c0
Escherichia	soxR	G74R	Broad spectrum resistance	measured	[14]	1		Ilya S. Korotetskiy et al. Microorganisms PMID:36838287	36838287	73c65cff-4d1c-5565-a3ac-0f1248bc59d7	14			7c94297b663f	mutation	2	84cd8501d39dfaa4	Qwen/Qwen3.6-35B-A3B	open-access	50	hybrid	2026-09-18T11:51:21Z		local	http://mango.cels.anl.gov:8004/v1	bb74ca6a346529c0
Escherichia	soxR	R20C	Antimicrobial resistance	measured	[37]	1		Daniel Berdejo et al. Microorganisms PMID:32580471	32580471	76555e35-f370-5935-889a-95df5ff01bf8	37			7c94297b663f	mutation	2	84cd8501d39dfaa4	Qwen/Qwen3.6-35B-A3B	open-access	50	hybrid	2026-09-18T11:51:21Z		local	http://mango.cels.anl.gov:8004/v1	bb74ca6a346529c0
Neisseria gonorrhoeae	porB1b	G120K	A121D; A121G; A121N	Reduced influx through PorB1b (resistance to CRO, PEN, TET); Resistance to penicillin and tetracycline; Reduced susceptibility to ceftriaxone; Resistance to ceftriaxone	measured 3	232	column_count_mismatch;citation_not_in_sources;merged_variants:Phenotype;merged_variants:Assertion							c8f9ad2b5215	mutation	2	84cd8501d39dfaa4	Qwen/Qwen3.6-35B-A3B	open-access	50	hybrid	2026-09-18T11:51:21Z		local	http://mango.cels.anl.gov:8004/v1	8845407d8a8ab836
Neisseria gonorrhoeae	porB1b	G120N	A121D	Resistance to penicillin and tetracycline	measured 3	1	column_count_mismatch;citation_not_in_sources							c8f9ad2b5215	mutation	2	84cd8501d39dfaa4	Qwen/Qwen3.6-35B-A3B	open-access	50	hybrid	2026-09-18T11:51:21Z		local	http://mango.cels.anl.gov:8004/v1	8845407d8a8ab836
Neisseria gonorrhoeae	porB1b	G120D	A121D	Resistance to penicillin and tetracycline	measured 3	1	column_count_mismatch;citation_not_in_sources							c8f9ad2b5215	mutation	2	84cd8501d39dfaa4	Qwen/Qwen3.6-35B-A3B	open-access	50	hybrid	2026-09-18T11:51:21Z		local	http://mango.cels.anl.gov:8004/v1	8845407d8a8ab836
Neisseria gonorrhoeae	porB1b	A121 deletion	N122 deletion	High resistance to penicillin and tetracycline	measured 3	1	column_count_mismatch;citation_not_in_sources							c8f9ad2b5215	mutation	2	84cd8501d39dfaa4	Qwen/Qwen3.6-35B-A3B	open-access	50	hybrid	2026-09-18T11:51:21Z		local	http://mango.cels.anl.gov:8004/v1	8845407d8a8ab836
Escherichia	soxS	mutation	Antimicrobial resistance; Multidrug resistance	predicted; reported	[1]	27	merged_variants:Phenotype;merged_variants:Assertion	Kandhan Srinivas et al. Frontiers in Microbiology (2025) PMID:40083789; Artun Yibar et al. BMC Genomics PMID:39487414; Adrienn Gréta Tóth et al. Antibiotics PMID:34827225; Zaineb Hamzaoui et al. Antibiotics PMID:42192671; Ayman Ahmad Al kraiem et al. Frontiers in Cellular and Infection Microbiology (2019) PMID:31824867; Adrienn Gréta Tóth et al. Scientific Reports PMID:33384459; Hengzhong Lun et al. Frontiers in Microbiology (2026) PMID:41859454; Márton Papp et al. Scientific Reports PMID:37210378; Oluwaseyi Samuel Olanrewaju et al. BMC Genomics PMID:38459466; Amit Kumar et al. PLOS One PMID:42348609; Pavel G. Alexyuk et al. Pathogens PMID:39861051; Bigya Dhital et al. Antibiotics PMID:41594120; Michela Galgano et al. Pathogens PMID:37375494; Kandhan Srinivas et al. Frontiers in Microbiology (2022) PMID:36741902; Nurun Nahar Akter et al. BMC Microbiology PMID:41606458; Aviaja Lyberth Hauptmann et al. Frontiers in Microbiology (2024) PMID:39539714; Yuwei Zhang et al. Frontiers in Microbiology (2023) PMID:38029076; Daniel Yu et al. Frontiers in Microbiology (2022) PMID:35707173	40083789;39487414;34827225;42192671;31824867;33384459;41859454;37210378;38459466;42348609;39861051;41594120;37375494;36741902;41606458;39539714;38029076;35707173	78206e94-76d4-5661-a37d-210785656a76;ff70d5f0-4421-5d22-a00c-ba0c574184a9;a123d47e-095d-5f69-969a-e66573fdae92;8399ef0b-ea55-581b-b7a8-663e02764769;bccba71d-a75f-5763-bbb5-2500c1a026f2;4dc8ab87-cbf7-501c-bcb9-e9417a592ece;7515277f-43b0-5e36-8e2a-022adddf9887;cdcbbd81-4e60-52c0-b116-5b16198e6e16;d86b3489-9a0b-534b-bb9b-e526375881f7;e4535930-e42d-5015-b57c-b495bbd08726;92297d7a-bd34-5167-8657-36f2273eb80a;54d54bbf-575e-5815-ae62-e50392c3c237;617e93ed-ec9c-5a96-8e0d-a8290a314e86;569b35a5-e58d-50e1-b854-283fc67a8770;fc0fcc5d-057a-5c16-b2fc-8411bdcf896b;b743bdb5-7548-5515-a8ef-b87035fdf8ec;57792c65-4047-5ee1-92f5-b40bb6664fb0;2bfce076-3807-51ca-bf9a-0495e4909081;6f679b72-7ed1-599e-be0d-6bea0914991c;72f87fd4-b568-54a5-8c02-0376dc0cc6fe;d8d25745-d756-5d4d-abb6-ccd573a3651b;5c06f32f-5daf-5bfa-adff-d955285c778b;72914c12-38a9-5736-9a61-4dd0925bb4b2;bda5914f-1f39-5ea0-9ea3-9b69bc9a6f01;2a3c4fe9-e465-5db6-b525-71293179a1d3;1eaf6a04-59b0-5424-866e-a336f8be2586;53031995-0b31-52c4-b317-0bf200dea300	1;2;3;4;5;6;7;9;10;11;12;13;14;16;19;20;21;22;23;24;25;26;27;28;29;35;47			b32746b200b6	mutation	2	84cd8501d39dfaa4	Qwen/Qwen3.6-35B-A3B	open-access	50	hybrid	2026-09-18T11:51:24Z		local	http://mango.cels.anl.gov:8004/v1	91b051677404c781
Escherichia	soxS	overexpression	Antimicrobial resistance; Multidrug resistance	measured; reported	[8]	4	merged_variants:Phenotype;merged_variants:Assertion	Clinical Microbiology and Infection (2007) PMID:17391428; Clinical Microbiology and Infection (2008) PMID:18399911; Chuan-Zhen Zhang et al. Scientific Reports PMID:28831084	17391428;18399911;28831084	faac83ed-5cad-5ffe-9e91-aa05d92b32b4;8adb6c97-492e-53a5-a4ba-a871191c85e2;2d1e20d9-8e11-544a-b3ec-4ae0067741dd;48be4c18-4621-5d59-8d35-78297aefbe0f	8;15;33;40			b32746b200b6	mutation	2	84cd8501d39dfaa4	Qwen/Qwen3.6-35B-A3B	open-access	50	hybrid	2026-09-18T11:51:24Z		local	http://mango.cels.anl.gov:8004/v1	91b051677404c781
Escherichia	soxS	frameshift variant c.264delA	Antimicrobial resistance	reported	[30]	1		Huijuan Song et al. Antibiotics PMID:41750481	41750481	9bcee74c-fd7b-55ca-af99-8505e27e5b7c	30			b32746b200b6	mutation	2	84cd8501d39dfaa4	Qwen/Qwen3.6-35B-A3B	open-access	50	hybrid	2026-09-18T11:51:24Z		local	http://mango.cels.anl.gov:8004/v1	91b051677404c781
Escherichia	soxS	p.Leu88fs	Antimicrobial resistance	reported	[30]	1		Huijuan Song et al. Antibiotics PMID:41750481	41750481	9bcee74c-fd7b-55ca-af99-8505e27e5b7c	30			b32746b200b6	mutation	2	84cd8501d39dfaa4	Qwen/Qwen3.6-35B-A3B	open-access	50	hybrid	2026-09-18T11:51:24Z		local	http://mango.cels.anl.gov:8004/v1	91b051677404c781
Escherichia	soxS	A12S	Antimicrobial resistance	reported	[34]	1		Dmitry S. Karpov et al. Antibiotics PMID:39452211	39452211	0c61a67b-d486-56d9-bae4-e04ff2f3d29f	34			b32746b200b6	mutation	2	84cd8501d39dfaa4	Qwen/Qwen3.6-35B-A3B	open-access	50	hybrid	2026-09-18T11:51:24Z		local	http://mango.cels.anl.gov:8004/v1	91b051677404c781
Escherichia coli	tufA		Elongation factor Tu (EF-Tu) reported in non-pathogenic E. lactis but identified in genomic analysis; Multidrug resistance (via increased survival/growth selection in ALE with benzalkonium chloride); Resistance to Pulvomycin; Resistance to kirromycin	reported	[3]	6	missing:Mutation;merged_variants:Phenotype	Selina B. I. Schmidt et al. Evolutionary Applications PMID:39399585; Anna Berthold-Pluta et al. International Journal of Molecular Sciences PMID:39201307; Kandhan Srinivas et al. Frontiers in Microbiology (2025) PMID:40083789; Adrienn Gréta Tóth et al. Scientific Reports PMID:33384459; Riaan F. Rifkin et al. Microbiome PMID:32375874; Dongxiong Hu et al. Microorganisms PMID:41753669	39399585;39201307;40083789;33384459;32375874;41753669	f123b22e-f534-57e5-991c-7606acf21795;c0ffa908-7ce6-5ea4-813b-423f65566063;8426363c-c42f-51aa-9068-470ba93b8a19;e4535930-e42d-5015-b57c-b495bbd08726;6d2e6a4f-a670-5cf0-9226-e9401a7ad503;38ef97c7-1655-58ac-a0a8-54af78f0b580	3;8;9;10;11;26			8e3d838dbe5c	mutation	2	84cd8501d39dfaa4	Qwen/Qwen3.6-35B-A3B	open-access	50	hybrid	2026-09-18T11:51:24Z		local	http://mango.cels.anl.gov:8004/v1	e026a103ea03fc32
Escherichia coli	tufA	GAU to GAC (codon change)	Higher translation rate of tufA mRNA (associated with pseudo-reversion in SCV)	reported	[23]	1		Qing Wei et al. PLoS ONE PMID:22195037	22195037	6b8b5ab3-c09c-5047-809c-fe9a11425599	23			8e3d838dbe5c	mutation	2	84cd8501d39dfaa4	Qwen/Qwen3.6-35B-A3B	open-access	50	hybrid	2026-09-18T11:51:24Z		local	http://mango.cels.anl.gov:8004/v1	e026a103ea03fc32
Escherichia	uhpA	Q28*	Antimicrobial resistance (fosfomycin)	measured	[6]	1		Vincent Cattoir et al. Frontiers in Microbiology (2020) PMID:33193186	33193186	3eb8ec7a-b937-59ae-8086-2731b4d9f566	6			4a9bf037abfb	mutation	2	84cd8501d39dfaa4	Qwen/Qwen3.6-35B-A3B	open-access	50	hybrid	2026-09-18T11:51:29Z		local	http://mango.cels.anl.gov:8004/v1	fa69121fce8a3169
Escherichia	uhpA	R75C	Antimicrobial resistance (fosfomycin)	measured	[6]	1		Vincent Cattoir et al. Frontiers in Microbiology (2020) PMID:33193186	33193186	3eb8ec7a-b937-59ae-8086-2731b4d9f566	6			4a9bf037abfb	mutation	2	84cd8501d39dfaa4	Qwen/Qwen3.6-35B-A3B	open-access	50	hybrid	2026-09-18T11:51:29Z		local	http://mango.cels.anl.gov:8004/v1	fa69121fce8a3169
Escherichia	uhpA	Deleted operon	Antimicrobial resistance (fosfomycin)	measured	[6]	9		Vincent Cattoir et al. Frontiers in Microbiology (2020) PMID:33193186	33193186	3eb8ec7a-b937-59ae-8086-2731b4d9f566;e71444f1-21b2-51ea-b9b7-8eb7591a451a;fddf0139-5dc0-5c13-85d3-7f002121cdd0;8e2e53e5-2679-5476-b1c5-34530d91f156;bb72046a-021e-5acc-8250-6733f7859baa	6;23;28;29;30			4a9bf037abfb	mutation	2	84cd8501d39dfaa4	Qwen/Qwen3.6-35B-A3B	open-access	50	hybrid	2026-09-18T11:51:29Z		local	http://mango.cels.anl.gov:8004/v1	fa69121fce8a3169
Escherichia	uhpA	120_129del	Antimicrobial resistance (fosfomycin)	measured	[14]	1		Vincent Cattoir et al. Frontiers in Microbiology (2020) PMID:33193186	33193186	20427f1a-6737-51fd-ae94-49cfc85fc1b9	14			4a9bf037abfb	mutation	2	84cd8501d39dfaa4	Qwen/Qwen3.6-35B-A3B	open-access	50	hybrid	2026-09-18T11:51:29Z		local	http://mango.cels.anl.gov:8004/v1	fa69121fce8a3169
Escherichia	uhpA	S104*	Antimicrobial resistance (fosfomycin)	measured	[30]	1		Vincent Cattoir et al. Frontiers in Microbiology (2020) PMID:33193186	33193186	bb72046a-021e-5acc-8250-6733f7859baa	30			4a9bf037abfb	mutation	2	84cd8501d39dfaa4	Qwen/Qwen3.6-35B-A3B	open-access	50	hybrid	2026-09-18T11:51:29Z		local	http://mango.cels.anl.gov:8004/v1	fa69121fce8a3169
Escherichia	uhpA	A110S	Antimicrobial resistance (fosfomycin)	measured	[30]	1		Vincent Cattoir et al. Frontiers in Microbiology (2020) PMID:33193186	33193186	bb72046a-021e-5acc-8250-6733f7859baa	30			4a9bf037abfb	mutation	2	84cd8501d39dfaa4	Qwen/Qwen3.6-35B-A3B	open-access	50	hybrid	2026-09-18T11:51:29Z		local	http://mango.cels.anl.gov:8004/v1	fa69121fce8a3169
Escherichia	uhpA	281delG	Antimicrobial resistance (fosfomycin)	measured	[23]	1		Vincent Cattoir et al. Frontiers in Microbiology (2020) PMID:33193186	33193186	e71444f1-21b2-51ea-b9b7-8eb7591a451a	23			4a9bf037abfb	mutation	2	84cd8501d39dfaa4	Qwen/Qwen3.6-35B-A3B	open-access	50	hybrid	2026-09-18T11:51:29Z		local	http://mango.cels.anl.gov:8004/v1	fa69121fce8a3169
Escherichia	uhpA	411_423del	Antimicrobial resistance (fosfomycin)	measured	[29]	1		Vincent Cattoir et al. Frontiers in Microbiology (2020) PMID:33193186	33193186	8e2e53e5-2679-5476-b1c5-34530d91f156	29			4a9bf037abfb	mutation	2	84cd8501d39dfaa4	Qwen/Qwen3.6-35B-A3B	open-access	50	hybrid	2026-09-18T11:51:29Z		local	http://mango.cels.anl.gov:8004/v1	fa69121fce8a3169
Salmonella	soxS	overexpression	quinolones, chloramphenicol and β-lactams resistance; multiple antibiotic resistance; ceftazidime, aztreonam and cefpirome resistance; TolC increased expression; OmpF decrease	reported	[4]	5	merged_variants:Phenotype	Clinical Microbiology and Infection (2007) PMID:17391428	17391428	8adb6c97-492e-53a5-a4ba-a871191c85e2	4			85e2f03e7f79	mutation	2	84cd8501d39dfaa4	Qwen/Qwen3.6-35B-A3B	open-access	50	hybrid	2026-09-18T11:51:29Z		local	http://mango.cels.anl.gov:8004/v1	65b05ecb306e2d08
Salmonella	soxR	mutation	multiple antibiotic resistance; quinolones resistance; multidrug resistance; antibiotic resistance	reported	[6]	6	off_target_gene;merged_variants:Phenotype	Aurélie Ferrand et al. Microorganisms PMID:32492979; Ayman Ahmad Al kraiem et al. Frontiers in Cellular and Infection Microbiology (2019) PMID:31824867; Adrienn Gréta Tóth et al. Antibiotics PMID:34827225; Daniel Berdejo et al. Microorganisms PMID:32580471; Marloes Hoeksema et al. BMC Genomics PMID:30975082	32492979;31824867;34827225;32580471;30975082	31738fdc-b8b5-58ff-95af-24a2afe3da8d;d86b3489-9a0b-534b-bb9b-e526375881f7;a123d47e-095d-5f69-969a-e66573fdae92;83371aec-1612-56b3-8a50-c31fc4ab0959;f1a0cb58-6a84-56d7-a30f-28bb5983964c	6;7;10;12;48			85e2f03e7f79	mutation	2	84cd8501d39dfaa4	Qwen/Qwen3.6-35B-A3B	open-access	50	hybrid	2026-09-18T11:51:29Z		local	http://mango.cels.anl.gov:8004/v1	65b05ecb306e2d08
Salmonella	soxS	mutation	target alteration; efflux; reduced permeability; antibiotic resistance; multiple antibiotic resistance; multidrug resistance	reported	[7]	8	merged_variants:Phenotype	Ayman Ahmad Al kraiem et al. Frontiers in Cellular and Infection Microbiology (2019) PMID:31824867; Hengzhong Lun et al. Frontiers in Microbiology (2026) PMID:41859454; Adrienn Gréta Tóth et al. Antibiotics PMID:34827225; Daniel Berdejo et al. Microorganisms PMID:32580471; Kandhan Srinivas et al. Frontiers in Microbiology (2025) PMID:40083789; Artun Yibar et al. BMC Genomics PMID:39487414; Yuwei Zhang et al. Frontiers in Microbiology (2023) PMID:38029076; Marloes Hoeksema et al. BMC Genomics PMID:30975082	31824867;41859454;34827225;32580471;40083789;39487414;38029076;30975082	d86b3489-9a0b-534b-bb9b-e526375881f7;54d54bbf-575e-5815-ae62-e50392c3c237;a123d47e-095d-5f69-969a-e66573fdae92;83371aec-1612-56b3-8a50-c31fc4ab0959;78206e94-76d4-5661-a37d-210785656a76;ff70d5f0-4421-5d22-a00c-ba0c574184a9;1eaf6a04-59b0-5424-866e-a336f8be2586;f1a0cb58-6a84-56d7-a30f-28bb5983964c	7;8;10;12;18;27;31;48			85e2f03e7f79	mutation	2	84cd8501d39dfaa4	Qwen/Qwen3.6-35B-A3B	open-access	50	hybrid	2026-09-18T11:51:29Z		local	http://mango.cels.anl.gov:8004/v1	65b05ecb306e2d08
Salmonella	soxS	presence	multidrug resistance	reported	[15]	17		Chelea Matchawe et al. Pathogens PMID:35631023; Azza S. El-Demerdash et al. International Journal of Molecular Sciences PMID:39684663; Michela Galgano et al. Pathogens PMID:37375494; Yusuke Ota et al. Antibiotics PMID:39766512	35631023;39684663;37375494;39766512	08dd1b4e-c61e-5687-8ce2-519b6402304f;60040794-4798-5f00-b6e8-bc7adb32b5b7;dff84a9b-d3e4-5615-a6b2-9d1c4b041e55;41868ccb-1dd1-5b72-95f1-f12247736682;f3e6682d-729b-5b3c-bb3d-3b368c131123;94704437-3c73-5827-96d2-9314a87fe18d;d9d8fe91-3078-58fa-a772-c0d7a8107e66;d74a1d2b-6d50-5ced-a36c-acf08a1f8c12;6601b505-cab7-53d3-84be-37bb7d5eb164;2245a3e8-e1c8-536f-b326-d4565ae73d5c;05804c6c-147d-5bd3-b07c-2dc29914ede7;8d05b14b-6179-5603-b612-54a7b49397ab;92b2d9fa-5317-51df-ac1b-27c73300ee04;85db069f-26ec-5dba-bc39-4b879d0fb540;11c2bb28-d235-551d-86f4-7055e11e739b;df0946d6-d05e-52f4-83a4-bb00ca827862;c84b7178-cd64-59c6-bd32-4d23bf5bdfd9	15;17;20;21;22;23;26;28;29;34;35;36;37;38;39;40;41			85e2f03e7f79	mutation	2	84cd8501d39dfaa4	Qwen/Qwen3.6-35B-A3B	open-access	50	hybrid	2026-09-18T11:51:29Z		local	http://mango.cels.anl.gov:8004/v1	65b05ecb306e2d08
Salmonella	soxR	presence	multidrug resistance	reported	[15]	2	off_target_gene	Chelea Matchawe et al. Pathogens PMID:35631023	35631023	08dd1b4e-c61e-5687-8ce2-519b6402304f;60040794-4798-5f00-b6e8-bc7adb32b5b7	15;17			85e2f03e7f79	mutation	2	84cd8501d39dfaa4	Qwen/Qwen3.6-35B-A3B	open-access	50	hybrid	2026-09-18T11:51:29Z		local	http://mango.cels.anl.gov:8004/v1	65b05ecb306e2d08
Clostridioides difficile	vanR	T115A	Elevated vancomycin minimum inhibitory concentration (MIC); Decreased vancomycin affinity (Vancomycin resistance); Reduced vancomycin susceptibility	reported; disputed	[2]	3	off_target_gene;merged_variants:Phenotype;merged_variants:Assertion	Pietro Valsecchi et al. Microorganisms PMID:40732025; Baban Kolte et al. Journal of Antimicrobial Chemotherapy PMID:38598696; Xinfei Chen et al. BMC Infectious Diseases PMID:41345591	40732025;38598696;41345591	8aa04f9e-def0-58ad-a509-4b86161bc442;f7a50852-b055-527a-acd2-92af4dda41c9;be4dc016-bc22-5c81-a93a-317383d520b4	2;5;7	T115A	Thr115Ala	0aaeb1837e6b	mutation	2	84cd8501d39dfaa4	Qwen/Qwen3.6-35B-A3B	open-access	50	hybrid	2026-09-18T11:51:31Z		local	http://mango.cels.anl.gov:8004/v1	fdc7112acd41b0ee
Escherichia coli	UhpT	E350Q	Fosfomycin resistance	reported; measured	[1]	30	merged_variants:Assertion	Hengzhong Lun et al. Frontiers in Microbiology (2026) PMID:41859454; Kandhan Srinivas et al. Frontiers in Microbiology (2025) PMID:40083789; Md. Rafiul Islam et al. Scientific Reports PMID:39748007; María F. Chevalier-Alba et al. Frontiers in Microbiology (2026) PMID:42094768; Paula Kurittu et al. Frontiers in Microbiology (2021) PMID:35058905; Adrienn Gréta Tóth et al. Scientific Reports PMID:33384459; Vincent Cattoir et al. Frontiers in Microbiology (2020) PMID:33193186; Long He et al. Frontiers in Cellular and Infection Microbiology (2024) PMID:39015336; Ola H. Moghnia et al. Microorganisms PMID:35336083; Ahmad Ibrahim Al-Mustapha et al. Scientific Reports PMID:40033002; Aiman Waheed et al. Pathogens PMID:41754468; Marilena Trinchera et al. Antibiotics PMID:40558196	41859454;40083789;39748007;42094768;35058905;33384459;33193186;39015336;35336083;40033002;41754468;40558196	54d54bbf-575e-5815-ae62-e50392c3c237;8426363c-c42f-51aa-9068-470ba93b8a19;dc578389-2288-5653-8d21-299072db092e;ea367a89-034b-54ef-948f-340dd8853557;71b23980-bf3a-5e7c-b517-0c4c1898f79b;a32c967c-1ad5-5ee3-ae53-0569066041c4;d3938535-cfc0-549c-a9d9-063791c258d3;3bcb0996-b6b0-5660-8031-cd7b6d6465e9;9c05dc04-f8df-5cd9-a8f3-bb0130ee56c8;3ffd278d-342b-5511-8780-03d66794c7e5;0bb52510-cd02-52f2-a05e-de8a5c0708ad;65405584-8877-5612-8f37-1c2611b4b6c1;fe091e3f-9cee-5a9c-aaf7-3d07a3e2aeda;50e16eff-943a-53e3-afb5-346b565bd367;a9367f62-204d-5483-af63-427fa20366a0;5ca905ed-82a2-5dcb-877d-ad8d796fbde2;509f11ef-82d0-5ae9-b084-30bf6684462c;4b536565-5e36-54a1-9174-08e861bd983c;47df6adc-c109-5d2d-b313-0f121c26c8db;dd3a8c31-16de-5948-bd91-94798409c97f;7cb97c5e-75b0-5234-b60d-c9990d1399ae;e4535930-e42d-5015-b57c-b495bbd08726;92297d7a-bd34-5167-8657-36f2273eb80a;214c7536-8dbf-592a-a73c-114367b850cd;865908f7-616f-5930-aca3-f8c7c13b78e0;79fbf531-3696-5958-bae8-771e506100ca;51780457-9685-5b33-8eef-7f779686a7e3;a4dc9886-78ad-5a57-8e2c-7481244af675;b89046bc-e401-500b-b1d2-3a6b2ace6e96;cf214d51-beed-594e-b1d8-c04579215758	1;2;3;4;5;7;8;9;10;11;12;13;14;15;16;17;18;19;20;21;22;23;24;25;26;28;29;31;32;34			cb1a1307a375	mutation	2	84cd8501d39dfaa4	Qwen/Qwen3.6-35B-A3B	open-access	50	hybrid	2026-09-18T11:51:32Z		local	http://mango.cels.anl.gov:8004/v1	368fc613b62c11fb
Clostridioides difficile	vanS-Cd	R314L	vancomycin resistance	reported	[15]	1		Wenpeng Gu et al. PeerJ PMID:36093337	36093337	1ddc5b3b-2600-55a2-8848-ad9f784d37bc	15	R314L	vanS-p.R314L	58562ca847be	mutation	2	84cd8501d39dfaa4	Qwen/Qwen3.6-35B-A3B	open-access	50	hybrid	2026-09-18T11:51:34Z		local	http://mango.cels.anl.gov:8004/v1	2c9d6a72005a8a3e
Clostridioides difficile	vanS-Cd	R314H	vancomycin resistance	reported	[34]	1		Baban Kolte et al. Journal of Antimicrobial Chemotherapy PMID:38598696	38598696	f0e59c8a-ff14-568f-a3b4-11da68fe1147	34	R314H	vanS-p.R314H	58562ca847be	mutation	2	84cd8501d39dfaa4	Qwen/Qwen3.6-35B-A3B	open-access	50	hybrid	2026-09-18T11:51:34Z		local	http://mango.cels.anl.gov:8004/v1	2c9d6a72005a8a3e
Clostridioides difficile	vanS-Cd	S313F	vancomycin resistance	reported	[15]	1		Wenpeng Gu et al. PeerJ PMID:36093337	36093337	1ddc5b3b-2600-55a2-8848-ad9f784d37bc	15	S313F	vanS-p.S313F	58562ca847be	mutation	2	84cd8501d39dfaa4	Qwen/Qwen3.6-35B-A3B	open-access	50	hybrid	2026-09-18T11:51:34Z		local	http://mango.cels.anl.gov:8004/v1	2c9d6a72005a8a3e
Clostridioides difficile	vanS-Cd	G319D	vancomycin resistance	reported	[15]	1		Wenpeng Gu et al. PeerJ PMID:36093337	36093337	1ddc5b3b-2600-55a2-8848-ad9f784d37bc	15	G319D	vanS-p.G319D	58562ca847be	mutation	2	84cd8501d39dfaa4	Qwen/Qwen3.6-35B-A3B	open-access	50	hybrid	2026-09-18T11:51:34Z		local	http://mango.cels.anl.gov:8004/v1	2c9d6a72005a8a3e
Clostridioides difficile	vanS-Cd	T349I	vancomycin resistance	reported	[15]	1		Wenpeng Gu et al. PeerJ PMID:36093337	36093337	1ddc5b3b-2600-55a2-8848-ad9f784d37bc	15	T349I	vanS-p.T349I	58562ca847be	mutation	2	84cd8501d39dfaa4	Qwen/Qwen3.6-35B-A3B	open-access	50	hybrid	2026-09-18T11:51:34Z		local	http://mango.cels.anl.gov:8004/v1	2c9d6a72005a8a3e
Staphylococcus aureus	vraS	T331I	Daptomycin resistance	measured	[4]	2		Artur J. Sabat et al. Frontiers in Microbiology (2018) PMID:30459746	30459746	60d328a9-22dd-5d83-a1aa-b4d45cabe1d8;18e7a08b-a743-5fef-a825-53a408ae712a	4;6			cf985c31272c	mutation	2	84cd8501d39dfaa4	Qwen/Qwen3.6-35B-A3B	open-access	50	hybrid	2026-09-18T11:51:35Z		local	http://mango.cels.anl.gov:8004/v1	688e14c211f1e970
Staphylococcus aureus	vraS	frameshift mutation (single nucleotide deletion)	Loss of vancomycin resistance (revertant phenotype)	measured	[11]	1		Susana Gardete et al. PLoS Pathogens PMID:22319446	22319446	913fbbbe-1c9d-59dd-8cea-087ba4bce42f	11			cf985c31272c	mutation	2	84cd8501d39dfaa4	Qwen/Qwen3.6-35B-A3B	open-access	50	hybrid	2026-09-18T11:51:35Z		local	http://mango.cels.anl.gov:8004/v1	688e14c211f1e970
Staphylococcus aureus	vraS	G45R	Low-level glycopeptide resistance (teicoplanin)	measured	[12]	1		Clinical Microbiology and Infection (2010) DOI:10.1111/j.1469-0691.2010.03239.x		bc5f9c09-190c-58c3-9bed-5828ced5ca96	12			cf985c31272c	mutation	2	84cd8501d39dfaa4	Qwen/Qwen3.6-35B-A3B	open-access	50	hybrid	2026-09-18T11:51:35Z		local	http://mango.cels.anl.gov:8004/v1	688e14c211f1e970
Staphylococcus aureus	vraS	H156A	Reduced emergence of glycopeptide resistance (teicoplanin/vancomycin)	measured	[36]	1		Clinical Microbiology and Infection (2010) DOI:10.1111/j.1469-0691.2010.03239.x		57a80773-dea1-5405-b36c-982f1d763e4b	36			cf985c31272c	mutation	2	84cd8501d39dfaa4	Qwen/Qwen3.6-35B-A3B	open-access	50	hybrid	2026-09-18T11:51:35Z		local	http://mango.cels.anl.gov:8004/v1	688e14c211f1e970
Staphylococcus aureus	vraS	I5N	Increased vancomycin resistance	reported	[33]	1		Qiwen Hu et al. Frontiers in Microbiology (2016) PMID:27790199	27790199	fd3f9fd2-52cf-5562-b58a-22d701ac519a	33			cf985c31272c	mutation	2	84cd8501d39dfaa4	Qwen/Qwen3.6-35B-A3B	open-access	50	hybrid	2026-09-18T11:51:35Z		local	http://mango.cels.anl.gov:8004/v1	688e14c211f1e970
Staphylococcus aureus	vraS	S329L	Increased vancomycin resistance	reported	[33]	1		Qiwen Hu et al. Frontiers in Microbiology (2016) PMID:27790199	27790199	fd3f9fd2-52cf-5562-b58a-22d701ac519a	33			cf985c31272c	mutation	2	84cd8501d39dfaa4	Qwen/Qwen3.6-35B-A3B	open-access	50	hybrid	2026-09-18T11:51:35Z		local	http://mango.cels.anl.gov:8004/v1	688e14c211f1e970
Staphylococcus aureus	vraS	D242G	Increased vancomycin resistance	reported	[33]	1		Qiwen Hu et al. Frontiers in Microbiology (2016) PMID:27790199	27790199	fd3f9fd2-52cf-5562-b58a-22d701ac519a	33	D242G	L114S-D242G	cf985c31272c	mutation	2	84cd8501d39dfaa4	Qwen/Qwen3.6-35B-A3B	open-access	50	hybrid	2026-09-18T11:51:35Z		local	http://mango.cels.anl.gov:8004/v1	688e14c211f1e970
Staphylococcus aureus	uhpT	deletion	fosfomycin resistance	measured; reported	[1]	9	merged_variants:Assertion	Su Xu et al. Frontiers in Microbiology (2017) PMID:28579984; Tianchi Chen et al. Journal of Antimicrobial Chemotherapy PMID:35848785; Yuta Hosoi et al. International Journal of Molecular Sciences PMID:39769485; Yan Wu et al. Frontiers in Microbiology (2025) PMID:41341494	28579984;35848785;39769485;41341494	8f44b18f-97aa-5fb9-ad70-2390777c6766;c6bb5d41-60c9-56b1-a4ca-fdf196aadd79;67e39145-cdc0-5820-b26e-6763c1639f81;6595bf9b-90d6-5a1f-a89f-4a5cd9f48fde;b703aaeb-fdb3-574c-ad8c-055c38ade7da;a9781642-16a1-52bb-9679-c91268feb0bb;4c19ac10-a24b-5770-8389-a385323e763e;7129c58c-ff7b-5315-bc92-7118be16faa6;15c8f314-37bf-576f-8b2e-1a5119d217e3	1;2;8;9;11;17;22;28;41			38d2c1893b36	mutation	2	84cd8501d39dfaa4	Qwen/Qwen3.6-35B-A3B	open-access	50	hybrid	2026-09-18T11:51:38Z		local	http://mango.cels.anl.gov:8004/v1	0da99d073f27f880
Staphylococcus aureus	uhpT	L457V	fosfomycin resistance	reported	[21]	1		Wenya Xu et al. Frontiers in Microbiology (2020) PMID:32670230	32670230	ac1f07b1-f8c6-5067-9939-d2f7883295ac	21	L457V	TypeAuhpT (Leu457Val)	38d2c1893b36	mutation	2	84cd8501d39dfaa4	Qwen/Qwen3.6-35B-A3B	open-access	50	hybrid	2026-09-18T11:51:38Z		local	http://mango.cels.anl.gov:8004/v1	0da99d073f27f880
Staphylococcus aureus	uhpT	TypeA-HuhpT	fosfomycin resistance	reported	[5]	3		Zhuyingjie Fu et al. Frontiers in Microbiology (2015) PMID:26793179	26793179	3a527d50-61cc-5d1d-a749-edb0e1c3ceed;c49a0306-3f80-58b7-a424-9c2bec3a1a33;e9fb966d-2d39-5a51-a021-2d378a1c2b10	5;15;16			38d2c1893b36	mutation	2	84cd8501d39dfaa4	Qwen/Qwen3.6-35B-A3B	open-access	50	hybrid	2026-09-18T11:51:38Z		local	http://mango.cels.anl.gov:8004/v1	0da99d073f27f880
Staphylococcus aureus	uhpT	14 mutation types	fosfomycin resistance	reported	[20]	3		Tianchi Chen et al. Journal of Antimicrobial Chemotherapy PMID:35848785	35848785	9d9e6fe3-216d-51f7-9a66-8e8c165a8933;d4ccc18f-64c1-5b22-ac71-bcb8da92b8a6;0a9efcc8-78a7-5b7c-8016-a42bb66755cc	20;23;25			38d2c1893b36	mutation	2	84cd8501d39dfaa4	Qwen/Qwen3.6-35B-A3B	open-access	50	hybrid	2026-09-18T11:51:38Z		local	http://mango.cels.anl.gov:8004/v1	0da99d073f27f880
Staphylococcus aureus	uhpT	mutation	fosfomycin resistance	reported	[6]	11		Wenya Xu et al. Frontiers in Microbiology (2020) PMID:32670230; Zhuyingjie Fu et al. Frontiers in Microbiology (2015) PMID:26793179; Tianchi Chen et al. Journal of Antimicrobial Chemotherapy PMID:35848785; Su Xu et al. Frontiers in Microbiology (2017) PMID:28579984; Weronika Goraj et al. Pathogens PMID:41599013; Yan Wu et al. Frontiers in Microbiology (2025) PMID:41341494; Marilena Trinchera et al. Antibiotics PMID:40558196; Swati Sucharita Satpathy et al. Scientific Reports PMID:40998902	32670230;26793179;35848785;28579984;41599013;41341494;40558196;40998902	1151f5ad-a37a-558d-85a6-88404882d180;8514ea28-91fd-5f08-9607-495d9a17f7d7;78488dcf-a5a9-5575-9a67-38e3c268e0e1;9c56f4ac-73bf-5e12-9329-c1ed7e994921;d5b9f7a0-032a-5087-b25d-0e0d2aca79bb;b0d5d483-7fbe-594f-b364-76067f1151ce;ef0ac1df-9399-5169-bef3-f95c02e267ad;c234297d-42ee-5ba7-8982-71222d64ed85;15c8f314-37bf-576f-8b2e-1a5119d217e3;cf214d51-beed-594e-b1d8-c04579215758;67f45adb-286c-522d-b2a6-c154e76cb8ee	6;7;13;14;26;27;32;37;41;43;45			38d2c1893b36	mutation	2	84cd8501d39dfaa4	Qwen/Qwen3.6-35B-A3B	open-access	50	hybrid	2026-09-18T11:51:38Z		local	http://mango.cels.anl.gov:8004/v1	0da99d073f27f880
Enterococcus faecalis	yybT		Peptide (Daptomycin) resistance	reported	[24]	1	missing:Mutation	Swati Sucharita Satpathy et al. Scientific Reports PMID:40998902	40998902	70d1de65-7280-55b3-8ca1-c77a6cec08c8	24			e4c345de991a	mutation	2	84cd8501d39dfaa4	Qwen/Qwen3.6-35B-A3B	open-access	50	hybrid	2026-09-18T11:51:38Z		local	http://mango.cels.anl.gov:8004/v1	478872e7e43c82bb
Staphylococcus aureus	walK	G223S	vancomycin and daptomycin resistance	measured	[4]	1		Yiyue Jiang et al. Scientific Reports PMID:40316685	40316685	37de68dc-332d-5c69-a18f-5e5e95c49cb9	4			dca3c752f4fa	mutation	2	84cd8501d39dfaa4	Qwen/Qwen3.6-35B-A3B	open-access	50	hybrid	2026-09-18T11:51:43Z		local	http://mango.cels.anl.gov:8004/v1	5e84619cd2853a10
Staphylococcus aureus	walK	S221P	vancomycin resistance	reported	[5]	3		Huagang Peng et al. Frontiers in Microbiology (2018) PMID:30546356; Zuwen Guo et al. Microorganisms PMID:40142395	30546356;40142395	14aa7208-93a8-5515-8c4d-9caa98d82900;6c924bfb-debe-5239-9f50-981876ddbef2;1b5ffdff-c990-5643-a611-56f790276c61	5;14;25			dca3c752f4fa	mutation	2	84cd8501d39dfaa4	Qwen/Qwen3.6-35B-A3B	open-access	50	hybrid	2026-09-18T11:51:43Z		local	http://mango.cels.anl.gov:8004/v1	5e84619cd2853a10
Staphylococcus aureus	walK	R86C	decreased WalK activity/reporter gene expression	reported	[23]	1		Min-Jing Cheng et al. Nature Communications PMID:38997253	38997253	84da44bc-8b00-509d-8f69-4aa101027d80	23			dca3c752f4fa	mutation	2	84cd8501d39dfaa4	Qwen/Qwen3.6-35B-A3B	open-access	50	hybrid	2026-09-18T11:51:43Z		local	http://mango.cels.anl.gov:8004/v1	5e84619cd2853a10
Staphylococcus aureus	walK	I594M	vancomycin resistance	measured	[17]	1		Yubing Wang et al. Frontiers in Microbiology (2016) PMID:28119680	28119680	28d97a80-f2ca-53e0-b76c-e542c7183aa4	17			dca3c752f4fa	mutation	2	84cd8501d39dfaa4	Qwen/Qwen3.6-35B-A3B	open-access	50	hybrid	2026-09-18T11:51:43Z		local	http://mango.cels.anl.gov:8004/v1	5e84619cd2853a10
Staphylococcus aureus	walK	H364R	vancomycin resistance	reported	[38]	2		Neda Baseri et al. BMC Microbiology PMID:34474665	34474665	c0169e36-0eab-5e09-ba6d-dfd73082dd65;32f2ba29-4bb0-5fd8-bff7-4aff7c0bcd87	38;40			dca3c752f4fa	mutation	2	84cd8501d39dfaa4	Qwen/Qwen3.6-35B-A3B	open-access	50	hybrid	2026-09-18T11:51:43Z		local	http://mango.cels.anl.gov:8004/v1	5e84619cd2853a10
Staphylococcus aureus	walK	G223D	vancomycin resistance	reported	[34]	2		Benjamin P. Howden et al. PLoS Pathogens PMID:22102812; Neda Baseri et al. BMC Microbiology PMID:34474665	22102812;34474665	888f3f0d-9001-51c3-8c03-525253faa466;3b38b1a1-0f4b-56e2-b288-f734df93850b	34;49			dca3c752f4fa	mutation	2	84cd8501d39dfaa4	Qwen/Qwen3.6-35B-A3B	open-access	50	hybrid	2026-09-18T11:51:43Z		local	http://mango.cels.anl.gov:8004/v1	5e84619cd2853a10
Staphylococcus aureus	walK	H271Y	activation of WalKR regulon/reporter gene expression	measured	[16]	1		Ian R. Monk et al. Nature Communications PMID:31296851	31296851	24c8c9dd-18db-567c-98c4-d973cd0ce46d	16			dca3c752f4fa	mutation	2	84cd8501d39dfaa4	Qwen/Qwen3.6-35B-A3B	open-access	50	hybrid	2026-09-18T11:51:43Z		local	http://mango.cels.anl.gov:8004/v1	5e84619cd2853a10
Staphylococcus aureus	walK	R222K	vancomycin resistance	reported	[6]	1		Huagang Peng et al. Frontiers in Microbiology (2018) PMID:30546356	30546356	2492ee1c-9d80-50e4-9804-a5510806ca02	6			dca3c752f4fa	mutation	2	84cd8501d39dfaa4	Qwen/Qwen3.6-35B-A3B	open-access	50	hybrid	2026-09-18T11:51:43Z		local	http://mango.cels.anl.gov:8004/v1	5e84619cd2853a10
Staphylococcus aureus	walK	A468T	vancomycin resistance	reported	[6]	1		Huagang Peng et al. Frontiers in Microbiology (2018) PMID:30546356	30546356	2492ee1c-9d80-50e4-9804-a5510806ca02	6			dca3c752f4fa	mutation	2	84cd8501d39dfaa4	Qwen/Qwen3.6-35B-A3B	open-access	50	hybrid	2026-09-18T11:51:43Z		local	http://mango.cels.anl.gov:8004/v1	5e84619cd2853a10
Staphylococcus aureus	walK	T492R	vancomycin resistance	reported	[38]	1		Neda Baseri et al. BMC Microbiology PMID:34474665	34474665	c0169e36-0eab-5e09-ba6d-dfd73082dd65	38			dca3c752f4fa	mutation	2	84cd8501d39dfaa4	Qwen/Qwen3.6-35B-A3B	open-access	50	hybrid	2026-09-18T11:51:43Z		local	http://mango.cels.anl.gov:8004/v1	5e84619cd2853a10
Staphylococcus aureus	walK	R555C	vancomycin resistance	reported	[38]	1		Neda Baseri et al. BMC Microbiology PMID:34474665	34474665	c0169e36-0eab-5e09-ba6d-dfd73082dd65	38			dca3c752f4fa	mutation	2	84cd8501d39dfaa4	Qwen/Qwen3.6-35B-A3B	open-access	50	hybrid	2026-09-18T11:51:43Z		local	http://mango.cels.anl.gov:8004/v1	5e84619cd2853a10
Staphylococcus aureus	walK	A243Y	vancomycin resistance	reported	[38]	1		Neda Baseri et al. BMC Microbiology PMID:34474665	34474665	c0169e36-0eab-5e09-ba6d-dfd73082dd65	38			dca3c752f4fa	mutation	2	84cd8501d39dfaa4	Qwen/Qwen3.6-35B-A3B	open-access	50	hybrid	2026-09-18T11:51:43Z		local	http://mango.cels.anl.gov:8004/v1	5e84619cd2853a10
Staphylococcus aureus	walK	S9T	vancomycin resistance	reported	[38]	1		Neda Baseri et al. BMC Microbiology PMID:34474665	34474665	c0169e36-0eab-5e09-ba6d-dfd73082dd65	38			dca3c752f4fa	mutation	2	84cd8501d39dfaa4	Qwen/Qwen3.6-35B-A3B	open-access	50	hybrid	2026-09-18T11:51:43Z		local	http://mango.cels.anl.gov:8004/v1	5e84619cd2853a10
Staphylococcus aureus	walK	V15L	vancomycin resistance	reported	[38]	1		Neda Baseri et al. BMC Microbiology PMID:34474665	34474665	c0169e36-0eab-5e09-ba6d-dfd73082dd65	38			dca3c752f4fa	mutation	2	84cd8501d39dfaa4	Qwen/Qwen3.6-35B-A3B	open-access	50	hybrid	2026-09-18T11:51:43Z		local	http://mango.cels.anl.gov:8004/v1	5e84619cd2853a10
Staphylococcus aureus	walK	H271D	vancomycin resistance	reported	[38]	1		Neda Baseri et al. BMC Microbiology PMID:34474665	34474665	c0169e36-0eab-5e09-ba6d-dfd73082dd65	38			dca3c752f4fa	mutation	2	84cd8501d39dfaa4	Qwen/Qwen3.6-35B-A3B	open-access	50	hybrid	2026-09-18T11:51:43Z		local	http://mango.cels.anl.gov:8004/v1	5e84619cd2853a10
Staphylococcus aureus	walK	A342R	vancomycin resistance	reported	[38]	1		Neda Baseri et al. BMC Microbiology PMID:34474665	34474665	c0169e36-0eab-5e09-ba6d-dfd73082dd65	38			dca3c752f4fa	mutation	2	84cd8501d39dfaa4	Qwen/Qwen3.6-35B-A3B	open-access	50	hybrid	2026-09-18T11:51:43Z		local	http://mango.cels.anl.gov:8004/v1	5e84619cd2853a10
Staphylococcus aureus	walK	G358S	vancomycin resistance	reported	[38]	1		Neda Baseri et al. BMC Microbiology PMID:34474665	34474665	c0169e36-0eab-5e09-ba6d-dfd73082dd65	38			dca3c752f4fa	mutation	2	84cd8501d39dfaa4	Qwen/Qwen3.6-35B-A3B	open-access	50	hybrid	2026-09-18T11:51:43Z		local	http://mango.cels.anl.gov:8004/v1	5e84619cd2853a10
Staphylococcus aureus	walK	L7Q	vancomycin resistance	reported	[38]	1		Neda Baseri et al. BMC Microbiology PMID:34474665	34474665	c0169e36-0eab-5e09-ba6d-dfd73082dd65	38			dca3c752f4fa	mutation	2	84cd8501d39dfaa4	Qwen/Qwen3.6-35B-A3B	open-access	50	hybrid	2026-09-18T11:51:43Z		local	http://mango.cels.anl.gov:8004/v1	5e84619cd2853a10
Staphylococcus aureus	walK	A582E	vancomycin resistance	reported	[38]	1		Neda Baseri et al. BMC Microbiology PMID:34474665	34474665	c0169e36-0eab-5e09-ba6d-dfd73082dd65	38			dca3c752f4fa	mutation	2	84cd8501d39dfaa4	Qwen/Qwen3.6-35B-A3B	open-access	50	hybrid	2026-09-18T11:51:43Z		local	http://mango.cels.anl.gov:8004/v1	5e84619cd2853a10
Staphylococcus aureus	walK	Q371del	vancomycin resistance	reported	[38]	1		Neda Baseri et al. BMC Microbiology PMID:34474665	34474665	c0169e36-0eab-5e09-ba6d-dfd73082dd65	38			dca3c752f4fa	mutation	2	84cd8501d39dfaa4	Qwen/Qwen3.6-35B-A3B	open-access	50	hybrid	2026-09-18T11:51:43Z		local	http://mango.cels.anl.gov:8004/v1	5e84619cd2853a10
Staphylococcus aureus	walK	A117V	vancomycin resistance	reported	[38]	1		Neda Baseri et al. BMC Microbiology PMID:34474665	34474665	c0169e36-0eab-5e09-ba6d-dfd73082dd65	38			dca3c752f4fa	mutation	2	84cd8501d39dfaa4	Qwen/Qwen3.6-35B-A3B	open-access	50	hybrid	2026-09-18T11:51:43Z		local	http://mango.cels.anl.gov:8004/v1	5e84619cd2853a10
Staphylococcus aureus	walK	Y225N	vancomycin resistance	reported	[38]	1		Neda Baseri et al. BMC Microbiology PMID:34474665	34474665	c0169e36-0eab-5e09-ba6d-dfd73082dd65	38			dca3c752f4fa	mutation	2	84cd8501d39dfaa4	Qwen/Qwen3.6-35B-A3B	open-access	50	hybrid	2026-09-18T11:51:43Z		local	http://mango.cels.anl.gov:8004/v1	5e84619cd2853a10
Staphylococcus aureus	walK	I287T	vancomycin resistance	reported	[38]	1		Neda Baseri et al. BMC Microbiology PMID:34474665	34474665	c0169e36-0eab-5e09-ba6d-dfd73082dd65	38			dca3c752f4fa	mutation	2	84cd8501d39dfaa4	Qwen/Qwen3.6-35B-A3B	open-access	50	hybrid	2026-09-18T11:51:43Z		local	http://mango.cels.anl.gov:8004/v1	5e84619cd2853a10
Staphylococcus aureus	walK	I544M	vancomycin resistance	reported	[38]	1		Neda Baseri et al. BMC Microbiology PMID:34474665	34474665	c0169e36-0eab-5e09-ba6d-dfd73082dd65	38			dca3c752f4fa	mutation	2	84cd8501d39dfaa4	Qwen/Qwen3.6-35B-A3B	open-access	50	hybrid	2026-09-18T11:51:43Z		local	http://mango.cels.anl.gov:8004/v1	5e84619cd2853a10
Staphylococcus aureus	walK	Q369R	vancomycin resistance	reported	[38]	1		Neda Baseri et al. BMC Microbiology PMID:34474665	34474665	c0169e36-0eab-5e09-ba6d-dfd73082dd65	38			dca3c752f4fa	mutation	2	84cd8501d39dfaa4	Qwen/Qwen3.6-35B-A3B	open-access	50	hybrid	2026-09-18T11:51:43Z		local	http://mango.cels.anl.gov:8004/v1	5e84619cd2853a10
Staphylococcus aureus	walK	M220I	vancomycin resistance	reported	[38]	1		Neda Baseri et al. BMC Microbiology PMID:34474665	34474665	c0169e36-0eab-5e09-ba6d-dfd73082dd65	38			dca3c752f4fa	mutation	2	84cd8501d39dfaa4	Qwen/Qwen3.6-35B-A3B	open-access	50	hybrid	2026-09-18T11:51:43Z		local	http://mango.cels.anl.gov:8004/v1	5e84619cd2853a10
Staphylococcus aureus	walK	V380I	vancomycin resistance	reported	[38]	1		Neda Baseri et al. BMC Microbiology PMID:34474665	34474665	c0169e36-0eab-5e09-ba6d-dfd73082dd65	38			dca3c752f4fa	mutation	2	84cd8501d39dfaa4	Qwen/Qwen3.6-35B-A3B	open-access	50	hybrid	2026-09-18T11:51:43Z		local	http://mango.cels.anl.gov:8004/v1	5e84619cd2853a10
Staphylococcus aureus	walK	V383I	vancomycin resistance	reported	[38]	1		Neda Baseri et al. BMC Microbiology PMID:34474665	34474665	c0169e36-0eab-5e09-ba6d-dfd73082dd65	38			dca3c752f4fa	mutation	2	84cd8501d39dfaa4	Qwen/Qwen3.6-35B-A3B	open-access	50	hybrid	2026-09-18T11:51:43Z		local	http://mango.cels.anl.gov:8004/v1	5e84619cd2853a10
Staphylococcus aureus	walK	S9P	vancomycin resistance	reported	[38]	1		Neda Baseri et al. BMC Microbiology PMID:34474665	34474665	c0169e36-0eab-5e09-ba6d-dfd73082dd65	38			dca3c752f4fa	mutation	2	84cd8501d39dfaa4	Qwen/Qwen3.6-35B-A3B	open-access	50	hybrid	2026-09-18T11:51:43Z		local	http://mango.cels.anl.gov:8004/v1	5e84619cd2853a10
Staphylococcus aureus	walK	A243T	vancomycin resistance	reported	[38]	1		Neda Baseri et al. BMC Microbiology PMID:34474665	34474665	c0169e36-0eab-5e09-ba6d-dfd73082dd65	38			dca3c752f4fa	mutation	2	84cd8501d39dfaa4	Qwen/Qwen3.6-35B-A3B	open-access	50	hybrid	2026-09-18T11:51:43Z		local	http://mango.cels.anl.gov:8004/v1	5e84619cd2853a10
Staphylococcus aureus	walK	R282C	vancomycin resistance	reported	[38]	1		Neda Baseri et al. BMC Microbiology PMID:34474665	34474665	c0169e36-0eab-5e09-ba6d-dfd73082dd65	38			dca3c752f4fa	mutation	2	84cd8501d39dfaa4	Qwen/Qwen3.6-35B-A3B	open-access	50	hybrid	2026-09-18T11:51:43Z		local	http://mango.cels.anl.gov:8004/v1	5e84619cd2853a10
Staphylococcus aureus	walK	T217	vancomycin resistance	reported	[38]	1		Neda Baseri et al. BMC Microbiology PMID:34474665	34474665	c0169e36-0eab-5e09-ba6d-dfd73082dd65	38			dca3c752f4fa	mutation	2	84cd8501d39dfaa4	Qwen/Qwen3.6-35B-A3B	open-access	50	hybrid	2026-09-18T11:51:43Z		local	http://mango.cels.anl.gov:8004/v1	5e84619cd2853a10
Staphylococcus aureus	walK	H576R	vancomycin resistance	reported	[38]	1		Neda Baseri et al. BMC Microbiology PMID:34474665	34474665	c0169e36-0eab-5e09-ba6d-dfd73082dd65	38			dca3c752f4fa	mutation	2	84cd8501d39dfaa4	Qwen/Qwen3.6-35B-A3B	open-access	50	hybrid	2026-09-18T11:51:43Z		local	http://mango.cels.anl.gov:8004/v1	5e84619cd2853a10
Staphylococcus aureus	walK	S437F	vancomycin resistance	reported	[38]	1		Neda Baseri et al. BMC Microbiology PMID:34474665	34474665	c0169e36-0eab-5e09-ba6d-dfd73082dd65	38			dca3c752f4fa	mutation	2	84cd8501d39dfaa4	Qwen/Qwen3.6-35B-A3B	open-access	50	hybrid	2026-09-18T11:51:43Z		local	http://mango.cels.anl.gov:8004/v1	5e84619cd2853a10
Staphylococcus aureus	walK	R263C	vancomycin resistance	reported	[38]	1		Neda Baseri et al. BMC Microbiology PMID:34474665	34474665	c0169e36-0eab-5e09-ba6d-dfd73082dd65	38			dca3c752f4fa	mutation	2	84cd8501d39dfaa4	Qwen/Qwen3.6-35B-A3B	open-access	50	hybrid	2026-09-18T11:51:43Z		local	http://mango.cels.anl.gov:8004/v1	5e84619cd2853a10
Staphylococcus aureus	walK	S273N	vancomycin resistance	reported	[38]	1		Neda Baseri et al. BMC Microbiology PMID:34474665	34474665	c0169e36-0eab-5e09-ba6d-dfd73082dd65	38			dca3c752f4fa	mutation	2	84cd8501d39dfaa4	Qwen/Qwen3.6-35B-A3B	open-access	50	hybrid	2026-09-18T11:51:43Z		local	http://mango.cels.anl.gov:8004/v1	5e84619cd2853a10
Staphylococcus aureus	walK	V268F	vancomycin resistance	reported	[49]	1		Neda Baseri et al. BMC Microbiology PMID:34474665	34474665	3b38b1a1-0f4b-56e2-b288-f734df93850b	49			dca3c752f4fa	mutation	2	84cd8501d39dfaa4	Qwen/Qwen3.6-35B-A3B	open-access	50	hybrid	2026-09-18T11:51:43Z		local	http://mango.cels.anl.gov:8004/v1	5e84619cd2853a10
Escherichia coli	rpsL	K43R	Streptomycin resistance	reported	15	1		Fabrice V. Biot et al. Frontiers in Microbiology (2020) PMID:33193267	33193267	aa2d8e6d-4d4c-555e-b631-f9ac9224d796	15			8f367a224ce6	mutation	2	84cd8501d39dfaa4	Qwen/Qwen3.6-35B-A3B	open-access	50	hybrid	2026-09-18T11:52:06Z		local	http://mango.cels.anl.gov:8004/v1	3ff79e3819f773d2
Escherichia coli	rpsL	K88R	Streptomycin resistance	reported	15	83		Fabrice V. Biot et al. Frontiers in Microbiology (2020) PMID:33193267; Vanina Guernier-Cambert et al. Frontiers in Microbiology (2021) PMID:34646252; Kozo Ochi et al. Applied Microbiology and Biotechnology PMID:23143535	33193267;34646252;23143535	aa2d8e6d-4d4c-555e-b631-f9ac9224d796;414c533a-f61f-5f4c-b1bf-cb196fc37852;cf10e74b-6040-5d8f-b76a-6dcd741ca9db;ec534d57-8bc1-5c95-963d-15039d60192c;5841dea1-5209-5fe2-ae8a-59dddc677e32	15;21;25;27;28			8f367a224ce6	mutation	2	84cd8501d39dfaa4	Qwen/Qwen3.6-35B-A3B	open-access	50	hybrid	2026-09-18T11:52:06Z		local	http://mango.cels.anl.gov:8004/v1	3ff79e3819f773d2
Escherichia coli	rpsL	K43N	Streptomycin resistance	reported	15	41		Fabrice V. Biot et al. Frontiers in Microbiology (2020) PMID:33193267; Kozo Ochi et al. Applied Microbiology and Biotechnology PMID:23143535	33193267;23143535	aa2d8e6d-4d4c-555e-b631-f9ac9224d796;5841dea1-5209-5fe2-ae8a-59dddc677e32	15;28			8f367a224ce6	mutation	2	84cd8501d39dfaa4	Qwen/Qwen3.6-35B-A3B	open-access	50	hybrid	2026-09-18T11:52:06Z		local	http://mango.cels.anl.gov:8004/v1	3ff79e3819f773d2
Escherichia coli	rpsL	K43T	Streptomycin resistance	reported	15	1		Fabrice V. Biot et al. Frontiers in Microbiology (2020) PMID:33193267	33193267	aa2d8e6d-4d4c-555e-b631-f9ac9224d796	15			8f367a224ce6	mutation	2	84cd8501d39dfaa4	Qwen/Qwen3.6-35B-A3B	open-access	50	hybrid	2026-09-18T11:52:06Z		local	http://mango.cels.anl.gov:8004/v1	3ff79e3819f773d2
Escherichia coli	rpsL	K43D	Streptomycin resistance	reported	15	1		Fabrice V. Biot et al. Frontiers in Microbiology (2020) PMID:33193267	33193267	aa2d8e6d-4d4c-555e-b631-f9ac9224d796	15			8f367a224ce6	mutation	2	84cd8501d39dfaa4	Qwen/Qwen3.6-35B-A3B	open-access	50	hybrid	2026-09-18T11:52:06Z		local	http://mango.cels.anl.gov:8004/v1	3ff79e3819f773d2
Escherichia coli	rpsL	K88E	Streptomycin resistance	reported	24	202	column_count_mismatch;citation_not_in_sources	Kozo Ochi et al. Applied Microbiology and Biotechnology PMID:23143535	23143535	ec534d57-8bc1-5c95-963d-15039d60192c;340afec2-6d29-5c53-a1cc-df457b088802;e3a76984-61c1-5a99-a68c-89e69c4d157c;5841dea1-5209-5fe2-ae8a-59dddc677e32	21;24;26;28			8f367a224ce6	mutation	2	84cd8501d39dfaa4	Qwen/Qwen3.6-35B-A3B	open-access	50	hybrid	2026-09-18T11:52:06Z		local	http://mango.cels.anl.gov:8004/v1	3ff79e3819f773d2
Escherichia coli	rpsL	K43M	Streptomycin resistance	reported	28	40		Kozo Ochi et al. Applied Microbiology and Biotechnology PMID:23143535	23143535	5841dea1-5209-5fe2-ae8a-59dddc677e32	28			8f367a224ce6	mutation	2	84cd8501d39dfaa4	Qwen/Qwen3.6-35B-A3B	open-access	50	hybrid	2026-09-18T11:52:06Z		local	http://mango.cels.anl.gov:8004/v1	3ff79e3819f773d2
