Organism	Gene Name	Mutation	Phenotype	Assertion	Reference	_n_support	_flags	_citations	_pmids	_chunk_ids	_markers	_standard_notation	_as_written	_query_id	_template	_template_version	_template_hash	_model	_collection	_top_k	_retrieval_mode	_retrieved_at	_request_id	_generator	_llm_endpoint	_prompt_hash
Enterobacter cloacae	acrB	R717Q	Antimicrobial resistance	measured	3	1		(2022)		b7fba1d6-e95f-5d81-9fd4-90b5fbac1791	3			b94f8c79a2f1	mutation	2	84cd8501d39dfaa4	Qwen/Qwen3.6-35B-A3B	RefAMR	50	hybrid	2026-09-18T13:56:53Z		local	http://mango.cels.anl.gov:8004/v1	eed632b52f5fba6f
Enterobacter cloacae	acrB	R717L	Antimicrobial resistance	measured	3	2		(2022); DOI:10.1038/s44259-023-00001-8		b7fba1d6-e95f-5d81-9fd4-90b5fbac1791;b2ee6c88-8f82-599d-a258-aff3188329a1	3;19			b94f8c79a2f1	mutation	2	84cd8501d39dfaa4	Qwen/Qwen3.6-35B-A3B	RefAMR	50	hybrid	2026-09-18T13:56:53Z		local	http://mango.cels.anl.gov:8004/v1	eed632b52f5fba6f
Enterobacter cloacae	acrB	Q176K	Antimicrobial resistance	measured	19	1		DOI:10.1038/s44259-023-00001-8		b2ee6c88-8f82-599d-a258-aff3188329a1	19			b94f8c79a2f1	mutation	2	84cd8501d39dfaa4	Qwen/Qwen3.6-35B-A3B	RefAMR	50	hybrid	2026-09-18T13:56:53Z		local	http://mango.cels.anl.gov:8004/v1	eed632b52f5fba6f
Staphylococcus aureus	vraS	T331I	Antimicrobial resistance (glycopeptides, beta-lactams, daptomycin); antimicrobial resistance	measured; reported	[1]	18	off_target_gene;merged_variants:Assertion;merged_variants:Phenotype	(2025) DOI:10.1128/spectrum.00095-25; (2021) DOI:10.3389/fmicb.2021.637656		e292d707-d4dc-5f7a-9661-c2134abdd74f;5cbf0917-d260-5080-af8a-a3c01cbe5a88;540570bb-46f8-5daf-92f0-507c36d2c27b;67c2da87-e0c7-5085-b508-49dab27944df;41f1ae8c-bdc2-55fa-b8ad-92d82d82a1cb;6448296b-c56c-5f3c-9a84-dd7f4c074cad;3836639a-4899-55a9-b4a0-e0cc1206eacb;730337ff-402e-5b1f-80c1-adbcfbf0c5c4;c28edcd1-47e1-569f-b6f2-d43662b1ef89;6a5ac185-3a46-5dea-baf4-867c018713fe;3d428f4f-7156-5db1-a4e2-01f23d7d0cdf;a5094e63-7fc7-57da-b139-513dc68e2d21;da8ff725-15d3-5ea0-b738-5f2460783c80	1;2;3;4;5;9;14;19;24;33;43;45			b665923371fd	mutation	2	84cd8501d39dfaa4	Qwen/Qwen3.6-35B-A3B	RefAMR	50	hybrid	2026-09-18T13:56:53Z		local	http://mango.cels.anl.gov:8004/v1	b39ea5e6e26ef4f2
Escherichia	acrB	R717Q	Antimicrobial resistance (macrolides/azithromycin)	measured	[2]	2		(2022); (2019) DOI:10.1371/journal.pntd.0007868		d7eb60a7-0570-533b-a3e9-73e00f8e7244;55ff3217-2c1f-5de9-a68c-0512a3186f2f	2;12			c5e9043b1bcc	mutation	2	84cd8501d39dfaa4	Qwen/Qwen3.6-35B-A3B	RefAMR	50	hybrid	2026-09-18T13:56:55Z		local	http://mango.cels.anl.gov:8004/v1	61d98ccca6b83300
Escherichia	acrB	R717L	Antimicrobial resistance (macrolides/azithromycin); Antimicrobial resistance (cefotaxime)	measured	[2]	4	merged_variants:Phenotype	(2022); (2019) DOI:10.1371/journal.pntd.0007868; DOI:10.1038/s44259-023-00001-8		d7eb60a7-0570-533b-a3e9-73e00f8e7244;374ba7af-2353-52cc-b036-31104a4b0db2;f4ab7ec8-8d1e-5e41-92fc-af55a261ee5f;b2ee6c88-8f82-599d-a258-aff3188329a1	2;28;29;39			c5e9043b1bcc	mutation	2	84cd8501d39dfaa4	Qwen/Qwen3.6-35B-A3B	RefAMR	50	hybrid	2026-09-18T13:56:55Z		local	http://mango.cels.anl.gov:8004/v1	61d98ccca6b83300
Escherichia	acrB	R620C	Antimicrobial resistance (tigecycline)	measured	[22]	1		(2018) DOI:10.2147/IDR.S179618		47ffd136-eb00-524b-a344-b31e89319b55	22			c5e9043b1bcc	mutation	2	84cd8501d39dfaa4	Qwen/Qwen3.6-35B-A3B	RefAMR	50	hybrid	2026-09-18T13:56:55Z		local	http://mango.cels.anl.gov:8004/v1	61d98ccca6b83300
Escherichia	acrB	Q176K	Antimicrobial resistance (cefotaxime)	measured	[19]	1		DOI:10.1038/s44259-023-00001-8		b8ec9fb4-553f-59f6-83f8-4fa41c8f207c	19			c5e9043b1bcc	mutation	2	84cd8501d39dfaa4	Qwen/Qwen3.6-35B-A3B	RefAMR	50	hybrid	2026-09-18T13:56:55Z		local	http://mango.cels.anl.gov:8004/v1	61d98ccca6b83300
Acinetobacter baumannii	adeL		Antimicrobial resistance	Reported	[5]	2	missing:Mutation	(2015) DOI:10.1371/journal.pone.0140489		3bc506c9-edd0-5cc4-807e-0c3f573bbf94;c0b3548a-287b-5c7f-9f4d-e3b950513f22	5;34			74f62d7e38d3	mutation	2	84cd8501d39dfaa4	Qwen/Qwen3.6-35B-A3B	RefAMR	50	hybrid	2026-09-18T13:56:56Z		local	http://mango.cels.anl.gov:8004/v1	d131833fe685f743
Escherichia	acrR	R45C	Antimicrobial resistance	reported	[2]	5		(2019) DOI:10.1177/1178636119889629		87dd5130-f5e3-535e-ab9e-5a29b06e0b59;81fcef2f-1365-5bcd-9b0e-3546bfa15506;f499b67d-8e26-5ab8-a458-7b9a959c35e9;3e67c13f-e30e-59db-9a2e-310dbf34176a;a9c53100-7074-59ac-8259-e141689a0424	2;3;20;33;38			8bf1045c46b2	mutation	2	84cd8501d39dfaa4	Qwen/Qwen3.6-35B-A3B	RefAMR	50	hybrid	2026-09-18T13:56:56Z		local	http://mango.cels.anl.gov:8004/v1	538e0953d21a4f8f
Escherichia	acrR	C133T	Antimicrobial resistance	reported	[13]	2		(2019) DOI:10.1177/1178636119889629		e03b9f33-466d-544e-bc97-092eae75ad29;a9c53100-7074-59ac-8259-e141689a0424	13;38			8bf1045c46b2	mutation	2	84cd8501d39dfaa4	Qwen/Qwen3.6-35B-A3B	RefAMR	50	hybrid	2026-09-18T13:56:56Z		local	http://mango.cels.anl.gov:8004/v1	538e0953d21a4f8f
Escherichia	acrR	Deletion (W88)	Diminished sensitivity to meropenem	reported	[36]	1		(2023) DOI:10.1099/acmi.0.000649.v3		5f5d2542-d51c-50bb-895e-cc15ad2dadf8	36			8bf1045c46b2	mutation	2	84cd8501d39dfaa4	Qwen/Qwen3.6-35B-A3B	RefAMR	50	hybrid	2026-09-18T13:56:56Z		local	http://mango.cels.anl.gov:8004/v1	538e0953d21a4f8f
Escherichia	acrR	Frameshift	Resistance to triclosan	reported	[9]	1		(2020) DOI:10.1099/mgen.0.000553		82ae6732-b9be-5352-82a2-7e91844c0106	9			8bf1045c46b2	mutation	2	84cd8501d39dfaa4	Qwen/Qwen3.6-35B-A3B	RefAMR	50	hybrid	2026-09-18T13:56:56Z		local	http://mango.cels.anl.gov:8004/v1	538e0953d21a4f8f
Burkholderia cepacia	ampD	P41L	Antimicrobial resistance	reported	31	1		DOI:10.1038/s41598-017-05621-5		995bcefb-2cdc-5b58-b85c-1f880b6b7fb9	31			ff5a6fc55680	mutation	2	84cd8501d39dfaa4	Qwen/Qwen3.6-35B-A3B	RefAMR	50	hybrid	2026-09-18T13:56:57Z		local	http://mango.cels.anl.gov:8004/v1	bff8ba0d63c2922d
Klebsiella pneumoniae	acrR	R45C	Antimicrobial resistance (increased susceptibility in presence of omeprazole due to efflux pump inhibition)	reported	[5]	1		(2019) DOI:10.1177/1178636119889629		81fcef2f-1365-5bcd-9b0e-3546bfa15506	5			cb421774d2a0	mutation	2	84cd8501d39dfaa4	Qwen/Qwen3.6-35B-A3B	RefAMR	50	hybrid	2026-09-18T13:56:57Z		local	http://mango.cels.anl.gov:8004/v1	b87a64a50e8e07ff
Klebsiella pneumoniae	acrR	C133T	R133C	Antimicrobial resistance	reported [23]	7	column_count_mismatch	(2019) DOI:10.1177/1178636119889629		5261d334-0431-5b09-a6eb-54bf7f1e2735;e03b9f33-466d-544e-bc97-092eae75ad29;cd1bd601-197e-5914-945b-523838ce2708;77fa9304-63f3-596d-884f-a66ed82ba409;d2bc4801-4732-5cbe-b903-5c1bd8a7c7ba;3e67c13f-e30e-59db-9a2e-310dbf34176a;02b31397-5b26-5d2b-b4ba-f5d66f549fd4	23;25;30;34;35;43;47			cb421774d2a0	mutation	2	84cd8501d39dfaa4	Qwen/Qwen3.6-35B-A3B	RefAMR	50	hybrid	2026-09-18T13:56:57Z		local	http://mango.cels.anl.gov:8004/v1	b87a64a50e8e07ff
Klebsiella pneumoniae	acrR		Decreased expression	reported	[10]	1	missing:Mutation	(2024) DOI:10.1128/msphere.00704-24		44eee0ac-5888-5cba-b3d4-8cf5d12da9d4	10			cb421774d2a0	mutation	2	84cd8501d39dfaa4	Qwen/Qwen3.6-35B-A3B	RefAMR	50	hybrid	2026-09-18T13:56:57Z		local	http://mango.cels.anl.gov:8004/v1	b87a64a50e8e07ff
Enterobacter cloacae	ampD	inactivation	Antimicrobial resistance (moderate)	reported	1	1		(2008) DOI:10.1371/journal.ppat.1000353		308af0ee-92d6-5eed-922c-d19f1481037b	1			90081c165311	mutation	2	84cd8501d39dfaa4	Qwen/Qwen3.6-35B-A3B	RefAMR	50	hybrid	2026-09-18T13:56:59Z		local	http://mango.cels.anl.gov:8004/v1	4e5f84a75e07c96d
Enterobacter cloacae	ampD	H157Y	Antimicrobial resistance (ceftolozane/tazobactam)	measured	5	2		(2023) DOI:10.1128/aac.00480-23		ee816edc-7d66-53c2-ba8a-885b474933bc;b77545c6-cedc-55fa-8651-c1f908ff624e	5;6			90081c165311	mutation	2	84cd8501d39dfaa4	Qwen/Qwen3.6-35B-A3B	RefAMR	50	hybrid	2026-09-18T13:56:59Z		local	http://mango.cels.anl.gov:8004/v1	4e5f84a75e07c96d
Enterobacter cloacae	ampD	P41L	Antimicrobial resistance	reported	29	1		DOI:10.1038/s41598-017-05621-5		995bcefb-2cdc-5b58-b85c-1f880b6b7fb9	29			90081c165311	mutation	2	84cd8501d39dfaa4	Qwen/Qwen3.6-35B-A3B	RefAMR	50	hybrid	2026-09-18T13:56:59Z		local	http://mango.cels.anl.gov:8004/v1	4e5f84a75e07c96d
Enterobacter cloacae	ampD	D135N	Antimicrobial resistance	reported	30	1		(2018) DOI:10.3389/fmicb.2018.00685		518a3940-b0a4-58b3-997d-7c8b8d33781b	30			90081c165311	mutation	2	84cd8501d39dfaa4	Qwen/Qwen3.6-35B-A3B	RefAMR	50	hybrid	2026-09-18T13:56:59Z		local	http://mango.cels.anl.gov:8004/v1	4e5f84a75e07c96d
Pseudomonas aeruginosa	amgS	V121G	Increased resistance to aminoglycosides; susceptibility to ribosome-targeting non-aminoglycosides; increased mexXY expression	measured	[2]	6		(2014) DOI:10.1002/mbo3.226		829a146c-5c27-562c-8898-9f91fbda61b3;d594132a-8843-5ae1-bb6c-51b5eb5046fd;3e29b20d-a9b9-5113-adbd-2e8de0f987d1;a70fa473-2c91-5e0b-a30f-c2581c15fa79;6407b956-265b-5bc9-acd7-1827224e533f;7c7a0333-1251-5853-8b3e-0e421d89f440	2;5;8;28;37;42			2a17654958fd	mutation	2	84cd8501d39dfaa4	Qwen/Qwen3.6-35B-A3B	RefAMR	50	hybrid	2026-09-18T13:57:01Z		local	http://mango.cels.anl.gov:8004/v1	3db0a97924f2427c
Pseudomonas aeruginosa	amgS	R182C	No impact on mexXY expression; no increased resistance to non-aminoglycosides	measured	[8]	2		(2014) DOI:10.1002/mbo3.226		3e29b20d-a9b9-5113-adbd-2e8de0f987d1;6407b956-265b-5bc9-acd7-1827224e533f	8;37			2a17654958fd	mutation	2	84cd8501d39dfaa4	Qwen/Qwen3.6-35B-A3B	RefAMR	50	hybrid	2026-09-18T13:57:01Z		local	http://mango.cels.anl.gov:8004/v1	3db0a97924f2427c
Pseudomonas aeruginosa	ampD	AmpDH157Y	Decreased susceptibility to ceftolozane/tazobactam and increased susceptibility to imipenem; Increased basal ampC expression	measured	[1]	2	merged_variants:Phenotype	(2023) DOI:10.1128/aac.00480-23		b77545c6-cedc-55fa-8651-c1f908ff624e;ee816edc-7d66-53c2-ba8a-885b474933bc	1;21			e41b13ed4455	mutation	2	84cd8501d39dfaa4	Qwen/Qwen3.6-35B-A3B	RefAMR	50	hybrid	2026-09-18T13:57:02Z		local	http://mango.cels.anl.gov:8004/v1	0401f7c5a1e5982e
Pseudomonas aeruginosa	ampD	inactivation	Moderate-basal-level and hyperinducible AmpC β-lactamase expression; Moderate resistance to β-lactams; Increased resistance to β-lactams; Overexpression of AmpC β-lactamase; High-level β-lactam resistance when combined with other mutations; Resistance evolution in the central nervous system	inferred; reported	[5]	6	merged_variants:Phenotype;merged_variants:Assertion	(2008) DOI:10.1371/journal.ppat.1000353; DOI:10.1093/jac/dkaa324		308af0ee-92d6-5eed-922c-d19f1481037b;cfc74b3f-2f01-56e4-bbaa-6305750a62e1;d179bd9c-41d6-59d9-8b4a-19d0bdf02816;fc50adb9-93ad-5a2f-bc26-ee7bb1fd9dd4;8445b4ff-541f-5f5a-a9ea-83c0ca056f77;9d9366ca-a356-5caa-ae01-28fa26c79951	5;6;8;16;18;46			e41b13ed4455	mutation	2	84cd8501d39dfaa4	Qwen/Qwen3.6-35B-A3B	RefAMR	50	hybrid	2026-09-18T13:57:02Z		local	http://mango.cels.anl.gov:8004/v1	0401f7c5a1e5982e
Pseudomonas aeruginosa	ampD	IS1669 insertion	Constitutive high expression of AmpC β-lactamase	reported	[41]	3		(2021); (2008) DOI:10.1371/journal.ppat.1000353; (2018) DOI:10.3389/fmicb.2018.00685		90959337-a7c5-580a-8ba9-2ca67da24272;fc50adb9-93ad-5a2f-bc26-ee7bb1fd9dd4;1433aa7f-fbe0-5613-a29b-ba3e5c201150	41;46;48			e41b13ed4455	mutation	2	84cd8501d39dfaa4	Qwen/Qwen3.6-35B-A3B	RefAMR	50	hybrid	2026-09-18T13:57:02Z		local	http://mango.cels.anl.gov:8004/v1	0401f7c5a1e5982e
Pseudomonas aeruginosa	ampR		Molecular mechanisms of β-lactam resistance mediated by AmpC hyperproduction; AmpR-dependent overexpression of AmpC β-lactamase; Resistance to ceftolozane-tazobactam; Structural and functional characterization of global regulator; Global transcriptional factor regulating AmpC and PoxB β-lactamases	reported	7	6	missing:Mutation;merged_variants:Phenotype	(2008) DOI:10.1371/journal.ppat.1000353; (2023) DOI:10.1128/aac.00480-23; (2021); (2016) DOI:10.1371/journal.pone.0172179; (2021); (2021)		cfc74b3f-2f01-56e4-bbaa-6305750a62e1;d1883a0a-2071-5cbc-881a-a81b0c83bd6f;0ec51571-07b7-51b0-9730-51ae0a233481;4baa2355-3b3c-5c6c-bd62-e111f893169f;dfb2872c-4bb7-5d39-b739-7146754d2008;7ba09f1e-68a5-55bb-9590-92380ecc6043	7;15;34;42;47;48			857f9e07aae5	mutation	2	84cd8501d39dfaa4	Qwen/Qwen3.6-35B-A3B	RefAMR	50	hybrid	2026-09-18T13:57:02Z		local	http://mango.cels.anl.gov:8004/v1	4f5de9375dbb8000
Burkholderia cepacia	amrR		antimicrobial resistance	reported	1	3	missing:Mutation	(2014); (2014); (2014)		04064330-65c2-5922-aa40-78ef28ccc4d5;a29ecfaf-c7ed-522e-8e2c-ff174862104e;87838b8f-223d-5ccd-b164-77e1b8a84415	1;22;34			a61276fba6d0	mutation	2	84cd8501d39dfaa4	Qwen/Qwen3.6-35B-A3B	RefAMR	50	hybrid	2026-09-18T13:57:03Z		local	http://mango.cels.anl.gov:8004/v1	db278715f6631855
Burkholderia cepacia	amrR	AmrRΔP81-H223	antimicrobial resistance	reported	30	1		(2020) DOI:10.1016/j.ebiom.2020.103152		910dc8d0-ef08-500a-9b25-1ce48d003b03	30			a61276fba6d0	mutation	2	84cd8501d39dfaa4	Qwen/Qwen3.6-35B-A3B	RefAMR	50	hybrid	2026-09-18T13:57:03Z		local	http://mango.cels.anl.gov:8004/v1	db278715f6631855
Burkholderia cepacia	amrR	AmrRG149fs	antimicrobial resistance	reported	30	1		(2020) DOI:10.1016/j.ebiom.2020.103152		910dc8d0-ef08-500a-9b25-1ce48d003b03	30			a61276fba6d0	mutation	2	84cd8501d39dfaa4	Qwen/Qwen3.6-35B-A3B	RefAMR	50	hybrid	2026-09-18T13:57:03Z		local	http://mango.cels.anl.gov:8004/v1	db278715f6631855
Burkholderia cepacia	amrR	AmrRDA128-H223	antimicrobial resistance	reported	30	1		(2020) DOI:10.1016/j.ebiom.2020.103152		910dc8d0-ef08-500a-9b25-1ce48d003b03	30			a61276fba6d0	mutation	2	84cd8501d39dfaa4	Qwen/Qwen3.6-35B-A3B	RefAMR	50	hybrid	2026-09-18T13:57:03Z		local	http://mango.cels.anl.gov:8004/v1	db278715f6631855
Klebsiella pneumoniae	cirA	E133*	cefiderocol resistance	reported	[4]	1	off_target_gene	DOI:10.3201/eid2911.230921		5e06c475-aba9-5a85-aebd-042ec59e9573	4			d1add6c6c002	mutation	2	84cd8501d39dfaa4	Qwen/Qwen3.6-35B-A3B	RefAMR	50	hybrid	2026-09-18T13:57:04Z		local	http://mango.cels.anl.gov:8004/v1	5180b251c95fd749
Klebsiella pneumoniae	cirA	Y253CfsTer5	cefiderocol resistance	reported	[29]	7	off_target_gene	(2022) DOI:10.2807/1560-7917.ES.2022.27.43.2200795		11c99461-ee80-50f8-9166-8a6c1cd5d8e6;7a282051-907a-57c2-bfc1-3f943c61fb1f;c846e13f-94b1-5b34-9668-5f7d44dbba86;19a48552-5c20-519e-a965-ffef2c207ba0;cb5de6fb-daa3-51ae-9ab6-1bed52b3c9aa;3079dc8e-e2a8-527b-bd34-96999333b9cf;270c02f8-4ee8-523b-b197-cc210d0c3ac8	17;18;29;31;34;44			d1add6c6c002	mutation	2	84cd8501d39dfaa4	Qwen/Qwen3.6-35B-A3B	RefAMR	50	hybrid	2026-09-18T13:57:04Z		local	http://mango.cels.anl.gov:8004/v1	5180b251c95fd749
Klebsiella pneumoniae	arnC		polymyxin sensitivity	inferred	[42]	1	missing:Mutation	(2014) DOI:10.3389/fmicb.2014.00643		64a7461e-83f5-5441-b8e9-dd11df81a159	42			d1add6c6c002	mutation	2	84cd8501d39dfaa4	Qwen/Qwen3.6-35B-A3B	RefAMR	50	hybrid	2026-09-18T13:57:04Z		local	http://mango.cels.anl.gov:8004/v1	5180b251c95fd749
Pseudomonas aeruginosa	aroB		β-lactam resistance	reported	[43]	1	missing:Mutation	(2024) DOI:10.1128/aac.01942-24		88531289-6c1b-5d36-9208-68309b10e925	43			3e028b0e2e72	mutation	2	84cd8501d39dfaa4	Qwen/Qwen3.6-35B-A3B	RefAMR	50	hybrid	2026-09-18T13:57:05Z		local	http://mango.cels.anl.gov:8004/v1	3bb993dd1d51af9a
Burkholderia pseudomallei	amrR	AmrRΔP81-H223	meropenem resistance	measured	[5]	1		(2020) DOI:10.1016/j.ebiom.2020.103152		4306e15f-b5c4-54d7-a3a0-06f06573d4cb	5			7aa8a6e0d70f	mutation	2	84cd8501d39dfaa4	Qwen/Qwen3.6-35B-A3B	RefAMR	50	hybrid	2026-09-18T13:57:05Z		local	http://mango.cels.anl.gov:8004/v1	a6df8a67d4542030
Burkholderia pseudomallei	amrR	AmrRG149fs	meropenem resistance	measured	[5]	1		(2020) DOI:10.1016/j.ebiom.2020.103152		4306e15f-b5c4-54d7-a3a0-06f06573d4cb	5			7aa8a6e0d70f	mutation	2	84cd8501d39dfaa4	Qwen/Qwen3.6-35B-A3B	RefAMR	50	hybrid	2026-09-18T13:57:05Z		local	http://mango.cels.anl.gov:8004/v1	a6df8a67d4542030
Burkholderia pseudomallei	amrR	AmrRΔA70-H223	meropenem resistance	reported	[5]	1		(2020) DOI:10.1016/j.ebiom.2020.103152		4306e15f-b5c4-54d7-a3a0-06f06573d4cb	5			7aa8a6e0d70f	mutation	2	84cd8501d39dfaa4	Qwen/Qwen3.6-35B-A3B	RefAMR	50	hybrid	2026-09-18T13:57:05Z		local	http://mango.cels.anl.gov:8004/v1	a6df8a67d4542030
Burkholderia pseudomallei	amrR	AmrRS166P	meropenem resistance	reported	[5]	1		(2020) DOI:10.1016/j.ebiom.2020.103152		4306e15f-b5c4-54d7-a3a0-06f06573d4cb	5			7aa8a6e0d70f	mutation	2	84cd8501d39dfaa4	Qwen/Qwen3.6-35B-A3B	RefAMR	50	hybrid	2026-09-18T13:57:05Z		local	http://mango.cels.anl.gov:8004/v1	a6df8a67d4542030
Burkholderia pseudomallei	amrR	AmrRA145fs	meropenem resistance	reported	[5]	1		(2020) DOI:10.1016/j.ebiom.2020.103152		4306e15f-b5c4-54d7-a3a0-06f06573d4cb	5			7aa8a6e0d70f	mutation	2	84cd8501d39dfaa4	Qwen/Qwen3.6-35B-A3B	RefAMR	50	hybrid	2026-09-18T13:57:05Z		local	http://mango.cels.anl.gov:8004/v1	a6df8a67d4542030
Burkholderia pseudomallei	amrR	AmrRDV62-H223	meropenem resistance	reported	[5]	1		(2020) DOI:10.1016/j.ebiom.2020.103152		4306e15f-b5c4-54d7-a3a0-06f06573d4cb	5			7aa8a6e0d70f	mutation	2	84cd8501d39dfaa4	Qwen/Qwen3.6-35B-A3B	RefAMR	50	hybrid	2026-09-18T13:57:05Z		local	http://mango.cels.anl.gov:8004/v1	a6df8a67d4542030
Burkholderia pseudomallei	amrR	AmrRΔA128-H223	meropenem resistance	predicted	[39]	1		(2020) DOI:10.1016/j.ebiom.2020.103152		910dc8d0-ef08-500a-9b25-1ce48d003b03	39			7aa8a6e0d70f	mutation	2	84cd8501d39dfaa4	Qwen/Qwen3.6-35B-A3B	RefAMR	50	hybrid	2026-09-18T13:57:05Z		local	http://mango.cels.anl.gov:8004/v1	a6df8a67d4542030
Salmonella	acrB	R717Q	azithromycin resistance	predicted; reported; measured; inferred	[1]	40	merged_variants:Assertion	(2022); (2019) DOI:10.1371/journal.pntd.0007868		18a64d8c-5755-5ae7-b9e2-91af1aa3c977;ff4b3379-8fc7-577a-91f8-9d572631fcc6;8fdc9acf-c564-5bcc-813d-1c673045c441;224366b8-cffe-57b9-84d5-0d4e0c773f5e;66460ce9-1a78-5aad-9add-061f85854ab4;55ff3217-2c1f-5de9-a68c-0512a3186f2f;756e4e57-04fa-55f7-8db9-c338a12e6c63;077e7208-80a0-5a7f-82fd-7d1026ce024f;c9592a91-6565-5ec8-a09b-e6a07cd93eac;9764d70f-9312-52d4-a3de-48e2968f93f6;7d6aa378-5bb9-5278-aa2b-78bcf6732b42;3c3d5836-f533-56b2-9cc3-a636086c65cb;121c3c32-f4fb-5ca7-95be-6c8011a29284;7fc4395d-45cf-5fa6-9ed3-7e4e18f144c0;94b9203c-7b06-5178-82ae-253ca8d9f608	1;2;10;11;17;18;19;21;23;24;26;30;32;37;45			a89aed1bffb0	mutation	2	84cd8501d39dfaa4	Qwen/Qwen3.6-35B-A3B	RefAMR	50	hybrid	2026-09-18T13:57:09Z		local	http://mango.cels.anl.gov:8004/v1	0562b240c1b588a1
Salmonella	acrB	R717L	azithromycin resistance	predicted; reported; measured; inferred	[1]	29	merged_variants:Assertion	(2022); (2019) DOI:10.1371/journal.pntd.0007868; DOI:10.1038/s44259-023-00001-8		18a64d8c-5755-5ae7-b9e2-91af1aa3c977;ff4b3379-8fc7-577a-91f8-9d572631fcc6;8fdc9acf-c564-5bcc-813d-1c673045c441;224366b8-cffe-57b9-84d5-0d4e0c773f5e;66460ce9-1a78-5aad-9add-061f85854ab4;9764d70f-9312-52d4-a3de-48e2968f93f6;3c3d5836-f533-56b2-9cc3-a636086c65cb;121c3c32-f4fb-5ca7-95be-6c8011a29284;7fc4395d-45cf-5fa6-9ed3-7e4e18f144c0;94b9203c-7b06-5178-82ae-253ca8d9f608;2c2510be-2642-5922-aaae-e25c4d09ab90;2995dce2-168a-5c40-8f61-f6dc7f1f6e7f;b2ee6c88-8f82-599d-a258-aff3188329a1	1;2;10;11;13;17;20;24;30;32;33;37;45			a89aed1bffb0	mutation	2	84cd8501d39dfaa4	Qwen/Qwen3.6-35B-A3B	RefAMR	50	hybrid	2026-09-18T13:57:09Z		local	http://mango.cels.anl.gov:8004/v1	0562b240c1b588a1
Acinetobacter baumannii	baeS	G212D	cefiderocol resistance	reported; measured	[3]	4	merged_variants:Assertion;off_target_gene	(2023) DOI:10.1128/msystems.01291-22		fbf2a69b-12ba-5fe8-9234-f80ad3fe247f;ea99a37c-1b02-5d20-8f44-97b460219fc0;7411bacd-5df9-564b-9b42-7ea23775f9ba	3;11;45			aabea7368afe	mutation	2	84cd8501d39dfaa4	Qwen/Qwen3.6-35B-A3B	RefAMR	50	hybrid	2026-09-18T13:57:10Z		local	http://mango.cels.anl.gov:8004/v1	7ab77a6551da9f54
Acinetobacter baumannii	baeS	A71T	cefiderocol resistance	reported; measured	[3]	4	merged_variants:Assertion;off_target_gene	(2023) DOI:10.1128/msystems.01291-22		fbf2a69b-12ba-5fe8-9234-f80ad3fe247f;ea99a37c-1b02-5d20-8f44-97b460219fc0;7411bacd-5df9-564b-9b42-7ea23775f9ba	3;11;45			aabea7368afe	mutation	2	84cd8501d39dfaa4	Qwen/Qwen3.6-35B-A3B	RefAMR	50	hybrid	2026-09-18T13:57:10Z		local	http://mango.cels.anl.gov:8004/v1	7ab77a6551da9f54
Acinetobacter baumannii	baeS	D89V	cefiderocol resistance	measured; reported	[3]	24	merged_variants:Assertion;off_target_gene	(2023) DOI:10.1128/msystems.01291-22		fbf2a69b-12ba-5fe8-9234-f80ad3fe247f;a7072a7a-ca25-5a01-9b6c-5c94f7491806;84779665-b77e-53cb-9630-b2f5a0658a31;cb6571d2-3865-51e0-908c-aa1dade572aa;06466601-5183-51b1-ae98-1ed57e9352bd;8f0a4414-498c-59c4-a6c5-43ce50be8c57;94035c17-8597-5276-8adc-77d9c00c49fe;ea99a37c-1b02-5d20-8f44-97b460219fc0;e0bdcbcb-395f-537a-bc35-1307f2460d8b;7411bacd-5df9-564b-9b42-7ea23775f9ba;4b7fae92-d99f-5a0e-a636-c52e18ce838b;4a2746a5-6fab-5a9b-ae20-9a1cf5e2368a;87790fbd-ae4b-53d4-ba45-85c63a5c4c49;3060263e-dff3-58a8-95ea-a5b859f444bf	3;4;8;14;18;19;22;23;33;40;41;47;48;50			aabea7368afe	mutation	2	84cd8501d39dfaa4	Qwen/Qwen3.6-35B-A3B	RefAMR	50	hybrid	2026-09-18T13:57:10Z		local	http://mango.cels.anl.gov:8004/v1	7ab77a6551da9f54
Acinetobacter baumannii	baeS	D360N	cefiderocol resistance	reported; measured	[3]	3	merged_variants:Assertion;off_target_gene	(2023) DOI:10.1128/msystems.01291-22		fbf2a69b-12ba-5fe8-9234-f80ad3fe247f;ea99a37c-1b02-5d20-8f44-97b460219fc0	3;11			aabea7368afe	mutation	2	84cd8501d39dfaa4	Qwen/Qwen3.6-35B-A3B	RefAMR	50	hybrid	2026-09-18T13:57:10Z		local	http://mango.cels.anl.gov:8004/v1	7ab77a6551da9f54
Acinetobacter baumannii	baeR	S104N	cefiderocol resistance	measured	[4]	10		(2023) DOI:10.1128/msystems.01291-22		fbf2a69b-12ba-5fe8-9234-f80ad3fe247f;cb6571d2-3865-51e0-908c-aa1dade572aa;ea99a37c-1b02-5d20-8f44-97b460219fc0;8f0a4414-498c-59c4-a6c5-43ce50be8c57;e0bdcbcb-395f-537a-bc35-1307f2460d8b;4b7fae92-d99f-5a0e-a636-c52e18ce838b;7411bacd-5df9-564b-9b42-7ea23775f9ba;4a2746a5-6fab-5a9b-ae20-9a1cf5e2368a;87790fbd-ae4b-53d4-ba45-85c63a5c4c49;3060263e-dff3-58a8-95ea-a5b859f444bf	4;14;23;29;36;41;45;47;49;50			66ea3f25fd67	mutation	2	84cd8501d39dfaa4	Qwen/Qwen3.6-35B-A3B	RefAMR	50	hybrid	2026-09-18T13:57:10Z		local	http://mango.cels.anl.gov:8004/v1	ce8e03c6da09dd80
Enterobacter asburiae	baeS	G212D	cefiderocol resistance	reported	[1]	1		(2023) DOI:10.1128/msystems.01291-22		fbf2a69b-12ba-5fe8-9234-f80ad3fe247f	1			8d8ef8f6a315	mutation	2	84cd8501d39dfaa4	Qwen/Qwen3.6-35B-A3B	RefAMR	50	hybrid	2026-09-18T13:57:11Z		local	http://mango.cels.anl.gov:8004/v1	97ae6c222a4f2d48
Enterobacter asburiae	baeS	A71T	cefiderocol resistance	reported	[1]	1		(2023) DOI:10.1128/msystems.01291-22		fbf2a69b-12ba-5fe8-9234-f80ad3fe247f	1			8d8ef8f6a315	mutation	2	84cd8501d39dfaa4	Qwen/Qwen3.6-35B-A3B	RefAMR	50	hybrid	2026-09-18T13:57:11Z		local	http://mango.cels.anl.gov:8004/v1	97ae6c222a4f2d48
Enterobacter asburiae	baeS	D89V	cefiderocol resistance	reported; measured	[1]	2	merged_variants:Assertion	(2023) DOI:10.1128/msystems.01291-22		fbf2a69b-12ba-5fe8-9234-f80ad3fe247f	1			8d8ef8f6a315	mutation	2	84cd8501d39dfaa4	Qwen/Qwen3.6-35B-A3B	RefAMR	50	hybrid	2026-09-18T13:57:11Z		local	http://mango.cels.anl.gov:8004/v1	97ae6c222a4f2d48
Enterobacter asburiae	baeS	D360N	cefiderocol resistance	reported	[1]	1		(2023) DOI:10.1128/msystems.01291-22		fbf2a69b-12ba-5fe8-9234-f80ad3fe247f	1			8d8ef8f6a315	mutation	2	84cd8501d39dfaa4	Qwen/Qwen3.6-35B-A3B	RefAMR	50	hybrid	2026-09-18T13:57:11Z		local	http://mango.cels.anl.gov:8004/v1	97ae6c222a4f2d48
Escherichia	baeR	S104N	cefiderocol resistance	measured; reported	3	30	merged_variants:Assertion	(2023) DOI:10.1128/msystems.01291-22		fbf2a69b-12ba-5fe8-9234-f80ad3fe247f;8f0a4414-498c-59c4-a6c5-43ce50be8c57;cf49d394-1873-58d0-9657-7b06cbc9ff2f;e07395b2-6a26-574a-9b5c-02cef022b866;7411bacd-5df9-564b-9b42-7ea23775f9ba;4a2746a5-6fab-5a9b-ae20-9a1cf5e2368a;6e29a3e6-1e9e-554b-a931-f484c0cb5997;3060263e-dff3-58a8-95ea-a5b859f444bf;ea99a37c-1b02-5d20-8f44-97b460219fc0;39a13a8d-ebcf-5545-b3fd-500cc434c42b;2664a12e-4ac5-5e89-93c0-88b62c0d8b81	3;16;17;19;28;29;30;36;38;48;50			2a38e79f95c7	mutation	2	84cd8501d39dfaa4	Qwen/Qwen3.6-35B-A3B	RefAMR	50	hybrid	2026-09-18T13:57:12Z		local	http://mango.cels.anl.gov:8004/v1	2bd3e0fcfdfd3634
Klebsiella pneumoniae	baeS	G212D	cefiderocol resistance	reported	[3]	2		(2023) DOI:10.1128/msystems.01291-22		fbf2a69b-12ba-5fe8-9234-f80ad3fe247f;7411bacd-5df9-564b-9b42-7ea23775f9ba	3;42			bc0d0fcd3a19	mutation	2	84cd8501d39dfaa4	Qwen/Qwen3.6-35B-A3B	RefAMR	50	hybrid	2026-09-18T13:57:14Z		local	http://mango.cels.anl.gov:8004/v1	7f83ef5821a08eaf
Klebsiella pneumoniae	baeS	A71T	cefiderocol resistance	reported	[3]	2		(2023) DOI:10.1128/msystems.01291-22		fbf2a69b-12ba-5fe8-9234-f80ad3fe247f;7411bacd-5df9-564b-9b42-7ea23775f9ba	3;42			bc0d0fcd3a19	mutation	2	84cd8501d39dfaa4	Qwen/Qwen3.6-35B-A3B	RefAMR	50	hybrid	2026-09-18T13:57:14Z		local	http://mango.cels.anl.gov:8004/v1	7f83ef5821a08eaf
Klebsiella pneumoniae	baeS	D89V	cefiderocol resistance	reported; measured	[3]	3	merged_variants:Assertion	(2023) DOI:10.1128/msystems.01291-22		fbf2a69b-12ba-5fe8-9234-f80ad3fe247f;ea5d0b3b-bc7f-5ae0-aab2-bf613c322c64;8f0a4414-498c-59c4-a6c5-43ce50be8c57	3;16;23			bc0d0fcd3a19	mutation	2	84cd8501d39dfaa4	Qwen/Qwen3.6-35B-A3B	RefAMR	50	hybrid	2026-09-18T13:57:14Z		local	http://mango.cels.anl.gov:8004/v1	7f83ef5821a08eaf
Klebsiella pneumoniae	baeS	D360N	cefiderocol resistance	reported	[3]	1		(2023) DOI:10.1128/msystems.01291-22		fbf2a69b-12ba-5fe8-9234-f80ad3fe247f	3			bc0d0fcd3a19	mutation	2	84cd8501d39dfaa4	Qwen/Qwen3.6-35B-A3B	RefAMR	50	hybrid	2026-09-18T13:57:14Z		local	http://mango.cels.anl.gov:8004/v1	7f83ef5821a08eaf
Escherichia	basR	G53E	Antimicrobial resistance	measured; reported	9	2	merged_variants:Assertion	[9]; [35]		2d8b191c-14af-56a4-9659-a74a6114b357;f6236bdc-8a21-586e-b47c-3c407cbbfdfb	9;35			8632f02b1302	mutation	2	84cd8501d39dfaa4	Qwen/Qwen3.6-35B-A3B	RefAMR	50	hybrid	2026-09-18T13:57:14Z		local	http://mango.cels.anl.gov:8004/v1	45fcc6ab764189d3
Escherichia	basR	A80V	Colistin resistance	reported	28	2		(2020) DOI:10.2147/IDR.S260766		d3f0efbe-25e2-51f6-9e5d-8fe7a124b68b;5a811359-75b2-5da3-8aa9-4c6b6c024a79	28;33			8632f02b1302	mutation	2	84cd8501d39dfaa4	Qwen/Qwen3.6-35B-A3B	RefAMR	50	hybrid	2026-09-18T13:57:14Z		local	http://mango.cels.anl.gov:8004/v1	45fcc6ab764189d3
Burkholderia pseudomallei	bpeR	AmrRΔP81-H223	meropenem resistance	reported	[4]	1		(2020) DOI:10.1016/j.ebiom.2020.103152		4306e15f-b5c4-54d7-a3a0-06f06573d4cb	4			2177bb828023	mutation	2	84cd8501d39dfaa4	Qwen/Qwen3.6-35B-A3B	RefAMR	50	hybrid	2026-09-18T13:57:15Z		local	http://mango.cels.anl.gov:8004/v1	bfc595c5be3aa2ae
Burkholderia pseudomallei	bpeR	AmrRG149fs	meropenem resistance	reported	[4]	1		(2020) DOI:10.1016/j.ebiom.2020.103152		4306e15f-b5c4-54d7-a3a0-06f06573d4cb	4			2177bb828023	mutation	2	84cd8501d39dfaa4	Qwen/Qwen3.6-35B-A3B	RefAMR	50	hybrid	2026-09-18T13:57:15Z		local	http://mango.cels.anl.gov:8004/v1	bfc595c5be3aa2ae
Enterobacter cloacae	baeS	G212D	cefiderocol resistance	reported	[2]	2		(2023) DOI:10.1128/msystems.01291-22		fbf2a69b-12ba-5fe8-9234-f80ad3fe247f;ea99a37c-1b02-5d20-8f44-97b460219fc0	2;22			b83cbf25e8b8	mutation	2	84cd8501d39dfaa4	Qwen/Qwen3.6-35B-A3B	RefAMR	50	hybrid	2026-09-18T13:57:15Z		local	http://mango.cels.anl.gov:8004/v1	cf9119f6e249c0d3
Enterobacter cloacae	baeS	A71T	cefiderocol resistance	reported	[2]	2		(2023) DOI:10.1128/msystems.01291-22		fbf2a69b-12ba-5fe8-9234-f80ad3fe247f;ea99a37c-1b02-5d20-8f44-97b460219fc0	2;22			b83cbf25e8b8	mutation	2	84cd8501d39dfaa4	Qwen/Qwen3.6-35B-A3B	RefAMR	50	hybrid	2026-09-18T13:57:15Z		local	http://mango.cels.anl.gov:8004/v1	cf9119f6e249c0d3
Enterobacter cloacae	baeS	D89V	cefiderocol resistance	reported; measured	[2]	6	merged_variants:Assertion	(2023) DOI:10.1128/msystems.01291-22		fbf2a69b-12ba-5fe8-9234-f80ad3fe247f;ea99a37c-1b02-5d20-8f44-97b460219fc0;ca493dbc-9a12-58bc-b424-f61bdeddede7;7411bacd-5df9-564b-9b42-7ea23775f9ba;3060263e-dff3-58a8-95ea-a5b859f444bf	2;22;31;32;36			b83cbf25e8b8	mutation	2	84cd8501d39dfaa4	Qwen/Qwen3.6-35B-A3B	RefAMR	50	hybrid	2026-09-18T13:57:15Z		local	http://mango.cels.anl.gov:8004/v1	cf9119f6e249c0d3
Enterobacter cloacae	baeS	D360N	cefiderocol resistance	reported	[2]	2		(2023) DOI:10.1128/msystems.01291-22		fbf2a69b-12ba-5fe8-9234-f80ad3fe247f;ea99a37c-1b02-5d20-8f44-97b460219fc0	2;22			b83cbf25e8b8	mutation	2	84cd8501d39dfaa4	Qwen/Qwen3.6-35B-A3B	RefAMR	50	hybrid	2026-09-18T13:57:15Z		local	http://mango.cels.anl.gov:8004/v1	cf9119f6e249c0d3
Enterobacter cloacae	baeS		temocillin resistance	reported	[1]	4	missing:Mutation	(2023) DOI:10.1093/jac/dkae021		de4d7474-0d2e-54c9-b894-ec49026f2ab6;f53a7758-aba7-51a4-b974-51f8a1cd9cd7;f72aac58-1de6-5f3e-af2d-4afc30d48efe;5958af6b-5e90-558c-acec-03dd920c4d45	1;3;13;24			b83cbf25e8b8	mutation	2	84cd8501d39dfaa4	Qwen/Qwen3.6-35B-A3B	RefAMR	50	hybrid	2026-09-18T13:57:15Z		local	http://mango.cels.anl.gov:8004/v1	cf9119f6e249c0d3
Burkholderia pseudomallei	bpeT	800kb inversion affecting 3' end	Unusual antimicrobial susceptibility (SXTi)	reported	[17]	1		(2020) DOI:10.1016/j.ebiom.2020.103152		d9e4d740-778a-5bd2-9103-862dcf084824	17			79c67bb9cdd5	mutation	2	84cd8501d39dfaa4	Qwen/Qwen3.6-35B-A3B	RefAMR	50	hybrid	2026-09-18T13:57:16Z		local	http://mango.cels.anl.gov:8004/v1	d478d108ce763f2b
Burkholderia pseudomallei	bpeT	T314 frameshift (truncation from 334 to 330 residues)	TMP/SMX resistance (unclear role)	reported	[7]	1		(2017)		b1abb475-243d-5138-8646-f6e32ddeb3f2	7			79c67bb9cdd5	mutation	2	84cd8501d39dfaa4	Qwen/Qwen3.6-35B-A3B	RefAMR	50	hybrid	2026-09-18T13:57:16Z		local	http://mango.cels.anl.gov:8004/v1	d478d108ce763f2b
Burkholderia pseudomallei	bpeT		Stepwise mutation	flagged	[42]	1	missing:Mutation	(2020) DOI:10.1016/j.ebiom.2020.103152		4426f67c-bd23-5aea-9ca5-960d6b7a1c9d	42			79c67bb9cdd5	mutation	2	84cd8501d39dfaa4	Qwen/Qwen3.6-35B-A3B	RefAMR	50	hybrid	2026-09-18T13:57:16Z		local	http://mango.cels.anl.gov:8004/v1	d478d108ce763f2b
Streptococcus pneumoniae	fabK		Intrinsic TCS resistance	reported	8	1	missing:Mutation;off_target_gene	(2020) DOI:10.1099/mgen.0.000553		2333846c-6a45-559c-aa16-52b20adeeabe	8			76dcd8cd415e	mutation	2	84cd8501d39dfaa4	Qwen/Qwen3.6-35B-A3B	RefAMR	50	hybrid	2026-09-18T13:57:18Z		local	http://mango.cels.anl.gov:8004/v1	6c2968990b845e2e
Streptococcus pneumoniae	rpsC		Tigecycline resistance	reported	18	1	missing:Mutation;off_target_gene	(2021) DOI:10.3389/fmicb.2021.663835		d8b183d9-7f8f-51f8-a9fd-23118b3569f6	18			76dcd8cd415e	mutation	2	84cd8501d39dfaa4	Qwen/Qwen3.6-35B-A3B	RefAMR	50	hybrid	2026-09-18T13:57:18Z		local	http://mango.cels.anl.gov:8004/v1	6c2968990b845e2e
Streptococcus pneumoniae	rpsJ		Tigecycline resistance	reported	18	1	missing:Mutation;off_target_gene	(2021) DOI:10.3389/fmicb.2021.663835		d8b183d9-7f8f-51f8-a9fd-23118b3569f6	18			76dcd8cd415e	mutation	2	84cd8501d39dfaa4	Qwen/Qwen3.6-35B-A3B	RefAMR	50	hybrid	2026-09-18T13:57:18Z		local	http://mango.cels.anl.gov:8004/v1	6c2968990b845e2e
Streptococcus pneumoniae	pblA		Increased resistance to aminoglycoside antibiotics; Increased resistance to meropenem; Increased virulence	measured	4	3	missing:Mutation;off_target_gene;merged_variants:Phenotype	(2022)		e1584cb1-7a5c-5648-9ca3-220499543003	4			76dcd8cd415e	mutation	2	84cd8501d39dfaa4	Qwen/Qwen3.6-35B-A3B	RefAMR	50	hybrid	2026-09-18T13:57:18Z		local	http://mango.cels.anl.gov:8004/v1	6c2968990b845e2e
Streptococcus pneumoniae	dhps		Sulfonamide resistance	reported	16	2	missing:Mutation;off_target_gene	(2018) DOI:10.3389/fmicb.2018.01369		1c5d7f02-bfcf-5daf-a3aa-f3c2ee9def72;6c7cfef3-31e8-55a4-8ad2-27466f7f19c0	16;17			76dcd8cd415e	mutation	2	84cd8501d39dfaa4	Qwen/Qwen3.6-35B-A3B	RefAMR	50	hybrid	2026-09-18T13:57:18Z		local	http://mango.cels.anl.gov:8004/v1	6c2968990b845e2e
Escherichia	baeS	G212D	cefiderocol resistance	reported	[2]	3		(2023) DOI:10.1128/msystems.01291-22		fbf2a69b-12ba-5fe8-9234-f80ad3fe247f;ea99a37c-1b02-5d20-8f44-97b460219fc0	2;24			2169d88aa2fb	mutation	2	84cd8501d39dfaa4	Qwen/Qwen3.6-35B-A3B	RefAMR	50	hybrid	2026-09-18T13:57:21Z		local	http://mango.cels.anl.gov:8004/v1	58e2dfcf41a96ea1
Escherichia	baeS	A71T	cefiderocol resistance	reported	[2]	3		(2023) DOI:10.1128/msystems.01291-22		fbf2a69b-12ba-5fe8-9234-f80ad3fe247f;ea99a37c-1b02-5d20-8f44-97b460219fc0	2;24			2169d88aa2fb	mutation	2	84cd8501d39dfaa4	Qwen/Qwen3.6-35B-A3B	RefAMR	50	hybrid	2026-09-18T13:57:21Z		local	http://mango.cels.anl.gov:8004/v1	58e2dfcf41a96ea1
Escherichia	baeS	D89V	cefiderocol resistance (8-fold MIC increase); cefiderocol resistance	reported; measured	[2]	5	merged_variants:Phenotype;merged_variants:Assertion	(2023) DOI:10.1128/msystems.01291-22		fbf2a69b-12ba-5fe8-9234-f80ad3fe247f;ea99a37c-1b02-5d20-8f44-97b460219fc0;3060263e-dff3-58a8-95ea-a5b859f444bf	2;24;37			2169d88aa2fb	mutation	2	84cd8501d39dfaa4	Qwen/Qwen3.6-35B-A3B	RefAMR	50	hybrid	2026-09-18T13:57:21Z		local	http://mango.cels.anl.gov:8004/v1	58e2dfcf41a96ea1
Escherichia	baeS	D360N	cefiderocol resistance	reported	[2]	3		(2023) DOI:10.1128/msystems.01291-22		fbf2a69b-12ba-5fe8-9234-f80ad3fe247f;ea99a37c-1b02-5d20-8f44-97b460219fc0	2;24			2169d88aa2fb	mutation	2	84cd8501d39dfaa4	Qwen/Qwen3.6-35B-A3B	RefAMR	50	hybrid	2026-09-18T13:57:21Z		local	http://mango.cels.anl.gov:8004/v1	58e2dfcf41a96ea1
Escherichia	baeS	S167I	Antimicrobial resistance (temocillin); temocillin resistance; antimicrobial resistance	reported	[4]	4	merged_variants:Phenotype;off_target_gene	(2023) DOI:10.1093/jac/dkae021		9be68a16-de48-5da5-9343-328ef479f739	4			2169d88aa2fb	mutation	2	84cd8501d39dfaa4	Qwen/Qwen3.6-35B-A3B	RefAMR	50	hybrid	2026-09-18T13:57:21Z		local	http://mango.cels.anl.gov:8004/v1	58e2dfcf41a96ea1
Escherichia	baeS	V270G	temocillin resistance	reported	[4]	2		(2023) DOI:10.1093/jac/dkae021		9be68a16-de48-5da5-9343-328ef479f739	4			2169d88aa2fb	mutation	2	84cd8501d39dfaa4	Qwen/Qwen3.6-35B-A3B	RefAMR	50	hybrid	2026-09-18T13:57:21Z		local	http://mango.cels.anl.gov:8004/v1	58e2dfcf41a96ea1
Escherichia	baeS	D156N	temocillin resistance	reported	[4]	2		(2023) DOI:10.1093/jac/dkae021		9be68a16-de48-5da5-9343-328ef479f739	4			2169d88aa2fb	mutation	2	84cd8501d39dfaa4	Qwen/Qwen3.6-35B-A3B	RefAMR	50	hybrid	2026-09-18T13:57:21Z		local	http://mango.cels.anl.gov:8004/v1	58e2dfcf41a96ea1
Escherichia	baeS	6 bp deletion (positions 2156469-2156476)	temocillin resistance	reported	[4]	2		(2023) DOI:10.1093/jac/dkae021		9be68a16-de48-5da5-9343-328ef479f739	4			2169d88aa2fb	mutation	2	84cd8501d39dfaa4	Qwen/Qwen3.6-35B-A3B	RefAMR	50	hybrid	2026-09-18T13:57:21Z		local	http://mango.cels.anl.gov:8004/v1	58e2dfcf41a96ea1
Escherichia	baeS	ΔbaeS	temocillin resistance (8-fold MIC increase); temocillin resistance (MIC 4 to 32 mg/L); temocillin resistance	measured; reported	[5]	8	merged_variants:Phenotype;merged_variants:Assertion	(2023) DOI:10.1093/jac/dkae021		2a7cd2e8-11f0-5d43-b58c-f4aebbec9d42;0bb84c93-2d7e-530d-9131-5b9ec0b618fe;3a6ac229-f0c6-53ef-94bc-6cb4493deeb3;f72aac58-1de6-5f3e-af2d-4afc30d48efe	5;9;17;19			2169d88aa2fb	mutation	2	84cd8501d39dfaa4	Qwen/Qwen3.6-35B-A3B	RefAMR	50	hybrid	2026-09-18T13:57:21Z		local	http://mango.cels.anl.gov:8004/v1	58e2dfcf41a96ea1
Enterococcus faecalis	cls	N13I	antimicrobial resistance	reported	[5]	1		(2018) DOI:10.1371/journal.pone.0209785		600a4776-fee5-50dc-bf1d-b9ff20d92dd9	5			9c9f7e6e34b9	mutation	2	84cd8501d39dfaa4	Qwen/Qwen3.6-35B-A3B	RefAMR	50	hybrid	2026-09-18T13:57:22Z		local	http://mango.cels.anl.gov:8004/v1	308cf759fa46d5f0
Enterococcus faecalis	cls	N13T	antimicrobial resistance	reported	[5]	1		(2018) DOI:10.1371/journal.pone.0209785		600a4776-fee5-50dc-bf1d-b9ff20d92dd9	5			9c9f7e6e34b9	mutation	2	84cd8501d39dfaa4	Qwen/Qwen3.6-35B-A3B	RefAMR	50	hybrid	2026-09-18T13:57:22Z		local	http://mango.cels.anl.gov:8004/v1	308cf759fa46d5f0
Enterococcus faecalis	cls	A20D	antimicrobial resistance	reported	[5]	1		(2018) DOI:10.1371/journal.pone.0209785		600a4776-fee5-50dc-bf1d-b9ff20d92dd9	5			9c9f7e6e34b9	mutation	2	84cd8501d39dfaa4	Qwen/Qwen3.6-35B-A3B	RefAMR	50	hybrid	2026-09-18T13:57:22Z		local	http://mango.cels.anl.gov:8004/v1	308cf759fa46d5f0
Enterococcus faecalis	cls	H215R	antimicrobial resistance	reported	[5]	1		(2018) DOI:10.1371/journal.pone.0209785		600a4776-fee5-50dc-bf1d-b9ff20d92dd9	5			9c9f7e6e34b9	mutation	2	84cd8501d39dfaa4	Qwen/Qwen3.6-35B-A3B	RefAMR	50	hybrid	2026-09-18T13:57:22Z		local	http://mango.cels.anl.gov:8004/v1	308cf759fa46d5f0
Enterococcus faecalis	cls	R218Q	antimicrobial resistance	reported	[5]	1		(2018) DOI:10.1371/journal.pone.0209785		600a4776-fee5-50dc-bf1d-b9ff20d92dd9	5			9c9f7e6e34b9	mutation	2	84cd8501d39dfaa4	Qwen/Qwen3.6-35B-A3B	RefAMR	50	hybrid	2026-09-18T13:57:22Z		local	http://mango.cels.anl.gov:8004/v1	308cf759fa46d5f0
Escherichia	cirA	p.Y253CfsTer5	cefiderocol resistance	reported	[9]	1		(2022) DOI:10.2807/1560-7917.ES.2022.27.43.2200795		7a282051-907a-57c2-bfc1-3f943c61fb1f	9			f9a59c862c36	mutation	2	84cd8501d39dfaa4	Qwen/Qwen3.6-35B-A3B	RefAMR	50	hybrid	2026-09-18T13:57:22Z		local	http://mango.cels.anl.gov:8004/v1	e1cde34516d54f8f
Escherichia	cirA	c.1281del (p.D426Ter)	cefiderocol resistance	reported	[9]	1		(2022) DOI:10.2807/1560-7917.ES.2022.27.43.2200795		7a282051-907a-57c2-bfc1-3f943c61fb1f	9			f9a59c862c36	mutation	2	84cd8501d39dfaa4	Qwen/Qwen3.6-35B-A3B	RefAMR	50	hybrid	2026-09-18T13:57:22Z		local	http://mango.cels.anl.gov:8004/v1	e1cde34516d54f8f
Escherichia	cirA	n223T	cefiderocol resistance	reported	[9]	1		(2022) DOI:10.2807/1560-7917.ES.2022.27.43.2200795		7a282051-907a-57c2-bfc1-3f943c61fb1f	9	n223T	c.223G>T (G75W)	f9a59c862c36	mutation	2	84cd8501d39dfaa4	Qwen/Qwen3.6-35B-A3B	RefAMR	50	hybrid	2026-09-18T13:57:22Z		local	http://mango.cels.anl.gov:8004/v1	e1cde34516d54f8f
Escherichia	cirA	c.761_767dup (p.Y253CfsTer5)	cefiderocol resistance	reported	[22]	1		(2022) DOI:10.2807/1560-7917.ES.2022.27.43.2200795		cb5de6fb-daa3-51ae-9ab6-1bed52b3c9aa	22			f9a59c862c36	mutation	2	84cd8501d39dfaa4	Qwen/Qwen3.6-35B-A3B	RefAMR	50	hybrid	2026-09-18T13:57:22Z		local	http://mango.cels.anl.gov:8004/v1	e1cde34516d54f8f
Escherichia	cirA	S90Y	cefiderocol resistance	reported	[17]	1		(2025) DOI:10.1007/s10096-025-05166-w		ccbdd32b-7fc3-5c37-9e74-90f70d5dcb7d	17	S90Y	S90Y (frameshift)	f9a59c862c36	mutation	2	84cd8501d39dfaa4	Qwen/Qwen3.6-35B-A3B	RefAMR	50	hybrid	2026-09-18T13:57:22Z		local	http://mango.cels.anl.gov:8004/v1	e1cde34516d54f8f
Escherichia	cirA	truncated at 109 aa	cefiderocol resistance	reported	[13]	1		(2022)		8fa0e30b-c56e-58aa-b24c-8e6dde91bb9d	13			f9a59c862c36	mutation	2	84cd8501d39dfaa4	Qwen/Qwen3.6-35B-A3B	RefAMR	50	hybrid	2026-09-18T13:57:22Z		local	http://mango.cels.anl.gov:8004/v1	e1cde34516d54f8f
Escherichia	cirA	termination codes	cefiderocol resistance	reported	[31]	1		(2022)		5db7fa33-8c29-5ad2-9277-34ce5c3c8583	31			f9a59c862c36	mutation	2	84cd8501d39dfaa4	Qwen/Qwen3.6-35B-A3B	RefAMR	50	hybrid	2026-09-18T13:57:22Z		local	http://mango.cels.anl.gov:8004/v1	e1cde34516d54f8f
Escherichia	cirA	deletion	cefiderocol resistance	measured	[18]	2		(2022); (2022)		2eed0508-97ce-593c-bb5b-68c3cbac12a3;8703b3d3-b3a7-5695-898d-bb880e0c8f6b	18;40			f9a59c862c36	mutation	2	84cd8501d39dfaa4	Qwen/Qwen3.6-35B-A3B	RefAMR	50	hybrid	2026-09-18T13:57:22Z		local	http://mango.cels.anl.gov:8004/v1	e1cde34516d54f8f
Escherichia	cirA	wild-type complementation	cefiderocol susceptibility	measured	[25]	3		(2022); (2022); (2022)		5996d627-aee2-5f5c-a1e6-942792c9ebd3;68a7b541-6d79-5d54-bcd3-1d287441758b;8703b3d3-b3a7-5695-898d-bb880e0c8f6b	25;26;40			f9a59c862c36	mutation	2	84cd8501d39dfaa4	Qwen/Qwen3.6-35B-A3B	RefAMR	50	hybrid	2026-09-18T13:57:22Z		local	http://mango.cels.anl.gov:8004/v1	e1cde34516d54f8f
Escherichia	cirA	nonsense mutation	cefiderocol resistance	reported	[37]	1		DOI:10.3201/eid2911.230921		a59d4650-a178-543d-8ad2-c68f371b4ec1	37			f9a59c862c36	mutation	2	84cd8501d39dfaa4	Qwen/Qwen3.6-35B-A3B	RefAMR	50	hybrid	2026-09-18T13:57:22Z		local	http://mango.cels.anl.gov:8004/v1	e1cde34516d54f8f
Escherichia	cirA	E133*	cefiderocol resistance	reported	[11]	1		DOI:10.3201/eid2911.230921		5e06c475-aba9-5a85-aebd-042ec59e9573	11	E133*	E133* (premature stop codon)	f9a59c862c36	mutation	2	84cd8501d39dfaa4	Qwen/Qwen3.6-35B-A3B	RefAMR	50	hybrid	2026-09-18T13:57:22Z		local	http://mango.cels.anl.gov:8004/v1	e1cde34516d54f8f
Campylobacter	cmeR	C514T	Antimicrobial resistance (carbapenem)	reported	[11]	1		(2023)		446bac26-de32-5975-8df8-4a2e0f0130a1	11	C514T	C514T (Pro172Ser)	eaf3dbfcace5	mutation	2	84cd8501d39dfaa4	Qwen/Qwen3.6-35B-A3B	RefAMR	50	hybrid	2026-09-18T13:57:24Z		local	http://mango.cels.anl.gov:8004/v1	1be2856c6e6b4de1
Campylobacter	cmeR	Nonsynonymous mutations (allele 33)	Low-level resistance to ertapenem	reported	[13]	1		(2023)		d6354045-5f7b-55a5-b199-33854d4a4758	13			eaf3dbfcace5	mutation	2	84cd8501d39dfaa4	Qwen/Qwen3.6-35B-A3B	RefAMR	50	hybrid	2026-09-18T13:57:24Z		local	http://mango.cels.anl.gov:8004/v1	1be2856c6e6b4de1
Campylobacter	cmeR	Nonsynonymous mutations	Antimicrobial resistance	reported	[1]	1		(2023)		68885442-575f-5413-bcf4-4b0fb8f1052b	1			eaf3dbfcace5	mutation	2	84cd8501d39dfaa4	Qwen/Qwen3.6-35B-A3B	RefAMR	50	hybrid	2026-09-18T13:57:24Z		local	http://mango.cels.anl.gov:8004/v1	1be2856c6e6b4de1
Enterococcus faecium	cls	N13T	daptomycin resistance	reported	[2]	3		(2018) DOI:10.1371/journal.pone.0209785		4655e953-332c-52de-8e99-8528d12e42b0;600a4776-fee5-50dc-bf1d-b9ff20d92dd9;74e3649d-f8f3-556e-8d66-a683bea84736	2;7;24			2bcf0ac06a66	mutation	2	84cd8501d39dfaa4	Qwen/Qwen3.6-35B-A3B	RefAMR	50	hybrid	2026-09-18T13:57:25Z		local	http://mango.cels.anl.gov:8004/v1	7933d5cc04f5b2c3
Enterococcus faecium	cls	N13I	daptomycin resistance	reported	[7]	1		(2018) DOI:10.1371/journal.pone.0209785		600a4776-fee5-50dc-bf1d-b9ff20d92dd9	7			2bcf0ac06a66	mutation	2	84cd8501d39dfaa4	Qwen/Qwen3.6-35B-A3B	RefAMR	50	hybrid	2026-09-18T13:57:25Z		local	http://mango.cels.anl.gov:8004/v1	7933d5cc04f5b2c3
Enterococcus faecium	cls	A20D	daptomycin resistance	reported	[7]	2		(2018) DOI:10.1371/journal.pone.0209785		600a4776-fee5-50dc-bf1d-b9ff20d92dd9;0c9436eb-5b0f-5594-ad69-d57e406a184d	7;27			2bcf0ac06a66	mutation	2	84cd8501d39dfaa4	Qwen/Qwen3.6-35B-A3B	RefAMR	50	hybrid	2026-09-18T13:57:25Z		local	http://mango.cels.anl.gov:8004/v1	7933d5cc04f5b2c3
Enterococcus faecium	cls	H215R	daptomycin resistance	reported	[7]	2		(2018) DOI:10.1371/journal.pone.0209785		600a4776-fee5-50dc-bf1d-b9ff20d92dd9;267f8661-980e-5ac5-a06d-d682295808c0	7;19			2bcf0ac06a66	mutation	2	84cd8501d39dfaa4	Qwen/Qwen3.6-35B-A3B	RefAMR	50	hybrid	2026-09-18T13:57:25Z		local	http://mango.cels.anl.gov:8004/v1	7933d5cc04f5b2c3
Enterococcus faecium	cls	R218Q	daptomycin resistance	reported	[7]	2		(2018) DOI:10.1371/journal.pone.0209785		600a4776-fee5-50dc-bf1d-b9ff20d92dd9;267f8661-980e-5ac5-a06d-d682295808c0	7;19			2bcf0ac06a66	mutation	2	84cd8501d39dfaa4	Qwen/Qwen3.6-35B-A3B	RefAMR	50	hybrid	2026-09-18T13:57:25Z		local	http://mango.cels.anl.gov:8004/v1	7933d5cc04f5b2c3
Pseudomonas aeruginosa	cmrA		MexEF-OprN hyperproduction leading to resistance to MER and FQ	reported	[31]	1	missing:Mutation	(2018) DOI:10.3389/fmicb.2018.00685		5eb39dc0-8eed-5c59-b9ec-54705f5a4675	31			c59483c5570f	mutation	2	84cd8501d39dfaa4	Qwen/Qwen3.6-35B-A3B	RefAMR	50	hybrid	2026-09-18T13:57:25Z		local	http://mango.cels.anl.gov:8004/v1	b39453a133e500ac
Klebsiella pneumoniae	cirA	E133	cefiderocol resistance	reported	[4]	3	off_target_gene	DOI:10.3201/eid2911.230921		5e06c475-aba9-5a85-aebd-042ec59e9573;1ba81101-3e81-5e13-85d4-81bf29b84100	4;30			8a36849cd525	mutation	2	84cd8501d39dfaa4	Qwen/Qwen3.6-35B-A3B	RefAMR	50	hybrid	2026-09-18T13:57:26Z		local	http://mango.cels.anl.gov:8004/v1	259d05e7db2c49da
Klebsiella pneumoniae	cirA	D426Ter	cefiderocol resistance	reported	[18]	2		(2022) DOI:10.2807/1560-7917.ES.2022.27.43.2200795		7a282051-907a-57c2-bfc1-3f943c61fb1f;3079dc8e-e2a8-527b-bd34-96999333b9cf	18;34			8a36849cd525	mutation	2	84cd8501d39dfaa4	Qwen/Qwen3.6-35B-A3B	RefAMR	50	hybrid	2026-09-18T13:57:26Z		local	http://mango.cels.anl.gov:8004/v1	259d05e7db2c49da
Klebsiella pneumoniae	cirA	G75W	cefiderocol resistance	reported	[18]	2		(2022) DOI:10.2807/1560-7917.ES.2022.27.43.2200795		7a282051-907a-57c2-bfc1-3f943c61fb1f;3079dc8e-e2a8-527b-bd34-96999333b9cf	18;34			8a36849cd525	mutation	2	84cd8501d39dfaa4	Qwen/Qwen3.6-35B-A3B	RefAMR	50	hybrid	2026-09-18T13:57:26Z		local	http://mango.cels.anl.gov:8004/v1	259d05e7db2c49da
Klebsiella pneumoniae	cirA	c.761_767dup	cefiderocol resistance	reported	[31]	1		(2022) DOI:10.2807/1560-7917.ES.2022.27.43.2200795		cb5de6fb-daa3-51ae-9ab6-1bed52b3c9aa	31			8a36849cd525	mutation	2	84cd8501d39dfaa4	Qwen/Qwen3.6-35B-A3B	RefAMR	50	hybrid	2026-09-18T13:57:26Z		local	http://mango.cels.anl.gov:8004/v1	259d05e7db2c49da
Klebsiella pneumoniae	cirA	c.1281del	cefiderocol resistance	reported	[18]	1		(2022) DOI:10.2807/1560-7917.ES.2022.27.43.2200795		7a282051-907a-57c2-bfc1-3f943c61fb1f	18			8a36849cd525	mutation	2	84cd8501d39dfaa4	Qwen/Qwen3.6-35B-A3B	RefAMR	50	hybrid	2026-09-18T13:57:26Z		local	http://mango.cels.anl.gov:8004/v1	259d05e7db2c49da
Klebsiella pneumoniae	cirA	nonsense mutation	cefiderocol resistance	reported	[3]	3		DOI:10.3201/eid2911.230921		a59d4650-a178-543d-8ad2-c68f371b4ec1;20d37260-5021-5b9e-b1a3-a4a0885fadc9;1faffb07-8ec5-5db4-98f8-de4bf5dff154	3;10;28			8a36849cd525	mutation	2	84cd8501d39dfaa4	Qwen/Qwen3.6-35B-A3B	RefAMR	50	hybrid	2026-09-18T13:57:26Z		local	http://mango.cels.anl.gov:8004/v1	259d05e7db2c49da
Klebsiella pneumoniae	cirA	premature stop codon	cefiderocol resistance	reported	[5]	1		(2022)		1f390eac-79eb-57d4-b242-b91b491a9061	5			8a36849cd525	mutation	2	84cd8501d39dfaa4	Qwen/Qwen3.6-35B-A3B	RefAMR	50	hybrid	2026-09-18T13:57:26Z		local	http://mango.cels.anl.gov:8004/v1	259d05e7db2c49da
Klebsiella pneumoniae	cirA	loss-of-function mutation	cefiderocol resistance	reported	[28]	1		DOI:10.3201/eid2911.230921		1faffb07-8ec5-5db4-98f8-de4bf5dff154	28			8a36849cd525	mutation	2	84cd8501d39dfaa4	Qwen/Qwen3.6-35B-A3B	RefAMR	50	hybrid	2026-09-18T13:57:26Z		local	http://mango.cels.anl.gov:8004/v1	259d05e7db2c49da
Klebsiella pneumoniae	cirA	truncation	cefiderocol resistance	reported	[42]	1		(2022)		5996d627-aee2-5f5c-a1e6-942792c9ebd3	42			8a36849cd525	mutation	2	84cd8501d39dfaa4	Qwen/Qwen3.6-35B-A3B	RefAMR	50	hybrid	2026-09-18T13:57:26Z		local	http://mango.cels.anl.gov:8004/v1	259d05e7db2c49da
Klebsiella pneumoniae	cirA	alteration	cefiderocol resistance	reported	[9]	4		DOI:10.3201/eid2911.230921; (2022) DOI:10.2807/1560-7917.ES.2022.27.43.2200795		52417b6a-4adf-5db7-94c6-fc29c1d74797;20d37260-5021-5b9e-b1a3-a4a0885fadc9;19a48552-5c20-519e-a965-ffef2c207ba0;cb5de6fb-daa3-51ae-9ab6-1bed52b3c9aa	9;10;29;31			8a36849cd525	mutation	2	84cd8501d39dfaa4	Qwen/Qwen3.6-35B-A3B	RefAMR	50	hybrid	2026-09-18T13:57:26Z		local	http://mango.cels.anl.gov:8004/v1	259d05e7db2c49da
Klebsiella pneumoniae	cirA	missense mutation	cefiderocol resistance	reported	[29]	1		(2022) DOI:10.2807/1560-7917.ES.2022.27.43.2200795		19a48552-5c20-519e-a965-ffef2c207ba0	29			8a36849cd525	mutation	2	84cd8501d39dfaa4	Qwen/Qwen3.6-35B-A3B	RefAMR	50	hybrid	2026-09-18T13:57:26Z		local	http://mango.cels.anl.gov:8004/v1	259d05e7db2c49da
Klebsiella pneumoniae	cirA	deletion	cefiderocol resistance	reported	[2]	1		(2022)		51baf2f0-f3af-5359-86cd-291b6deb78af	2			8a36849cd525	mutation	2	84cd8501d39dfaa4	Qwen/Qwen3.6-35B-A3B	RefAMR	50	hybrid	2026-09-18T13:57:26Z		local	http://mango.cels.anl.gov:8004/v1	259d05e7db2c49da
Pseudomonas aeruginosa	colS	A106V	Polymyxin resistance; colistin resistance	reported	[46]	3	merged_variants:Phenotype;off_target_gene	(2014) DOI:10.3389/fmicb.2014.00643; (2018) DOI:10.3389/fmicb.2018.00685		f875ded8-27c2-51ef-99c0-f91d7cda7a42;2d562cf7-1834-52b7-a61f-4372fef9e463	46;48			5efd10e41553	mutation	2	84cd8501d39dfaa4	Qwen/Qwen3.6-35B-A3B	RefAMR	50	hybrid	2026-09-18T13:57:26Z		local	http://mango.cels.anl.gov:8004/v1	1a9b2afd3d5adeea
Pseudomonas aeruginosa	cprS	R241C	polymyxin resistance; colistin resistance	reported	[49]	2	merged_variants:Phenotype;off_target_gene	(2014) DOI:10.3389/fmicb.2014.00643; (2018) DOI:10.3389/fmicb.2018.00685		f875ded8-27c2-51ef-99c0-f91d7cda7a42;2d562cf7-1834-52b7-a61f-4372fef9e463	46;49			73e0791762ec	mutation	2	84cd8501d39dfaa4	Qwen/Qwen3.6-35B-A3B	RefAMR	50	hybrid	2026-09-18T13:57:27Z		local	http://mango.cels.anl.gov:8004/v1	603a88050b5bc3eb
Enterobacter cloacae	cpxA		antimicrobial resistance	reported	32	1	missing:Mutation	(2024) DOI:10.1128/aac.01942-24		a442c81d-3653-5139-8415-3223011eb739	32			86d970c852e2	mutation	2	84cd8501d39dfaa4	Qwen/Qwen3.6-35B-A3B	RefAMR	50	hybrid	2026-09-18T13:57:28Z		local	http://mango.cels.anl.gov:8004/v1	41ba2c37f623d5f7
Enterobacter cloacae	mgrB	deletion	high-level colistin resistance; colistin resistance	measured; reported	12	15	off_target_gene;merged_variants:Assertion;merged_variants:Phenotype	(2020) DOI:10.3390/antibiotics9110825		e3e6d1e1-8b2f-544c-a9eb-934866e56a71;c34655d2-1870-59cd-8ae3-2cb783b889af;89932272-1d7d-5be1-aba4-33ef8d8aaa0f;d94a1e47-811b-5068-b1db-01bd350c6333;d8c8c71b-932d-5fd4-baf3-429ac7111c03;23f9b51b-000c-59df-a78e-2d5452ff357c;0128b139-ac2d-5a64-b886-8272c69eccb2;31eea65f-544e-59e2-9d19-427cf68422b8;ad45c335-9e12-539a-b711-a3b827afaff2;496f46cb-742a-50df-83c4-c2a3b17ff7bd;9be77a66-088a-5338-b5a4-717c558c2a68;ea1c4d98-d3af-52e6-9c6e-576ee0d443f4;ff8dcbcb-9d9f-5d11-9d48-c8f708a9e007	2;3;4;6;8;12;20;26;27;34;41;46;50			86d970c852e2	mutation	2	84cd8501d39dfaa4	Qwen/Qwen3.6-35B-A3B	RefAMR	50	hybrid	2026-09-18T13:57:28Z		local	http://mango.cels.anl.gov:8004/v1	41ba2c37f623d5f7
Staphylococcus aureus	cls	N13I	antimicrobial resistance; daptomycin resistance	reported	[15]	2	merged_variants:Phenotype	(2018) DOI:10.1371/journal.pone.0209785		296ed379-fa31-567b-9229-ac6596e92919;9098c05c-23fb-5958-be77-2b4c6653119b	15;49			786c2f93b739	mutation	2	84cd8501d39dfaa4	Qwen/Qwen3.6-35B-A3B	RefAMR	50	hybrid	2026-09-18T13:57:29Z		local	http://mango.cels.anl.gov:8004/v1	13e400e44d78db2b
Staphylococcus aureus	cls	N13S	antimicrobial resistance; daptomycin resistance	reported	[15]	2	merged_variants:Phenotype	(2018) DOI:10.1371/journal.pone.0209785		296ed379-fa31-567b-9229-ac6596e92919;9098c05c-23fb-5958-be77-2b4c6653119b	15;49			786c2f93b739	mutation	2	84cd8501d39dfaa4	Qwen/Qwen3.6-35B-A3B	RefAMR	50	hybrid	2026-09-18T13:57:29Z		local	http://mango.cels.anl.gov:8004/v1	13e400e44d78db2b
Staphylococcus aureus	cls	N13T	antimicrobial resistance; daptomycin resistance	reported	[15]	3	merged_variants:Phenotype	(2018) DOI:10.1371/journal.pone.0209785		296ed379-fa31-567b-9229-ac6596e92919;74e3649d-f8f3-556e-8d66-a683bea84736;9098c05c-23fb-5958-be77-2b4c6653119b	15;18;49			786c2f93b739	mutation	2	84cd8501d39dfaa4	Qwen/Qwen3.6-35B-A3B	RefAMR	50	hybrid	2026-09-18T13:57:29Z		local	http://mango.cels.anl.gov:8004/v1	13e400e44d78db2b
Staphylococcus aureus	cls	A20D	antimicrobial resistance; daptomycin resistance	reported	[15]	3	merged_variants:Phenotype	(2018) DOI:10.1371/journal.pone.0209785		296ed379-fa31-567b-9229-ac6596e92919;0c9436eb-5b0f-5594-ad69-d57e406a184d;9098c05c-23fb-5958-be77-2b4c6653119b	15;34;49			786c2f93b739	mutation	2	84cd8501d39dfaa4	Qwen/Qwen3.6-35B-A3B	RefAMR	50	hybrid	2026-09-18T13:57:29Z		local	http://mango.cels.anl.gov:8004/v1	13e400e44d78db2b
Staphylococcus aureus	cls	H215R	antimicrobial resistance; daptomycin resistance	reported	[15]	2	merged_variants:Phenotype	(2018) DOI:10.1371/journal.pone.0209785		296ed379-fa31-567b-9229-ac6596e92919;9098c05c-23fb-5958-be77-2b4c6653119b	15;49			786c2f93b739	mutation	2	84cd8501d39dfaa4	Qwen/Qwen3.6-35B-A3B	RefAMR	50	hybrid	2026-09-18T13:57:29Z		local	http://mango.cels.anl.gov:8004/v1	13e400e44d78db2b
Staphylococcus aureus	cls	R218Q	antimicrobial resistance; daptomycin resistance	reported	[15]	2	merged_variants:Phenotype	(2018) DOI:10.1371/journal.pone.0209785		296ed379-fa31-567b-9229-ac6596e92919;9098c05c-23fb-5958-be77-2b4c6653119b	15;49			786c2f93b739	mutation	2	84cd8501d39dfaa4	Qwen/Qwen3.6-35B-A3B	RefAMR	50	hybrid	2026-09-18T13:57:29Z		local	http://mango.cels.anl.gov:8004/v1	13e400e44d78db2b
Pseudomonas aeruginosa	colR	D32N	colistin resistance	reported	[46]	1		(2018) DOI:10.3389/fmicb.2018.00685		2d562cf7-1834-52b7-a61f-4372fef9e463	46			32bd52872e8a	mutation	2	84cd8501d39dfaa4	Qwen/Qwen3.6-35B-A3B	RefAMR	50	hybrid	2026-09-18T13:57:29Z		local	http://mango.cels.anl.gov:8004/v1	b88378ee8e31da89
Pseudomonas aeruginosa	pmrB	L14Q	colistin resistance	reported	[46]	1	off_target_gene	(2018) DOI:10.3389/fmicb.2018.00685		2d562cf7-1834-52b7-a61f-4372fef9e463	46			32bd52872e8a	mutation	2	84cd8501d39dfaa4	Qwen/Qwen3.6-35B-A3B	RefAMR	50	hybrid	2026-09-18T13:57:29Z		local	http://mango.cels.anl.gov:8004/v1	b88378ee8e31da89
Pseudomonas aeruginosa	pmrB	V101M	colistin resistance	reported	[46]	1	off_target_gene	(2018) DOI:10.3389/fmicb.2018.00685		2d562cf7-1834-52b7-a61f-4372fef9e463	46			32bd52872e8a	mutation	2	84cd8501d39dfaa4	Qwen/Qwen3.6-35B-A3B	RefAMR	50	hybrid	2026-09-18T13:57:29Z		local	http://mango.cels.anl.gov:8004/v1	b88378ee8e31da89
Pseudomonas aeruginosa	pmrB	L137P	colistin resistance	reported	[46]	1	off_target_gene	(2018) DOI:10.3389/fmicb.2018.00685		2d562cf7-1834-52b7-a61f-4372fef9e463	46			32bd52872e8a	mutation	2	84cd8501d39dfaa4	Qwen/Qwen3.6-35B-A3B	RefAMR	50	hybrid	2026-09-18T13:57:29Z		local	http://mango.cels.anl.gov:8004/v1	b88378ee8e31da89
Pseudomonas aeruginosa	pmrB	A138T	colistin resistance	reported	[46]	1	off_target_gene	(2018) DOI:10.3389/fmicb.2018.00685		2d562cf7-1834-52b7-a61f-4372fef9e463	46			32bd52872e8a	mutation	2	84cd8501d39dfaa4	Qwen/Qwen3.6-35B-A3B	RefAMR	50	hybrid	2026-09-18T13:57:29Z		local	http://mango.cels.anl.gov:8004/v1	b88378ee8e31da89
Pseudomonas aeruginosa	pmrB	A168V	colistin resistance	reported	[46]	1	off_target_gene	(2018) DOI:10.3389/fmicb.2018.00685		2d562cf7-1834-52b7-a61f-4372fef9e463	46			32bd52872e8a	mutation	2	84cd8501d39dfaa4	Qwen/Qwen3.6-35B-A3B	RefAMR	50	hybrid	2026-09-18T13:57:29Z		local	http://mango.cels.anl.gov:8004/v1	b88378ee8e31da89
Pseudomonas aeruginosa	pmrB	Q232E	colistin resistance	reported	[46]	1	off_target_gene	(2018) DOI:10.3389/fmicb.2018.00685		2d562cf7-1834-52b7-a61f-4372fef9e463	46			32bd52872e8a	mutation	2	84cd8501d39dfaa4	Qwen/Qwen3.6-35B-A3B	RefAMR	50	hybrid	2026-09-18T13:57:29Z		local	http://mango.cels.anl.gov:8004/v1	b88378ee8e31da89
Pseudomonas aeruginosa	pmrB	G361R	colistin resistance	reported	[46]	1	off_target_gene	(2018) DOI:10.3389/fmicb.2018.00685		2d562cf7-1834-52b7-a61f-4372fef9e463	46			32bd52872e8a	mutation	2	84cd8501d39dfaa4	Qwen/Qwen3.6-35B-A3B	RefAMR	50	hybrid	2026-09-18T13:57:29Z		local	http://mango.cels.anl.gov:8004/v1	b88378ee8e31da89
Pseudomonas aeruginosa	cpxR		Ceftolozane/tazobactam resistance and cross-resistance with meropenem; Enhances antibiotic resistance in nalB-type isolates	reported	[22]	2	missing:Mutation;merged_variants:Phenotype	(2024) DOI:10.1128/aac.01942-24; (2021) DOI:10.3389/fmicb.2021.659808		a442c81d-3653-5139-8415-3223011eb739;18c1de14-51b4-5d87-a290-e55e2da8b892	2;22			9eaca9c386d9	mutation	2	84cd8501d39dfaa4	Qwen/Qwen3.6-35B-A3B	RefAMR	50	hybrid	2026-09-18T13:57:30Z		local	http://mango.cels.anl.gov:8004/v1	c6b53b976822f01d
Pseudomonas aeruginosa	cpxS	V235A	Cefiderocol resistance	reported	[47]	1	off_target_gene	(2024) DOI:10.1128/aac.01942-24		7a4a0a49-98e4-541e-8f63-06c928a05100	47			9eaca9c386d9	mutation	2	84cd8501d39dfaa4	Qwen/Qwen3.6-35B-A3B	RefAMR	50	hybrid	2026-09-18T13:57:30Z		local	http://mango.cels.anl.gov:8004/v1	c6b53b976822f01d
Escherichia	cyaA		Antimicrobial resistance (fosfomycin)	reported	[20]	3	missing:Mutation	(2022) DOI:10.1093/jac/dkac236		fb9f7c91-1d03-5dac-926e-ebf41d118cbd;c22c15ec-21af-5ec7-824e-5c235a73a55c;4fc58290-6204-511f-adc5-2b3bab8e6a1e	20;24;29			c7d76af2521a	mutation	2	84cd8501d39dfaa4	Qwen/Qwen3.6-35B-A3B	RefAMR	50	hybrid	2026-09-18T13:57:31Z		local	http://mango.cels.anl.gov:8004/v1	86178b06986a80d9
Klebsiella pneumoniae	crrB	L296Q	antimicrobial resistance	reported	[27]	3		(2018) DOI:10.3389/fmicb.2018.01463; (2020) DOI:10.3390/antibiotics9050246		1ef4c7b9-4fe0-53ca-98fd-a2c444285d38;27b9399c-7fd6-5da2-8cf8-6fa7a169ac01;649fa96c-9ffd-53e9-8703-1dd9b26a034f	27;33;41			72fd742528eb	mutation	2	84cd8501d39dfaa4	Qwen/Qwen3.6-35B-A3B	RefAMR	50	hybrid	2026-09-18T13:57:31Z		local	http://mango.cels.anl.gov:8004/v1	1a433669cbe1b6ab
Klebsiella pneumoniae	crrB	D313N	antimicrobial resistance	predicted; reported	[23]	2	merged_variants:Assertion	(2021); (2021)		29b82100-8914-5fdf-b3ef-3dfe734afc8c;f1127457-30a8-5078-b460-a7e9d34f65f2	23;36			72fd742528eb	mutation	2	84cd8501d39dfaa4	Qwen/Qwen3.6-35B-A3B	RefAMR	50	hybrid	2026-09-18T13:57:31Z		local	http://mango.cels.anl.gov:8004/v1	1a433669cbe1b6ab
Klebsiella pneumoniae	crrB	A887T	antimicrobial resistance	reported	[41]	1		(2020) DOI:10.3390/antibiotics9050246		649fa96c-9ffd-53e9-8703-1dd9b26a034f	41			72fd742528eb	mutation	2	84cd8501d39dfaa4	Qwen/Qwen3.6-35B-A3B	RefAMR	50	hybrid	2026-09-18T13:57:31Z		local	http://mango.cels.anl.gov:8004/v1	1a433669cbe1b6ab
Klebsiella pneumoniae	crrB	A84C	antimicrobial resistance	reported	[41]	1		(2020) DOI:10.3390/antibiotics9050246		649fa96c-9ffd-53e9-8703-1dd9b26a034f	41			72fd742528eb	mutation	2	84cd8501d39dfaa4	Qwen/Qwen3.6-35B-A3B	RefAMR	50	hybrid	2026-09-18T13:57:31Z		local	http://mango.cels.anl.gov:8004/v1	1a433669cbe1b6ab
Clostridioides difficile	dacS	V183A	Reduced susceptibility to vancomycin	reported	[41]	1		(2023) DOI:10.1093/jac/dkae101		093b3977-873d-5626-a376-5adc9afa8849	41	V183A	dacS-p.V183A	ad099c2201f7	mutation	2	84cd8501d39dfaa4	Qwen/Qwen3.6-35B-A3B	RefAMR	50	hybrid	2026-09-18T13:57:31Z		local	http://mango.cels.anl.gov:8004/v1	83af582152ffab5d
Clostridioides difficile	dacS	E238D	Reduced susceptibility to vancomycin	reported	[41]	1		(2023) DOI:10.1093/jac/dkae101		093b3977-873d-5626-a376-5adc9afa8849	41	E238D	dacS-p.E238D	ad099c2201f7	mutation	2	84cd8501d39dfaa4	Qwen/Qwen3.6-35B-A3B	RefAMR	50	hybrid	2026-09-18T13:57:31Z		local	http://mango.cels.anl.gov:8004/v1	83af582152ffab5d
Burkholderia pseudomallei	dut	DutV77A	SXT resistance (false positive; isolate remained sensitive)	reported	[3]	1		(2020) DOI:10.1016/j.ebiom.2020.103152		4306e15f-b5c4-54d7-a3a0-06f06573d4cb	3			9d0a8d0cbe74	mutation	2	84cd8501d39dfaa4	Qwen/Qwen3.6-35B-A3B	RefAMR	50	hybrid	2026-09-18T13:57:33Z		local	http://mango.cels.anl.gov:8004/v1	e2971250b8600a14
Staphylococcus aureus	dfrB	F99Y	antimicrobial resistance	reported	[3]	1		(2022) DOI:10.1093/jac/dkad063		17093f42-76b0-55bf-afea-10adccc7090c	3			893297113d61	mutation	2	84cd8501d39dfaa4	Qwen/Qwen3.6-35B-A3B	RefAMR	50	hybrid	2026-09-18T13:57:34Z		local	http://mango.cels.anl.gov:8004/v1	2bcb0f8765520727
Staphylococcus aureus	dfrB	H150R	antimicrobial resistance	reported	[5]	1		(2022) DOI:10.1093/jac/dkad063		04a9795c-a963-5587-bcc4-48d8c09c8e1c	5			893297113d61	mutation	2	84cd8501d39dfaa4	Qwen/Qwen3.6-35B-A3B	RefAMR	50	hybrid	2026-09-18T13:57:34Z		local	http://mango.cels.anl.gov:8004/v1	2bcb0f8765520727
Staphylococcus aureus	dfrB	L21V	antimicrobial resistance	reported	[5]	1		(2022) DOI:10.1093/jac/dkad063		04a9795c-a963-5587-bcc4-48d8c09c8e1c	5			893297113d61	mutation	2	84cd8501d39dfaa4	Qwen/Qwen3.6-35B-A3B	RefAMR	50	hybrid	2026-09-18T13:57:34Z		local	http://mango.cels.anl.gov:8004/v1	2bcb0f8765520727
Staphylococcus aureus	dfrB	N60I	antimicrobial resistance	reported	[5]	1		(2022) DOI:10.1093/jac/dkad063		04a9795c-a963-5587-bcc4-48d8c09c8e1c	5			893297113d61	mutation	2	84cd8501d39dfaa4	Qwen/Qwen3.6-35B-A3B	RefAMR	50	hybrid	2026-09-18T13:57:34Z		local	http://mango.cels.anl.gov:8004/v1	2bcb0f8765520727
Staphylococcus aureus	dfrB	G73D	antimicrobial resistance	reported	[8]	1		(2022) DOI:10.1093/jac/dkad063		8eff142b-2726-57a4-9bff-21c81fd7b094	8			893297113d61	mutation	2	84cd8501d39dfaa4	Qwen/Qwen3.6-35B-A3B	RefAMR	50	hybrid	2026-09-18T13:57:34Z		local	http://mango.cels.anl.gov:8004/v1	2bcb0f8765520727
Enterococcus faecium	dltC	S63C	daptomycin resistance	reported	[10]	4		(2021) DOI:10.3389/fmicb.2021.749935		dac7ec70-be3d-519c-b998-3ae489ce2bcc;295740c8-2619-59f1-b1d0-8fd1574f62ae;39e359b2-551d-5341-a828-c0bbd459d235;1ba70c24-3ab7-59d6-88ae-6ca14273f6a3	10;11;17;35			45db0f8757ec	mutation	2	84cd8501d39dfaa4	Qwen/Qwen3.6-35B-A3B	RefAMR	50	hybrid	2026-09-18T13:57:34Z		local	http://mango.cels.anl.gov:8004/v1	254b8593d8389b01
Enterococcus faecium	dltC	S63F	daptomycin resistance	measured	[45]	1		(2021) DOI:10.3389/fmicb.2021.749935		5b80a7c9-4356-58ca-8889-4397ec5088fb	45			45db0f8757ec	mutation	2	84cd8501d39dfaa4	Qwen/Qwen3.6-35B-A3B	RefAMR	50	hybrid	2026-09-18T13:57:34Z		local	http://mango.cels.anl.gov:8004/v1	254b8593d8389b01
Enterococcus faecium	LiaS	T120A	antimicrobial resistance; daptomycin resistance	reported	[2]	13	off_target_gene;merged_variants:Phenotype	(2021) DOI:10.3389/fmicb.2021.749935; (2018) DOI:10.1371/journal.pone.0209785		620d87d6-df0a-58f1-9918-7e9d001782ee;4b0045ef-87b4-5baa-8b55-036fc841460a;0b1b81ea-73c3-5080-98c5-751725fe6642;d161eb8a-e561-55d0-b1da-d8df3a3aa506;39e359b2-551d-5341-a828-c0bbd459d235;1ba70c24-3ab7-59d6-88ae-6ca14273f6a3;718629f7-1b38-57ad-aeba-e283bf95f79e;1b537159-4f18-5153-bcab-db51f437a8ae;267f8661-980e-5ac5-a06d-d682295808c0;2ce6ed6b-7bab-5c72-8310-51913be70693;ee058ae5-2491-5657-ac87-3bd600d72b90	2;6;9;10;12;18;19;22;28;41;47			77e693623fac	mutation	2	84cd8501d39dfaa4	Qwen/Qwen3.6-35B-A3B	RefAMR	50	hybrid	2026-09-18T13:57:34Z		local	http://mango.cels.anl.gov:8004/v1	af9ea825df76dcea
Enterococcus faecium	LiaR	W73C	antimicrobial resistance; daptomycin resistance	reported	[2]	10	off_target_gene;merged_variants:Phenotype	(2021) DOI:10.3389/fmicb.2021.749935; (2018) DOI:10.1371/journal.pone.0209785		620d87d6-df0a-58f1-9918-7e9d001782ee;4b0045ef-87b4-5baa-8b55-036fc841460a;d161eb8a-e561-55d0-b1da-d8df3a3aa506;39e359b2-551d-5341-a828-c0bbd459d235;1ba70c24-3ab7-59d6-88ae-6ca14273f6a3;718629f7-1b38-57ad-aeba-e283bf95f79e;1814867c-feed-507b-85da-65c5e50a5895;267f8661-980e-5ac5-a06d-d682295808c0	2;9;12;13;17;19;23;45			77e693623fac	mutation	2	84cd8501d39dfaa4	Qwen/Qwen3.6-35B-A3B	RefAMR	50	hybrid	2026-09-18T13:57:34Z		local	http://mango.cels.anl.gov:8004/v1	af9ea825df76dcea
Enterococcus faecium	L4	N130K	antimicrobial resistance	reported	[4]	1	off_target_gene	(2020) DOI:10.3390/microorganisms8111839		ae64e820-d8ca-53bf-ae08-189224d48c70	4			77e693623fac	mutation	2	84cd8501d39dfaa4	Qwen/Qwen3.6-35B-A3B	RefAMR	50	hybrid	2026-09-18T13:57:34Z		local	http://mango.cels.anl.gov:8004/v1	af9ea825df76dcea
Pseudomonas aeruginosa	dacB	S315G	Antimicrobial resistance (beta-lactam)	reported	[27]	1		DOI:10.1038/s41598-017-05621-5		995bcefb-2cdc-5b58-b85c-1f880b6b7fb9	27			aa6b31d05b70	mutation	2	84cd8501d39dfaa4	Qwen/Qwen3.6-35B-A3B	RefAMR	50	hybrid	2026-09-18T13:57:36Z		local	http://mango.cels.anl.gov:8004/v1	a47c1159917468d0
Pseudomonas aeruginosa	dacB	W350R	Antimicrobial resistance (beta-lactam)	reported	[27]	1		DOI:10.1038/s41598-017-05621-5		995bcefb-2cdc-5b58-b85c-1f880b6b7fb9	27			aa6b31d05b70	mutation	2	84cd8501d39dfaa4	Qwen/Qwen3.6-35B-A3B	RefAMR	50	hybrid	2026-09-18T13:57:36Z		local	http://mango.cels.anl.gov:8004/v1	a47c1159917468d0
Pseudomonas aeruginosa	dacB		Antimicrobial resistance (beta-lactam)	reported	[5]	10	missing:Mutation	DOI:10.1093/jac/dkaa324; (2008) DOI:10.1371/journal.ppat.1000353; (2026) DOI:10.1128/aac.00346-26; (2022) DOI:10.1128/spectrum.00247-22; (2021)		8445b4ff-541f-5f5a-a9ea-83c0ca056f77;70a42d11-9d33-5aa4-a495-e5b2ab87be7c;9d9366ca-a356-5caa-ae01-28fa26c79951;14747869-55a9-58f6-93b9-03eec98a65ca;c01c810b-db6d-5fa7-818e-41ca353a0c40;b42e6ce5-da3b-52ab-a1e1-d3fd7d0b43d9;b1cacedc-e69f-5cd7-b648-aae16cb28135;f1c234ff-9b03-513f-aad9-8b762b0346ec;3d33900c-8d32-51ee-9124-3db04ee4b0ff;ee6d0393-504f-500b-9d93-77e592ba5218	5;8;9;13;14;15;23;34;40;48			aa6b31d05b70	mutation	2	84cd8501d39dfaa4	Qwen/Qwen3.6-35B-A3B	RefAMR	50	hybrid	2026-09-18T13:57:36Z		local	http://mango.cels.anl.gov:8004/v1	a47c1159917468d0
Escherichia	emrR		antimicrobial resistance	reported	5	2	missing:Mutation	(2017); (2017)		2715ef3e-1339-5f3d-9872-9a24792bccec;f5d81f51-8cee-5219-b5d5-70d4b69c9ee4	5;18			7bf849a30f8b	mutation	2	84cd8501d39dfaa4	Qwen/Qwen3.6-35B-A3B	RefAMR	50	hybrid	2026-09-18T13:57:36Z		local	http://mango.cels.anl.gov:8004/v1	f19b4ce0eda863fb
Escherichia	fabG	N243S	Antimicrobial resistance	reported	13	1		(2017)		5f8e9499-8565-5d06-8a45-61bb180aed20	13			1a74f99d0ab7	mutation	2	84cd8501d39dfaa4	Qwen/Qwen3.6-35B-A3B	RefAMR	50	hybrid	2026-09-18T13:57:36Z		local	http://mango.cels.anl.gov:8004/v1	4aaf0c52e58b15cd
Escherichia	fabG	T13A	Antimicrobial resistance	reported	13	1		(2017)		5f8e9499-8565-5d06-8a45-61bb180aed20	13			1a74f99d0ab7	mutation	2	84cd8501d39dfaa4	Qwen/Qwen3.6-35B-A3B	RefAMR	50	hybrid	2026-09-18T13:57:36Z		local	http://mango.cels.anl.gov:8004/v1	4aaf0c52e58b15cd
Escherichia	fabG	A154T	Antimicrobial resistance	reported	20	1		(2016) DOI:10.1038/srep32322		bcc22ef5-c984-54f9-bfe7-39c8dd04b6a8	20			1a74f99d0ab7	mutation	2	84cd8501d39dfaa4	Qwen/Qwen3.6-35B-A3B	RefAMR	50	hybrid	2026-09-18T13:57:36Z		local	http://mango.cels.anl.gov:8004/v1	4aaf0c52e58b15cd
Escherichia	fabG	E233K	Antimicrobial resistance	reported	20	1		(2016) DOI:10.1038/srep32322		bcc22ef5-c984-54f9-bfe7-39c8dd04b6a8	20			1a74f99d0ab7	mutation	2	84cd8501d39dfaa4	Qwen/Qwen3.6-35B-A3B	RefAMR	50	hybrid	2026-09-18T13:57:36Z		local	http://mango.cels.anl.gov:8004/v1	4aaf0c52e58b15cd
Klebsiella pneumoniae	envZ	R397H	Antimicrobial resistance (increased cefotaxime, chloramphenicol, tetracycline MICs); Reduced biofilm formation	measured; inferred	[44]	2	merged_variants:Phenotype;merged_variants:Assertion	DOI:10.1038/s44259-023-00001-8		279654eb-258e-54a1-a9b1-db1c92961178;12ed1f24-de39-5064-a765-cb14c756583c	42;44			eab8416deaef	mutation	2	84cd8501d39dfaa4	Qwen/Qwen3.6-35B-A3B	RefAMR	50	hybrid	2026-09-18T13:57:37Z		local	http://mango.cels.anl.gov:8004/v1	5576d7e4e10bbbb6
Klebsiella pneumoniae	envZ		Antimicrobial resistance (mutations in envZ can cause high-level carbapenem resistance)	reported	[10]	1	missing:Mutation	(2020) DOI:10.1186/s13073-019-0699-6		4a2b2790-2810-50b5-88a6-1328715e5be1	10			eab8416deaef	mutation	2	84cd8501d39dfaa4	Qwen/Qwen3.6-35B-A3B	RefAMR	50	hybrid	2026-09-18T13:57:37Z		local	http://mango.cels.anl.gov:8004/v1	5576d7e4e10bbbb6
Haemophilus influenzae	folA	N13S	antimicrobial resistance	reported	[7]	1		[7]		97b52204-1521-5ec4-8544-98d57ce3ea02	7			665128c3b892	mutation	2	84cd8501d39dfaa4	Qwen/Qwen3.6-35B-A3B	RefAMR	50	hybrid	2026-09-18T13:57:38Z		local	http://mango.cels.anl.gov:8004/v1	29b6c2eebca25d5e
Haemophilus influenzae	folA	I95L	antimicrobial resistance	reported	[7]	1		[7]		97b52204-1521-5ec4-8544-98d57ce3ea02	7			665128c3b892	mutation	2	84cd8501d39dfaa4	Qwen/Qwen3.6-35B-A3B	RefAMR	50	hybrid	2026-09-18T13:57:38Z		local	http://mango.cels.anl.gov:8004/v1	29b6c2eebca25d5e
Haemophilus influenzae	folA		antimicrobial resistance	reported	[2]	4	missing:Mutation	[2]; [5]; [6]; [9]		338275b6-891f-5dcd-b1f9-a9a715c88b68;ff1d308a-97be-5905-b73e-cbbc506fa12d;add2e6e7-8f81-56c9-9e8d-b6ae0adbb3cf;5698f069-a781-57b3-8263-e9e433dc8337	2;5;6;9			665128c3b892	mutation	2	84cd8501d39dfaa4	Qwen/Qwen3.6-35B-A3B	RefAMR	50	hybrid	2026-09-18T13:57:38Z		local	http://mango.cels.anl.gov:8004/v1	29b6c2eebca25d5e
Staphylococcus aureus	fexA	G98C	Increased florfenicol MIC (one twofold dilution step) compared to empty recipient	measured	[9]	2		(2021) DOI:10.3389/fmicb.2021.794435		10e1bb4e-dd60-5fab-9908-57a9dde1e0af	9			54294c77fe96	mutation	2	84cd8501d39dfaa4	Qwen/Qwen3.6-35B-A3B	RefAMR	50	hybrid	2026-09-18T13:57:39Z		local	http://mango.cels.anl.gov:8004/v1	2e473ee49ebf03c1
Staphylococcus aureus	fexA	C110T	No significant reduction in florfenicol MIC compared to prototype fexA	measured	[4]	1		(2021) DOI:10.3389/fmicb.2021.794435		9bae4a95-4f1e-5296-9022-bf7e6ce6e8e8	4			54294c77fe96	mutation	2	84cd8501d39dfaa4	Qwen/Qwen3.6-35B-A3B	RefAMR	50	hybrid	2026-09-18T13:57:39Z		local	http://mango.cels.anl.gov:8004/v1	2e473ee49ebf03c1
Staphylococcus aureus	fexA	A391G	No significant reduction in florfenicol MIC compared to prototype fexA	measured	[4]	2		(2021) DOI:10.3389/fmicb.2021.794435		9bae4a95-4f1e-5296-9022-bf7e6ce6e8e8	4			54294c77fe96	mutation	2	84cd8501d39dfaa4	Qwen/Qwen3.6-35B-A3B	RefAMR	50	hybrid	2026-09-18T13:57:39Z		local	http://mango.cels.anl.gov:8004/v1	2e473ee49ebf03c1
Escherichia	fabI	G93A	antimicrobial resistance	reported	4	1		(2016) DOI:10.1038/srep32322		050aa823-71b2-599e-8055-d820053fe251	4			24f31ae84514	mutation	2	84cd8501d39dfaa4	Qwen/Qwen3.6-35B-A3B	RefAMR	50	hybrid	2026-09-18T13:57:40Z		local	http://mango.cels.anl.gov:8004/v1	c544e266c6357e10
Escherichia	fabI	F203A	antimicrobial resistance	reported	4	1		(2016) DOI:10.1038/srep32322		050aa823-71b2-599e-8055-d820053fe251	4			24f31ae84514	mutation	2	84cd8501d39dfaa4	Qwen/Qwen3.6-35B-A3B	RefAMR	50	hybrid	2026-09-18T13:57:40Z		local	http://mango.cels.anl.gov:8004/v1	c544e266c6357e10
Escherichia	fabI	F203V	antimicrobial resistance	reported	4	1		(2016) DOI:10.1038/srep32322		050aa823-71b2-599e-8055-d820053fe251	4			24f31ae84514	mutation	2	84cd8501d39dfaa4	Qwen/Qwen3.6-35B-A3B	RefAMR	50	hybrid	2026-09-18T13:57:40Z		local	http://mango.cels.anl.gov:8004/v1	c544e266c6357e10
Escherichia	fabI	G93V	antimicrobial resistance	reported	4	1		(2016) DOI:10.1038/srep32322		050aa823-71b2-599e-8055-d820053fe251	4			24f31ae84514	mutation	2	84cd8501d39dfaa4	Qwen/Qwen3.6-35B-A3B	RefAMR	50	hybrid	2026-09-18T13:57:40Z		local	http://mango.cels.anl.gov:8004/v1	c544e266c6357e10
Escherichia	fabI	G93S	antimicrobial resistance	reported	4	1		(2016) DOI:10.1038/srep32322		050aa823-71b2-599e-8055-d820053fe251	4			24f31ae84514	mutation	2	84cd8501d39dfaa4	Qwen/Qwen3.6-35B-A3B	RefAMR	50	hybrid	2026-09-18T13:57:40Z		local	http://mango.cels.anl.gov:8004/v1	c544e266c6357e10
Escherichia	fabI	M159T	antimicrobial resistance	reported	4	1		(2016) DOI:10.1038/srep32322		050aa823-71b2-599e-8055-d820053fe251	4			24f31ae84514	mutation	2	84cd8501d39dfaa4	Qwen/Qwen3.6-35B-A3B	RefAMR	50	hybrid	2026-09-18T13:57:40Z		local	http://mango.cels.anl.gov:8004/v1	c544e266c6357e10
Escherichia	fabI	F203L	antimicrobial resistance	reported	4	1		(2016) DOI:10.1038/srep32322		050aa823-71b2-599e-8055-d820053fe251	4			24f31ae84514	mutation	2	84cd8501d39dfaa4	Qwen/Qwen3.6-35B-A3B	RefAMR	50	hybrid	2026-09-18T13:57:40Z		local	http://mango.cels.anl.gov:8004/v1	c544e266c6357e10
Escherichia	fabI	F203C	antimicrobial resistance	reported	4	1		(2016) DOI:10.1038/srep32322		050aa823-71b2-599e-8055-d820053fe251	4			24f31ae84514	mutation	2	84cd8501d39dfaa4	Qwen/Qwen3.6-35B-A3B	RefAMR	50	hybrid	2026-09-18T13:57:40Z		local	http://mango.cels.anl.gov:8004/v1	c544e266c6357e10
Escherichia	fabI	F203S	antimicrobial resistance	reported	17	1		(2020) DOI:10.1099/mgen.0.000553		701526d1-1c27-5bea-bbc6-cb9f3e14c1af	17			24f31ae84514	mutation	2	84cd8501d39dfaa4	Qwen/Qwen3.6-35B-A3B	RefAMR	50	hybrid	2026-09-18T13:57:40Z		local	http://mango.cels.anl.gov:8004/v1	c544e266c6357e10
Escherichia	fabI	A21T	antimicrobial resistance	reported	26	1		(2020) DOI:10.1099/mgen.0.000553		ca29eeb7-9fc9-547c-96ad-669efe3e4dd7	26			24f31ae84514	mutation	2	84cd8501d39dfaa4	Qwen/Qwen3.6-35B-A3B	RefAMR	50	hybrid	2026-09-18T13:57:40Z		local	http://mango.cels.anl.gov:8004/v1	c544e266c6357e10
Haemophilus influenzae	folP	P64ins	antimicrobial resistance	reported	1	1		[1]		0075937b-0046-5f90-8734-16472eaefa48	1			79898dedae56	mutation	2	84cd8501d39dfaa4	Qwen/Qwen3.6-35B-A3B	RefAMR	50	hybrid	2026-09-18T13:57:41Z		local	http://mango.cels.anl.gov:8004/v1	2815c42cf3ee818d
Haemophilus influenzae	folP	G189C	antimicrobial resistance	reported	4	3		[4]; [8]; [21]		97b52204-1521-5ec4-8544-98d57ce3ea02;ff1d308a-97be-5905-b73e-cbbc506fa12d;6bab840b-3dac-5fee-9d65-6e9799458bec	4;8;21			79898dedae56	mutation	2	84cd8501d39dfaa4	Qwen/Qwen3.6-35B-A3B	RefAMR	50	hybrid	2026-09-18T13:57:41Z		local	http://mango.cels.anl.gov:8004/v1	2815c42cf3ee818d
Neisseria meningitidis	folP	insertion SFLYN	antimicrobial resistance	reported	[34]	1		(2023) DOI:10.1099/acmi.0.000649.v3		f90932ce-ecd8-5faa-878f-01db037095d9	34			e3b878534b05	mutation	2	84cd8501d39dfaa4	Qwen/Qwen3.6-35B-A3B	RefAMR	50	hybrid	2026-09-18T13:57:41Z		local	http://mango.cels.anl.gov:8004/v1	32d0638efa7537b7
Neisseria meningitidis	folP	position 65-69	antimicrobial resistance	reported	[34]	1		(2023) DOI:10.1099/acmi.0.000649.v3		f90932ce-ecd8-5faa-878f-01db037095d9	34			e3b878534b05	mutation	2	84cd8501d39dfaa4	Qwen/Qwen3.6-35B-A3B	RefAMR	50	hybrid	2026-09-18T13:57:41Z		local	http://mango.cels.anl.gov:8004/v1	32d0638efa7537b7
Salmonella	folP	SFLYN insertion at position 65–69	trimethoprim resistance	measured	6	1		(2023) DOI:10.1099/acmi.0.000649.v3		b268302a-3437-5cae-8ae2-a79cd0884a4a	6			0f2c5ddcb33a	mutation	2	84cd8501d39dfaa4	Qwen/Qwen3.6-35B-A3B	RefAMR	50	hybrid	2026-09-18T13:57:42Z		local	http://mango.cels.anl.gov:8004/v1	ab578a1abe00c928
Salmonella	folP	G189C	cotrimoxazole resistance	reported	9	1		[9]		97b52204-1521-5ec4-8544-98d57ce3ea02	9			0f2c5ddcb33a	mutation	2	84cd8501d39dfaa4	Qwen/Qwen3.6-35B-A3B	RefAMR	50	hybrid	2026-09-18T13:57:42Z		local	http://mango.cels.anl.gov:8004/v1	ab578a1abe00c928
Salmonella	folP	P64ins	cotrimoxazole resistance	reported	9	1		[9]		97b52204-1521-5ec4-8544-98d57ce3ea02	9			0f2c5ddcb33a	mutation	2	84cd8501d39dfaa4	Qwen/Qwen3.6-35B-A3B	RefAMR	50	hybrid	2026-09-18T13:57:42Z		local	http://mango.cels.anl.gov:8004/v1	ab578a1abe00c928
Salmonella	folP	F17L	sulfamethoxazole resistance	measured	19	1		(2022) DOI:10.1093/jac/dkad063		1dc56839-e440-5a96-a11f-f297a3d35446	19			0f2c5ddcb33a	mutation	2	84cd8501d39dfaa4	Qwen/Qwen3.6-35B-A3B	RefAMR	50	hybrid	2026-09-18T13:57:42Z		local	http://mango.cels.anl.gov:8004/v1	ab578a1abe00c928
Salmonella	folP	KE257_dup	sulfamethoxazole resistance	measured	19	1		(2022) DOI:10.1093/jac/dkad063		1dc56839-e440-5a96-a11f-f297a3d35446	19			0f2c5ddcb33a	mutation	2	84cd8501d39dfaa4	Qwen/Qwen3.6-35B-A3B	RefAMR	50	hybrid	2026-09-18T13:57:42Z		local	http://mango.cels.anl.gov:8004/v1	ab578a1abe00c928
Salmonella	folP	A184V	sulfamethoxazole resistance	measured	19	1		(2022) DOI:10.1093/jac/dkad063		1dc56839-e440-5a96-a11f-f297a3d35446	19			0f2c5ddcb33a	mutation	2	84cd8501d39dfaa4	Qwen/Qwen3.6-35B-A3B	RefAMR	50	hybrid	2026-09-18T13:57:42Z		local	http://mango.cels.anl.gov:8004/v1	ab578a1abe00c928
Escherichia	folP		antimicrobial resistance	reported	2	19	missing:Mutation	(2021) DOI:10.1099/mgen.0.000702; (2017); (2017); (2022); (2023) DOI:10.1093/molbev/msae086; (2018) DOI:10.1371/journal.ppat.1007218; (2017); (2017); (2017); (2023) DOI:10.1093/jac/dkae021; (2022); (2020) DOI:10.3390/antibiotics9050246		7d928271-9217-54e5-8fb2-cff296171699;c517b770-d847-549d-861b-f378f8fe95f2;002b5931-b805-5d6a-b733-fea860ec29af;63a72796-69c1-5c11-8fe1-a1f8630dddc1;ab93d838-f8af-50b8-afff-6bdb5b470af6;bb5e68b2-0b59-5e5d-a042-19fdce56a97b;00134903-7253-547b-b9aa-a7c0122b830a;2136dd61-d5b4-5ded-87f3-d1c4c02efc7d;2715ef3e-1339-5f3d-9872-9a24792bccec;57c499f0-5f93-5f0d-b4ee-a908c75f17b5;b3f60b34-3228-5305-b392-4ba76673eb36;d5bcee35-48c2-520d-b94f-98f60afc1d51;f5d81f51-8cee-5219-b5d5-70d4b69c9ee4;3c026386-3a90-5490-899e-66177ac9ec54;8bbe391a-587d-5fcf-84dc-0d1a96665120;12846f46-fe8d-5c9e-a0b3-89dd847e61dc;f72aac58-1de6-5f3e-af2d-4afc30d48efe;c061bce1-5b4a-5ceb-9bbf-853e7bf8b6ed;138c94ab-482e-584c-b55e-80a1025cfb18	2;4;6;8;12;13;17;18;19;23;25;26;28;30;32;39;41;42;44			f3f263d4e8c1	mutation	2	84cd8501d39dfaa4	Qwen/Qwen3.6-35B-A3B	RefAMR	50	hybrid	2026-09-18T13:57:42Z		local	http://mango.cels.anl.gov:8004/v1	27c07e220bf7a417
Streptococcus pyogenes	folP	P64ins	antimicrobial resistance	reported	[1]	1		[1]		0075937b-0046-5f90-8734-16472eaefa48	1			1b33d592da10	mutation	2	84cd8501d39dfaa4	Qwen/Qwen3.6-35B-A3B	RefAMR	50	hybrid	2026-09-18T13:57:42Z		local	http://mango.cels.anl.gov:8004/v1	9724a7a202075915
Streptococcus pyogenes	folP	G189C	antimicrobial resistance	reported	[5]	1		[5]		97b52204-1521-5ec4-8544-98d57ce3ea02	5			1b33d592da10	mutation	2	84cd8501d39dfaa4	Qwen/Qwen3.6-35B-A3B	RefAMR	50	hybrid	2026-09-18T13:57:42Z		local	http://mango.cels.anl.gov:8004/v1	9724a7a202075915
Staphylococcus aureus	folP	G189C	antimicrobial resistance	reported	19	1		[19]		97b52204-1521-5ec4-8544-98d57ce3ea02	19			6cf92a663002	mutation	2	84cd8501d39dfaa4	Qwen/Qwen3.6-35B-A3B	RefAMR	50	hybrid	2026-09-18T13:57:42Z		local	http://mango.cels.anl.gov:8004/v1	c6c822cacea49a28
Staphylococcus aureus	folP	P64ins	antimicrobial resistance	reported	19	1		[19]		97b52204-1521-5ec4-8544-98d57ce3ea02	19			6cf92a663002	mutation	2	84cd8501d39dfaa4	Qwen/Qwen3.6-35B-A3B	RefAMR	50	hybrid	2026-09-18T13:57:42Z		local	http://mango.cels.anl.gov:8004/v1	c6c822cacea49a28
Escherichia	ftsI	E349K	Antimicrobial resistance	reported	[4]	1		(2020) DOI:10.1186/s13073-019-0699-6		dd7737f7-38e7-57b9-9f75-5e071c1f7916	4			0167767cad19	mutation	2	84cd8501d39dfaa4	Qwen/Qwen3.6-35B-A3B	RefAMR	50	hybrid	2026-09-18T13:57:46Z		local	http://mango.cels.anl.gov:8004/v1	2504e4bcbd9dbc00
Escherichia	ftsI	I532L	Antimicrobial resistance	reported	[4]	2		(2020) DOI:10.1186/s13073-019-0699-6		dd7737f7-38e7-57b9-9f75-5e071c1f7916;44fcf4db-c0f0-57f6-ad80-2d92cc38c9b7	4;33			0167767cad19	mutation	2	84cd8501d39dfaa4	Qwen/Qwen3.6-35B-A3B	RefAMR	50	hybrid	2026-09-18T13:57:46Z		local	http://mango.cels.anl.gov:8004/v1	2504e4bcbd9dbc00
Escherichia	ftsI	YRIN insertion	Antimicrobial resistance	reported	[4]	3		(2020) DOI:10.1186/s13073-019-0699-6; DOI:10.3201/eid2909.230390		dd7737f7-38e7-57b9-9f75-5e071c1f7916;927dc2bf-469d-59c0-9220-e19ecd7efb55;58fd90c2-9244-563f-bf5c-8e8ca1ef1b47	4;24;28			0167767cad19	mutation	2	84cd8501d39dfaa4	Qwen/Qwen3.6-35B-A3B	RefAMR	50	hybrid	2026-09-18T13:57:46Z		local	http://mango.cels.anl.gov:8004/v1	2504e4bcbd9dbc00
Escherichia	ftsI	YRIK insertion	Antimicrobial resistance	reported	[24]	2		(2020) DOI:10.1186/s13073-019-0699-6		927dc2bf-469d-59c0-9220-e19ecd7efb55;af70589b-b8fb-5e94-87e2-000aa1ba54a5	24;32			0167767cad19	mutation	2	84cd8501d39dfaa4	Qwen/Qwen3.6-35B-A3B	RefAMR	50	hybrid	2026-09-18T13:57:46Z		local	http://mango.cels.anl.gov:8004/v1	2504e4bcbd9dbc00
Escherichia	ftsI	A413V	Antimicrobial resistance	reported	[32]	1		(2020) DOI:10.1186/s13073-019-0699-6		af70589b-b8fb-5e94-87e2-000aa1ba54a5	32			0167767cad19	mutation	2	84cd8501d39dfaa4	Qwen/Qwen3.6-35B-A3B	RefAMR	50	hybrid	2026-09-18T13:57:46Z		local	http://mango.cels.anl.gov:8004/v1	2504e4bcbd9dbc00
Escherichia	ftsI	R504H	Antimicrobial resistance	reported	[22]	1		(2022) DOI:10.1128/spectrum.00247-22		9818bdd7-2cc1-5bc1-84d3-8fc1b8383806	22	R504H	Arg504His	0167767cad19	mutation	2	84cd8501d39dfaa4	Qwen/Qwen3.6-35B-A3B	RefAMR	50	hybrid	2026-09-18T13:57:46Z		local	http://mango.cels.anl.gov:8004/v1	2504e4bcbd9dbc00
Escherichia	ftsI	V523M	Antimicrobial resistance	reported	[15]	1		(2022) DOI:10.1128/spectrum.00247-22		800ebe34-4ab4-5f87-8650-abb9e1d5c1b7	15	V523M	Val523Met	0167767cad19	mutation	2	84cd8501d39dfaa4	Qwen/Qwen3.6-35B-A3B	RefAMR	50	hybrid	2026-09-18T13:57:46Z		local	http://mango.cels.anl.gov:8004/v1	2504e4bcbd9dbc00
Acinetobacter baumannii	ftsI	A515V	meropenem resistance	measured; reported	[4]	2	merged_variants:Assertion	(2017); (2017)		7b6f1cb2-2de0-5fd5-8116-6bce78c61ec9;8b039ddf-bf0e-52ed-a55c-b1d2da14379a	4;37			f58f2e0e2685	mutation	2	84cd8501d39dfaa4	Qwen/Qwen3.6-35B-A3B	RefAMR	50	hybrid	2026-09-18T13:57:46Z		local	http://mango.cels.anl.gov:8004/v1	4e1cb1de00cb91d6
Acinetobacter baumannii	ftsI	G523V	reduced binding affinity	predicted	[4]	1		(2017)		7b6f1cb2-2de0-5fd5-8116-6bce78c61ec9	4			f58f2e0e2685	mutation	2	84cd8501d39dfaa4	Qwen/Qwen3.6-35B-A3B	RefAMR	50	hybrid	2026-09-18T13:57:46Z		local	http://mango.cels.anl.gov:8004/v1	4e1cb1de00cb91d6
Acinetobacter baumannii	ftsI	H370Y	little effect on binding affinity	predicted	[4]	1		(2017)		7b6f1cb2-2de0-5fd5-8116-6bce78c61ec9	4			f58f2e0e2685	mutation	2	84cd8501d39dfaa4	Qwen/Qwen3.6-35B-A3B	RefAMR	50	hybrid	2026-09-18T13:57:46Z		local	http://mango.cels.anl.gov:8004/v1	4e1cb1de00cb91d6
Acinetobacter baumannii	ftsI	YRIN	aztreonam-avibactam resistance	reported	[10]	1		(2022)		06767cde-43eb-5791-b476-77c186606050	10			f58f2e0e2685	mutation	2	84cd8501d39dfaa4	Qwen/Qwen3.6-35B-A3B	RefAMR	50	hybrid	2026-09-18T13:57:46Z		local	http://mango.cels.anl.gov:8004/v1	4e1cb1de00cb91d6
Acinetobacter baumannii	ftsI	YRIK	aztreonam-avibactam resistance	reported	[10]	1		(2022)		06767cde-43eb-5791-b476-77c186606050	10			f58f2e0e2685	mutation	2	84cd8501d39dfaa4	Qwen/Qwen3.6-35B-A3B	RefAMR	50	hybrid	2026-09-18T13:57:46Z		local	http://mango.cels.anl.gov:8004/v1	4e1cb1de00cb91d6
Acinetobacter baumannii	ftsI	R504C	cephalosporin resistance	reported	[47]	1		(2018) DOI:10.3389/fmicb.2018.00685		dc262bcd-d46f-525f-9d15-add7cf43bd3f	47			f58f2e0e2685	mutation	2	84cd8501d39dfaa4	Qwen/Qwen3.6-35B-A3B	RefAMR	50	hybrid	2026-09-18T13:57:46Z		local	http://mango.cels.anl.gov:8004/v1	4e1cb1de00cb91d6
Acinetobacter baumannii	ftsI	R504H	cephalosporin resistance	reported	[47]	1		(2018) DOI:10.3389/fmicb.2018.00685		dc262bcd-d46f-525f-9d15-add7cf43bd3f	47			f58f2e0e2685	mutation	2	84cd8501d39dfaa4	Qwen/Qwen3.6-35B-A3B	RefAMR	50	hybrid	2026-09-18T13:57:46Z		local	http://mango.cels.anl.gov:8004/v1	4e1cb1de00cb91d6
Acinetobacter baumannii	ftsI	P527T	cephalosporin resistance	reported	[47]	1		(2018) DOI:10.3389/fmicb.2018.00685		dc262bcd-d46f-525f-9d15-add7cf43bd3f	47			f58f2e0e2685	mutation	2	84cd8501d39dfaa4	Qwen/Qwen3.6-35B-A3B	RefAMR	50	hybrid	2026-09-18T13:57:46Z		local	http://mango.cels.anl.gov:8004/v1	4e1cb1de00cb91d6
Acinetobacter baumannii	ftsI	F533L	cephalosporin resistance	reported	[47]	1		(2018) DOI:10.3389/fmicb.2018.00685		dc262bcd-d46f-525f-9d15-add7cf43bd3f	47			f58f2e0e2685	mutation	2	84cd8501d39dfaa4	Qwen/Qwen3.6-35B-A3B	RefAMR	50	hybrid	2026-09-18T13:57:46Z		local	http://mango.cels.anl.gov:8004/v1	4e1cb1de00cb91d6
Haemophilus influenzae	ftsI	E349K	Antimicrobial resistance	reported	4	1		(2020) DOI:10.1186/s13073-019-0699-6		dd7737f7-38e7-57b9-9f75-5e071c1f7916	4			ae9bd0306227	mutation	2	84cd8501d39dfaa4	Qwen/Qwen3.6-35B-A3B	RefAMR	50	hybrid	2026-09-18T13:57:47Z		local	http://mango.cels.anl.gov:8004/v1	f69c836c820ec1f8
Haemophilus influenzae	ftsI	I532L	Antimicrobial resistance	reported	4	1		(2020) DOI:10.1186/s13073-019-0699-6		dd7737f7-38e7-57b9-9f75-5e071c1f7916	4			ae9bd0306227	mutation	2	84cd8501d39dfaa4	Qwen/Qwen3.6-35B-A3B	RefAMR	50	hybrid	2026-09-18T13:57:47Z		local	http://mango.cels.anl.gov:8004/v1	f69c836c820ec1f8
Haemophilus influenzae	ftsI	YRIN insertion	Antimicrobial resistance	reported	27	1		(2020) DOI:10.1186/s13073-019-0699-6		927dc2bf-469d-59c0-9220-e19ecd7efb55	27			ae9bd0306227	mutation	2	84cd8501d39dfaa4	Qwen/Qwen3.6-35B-A3B	RefAMR	50	hybrid	2026-09-18T13:57:47Z		local	http://mango.cels.anl.gov:8004/v1	f69c836c820ec1f8
Haemophilus influenzae	ftsI	YRIK insertion	Antimicrobial resistance	reported	27	1		(2020) DOI:10.1186/s13073-019-0699-6		927dc2bf-469d-59c0-9220-e19ecd7efb55	27			ae9bd0306227	mutation	2	84cd8501d39dfaa4	Qwen/Qwen3.6-35B-A3B	RefAMR	50	hybrid	2026-09-18T13:57:47Z		local	http://mango.cels.anl.gov:8004/v1	f69c836c820ec1f8
Haemophilus influenzae	ftsI	M377I	Antimicrobial resistance	reported	30	1		(2023) DOI:10.1099/acmi.0.000649.v3		99e7833a-b487-57d9-bb5d-df629c17e881	30			ae9bd0306227	mutation	2	84cd8501d39dfaa4	Qwen/Qwen3.6-35B-A3B	RefAMR	50	hybrid	2026-09-18T13:57:47Z		local	http://mango.cels.anl.gov:8004/v1	f69c836c820ec1f8
Haemophilus influenzae	ftsI	S385T	Antimicrobial resistance	reported	30	1		(2023) DOI:10.1099/acmi.0.000649.v3		99e7833a-b487-57d9-bb5d-df629c17e881	30			ae9bd0306227	mutation	2	84cd8501d39dfaa4	Qwen/Qwen3.6-35B-A3B	RefAMR	50	hybrid	2026-09-18T13:57:47Z		local	http://mango.cels.anl.gov:8004/v1	f69c836c820ec1f8
Haemophilus influenzae	ftsI	N526K	Antimicrobial resistance	reported	30	1		(2023) DOI:10.1099/acmi.0.000649.v3		99e7833a-b487-57d9-bb5d-df629c17e881	30			ae9bd0306227	mutation	2	84cd8501d39dfaa4	Qwen/Qwen3.6-35B-A3B	RefAMR	50	hybrid	2026-09-18T13:57:47Z		local	http://mango.cels.anl.gov:8004/v1	f69c836c820ec1f8
Haemophilus influenzae	ftsI	S357N	Cefotaxime resistance	reported	30	1		(2023) DOI:10.1099/acmi.0.000649.v3		99e7833a-b487-57d9-bb5d-df629c17e881	30			ae9bd0306227	mutation	2	84cd8501d39dfaa4	Qwen/Qwen3.6-35B-A3B	RefAMR	50	hybrid	2026-09-18T13:57:47Z		local	http://mango.cels.anl.gov:8004/v1	f69c836c820ec1f8
Haemophilus influenzae	ftsI	A515V	Antimicrobial resistance	reported	9	1		(2017)		7b6f1cb2-2de0-5fd5-8116-6bce78c61ec9	9			ae9bd0306227	mutation	2	84cd8501d39dfaa4	Qwen/Qwen3.6-35B-A3B	RefAMR	50	hybrid	2026-09-18T13:57:47Z		local	http://mango.cels.anl.gov:8004/v1	f69c836c820ec1f8
Haemophilus influenzae	ftsI	G523V	Antimicrobial resistance	reported	9	1		(2017)		7b6f1cb2-2de0-5fd5-8116-6bce78c61ec9	9			ae9bd0306227	mutation	2	84cd8501d39dfaa4	Qwen/Qwen3.6-35B-A3B	RefAMR	50	hybrid	2026-09-18T13:57:47Z		local	http://mango.cels.anl.gov:8004/v1	f69c836c820ec1f8
Haemophilus influenzae	ftsI	H370Y	Antimicrobial resistance	reported	9	1		(2017)		7b6f1cb2-2de0-5fd5-8116-6bce78c61ec9	9			ae9bd0306227	mutation	2	84cd8501d39dfaa4	Qwen/Qwen3.6-35B-A3B	RefAMR	50	hybrid	2026-09-18T13:57:47Z		local	http://mango.cels.anl.gov:8004/v1	f69c836c820ec1f8
Haemophilus influenzae	ftsI	G555E	Cefotaxime-non-susceptibility	reported	47	1		[47]		54d61e67-8103-506c-8cda-30ccb4a23304	47			ae9bd0306227	mutation	2	84cd8501d39dfaa4	Qwen/Qwen3.6-35B-A3B	RefAMR	50	hybrid	2026-09-18T13:57:47Z		local	http://mango.cels.anl.gov:8004/v1	f69c836c820ec1f8
Haemophilus influenzae	ftsI	Y557H	Cefotaxime-non-susceptibility	reported	47	1		[47]		54d61e67-8103-506c-8cda-30ccb4a23304	47			ae9bd0306227	mutation	2	84cd8501d39dfaa4	Qwen/Qwen3.6-35B-A3B	RefAMR	50	hybrid	2026-09-18T13:57:47Z		local	http://mango.cels.anl.gov:8004/v1	f69c836c820ec1f8
Pseudomonas aeruginosa	fusA1	K430E	aminoglycoside resistance	reported	[29]	4		DOI:10.1038/s41598-017-05621-5		407116d3-1b9b-57a3-823a-52f7c29fd8dc;d9e5084a-e156-5aa0-b1f0-5927bc9d7ec1;9c15281c-fb9c-5e48-b716-3ad38dce38fa;31d900b5-0e71-517c-b7e2-44969dc1b638	29;36;37;42			32fa36a520de	mutation	2	84cd8501d39dfaa4	Qwen/Qwen3.6-35B-A3B	RefAMR	50	hybrid	2026-09-18T13:57:49Z		local	http://mango.cels.anl.gov:8004/v1	da2b9e7434f28269
Klebsiella pneumoniae	ftsI	YRIN insertion	Decreased susceptibility to beta-lactams; Carbapenem resistance	Reported	[27]	2	merged_variants:Phenotype	(2020) DOI:10.1186/s13073-019-0699-6		927dc2bf-469d-59c0-9220-e19ecd7efb55;99bbd757-9694-516d-baf6-393323a32528	27;38			107b921140b2	mutation	2	84cd8501d39dfaa4	Qwen/Qwen3.6-35B-A3B	RefAMR	50	hybrid	2026-09-18T13:57:49Z		local	http://mango.cels.anl.gov:8004/v1	5e97b2bb0300310a
Klebsiella pneumoniae	ftsI	YRIK insertion	Decreased susceptibility to beta-lactams; Carbapenem resistance	Reported	[27]	2	merged_variants:Phenotype	(2020) DOI:10.1186/s13073-019-0699-6		927dc2bf-469d-59c0-9220-e19ecd7efb55;99bbd757-9694-516d-baf6-393323a32528	27;38			107b921140b2	mutation	2	84cd8501d39dfaa4	Qwen/Qwen3.6-35B-A3B	RefAMR	50	hybrid	2026-09-18T13:57:49Z		local	http://mango.cels.anl.gov:8004/v1	5e97b2bb0300310a
Klebsiella pneumoniae	ftsI	TYPI insertion	Decreased susceptibility to beta-lactams	Reported	[38]	1		(2020) DOI:10.1186/s13073-019-0699-6		99bbd757-9694-516d-baf6-393323a32528	38			107b921140b2	mutation	2	84cd8501d39dfaa4	Qwen/Qwen3.6-35B-A3B	RefAMR	50	hybrid	2026-09-18T13:57:49Z		local	http://mango.cels.anl.gov:8004/v1	5e97b2bb0300310a
Klebsiella pneumoniae	ftsI	YTIP insertion	Decreased susceptibility to beta-lactams	Reported	[38]	1		(2020) DOI:10.1186/s13073-019-0699-6		99bbd757-9694-516d-baf6-393323a32528	38			107b921140b2	mutation	2	84cd8501d39dfaa4	Qwen/Qwen3.6-35B-A3B	RefAMR	50	hybrid	2026-09-18T13:57:49Z		local	http://mango.cels.anl.gov:8004/v1	5e97b2bb0300310a
Klebsiella pneumoniae	ftsI	R504C	Penicillin-binding-protein 3 (PBP3) gain-of function; resistance to CAZ, CEF, PPT, MER, CAZ/AVI, C/T	Reported	[37]	1		(2018) DOI:10.3389/fmicb.2018.00685		dc262bcd-d46f-525f-9d15-add7cf43bd3f	37			107b921140b2	mutation	2	84cd8501d39dfaa4	Qwen/Qwen3.6-35B-A3B	RefAMR	50	hybrid	2026-09-18T13:57:49Z		local	http://mango.cels.anl.gov:8004/v1	5e97b2bb0300310a
Klebsiella pneumoniae	ftsI	R504H	Penicillin-binding-protein 3 (PBP3) gain-of function; resistance to CAZ, CEF, PPT, MER, CAZ/AVI, C/T	Reported	[37]	1		(2018) DOI:10.3389/fmicb.2018.00685		dc262bcd-d46f-525f-9d15-add7cf43bd3f	37			107b921140b2	mutation	2	84cd8501d39dfaa4	Qwen/Qwen3.6-35B-A3B	RefAMR	50	hybrid	2026-09-18T13:57:49Z		local	http://mango.cels.anl.gov:8004/v1	5e97b2bb0300310a
Klebsiella pneumoniae	ftsI	P527T	Penicillin-binding-protein 3 (PBP3) gain-of function; resistance to CAZ, CEF, PPT, MER, CAZ/AVI, C/T	Reported	[37]	1		(2018) DOI:10.3389/fmicb.2018.00685		dc262bcd-d46f-525f-9d15-add7cf43bd3f	37			107b921140b2	mutation	2	84cd8501d39dfaa4	Qwen/Qwen3.6-35B-A3B	RefAMR	50	hybrid	2026-09-18T13:57:49Z		local	http://mango.cels.anl.gov:8004/v1	5e97b2bb0300310a
Klebsiella pneumoniae	ftsI	F533L	Penicillin-binding-protein 3 (PBP3) gain-of function; resistance to CAZ, CEF, PPT, MER, CAZ/AVI, C/T	Reported	[37]	1		(2018) DOI:10.3389/fmicb.2018.00685		dc262bcd-d46f-525f-9d15-add7cf43bd3f	37			107b921140b2	mutation	2	84cd8501d39dfaa4	Qwen/Qwen3.6-35B-A3B	RefAMR	50	hybrid	2026-09-18T13:57:49Z		local	http://mango.cels.anl.gov:8004/v1	5e97b2bb0300310a
Staphylococcus aureus	fusA	H457Y	antimicrobial resistance	reported	[8]	3		(2020) DOI:10.3390/microorganisms8122031		24dca8ab-e35f-5f9b-83e2-6e5dc4ed5c88;b5163d0e-cd9f-5d0b-83bc-a0a2905b2c59;7be8b1ed-2792-57e8-9c0c-fe2d082b4774	8;13;41			ddce658d1c28	mutation	2	84cd8501d39dfaa4	Qwen/Qwen3.6-35B-A3B	RefAMR	50	hybrid	2026-09-18T13:57:49Z		local	http://mango.cels.anl.gov:8004/v1	31bfe0533c968a62
Staphylococcus aureus	fusA	H457N	antimicrobial resistance	reported	[41]	1		(2020) DOI:10.3390/microorganisms8122031		7be8b1ed-2792-57e8-9c0c-fe2d082b4774	41			ddce658d1c28	mutation	2	84cd8501d39dfaa4	Qwen/Qwen3.6-35B-A3B	RefAMR	50	hybrid	2026-09-18T13:57:49Z		local	http://mango.cels.anl.gov:8004/v1	31bfe0533c968a62
Staphylococcus aureus	fusA	H457L	antimicrobial resistance	reported	[41]	1		(2020) DOI:10.3390/microorganisms8122031		7be8b1ed-2792-57e8-9c0c-fe2d082b4774	41			ddce658d1c28	mutation	2	84cd8501d39dfaa4	Qwen/Qwen3.6-35B-A3B	RefAMR	50	hybrid	2026-09-18T13:57:49Z		local	http://mango.cels.anl.gov:8004/v1	31bfe0533c968a62
Staphylococcus aureus	fusA	F88L	antimicrobial resistance	reported	[13]	2		(2020) DOI:10.3390/microorganisms8122031		b5163d0e-cd9f-5d0b-83bc-a0a2905b2c59;7be8b1ed-2792-57e8-9c0c-fe2d082b4774	13;41			ddce658d1c28	mutation	2	84cd8501d39dfaa4	Qwen/Qwen3.6-35B-A3B	RefAMR	50	hybrid	2026-09-18T13:57:49Z		local	http://mango.cels.anl.gov:8004/v1	31bfe0533c968a62
Pseudomonas aeruginosa	ftsI	R504C	Antimicrobial resistance (CAZ, CEF, PPT, MER, CAZ/AVI, C/T)	reported	[42]	1		(2018) DOI:10.3389/fmicb.2018.00685		dc262bcd-d46f-525f-9d15-add7cf43bd3f	42			b96d0b49a4dc	mutation	2	84cd8501d39dfaa4	Qwen/Qwen3.6-35B-A3B	RefAMR	50	hybrid	2026-09-18T13:57:50Z		local	http://mango.cels.anl.gov:8004/v1	e8848df00cebc9b6
Pseudomonas aeruginosa	ftsI	R504H	Antimicrobial resistance (CAZ, CEF, PPT, MER, CAZ/AVI, C/T); Antimicrobial resistance	reported	[42]	2	merged_variants:Phenotype	(2018) DOI:10.3389/fmicb.2018.00685; (2022) DOI:10.1128/spectrum.00247-22		dc262bcd-d46f-525f-9d15-add7cf43bd3f;9818bdd7-2cc1-5bc1-84d3-8fc1b8383806	22;42			b96d0b49a4dc	mutation	2	84cd8501d39dfaa4	Qwen/Qwen3.6-35B-A3B	RefAMR	50	hybrid	2026-09-18T13:57:50Z		local	http://mango.cels.anl.gov:8004/v1	e8848df00cebc9b6
Pseudomonas aeruginosa	ftsI	P527T	Antimicrobial resistance (CAZ, CEF, PPT, MER, CAZ/AVI, C/T)	reported	[42]	1		(2018) DOI:10.3389/fmicb.2018.00685		dc262bcd-d46f-525f-9d15-add7cf43bd3f	42			b96d0b49a4dc	mutation	2	84cd8501d39dfaa4	Qwen/Qwen3.6-35B-A3B	RefAMR	50	hybrid	2026-09-18T13:57:50Z		local	http://mango.cels.anl.gov:8004/v1	e8848df00cebc9b6
Pseudomonas aeruginosa	ftsI	F533L	Antimicrobial resistance (CAZ, CEF, PPT, MER, CAZ/AVI, C/T)	reported	[42]	1		(2018) DOI:10.3389/fmicb.2018.00685		dc262bcd-d46f-525f-9d15-add7cf43bd3f	42			b96d0b49a4dc	mutation	2	84cd8501d39dfaa4	Qwen/Qwen3.6-35B-A3B	RefAMR	50	hybrid	2026-09-18T13:57:50Z		local	http://mango.cels.anl.gov:8004/v1	e8848df00cebc9b6
Pseudomonas aeruginosa	ftsI	P215L	Antimicrobial resistance	reported	[50]	1		DOI:10.1038/s41598-017-05621-5		7643d1b1-fa5e-517e-aa55-044a00b71f11	50			b96d0b49a4dc	mutation	2	84cd8501d39dfaa4	Qwen/Qwen3.6-35B-A3B	RefAMR	50	hybrid	2026-09-18T13:57:50Z		local	http://mango.cels.anl.gov:8004/v1	e8848df00cebc9b6
Staphylococcus aureus	fusE		antimicrobial resistance	reported	[7]	2	missing:Mutation	(2020) DOI:10.3390/microorganisms8122031		24dca8ab-e35f-5f9b-83e2-6e5dc4ed5c88;7e1574c4-4ae5-52a1-a10c-5553d81714fe	7;48			69be3b097bc4	mutation	2	84cd8501d39dfaa4	Qwen/Qwen3.6-35B-A3B	RefAMR	50	hybrid	2026-09-18T13:57:50Z		local	http://mango.cels.anl.gov:8004/v1	d9d3616d1ab95e53
Pseudomonas aeruginosa	galU	P123L	Antimicrobial resistance (carbapenem/ceftazidime/meropenem); Antimicrobial resistance (carbapenem)	reported	[41]	3	merged_variants:Phenotype	DOI:10.1038/s41598-017-05621-5		d9e5084a-e156-5aa0-b1f0-5927bc9d7ec1;9c15281c-fb9c-5e48-b716-3ad38dce38fa;e30c1c9f-2c78-5b6a-a350-aff4c8e6eccf	41;42;43			77d040009bf7	mutation	2	84cd8501d39dfaa4	Qwen/Qwen3.6-35B-A3B	RefAMR	50	hybrid	2026-09-18T13:57:52Z		local	http://mango.cels.anl.gov:8004/v1	4f0a1bc7313b9340
Pseudomonas aeruginosa	galU		Antimicrobial resistance (ceftazidime/meropenem)	reported	[44]	1	missing:Mutation	(2018) DOI:10.3389/fmicb.2018.00685		e0ee6974-8e12-5163-919a-00ae0ee2255e	44			77d040009bf7	mutation	2	84cd8501d39dfaa4	Qwen/Qwen3.6-35B-A3B	RefAMR	50	hybrid	2026-09-18T13:57:52Z		local	http://mango.cels.anl.gov:8004/v1	4f0a1bc7313b9340
Staphylococcus aureus	gdpP	R318L	oxacillin resistance	reported	[18]	4		(2019) DOI:10.1371/journal.ppat.1008672		2899c75a-9c9b-5e87-827d-f3add32db085;5dc58cbf-017b-5bf2-811b-87745aebaff5;fa2cdb35-cba5-5e63-8760-436cb335303b;f7bff201-028d-56ae-9227-520d67537b0a	18;25;26;39			b16e88e6cc24	mutation	2	84cd8501d39dfaa4	Qwen/Qwen3.6-35B-A3B	RefAMR	50	hybrid	2026-09-18T13:57:52Z		local	http://mango.cels.anl.gov:8004/v1	a3af0ed6b546606e
Staphylococcus aureus	gdpP	deletion	oxacillin resistance	reported	[25]	2		(2019) DOI:10.1371/journal.ppat.1008672		5dc58cbf-017b-5bf2-811b-87745aebaff5;300b6c7b-90fe-58f6-b6d3-a4a0415d2e84	25;41			b16e88e6cc24	mutation	2	84cd8501d39dfaa4	Qwen/Qwen3.6-35B-A3B	RefAMR	50	hybrid	2026-09-18T13:57:52Z		local	http://mango.cels.anl.gov:8004/v1	a3af0ed6b546606e
Pseudomonas aeruginosa	glpT	Loss-of-function	Fosfomycin resistance	reported	[15]	5		(2017) DOI:10.3389/fmicb.2017.00914; (2018) DOI:10.3389/fmicb.2018.00685; (2015) DOI:10.3389/fmicb.2015.01544		275d0f5a-f434-5340-8a1d-7bded6a8b53e;da277e6d-f5d8-57ca-b416-a5c03bd0aefe;26eb16b0-eb89-500a-8612-c7a9ee4cad20;2a0cbf11-75d1-5e30-98c8-370359c1c8d4;bdbb1245-c8e1-5aee-9060-3bdaa19a1f99	15;21;29;35;45			5d2208f29072	mutation	2	84cd8501d39dfaa4	Qwen/Qwen3.6-35B-A3B	RefAMR	50	hybrid	2026-09-18T13:57:53Z		local	http://mango.cels.anl.gov:8004/v1	d318cee49fa31c67
Staphylococcus pseudintermedius	fusA	F88L	Antimicrobial resistance (fusidic acid tolerance)	reported	[7]	1	off_target_gene	(2020) DOI:10.3390/microorganisms8122031		5d6f018b-35ab-5786-a332-3c1e11d5b7e3	7			032a81a16f35	mutation	2	84cd8501d39dfaa4	Qwen/Qwen3.6-35B-A3B	RefAMR	50	hybrid	2026-09-18T13:57:55Z		local	http://mango.cels.anl.gov:8004/v1	0d1c18d27c77a6d7
Staphylococcus pseudintermedius	fusA	H457N	Antimicrobial resistance (fusidic acid)	reported	[11]	1	off_target_gene	(2020) DOI:10.3390/microorganisms8122031		c2cf508d-461c-5b6e-b5db-3170404b761f	11			032a81a16f35	mutation	2	84cd8501d39dfaa4	Qwen/Qwen3.6-35B-A3B	RefAMR	50	hybrid	2026-09-18T13:57:55Z		local	http://mango.cels.anl.gov:8004/v1	0d1c18d27c77a6d7
Staphylococcus pseudintermedius	fusA	H457Y	Antimicrobial resistance (fusidic acid)	reported	[11]	1	off_target_gene	(2020) DOI:10.3390/microorganisms8122031		c2cf508d-461c-5b6e-b5db-3170404b761f	11			032a81a16f35	mutation	2	84cd8501d39dfaa4	Qwen/Qwen3.6-35B-A3B	RefAMR	50	hybrid	2026-09-18T13:57:55Z		local	http://mango.cels.anl.gov:8004/v1	0d1c18d27c77a6d7
Staphylococcus pseudintermedius	fusA	H457L	Antimicrobial resistance (fusidic acid)	reported	[11]	1	off_target_gene	(2020) DOI:10.3390/microorganisms8122031		c2cf508d-461c-5b6e-b5db-3170404b761f	11			032a81a16f35	mutation	2	84cd8501d39dfaa4	Qwen/Qwen3.6-35B-A3B	RefAMR	50	hybrid	2026-09-18T13:57:55Z		local	http://mango.cels.anl.gov:8004/v1	0d1c18d27c77a6d7
Staphylococcus aureus	glpT	Deletion of ATTTAGGT from 225 to 232	Fosfomycin resistance	reported	[15]	1		(2022) DOI:10.1093/jac/dkac236		d6620f63-5f51-5e7c-9f02-11e8d91a398d	15			a4418edeb64f	mutation	2	84cd8501d39dfaa4	Qwen/Qwen3.6-35B-A3B	RefAMR	50	hybrid	2026-09-18T13:57:55Z		local	http://mango.cels.anl.gov:8004/v1	a2129b9c277e6df5
Staphylococcus aureus	glpT	G1064A	Fosfomycin resistance	reported	[15]	1		(2022) DOI:10.1093/jac/dkac236		d6620f63-5f51-5e7c-9f02-11e8d91a398d	15			a4418edeb64f	mutation	2	84cd8501d39dfaa4	Qwen/Qwen3.6-35B-A3B	RefAMR	50	hybrid	2026-09-18T13:57:55Z		local	http://mango.cels.anl.gov:8004/v1	a2129b9c277e6df5
Staphylococcus aureus	glpT	Deletion of 248G	Fosfomycin resistance	reported	[15]	1		(2022) DOI:10.1093/jac/dkac236		d6620f63-5f51-5e7c-9f02-11e8d91a398d	15			a4418edeb64f	mutation	2	84cd8501d39dfaa4	Qwen/Qwen3.6-35B-A3B	RefAMR	50	hybrid	2026-09-18T13:57:55Z		local	http://mango.cels.anl.gov:8004/v1	a2129b9c277e6df5
Staphylococcus aureus	glpT	TypeIglpT	Fosfomycin resistance	reported	[31]	1		(2015) DOI:10.3389/fmicb.2015.01544		24b52a50-2182-528b-8402-c957938eb96f	31			a4418edeb64f	mutation	2	84cd8501d39dfaa4	Qwen/Qwen3.6-35B-A3B	RefAMR	50	hybrid	2026-09-18T13:57:55Z		local	http://mango.cels.anl.gov:8004/v1	a2129b9c277e6df5
Staphylococcus aureus	glpT	TypeAglpT	Fosfomycin resistance	reported	[31]	1		(2015) DOI:10.3389/fmicb.2015.01544		24b52a50-2182-528b-8402-c957938eb96f	31			a4418edeb64f	mutation	2	84cd8501d39dfaa4	Qwen/Qwen3.6-35B-A3B	RefAMR	50	hybrid	2026-09-18T13:57:55Z		local	http://mango.cels.anl.gov:8004/v1	a2129b9c277e6df5
Staphylococcus aureus	glpT	TypeBglpT	Fosfomycin resistance	reported	[31]	1		(2015) DOI:10.3389/fmicb.2015.01544		24b52a50-2182-528b-8402-c957938eb96f	31			a4418edeb64f	mutation	2	84cd8501d39dfaa4	Qwen/Qwen3.6-35B-A3B	RefAMR	50	hybrid	2026-09-18T13:57:55Z		local	http://mango.cels.anl.gov:8004/v1	a2129b9c277e6df5
Staphylococcus aureus	glpT	Deletion	Fosfomycin resistance	measured	[6]	1		(2017) DOI:10.3389/fmicb.2017.00914		723893b2-3aa9-5842-a8b5-da7a425311bf	6			a4418edeb64f	mutation	2	84cd8501d39dfaa4	Qwen/Qwen3.6-35B-A3B	RefAMR	50	hybrid	2026-09-18T13:57:55Z		local	http://mango.cels.anl.gov:8004/v1	a2129b9c277e6df5
Staphylococcus aureus	glpT	Mutation	Fosfomycin resistance	reported	[13]	4		(2015) DOI:10.3389/fmicb.2015.01544; (2017) DOI:10.3389/fmicb.2017.00914		ac28598f-1e7c-5056-b527-7fe9335e2ee8;cfe0ea62-62ea-574e-979a-80f8f8995ce9;7a049edb-c187-5827-91e8-a9981dbd0426;aa0d5e65-3419-51d5-9eaf-ae11bd0aec84	13;16;22;47			a4418edeb64f	mutation	2	84cd8501d39dfaa4	Qwen/Qwen3.6-35B-A3B	RefAMR	50	hybrid	2026-09-18T13:57:55Z		local	http://mango.cels.anl.gov:8004/v1	a2129b9c277e6df5
Burkholderia cepacia	gyrA	G81D	Fluoroquinolone resistance	reported	[9]	1		(2014) DOI:10.1371/journal.pone.0104986		55009be6-0260-5af5-a0d9-455adb18b875	9	G81D	Gly81Asp	36d76f27ab0d	mutation	2	84cd8501d39dfaa4	Qwen/Qwen3.6-35B-A3B	RefAMR	50	hybrid	2026-09-18T13:57:57Z		local	http://mango.cels.anl.gov:8004/v1	2d379958fba34003
Burkholderia cepacia	gyrA	T83I	Fluoroquinolone resistance	reported; measured	[9]	2	merged_variants:Assertion	(2014) DOI:10.1371/journal.pone.0104986		55009be6-0260-5af5-a0d9-455adb18b875;10378f64-99cb-5307-96fc-10c40bbef03d	9;16	T83I	Thr83Ile	36d76f27ab0d	mutation	2	84cd8501d39dfaa4	Qwen/Qwen3.6-35B-A3B	RefAMR	50	hybrid	2026-09-18T13:57:57Z		local	http://mango.cels.anl.gov:8004/v1	2d379958fba34003
Burkholderia cepacia	gyrA	D87H	Fluoroquinolone resistance	reported	[9]	1		(2014) DOI:10.1371/journal.pone.0104986		55009be6-0260-5af5-a0d9-455adb18b875	9	D87H	Asp87His	36d76f27ab0d	mutation	2	84cd8501d39dfaa4	Qwen/Qwen3.6-35B-A3B	RefAMR	50	hybrid	2026-09-18T13:57:57Z		local	http://mango.cels.anl.gov:8004/v1	2d379958fba34003
Burkholderia cepacia	gyrA	Thr83A	Fluoroquinolone resistance	reported	[12]	1		DOI:10.1038/s41598-017-05621-5		50560bd7-9ee4-58b4-9c3c-9e622ea2aaf2	12			36d76f27ab0d	mutation	2	84cd8501d39dfaa4	Qwen/Qwen3.6-35B-A3B	RefAMR	50	hybrid	2026-09-18T13:57:57Z		local	http://mango.cels.anl.gov:8004/v1	2d379958fba34003
Burkholderia cepacia	gyrA	Asp87N	Fluoroquinolone resistance	reported	[12]	1		DOI:10.1038/s41598-017-05621-5		50560bd7-9ee4-58b4-9c3c-9e622ea2aaf2	12			36d76f27ab0d	mutation	2	84cd8501d39dfaa4	Qwen/Qwen3.6-35B-A3B	RefAMR	50	hybrid	2026-09-18T13:57:57Z		local	http://mango.cels.anl.gov:8004/v1	2d379958fba34003
Burkholderia cepacia	gyrA	Asp87G	Fluoroquinolone resistance	reported	[12]	1		DOI:10.1038/s41598-017-05621-5		50560bd7-9ee4-58b4-9c3c-9e622ea2aaf2	12			36d76f27ab0d	mutation	2	84cd8501d39dfaa4	Qwen/Qwen3.6-35B-A3B	RefAMR	50	hybrid	2026-09-18T13:57:57Z		local	http://mango.cels.anl.gov:8004/v1	2d379958fba34003
Burkholderia cepacia	gyrA	Q106L	Fluoroquinolone resistance	reported	[12]	1		DOI:10.1038/s41598-017-05621-5		50560bd7-9ee4-58b4-9c3c-9e622ea2aaf2	12	Q106L	Gln106Leu	36d76f27ab0d	mutation	2	84cd8501d39dfaa4	Qwen/Qwen3.6-35B-A3B	RefAMR	50	hybrid	2026-09-18T13:57:57Z		local	http://mango.cels.anl.gov:8004/v1	2d379958fba34003
Acinetobacter baumannii	gyrA	S83L	antimicrobial resistance	reported; measured	[18]	2	merged_variants:Assertion	(2011) DOI:10.1016/j.phrp.2011.11.040		861a71ac-59b4-5676-8b08-3123c1bfa077;d2048a26-83cc-589d-b81e-5f4244d0504e	5;18			d7379cf4fb1c	mutation	2	84cd8501d39dfaa4	Qwen/Qwen3.6-35B-A3B	RefAMR	50	hybrid	2026-09-18T13:57:57Z		local	http://mango.cels.anl.gov:8004/v1	01aa20b9789a6626
Acinetobacter baumannii	gyrA	G81V	antimicrobial resistance	reported	[18]	1		(2011) DOI:10.1016/j.phrp.2011.11.040		d2048a26-83cc-589d-b81e-5f4244d0504e	18			d7379cf4fb1c	mutation	2	84cd8501d39dfaa4	Qwen/Qwen3.6-35B-A3B	RefAMR	50	hybrid	2026-09-18T13:57:57Z		local	http://mango.cels.anl.gov:8004/v1	01aa20b9789a6626
Acinetobacter baumannii	gyrA	A84P	antimicrobial resistance	reported	[18]	1		(2011) DOI:10.1016/j.phrp.2011.11.040		d2048a26-83cc-589d-b81e-5f4244d0504e	18			d7379cf4fb1c	mutation	2	84cd8501d39dfaa4	Qwen/Qwen3.6-35B-A3B	RefAMR	50	hybrid	2026-09-18T13:57:57Z		local	http://mango.cels.anl.gov:8004/v1	01aa20b9789a6626
Acinetobacter baumannii	gyrA	T83I	antimicrobial resistance	measured	[12]	1		DOI:10.1038/s41598-017-05621-5		50560bd7-9ee4-58b4-9c3c-9e622ea2aaf2	12			d7379cf4fb1c	mutation	2	84cd8501d39dfaa4	Qwen/Qwen3.6-35B-A3B	RefAMR	50	hybrid	2026-09-18T13:57:57Z		local	http://mango.cels.anl.gov:8004/v1	01aa20b9789a6626
Acinetobacter baumannii	gyrA	T83A	antimicrobial resistance	measured	[12]	1		DOI:10.1038/s41598-017-05621-5		50560bd7-9ee4-58b4-9c3c-9e622ea2aaf2	12			d7379cf4fb1c	mutation	2	84cd8501d39dfaa4	Qwen/Qwen3.6-35B-A3B	RefAMR	50	hybrid	2026-09-18T13:57:57Z		local	http://mango.cels.anl.gov:8004/v1	01aa20b9789a6626
Acinetobacter baumannii	gyrA	D87N	antimicrobial resistance	measured	[12]	1		DOI:10.1038/s41598-017-05621-5		50560bd7-9ee4-58b4-9c3c-9e622ea2aaf2	12			d7379cf4fb1c	mutation	2	84cd8501d39dfaa4	Qwen/Qwen3.6-35B-A3B	RefAMR	50	hybrid	2026-09-18T13:57:57Z		local	http://mango.cels.anl.gov:8004/v1	01aa20b9789a6626
Acinetobacter baumannii	gyrA	D87G	antimicrobial resistance	measured	[12]	1		DOI:10.1038/s41598-017-05621-5		50560bd7-9ee4-58b4-9c3c-9e622ea2aaf2	12			d7379cf4fb1c	mutation	2	84cd8501d39dfaa4	Qwen/Qwen3.6-35B-A3B	RefAMR	50	hybrid	2026-09-18T13:57:57Z		local	http://mango.cels.anl.gov:8004/v1	01aa20b9789a6626
Acinetobacter baumannii	gyrA	Q106L	antimicrobial resistance	measured	[12]	1		DOI:10.1038/s41598-017-05621-5		50560bd7-9ee4-58b4-9c3c-9e622ea2aaf2	12			d7379cf4fb1c	mutation	2	84cd8501d39dfaa4	Qwen/Qwen3.6-35B-A3B	RefAMR	50	hybrid	2026-09-18T13:57:57Z		local	http://mango.cels.anl.gov:8004/v1	01aa20b9789a6626
Acinetobacter baumannii	gyrA	S83Y	antimicrobial resistance	reported	[48]	1		(2020) DOI:10.3390/antibiotics9120886		841084d2-984b-5d85-b12d-7f2ee25f4c01	48			d7379cf4fb1c	mutation	2	84cd8501d39dfaa4	Qwen/Qwen3.6-35B-A3B	RefAMR	50	hybrid	2026-09-18T13:57:57Z		local	http://mango.cels.anl.gov:8004/v1	01aa20b9789a6626
Campylobacter	gyrA	T86I	Fluoroquinolone resistance	reported	[10]	3		(2024) DOI:10.3389/fmicb.2024.1439424		199c2e60-34b8-5af9-affb-5e2921d700ee;b90a650e-dfd6-50b9-95bf-eb511c9665b4;8b8e3b4e-8769-5db3-8df4-95d4e201f34d	10;20;27			63df9e92d1d9	mutation	2	84cd8501d39dfaa4	Qwen/Qwen3.6-35B-A3B	RefAMR	50	hybrid	2026-09-18T13:57:57Z		local	http://mango.cels.anl.gov:8004/v1	821e05af1dcd1a7d
Campylobacter	gyrA	C257T	Fluoroquinolone resistance	reported	[28]	1		(2023)		d5d0769f-de35-5bc5-9455-df98388d8fb0	28	C257T	C257T (Thr86Ala)	63df9e92d1d9	mutation	2	84cd8501d39dfaa4	Qwen/Qwen3.6-35B-A3B	RefAMR	50	hybrid	2026-09-18T13:57:57Z		local	http://mango.cels.anl.gov:8004/v1	821e05af1dcd1a7d
Campylobacter	gyrA	G268A	Fluoroquinolone resistance	reported	[28]	1		(2023)		d5d0769f-de35-5bc5-9455-df98388d8fb0	28	G268A	G268A (Asp90Asn)	63df9e92d1d9	mutation	2	84cd8501d39dfaa4	Qwen/Qwen3.6-35B-A3B	RefAMR	50	hybrid	2026-09-18T13:57:57Z		local	http://mango.cels.anl.gov:8004/v1	821e05af1dcd1a7d
Citrobacter freundii	gyrA	S83L	Fluoroquinolone resistance	reported	[9]	1		DOI:10.1093/jac/dkae008		e1871c85-c863-5942-8f7d-405a0e6101f0	9			dacd2f873486	mutation	2	84cd8501d39dfaa4	Qwen/Qwen3.6-35B-A3B	RefAMR	50	hybrid	2026-09-18T13:57:59Z		local	http://mango.cels.anl.gov:8004/v1	77d9b7c9069f8550
Citrobacter freundii	gyrA	D87N	Fluoroquinolone resistance	reported	[9]	1		DOI:10.1093/jac/dkae008		e1871c85-c863-5942-8f7d-405a0e6101f0	9			dacd2f873486	mutation	2	84cd8501d39dfaa4	Qwen/Qwen3.6-35B-A3B	RefAMR	50	hybrid	2026-09-18T13:57:59Z		local	http://mango.cels.anl.gov:8004/v1	77d9b7c9069f8550
Burkholderia pseudomallei	gyrA	Y77S	ciprofloxacin resistance	reported	4	1		(2017)		606f658b-c64b-50ad-a434-863eb741dcd8	4			21de90d71217	mutation	2	84cd8501d39dfaa4	Qwen/Qwen3.6-35B-A3B	RefAMR	50	hybrid	2026-09-18T13:57:59Z		local	http://mango.cels.anl.gov:8004/v1	63587ff01c309830
Burkholderia pseudomallei	gyrA	T83I	fluoroquinolone resistance; ciprofloxacin resistance	reported	4	2	merged_variants:Phenotype	(2017); DOI:10.1038/s41598-017-05621-5		606f658b-c64b-50ad-a434-863eb741dcd8;50560bd7-9ee4-58b4-9c3c-9e622ea2aaf2	4;13			21de90d71217	mutation	2	84cd8501d39dfaa4	Qwen/Qwen3.6-35B-A3B	RefAMR	50	hybrid	2026-09-18T13:57:59Z		local	http://mango.cels.anl.gov:8004/v1	63587ff01c309830
Burkholderia pseudomallei	gyrA	G81C	ciprofloxacin resistance	reported	4	1		(2017)		606f658b-c64b-50ad-a434-863eb741dcd8	4			21de90d71217	mutation	2	84cd8501d39dfaa4	Qwen/Qwen3.6-35B-A3B	RefAMR	50	hybrid	2026-09-18T13:57:59Z		local	http://mango.cels.anl.gov:8004/v1	63587ff01c309830
Burkholderia pseudomallei	gyrA	D87Y	ciprofloxacin resistance	reported	4	1		(2017)		606f658b-c64b-50ad-a434-863eb741dcd8	4			21de90d71217	mutation	2	84cd8501d39dfaa4	Qwen/Qwen3.6-35B-A3B	RefAMR	50	hybrid	2026-09-18T13:57:59Z		local	http://mango.cels.anl.gov:8004/v1	63587ff01c309830
Burkholderia pseudomallei	gyrA	T83A	fluoroquinolone resistance	reported	13	1		DOI:10.1038/s41598-017-05621-5		50560bd7-9ee4-58b4-9c3c-9e622ea2aaf2	13			21de90d71217	mutation	2	84cd8501d39dfaa4	Qwen/Qwen3.6-35B-A3B	RefAMR	50	hybrid	2026-09-18T13:57:59Z		local	http://mango.cels.anl.gov:8004/v1	63587ff01c309830
Burkholderia pseudomallei	gyrA	D87N	fluoroquinolone resistance	reported	13	1		DOI:10.1038/s41598-017-05621-5		50560bd7-9ee4-58b4-9c3c-9e622ea2aaf2	13			21de90d71217	mutation	2	84cd8501d39dfaa4	Qwen/Qwen3.6-35B-A3B	RefAMR	50	hybrid	2026-09-18T13:57:59Z		local	http://mango.cels.anl.gov:8004/v1	63587ff01c309830
Burkholderia pseudomallei	gyrA	D87G	fluoroquinolone resistance	reported	13	1		DOI:10.1038/s41598-017-05621-5		50560bd7-9ee4-58b4-9c3c-9e622ea2aaf2	13			21de90d71217	mutation	2	84cd8501d39dfaa4	Qwen/Qwen3.6-35B-A3B	RefAMR	50	hybrid	2026-09-18T13:57:59Z		local	http://mango.cels.anl.gov:8004/v1	63587ff01c309830
Burkholderia pseudomallei	gyrA	Q106L	fluoroquinolone resistance	reported	13	1		DOI:10.1038/s41598-017-05621-5		50560bd7-9ee4-58b4-9c3c-9e622ea2aaf2	13			21de90d71217	mutation	2	84cd8501d39dfaa4	Qwen/Qwen3.6-35B-A3B	RefAMR	50	hybrid	2026-09-18T13:57:59Z		local	http://mango.cels.anl.gov:8004/v1	63587ff01c309830
Clostridioides difficile	gyrA	T82I	Fluoroquinolone resistance	reported	[20]	1		(2019) DOI:10.1128/AAC		05c277ff-a0ea-5127-8c53-ca5dfb9c2fad	20	T82I	GyrA Thr82Ile	8461beecf67c	mutation	2	84cd8501d39dfaa4	Qwen/Qwen3.6-35B-A3B	RefAMR	50	hybrid	2026-09-18T13:57:59Z		local	http://mango.cels.anl.gov:8004/v1	aa772fae1bd969f1
Clostridioides difficile	gyrA	T82V	Fluoroquinolone resistance	reported	[20]	1		(2019) DOI:10.1128/AAC		05c277ff-a0ea-5127-8c53-ca5dfb9c2fad	20	T82V	GyrA Thr82Val	8461beecf67c	mutation	2	84cd8501d39dfaa4	Qwen/Qwen3.6-35B-A3B	RefAMR	50	hybrid	2026-09-18T13:57:59Z		local	http://mango.cels.anl.gov:8004/v1	aa772fae1bd969f1
Clostridioides difficile	gyrA	GyrA Thr82Ile/Val	Fluoroquinolone resistance	reported	[16]	1		(2019) DOI:10.1128/AAC		e03437d3-ab7c-5c02-a0e5-4b645f8e68db	16			8461beecf67c	mutation	2	84cd8501d39dfaa4	Qwen/Qwen3.6-35B-A3B	RefAMR	50	hybrid	2026-09-18T13:57:59Z		local	http://mango.cels.anl.gov:8004/v1	aa772fae1bd969f1
Corynebacterium diphtheriae	gyrA		antimicrobial resistance	reported	[1]	4	missing:Mutation	(2019) DOI:10.2147/IDR.S182272; (2020) DOI:10.1186/s13073-020-00805-7; (2019) DOI:10.1007/s10482-019-01353-w		934e8310-471f-5fff-aa7e-c41c0d70fe14;6f39b07d-b875-5f8b-86e0-c7dc67023583;cc9cc018-8466-530d-926f-5076c0e11c51;d5ac9396-19a0-554f-afbb-1bece399b5f4	1;16;19;34			469f09b578fd	mutation	2	84cd8501d39dfaa4	Qwen/Qwen3.6-35B-A3B	RefAMR	50	hybrid	2026-09-18T13:58:00Z		local	http://mango.cels.anl.gov:8004/v1	893a938470286548
Enterococcus faecalis	gyrA	S83F	Fluoroquinolone resistance	reported	10	1		[10]		27da20b4-178d-5cf5-894e-12f91a572434	10	S83F	Ser83Phe	5198c34a4dd7	mutation	2	84cd8501d39dfaa4	Qwen/Qwen3.6-35B-A3B	RefAMR	50	hybrid	2026-09-18T13:58:01Z		local	http://mango.cels.anl.gov:8004/v1	0dfc08c1a8ea0967
Enterococcus faecalis	gyrA	D87N	Fluoroquinolone resistance	reported	10	1		[10]		27da20b4-178d-5cf5-894e-12f91a572434	10	D87N	Asp87Asn	5198c34a4dd7	mutation	2	84cd8501d39dfaa4	Qwen/Qwen3.6-35B-A3B	RefAMR	50	hybrid	2026-09-18T13:58:01Z		local	http://mango.cels.anl.gov:8004/v1	0dfc08c1a8ea0967
Enterococcus faecalis	gyrB	S464F	Fluoroquinolone resistance	reported	10	1	off_target_gene	[10]		27da20b4-178d-5cf5-894e-12f91a572434	10	S464F	Ser464Phe	5198c34a4dd7	mutation	2	84cd8501d39dfaa4	Qwen/Qwen3.6-35B-A3B	RefAMR	50	hybrid	2026-09-18T13:58:01Z		local	http://mango.cels.anl.gov:8004/v1	0dfc08c1a8ea0967
Enterococcus faecium	gyrA	T83I	Fluoroquinolone resistance	reported	4	1		DOI:10.1038/s41598-017-05621-5		50560bd7-9ee4-58b4-9c3c-9e622ea2aaf2	4			650743917273	mutation	2	84cd8501d39dfaa4	Qwen/Qwen3.6-35B-A3B	RefAMR	50	hybrid	2026-09-18T13:58:02Z		local	http://mango.cels.anl.gov:8004/v1	19ab199ad03fd4f7
Enterococcus faecium	gyrA	T83A	Fluoroquinolone resistance	reported	4	1		DOI:10.1038/s41598-017-05621-5		50560bd7-9ee4-58b4-9c3c-9e622ea2aaf2	4			650743917273	mutation	2	84cd8501d39dfaa4	Qwen/Qwen3.6-35B-A3B	RefAMR	50	hybrid	2026-09-18T13:58:02Z		local	http://mango.cels.anl.gov:8004/v1	19ab199ad03fd4f7
Enterococcus faecium	gyrA	D87N	Fluoroquinolone resistance; Quinolone resistance	reported	4	2	merged_variants:Phenotype	DOI:10.1038/s41598-017-05621-5; [11]		50560bd7-9ee4-58b4-9c3c-9e622ea2aaf2;27da20b4-178d-5cf5-894e-12f91a572434	4;11	D87N	D87N	650743917273	mutation	2	84cd8501d39dfaa4	Qwen/Qwen3.6-35B-A3B	RefAMR	50	hybrid	2026-09-18T13:58:02Z		local	http://mango.cels.anl.gov:8004/v1	19ab199ad03fd4f7
Enterococcus faecium	gyrA	D87G	Fluoroquinolone resistance	reported	4	1		DOI:10.1038/s41598-017-05621-5		50560bd7-9ee4-58b4-9c3c-9e622ea2aaf2	4			650743917273	mutation	2	84cd8501d39dfaa4	Qwen/Qwen3.6-35B-A3B	RefAMR	50	hybrid	2026-09-18T13:58:02Z		local	http://mango.cels.anl.gov:8004/v1	19ab199ad03fd4f7
Enterococcus faecium	gyrA	Q106L	Fluoroquinolone resistance	reported	4	1		DOI:10.1038/s41598-017-05621-5		50560bd7-9ee4-58b4-9c3c-9e622ea2aaf2	4			650743917273	mutation	2	84cd8501d39dfaa4	Qwen/Qwen3.6-35B-A3B	RefAMR	50	hybrid	2026-09-18T13:58:02Z		local	http://mango.cels.anl.gov:8004/v1	19ab199ad03fd4f7
Enterococcus faecium	gyrA	S83F	Quinolone resistance	reported	11	1		[11]		27da20b4-178d-5cf5-894e-12f91a572434	11	S83F	Ser83Phe	650743917273	mutation	2	84cd8501d39dfaa4	Qwen/Qwen3.6-35B-A3B	RefAMR	50	hybrid	2026-09-18T13:58:02Z		local	http://mango.cels.anl.gov:8004/v1	19ab199ad03fd4f7
Enterobacter cloacae	gyrA	S83F	Fluoroquinolone resistance	reported	[16]	2		[16]		27da20b4-178d-5cf5-894e-12f91a572434	16	S83F	Ser83Phe	baea80f91e6b	mutation	2	84cd8501d39dfaa4	Qwen/Qwen3.6-35B-A3B	RefAMR	50	hybrid	2026-09-18T13:58:03Z		local	http://mango.cels.anl.gov:8004/v1	eb2ebd993df0e2b7
Enterobacter cloacae	gyrA	D87N	Fluoroquinolone resistance	reported	[16]	3		[16]; DOI:10.1038/s41598-017-05621-5		27da20b4-178d-5cf5-894e-12f91a572434;50560bd7-9ee4-58b4-9c3c-9e622ea2aaf2	6;16	D87N	Asp87Asn	baea80f91e6b	mutation	2	84cd8501d39dfaa4	Qwen/Qwen3.6-35B-A3B	RefAMR	50	hybrid	2026-09-18T13:58:03Z		local	http://mango.cels.anl.gov:8004/v1	eb2ebd993df0e2b7
Enterobacter cloacae	gyrA	T83I	Fluoroquinolone resistance	reported	[6]	2		DOI:10.1038/s41598-017-05621-5		50560bd7-9ee4-58b4-9c3c-9e622ea2aaf2;e97eb2fe-32a7-5e7e-8c4e-052644cc28f4	6;24			baea80f91e6b	mutation	2	84cd8501d39dfaa4	Qwen/Qwen3.6-35B-A3B	RefAMR	50	hybrid	2026-09-18T13:58:03Z		local	http://mango.cels.anl.gov:8004/v1	eb2ebd993df0e2b7
Enterobacter cloacae	gyrA	T83A	Fluoroquinolone resistance	reported	[6]	1		DOI:10.1038/s41598-017-05621-5		50560bd7-9ee4-58b4-9c3c-9e622ea2aaf2	6			baea80f91e6b	mutation	2	84cd8501d39dfaa4	Qwen/Qwen3.6-35B-A3B	RefAMR	50	hybrid	2026-09-18T13:58:03Z		local	http://mango.cels.anl.gov:8004/v1	eb2ebd993df0e2b7
Enterobacter cloacae	gyrA	D87G	Fluoroquinolone resistance	reported	[6]	1		DOI:10.1038/s41598-017-05621-5		50560bd7-9ee4-58b4-9c3c-9e622ea2aaf2	6			baea80f91e6b	mutation	2	84cd8501d39dfaa4	Qwen/Qwen3.6-35B-A3B	RefAMR	50	hybrid	2026-09-18T13:58:03Z		local	http://mango.cels.anl.gov:8004/v1	eb2ebd993df0e2b7
Enterobacter cloacae	gyrA	Q106L	Fluoroquinolone resistance	reported	[6]	1		DOI:10.1038/s41598-017-05621-5		50560bd7-9ee4-58b4-9c3c-9e622ea2aaf2	6			baea80f91e6b	mutation	2	84cd8501d39dfaa4	Qwen/Qwen3.6-35B-A3B	RefAMR	50	hybrid	2026-09-18T13:58:03Z		local	http://mango.cels.anl.gov:8004/v1	eb2ebd993df0e2b7
Helicobacter pylori	gyrA	N87K	Levofloxacin resistance	reported	[33]	2		(2024) DOI:10.3390/idr16020014		3e9e8e5c-19ec-55f8-b6c9-ec142d6607c0;57126e56-d4c9-5171-90ba-4df10e23082a	33;35			b10eb571d5d6	mutation	2	84cd8501d39dfaa4	Qwen/Qwen3.6-35B-A3B	RefAMR	50	hybrid	2026-09-18T13:58:04Z		local	http://mango.cels.anl.gov:8004/v1	69d5c5aec91b39c3
Helicobacter pylori	gyrA	D91N	Levofloxacin resistance	reported	[33]	2		(2024) DOI:10.3390/idr16020014		3e9e8e5c-19ec-55f8-b6c9-ec142d6607c0;57126e56-d4c9-5171-90ba-4df10e23082a	33;35			b10eb571d5d6	mutation	2	84cd8501d39dfaa4	Qwen/Qwen3.6-35B-A3B	RefAMR	50	hybrid	2026-09-18T13:58:04Z		local	http://mango.cels.anl.gov:8004/v1	69d5c5aec91b39c3
Klebsiella oxytoca	gyrA	T83I	antimicrobial resistance	reported	[2]	1		DOI:10.1038/s41598-017-05621-5		50560bd7-9ee4-58b4-9c3c-9e622ea2aaf2	2			be2274732242	mutation	2	84cd8501d39dfaa4	Qwen/Qwen3.6-35B-A3B	RefAMR	50	hybrid	2026-09-18T13:58:05Z		local	http://mango.cels.anl.gov:8004/v1	ee780f80410de9e9
Klebsiella oxytoca	gyrA	T83A	antimicrobial resistance	reported	[2]	1		DOI:10.1038/s41598-017-05621-5		50560bd7-9ee4-58b4-9c3c-9e622ea2aaf2	2			be2274732242	mutation	2	84cd8501d39dfaa4	Qwen/Qwen3.6-35B-A3B	RefAMR	50	hybrid	2026-09-18T13:58:05Z		local	http://mango.cels.anl.gov:8004/v1	ee780f80410de9e9
Klebsiella oxytoca	gyrA	D87N	antimicrobial resistance	reported	[2]	1		DOI:10.1038/s41598-017-05621-5		50560bd7-9ee4-58b4-9c3c-9e622ea2aaf2	2			be2274732242	mutation	2	84cd8501d39dfaa4	Qwen/Qwen3.6-35B-A3B	RefAMR	50	hybrid	2026-09-18T13:58:05Z		local	http://mango.cels.anl.gov:8004/v1	ee780f80410de9e9
Klebsiella oxytoca	gyrA	D87G	antimicrobial resistance	reported	[2]	1		DOI:10.1038/s41598-017-05621-5		50560bd7-9ee4-58b4-9c3c-9e622ea2aaf2	2			be2274732242	mutation	2	84cd8501d39dfaa4	Qwen/Qwen3.6-35B-A3B	RefAMR	50	hybrid	2026-09-18T13:58:05Z		local	http://mango.cels.anl.gov:8004/v1	ee780f80410de9e9
Klebsiella oxytoca	gyrA	Q106L	antimicrobial resistance	reported	[2]	1		DOI:10.1038/s41598-017-05621-5		50560bd7-9ee4-58b4-9c3c-9e622ea2aaf2	2			be2274732242	mutation	2	84cd8501d39dfaa4	Qwen/Qwen3.6-35B-A3B	RefAMR	50	hybrid	2026-09-18T13:58:05Z		local	http://mango.cels.anl.gov:8004/v1	ee780f80410de9e9
Haemophilus influenzae	gyrA	T83I	Fluoroquinolone resistance	reported	3	2		(2023) DOI:10.1099/acmi.0.000649.v3; (2018) DOI:10.3389/fmicb.2018.00685		001f5b47-059f-592e-ae82-17dd5be0bf42;237d5a8b-3e9e-5c4a-8afc-24dc2d7fd151	3;26			cd2f00892b20	mutation	2	84cd8501d39dfaa4	Qwen/Qwen3.6-35B-A3B	RefAMR	50	hybrid	2026-09-18T13:58:05Z		local	http://mango.cels.anl.gov:8004/v1	8efdc877a33b7632
Haemophilus influenzae	gyrA	T83A	Fluoroquinolone resistance	reported	3	2		(2023) DOI:10.1099/acmi.0.000649.v3; (2018) DOI:10.3389/fmicb.2018.00685		001f5b47-059f-592e-ae82-17dd5be0bf42;237d5a8b-3e9e-5c4a-8afc-24dc2d7fd151	3;26			cd2f00892b20	mutation	2	84cd8501d39dfaa4	Qwen/Qwen3.6-35B-A3B	RefAMR	50	hybrid	2026-09-18T13:58:05Z		local	http://mango.cels.anl.gov:8004/v1	8efdc877a33b7632
Haemophilus influenzae	gyrA	D87N	Fluoroquinolone resistance	reported	3	2		(2023) DOI:10.1099/acmi.0.000649.v3; (2018) DOI:10.3389/fmicb.2018.00685		001f5b47-059f-592e-ae82-17dd5be0bf42;237d5a8b-3e9e-5c4a-8afc-24dc2d7fd151	3;26			cd2f00892b20	mutation	2	84cd8501d39dfaa4	Qwen/Qwen3.6-35B-A3B	RefAMR	50	hybrid	2026-09-18T13:58:05Z		local	http://mango.cels.anl.gov:8004/v1	8efdc877a33b7632
Haemophilus influenzae	gyrA	D87G	Fluoroquinolone resistance	reported	3	2		(2023) DOI:10.1099/acmi.0.000649.v3; (2018) DOI:10.3389/fmicb.2018.00685		001f5b47-059f-592e-ae82-17dd5be0bf42;237d5a8b-3e9e-5c4a-8afc-24dc2d7fd151	3;26			cd2f00892b20	mutation	2	84cd8501d39dfaa4	Qwen/Qwen3.6-35B-A3B	RefAMR	50	hybrid	2026-09-18T13:58:05Z		local	http://mango.cels.anl.gov:8004/v1	8efdc877a33b7632
Haemophilus influenzae	gyrA	Q106L	Fluoroquinolone resistance	reported	3	2		(2023) DOI:10.1099/acmi.0.000649.v3; (2018) DOI:10.3389/fmicb.2018.00685		001f5b47-059f-592e-ae82-17dd5be0bf42;237d5a8b-3e9e-5c4a-8afc-24dc2d7fd151	3;26			cd2f00892b20	mutation	2	84cd8501d39dfaa4	Qwen/Qwen3.6-35B-A3B	RefAMR	50	hybrid	2026-09-18T13:58:05Z		local	http://mango.cels.anl.gov:8004/v1	8efdc877a33b7632
Haemophilus influenzae	gyrA	S466F	Fluoroquinolone resistance	reported	6	1		DOI:10.1038/s41598-017-05621-5		50560bd7-9ee4-58b4-9c3c-9e622ea2aaf2	6			cd2f00892b20	mutation	2	84cd8501d39dfaa4	Qwen/Qwen3.6-35B-A3B	RefAMR	50	hybrid	2026-09-18T13:58:05Z		local	http://mango.cels.anl.gov:8004/v1	8efdc877a33b7632
Haemophilus influenzae	gyrA	G81D	Fluoroquinolone resistance	reported	26	1		(2018) DOI:10.3389/fmicb.2018.00685		237d5a8b-3e9e-5c4a-8afc-24dc2d7fd151	26			cd2f00892b20	mutation	2	84cd8501d39dfaa4	Qwen/Qwen3.6-35B-A3B	RefAMR	50	hybrid	2026-09-18T13:58:05Z		local	http://mango.cels.anl.gov:8004/v1	8efdc877a33b7632
Haemophilus influenzae	gyrA	Y86N	Fluoroquinolone resistance	reported	26	1		(2018) DOI:10.3389/fmicb.2018.00685		237d5a8b-3e9e-5c4a-8afc-24dc2d7fd151	26			cd2f00892b20	mutation	2	84cd8501d39dfaa4	Qwen/Qwen3.6-35B-A3B	RefAMR	50	hybrid	2026-09-18T13:58:05Z		local	http://mango.cels.anl.gov:8004/v1	8efdc877a33b7632
Haemophilus influenzae	gyrA	D87Y	Fluoroquinolone resistance	reported	26	1		(2018) DOI:10.3389/fmicb.2018.00685		237d5a8b-3e9e-5c4a-8afc-24dc2d7fd151	26			cd2f00892b20	mutation	2	84cd8501d39dfaa4	Qwen/Qwen3.6-35B-A3B	RefAMR	50	hybrid	2026-09-18T13:58:05Z		local	http://mango.cels.anl.gov:8004/v1	8efdc877a33b7632
Neisseria gonorrhoeae	gyrA	GyrA-91	antimicrobial resistance	reported	[17]	1		[17]		82b73ba7-c74e-57a9-96eb-7bc810938bf5	17			7d52df0df1d8	mutation	2	84cd8501d39dfaa4	Qwen/Qwen3.6-35B-A3B	RefAMR	50	hybrid	2026-09-18T13:58:07Z		local	http://mango.cels.anl.gov:8004/v1	41aa8e00fb8bcfbd
Neisseria gonorrhoeae	gyrA	GyrA-95	antimicrobial resistance	reported	[17]	1		[17]		82b73ba7-c74e-57a9-96eb-7bc810938bf5	17			7d52df0df1d8	mutation	2	84cd8501d39dfaa4	Qwen/Qwen3.6-35B-A3B	RefAMR	50	hybrid	2026-09-18T13:58:07Z		local	http://mango.cels.anl.gov:8004/v1	41aa8e00fb8bcfbd
Neisseria gonorrhoeae	gyrA		antimicrobial resistance	reported	[3]	1	missing:Mutation	[3]		0d526036-8219-5238-9577-db02bdabdbfb	3			7d52df0df1d8	mutation	2	84cd8501d39dfaa4	Qwen/Qwen3.6-35B-A3B	RefAMR	50	hybrid	2026-09-18T13:58:07Z		local	http://mango.cels.anl.gov:8004/v1	41aa8e00fb8bcfbd
Neisseria gonorrhoeae	gyrB		antimicrobial resistance	reported; inferred	[38]	2	missing:Mutation;off_target_gene;merged_variants:Assertion	(2019) DOI:10.2147/IDR.S182272		934e8310-471f-5fff-aa7e-c41c0d70fe14;400bb993-498b-5f04-8fb7-d3174f38567e	1;38			7d52df0df1d8	mutation	2	84cd8501d39dfaa4	Qwen/Qwen3.6-35B-A3B	RefAMR	50	hybrid	2026-09-18T13:58:07Z		local	http://mango.cels.anl.gov:8004/v1	41aa8e00fb8bcfbd
Neisseria meningitidis	gyrA	T83I	ciprofloxacin resistance	reported	[11]	1		DOI:10.1038/s41598-017-05621-5		50560bd7-9ee4-58b4-9c3c-9e622ea2aaf2	11			78075de1a91d	mutation	2	84cd8501d39dfaa4	Qwen/Qwen3.6-35B-A3B	RefAMR	50	hybrid	2026-09-18T13:58:08Z		local	http://mango.cels.anl.gov:8004/v1	6ada3921b8ae709c
Neisseria meningitidis	gyrA	T83A	ciprofloxacin resistance	reported	[11]	1		DOI:10.1038/s41598-017-05621-5		50560bd7-9ee4-58b4-9c3c-9e622ea2aaf2	11			78075de1a91d	mutation	2	84cd8501d39dfaa4	Qwen/Qwen3.6-35B-A3B	RefAMR	50	hybrid	2026-09-18T13:58:08Z		local	http://mango.cels.anl.gov:8004/v1	6ada3921b8ae709c
Neisseria meningitidis	gyrA	D87N	ciprofloxacin resistance	reported	[11]	1		DOI:10.1038/s41598-017-05621-5		50560bd7-9ee4-58b4-9c3c-9e622ea2aaf2	11			78075de1a91d	mutation	2	84cd8501d39dfaa4	Qwen/Qwen3.6-35B-A3B	RefAMR	50	hybrid	2026-09-18T13:58:08Z		local	http://mango.cels.anl.gov:8004/v1	6ada3921b8ae709c
Neisseria meningitidis	gyrA	D87G	ciprofloxacin resistance	reported	[11]	1		DOI:10.1038/s41598-017-05621-5		50560bd7-9ee4-58b4-9c3c-9e622ea2aaf2	11			78075de1a91d	mutation	2	84cd8501d39dfaa4	Qwen/Qwen3.6-35B-A3B	RefAMR	50	hybrid	2026-09-18T13:58:08Z		local	http://mango.cels.anl.gov:8004/v1	6ada3921b8ae709c
Neisseria meningitidis	gyrA	Q106L	ciprofloxacin resistance	reported	[11]	1		DOI:10.1038/s41598-017-05621-5		50560bd7-9ee4-58b4-9c3c-9e622ea2aaf2	11			78075de1a91d	mutation	2	84cd8501d39dfaa4	Qwen/Qwen3.6-35B-A3B	RefAMR	50	hybrid	2026-09-18T13:58:08Z		local	http://mango.cels.anl.gov:8004/v1	6ada3921b8ae709c
Neisseria meningitidis	gyrA	T91I	ciprofloxacin resistance	reported	[10]	2		(2015); (2022)		37a632bb-1d61-5663-8c5c-a41f7057a5e3;7cfa5465-662c-5254-a6df-0c5005852ed8	10;40			78075de1a91d	mutation	2	84cd8501d39dfaa4	Qwen/Qwen3.6-35B-A3B	RefAMR	50	hybrid	2026-09-18T13:58:08Z		local	http://mango.cels.anl.gov:8004/v1	6ada3921b8ae709c
Klebsiella pneumoniae	gyrA	S83I	quinolone resistance	reported	[2]	1		DOI:10.3201/eid2911.230921		3bcd1a86-da68-5657-8d3c-61d4c3978d6c	2			f01f40d7d38e	mutation	2	84cd8501d39dfaa4	Qwen/Qwen3.6-35B-A3B	RefAMR	50	hybrid	2026-09-18T13:58:08Z		local	http://mango.cels.anl.gov:8004/v1	2cdb659169cf9f2b
Klebsiella pneumoniae	gyrA	T83I	fluoroquinolone resistance	reported	[8]	2		DOI:10.1038/s41598-017-05621-5		50560bd7-9ee4-58b4-9c3c-9e622ea2aaf2;e97eb2fe-32a7-5e7e-8c4e-052644cc28f4	8;30			f01f40d7d38e	mutation	2	84cd8501d39dfaa4	Qwen/Qwen3.6-35B-A3B	RefAMR	50	hybrid	2026-09-18T13:58:08Z		local	http://mango.cels.anl.gov:8004/v1	2cdb659169cf9f2b
Klebsiella pneumoniae	gyrA	T83A	fluoroquinolone resistance	reported	[8]	1		DOI:10.1038/s41598-017-05621-5		50560bd7-9ee4-58b4-9c3c-9e622ea2aaf2	8			f01f40d7d38e	mutation	2	84cd8501d39dfaa4	Qwen/Qwen3.6-35B-A3B	RefAMR	50	hybrid	2026-09-18T13:58:08Z		local	http://mango.cels.anl.gov:8004/v1	2cdb659169cf9f2b
Klebsiella pneumoniae	gyrA	D87N	fluoroquinolone resistance	reported	[8]	2		DOI:10.1038/s41598-017-05621-5; [21]		50560bd7-9ee4-58b4-9c3c-9e622ea2aaf2;27da20b4-178d-5cf5-894e-12f91a572434	8;21	D87N	D87N	f01f40d7d38e	mutation	2	84cd8501d39dfaa4	Qwen/Qwen3.6-35B-A3B	RefAMR	50	hybrid	2026-09-18T13:58:08Z		local	http://mango.cels.anl.gov:8004/v1	2cdb659169cf9f2b
Klebsiella pneumoniae	gyrA	D87G	fluoroquinolone resistance	reported	[8]	1		DOI:10.1038/s41598-017-05621-5		50560bd7-9ee4-58b4-9c3c-9e622ea2aaf2	8			f01f40d7d38e	mutation	2	84cd8501d39dfaa4	Qwen/Qwen3.6-35B-A3B	RefAMR	50	hybrid	2026-09-18T13:58:08Z		local	http://mango.cels.anl.gov:8004/v1	2cdb659169cf9f2b
Klebsiella pneumoniae	gyrA	Q106L	fluoroquinolone resistance	reported	[8]	1		DOI:10.1038/s41598-017-05621-5		50560bd7-9ee4-58b4-9c3c-9e622ea2aaf2	8			f01f40d7d38e	mutation	2	84cd8501d39dfaa4	Qwen/Qwen3.6-35B-A3B	RefAMR	50	hybrid	2026-09-18T13:58:08Z		local	http://mango.cels.anl.gov:8004/v1	2cdb659169cf9f2b
Klebsiella pneumoniae	gyrA	T86I	fluoroquinolone resistance	reported	[20]	1		(2024) DOI:10.3389/fmicb.2024.1439424		b90a650e-dfd6-50b9-95bf-eb511c9665b4	20			f01f40d7d38e	mutation	2	84cd8501d39dfaa4	Qwen/Qwen3.6-35B-A3B	RefAMR	50	hybrid	2026-09-18T13:58:08Z		local	http://mango.cels.anl.gov:8004/v1	2cdb659169cf9f2b
Klebsiella pneumoniae	gyrA	S83F	fluoroquinolone resistance	reported	[21]	1		[21]		27da20b4-178d-5cf5-894e-12f91a572434	21	S83F	Ser83Phe	f01f40d7d38e	mutation	2	84cd8501d39dfaa4	Qwen/Qwen3.6-35B-A3B	RefAMR	50	hybrid	2026-09-18T13:58:08Z		local	http://mango.cels.anl.gov:8004/v1	2cdb659169cf9f2b
Klebsiella pneumoniae	gyrA	S83Y	antimicrobial resistance	reported	[43]	1		(2020) DOI:10.3390/antibiotics9120886		841084d2-984b-5d85-b12d-7f2ee25f4c01	43			f01f40d7d38e	mutation	2	84cd8501d39dfaa4	Qwen/Qwen3.6-35B-A3B	RefAMR	50	hybrid	2026-09-18T13:58:08Z		local	http://mango.cels.anl.gov:8004/v1	2cdb659169cf9f2b
Serratia marcescens		gyrA	S83L; D87N	measured	[3]	2	column_count_mismatch;merged_variants:Phenotype	DOI:10.1093/jac/dkae008		e1871c85-c863-5942-8f7d-405a0e6101f0	3			ef5b6065e404	mutation	2	84cd8501d39dfaa4	Qwen/Qwen3.6-35B-A3B	RefAMR	50	hybrid	2026-09-18T13:58:09Z		local	http://mango.cels.anl.gov:8004/v1	a563e7d3df09b455
Staphylococcus aureus	gyrA	T83I	Fluoroquinolone resistance	reported	9	1		DOI:10.1038/s41598-017-05621-5		50560bd7-9ee4-58b4-9c3c-9e622ea2aaf2	9			797761aa5749	mutation	2	84cd8501d39dfaa4	Qwen/Qwen3.6-35B-A3B	RefAMR	50	hybrid	2026-09-18T13:58:12Z		local	http://mango.cels.anl.gov:8004/v1	1ef7e1b815ca590e
Staphylococcus aureus	gyrA	T83A	Fluoroquinolone resistance	reported	9	1		DOI:10.1038/s41598-017-05621-5		50560bd7-9ee4-58b4-9c3c-9e622ea2aaf2	9			797761aa5749	mutation	2	84cd8501d39dfaa4	Qwen/Qwen3.6-35B-A3B	RefAMR	50	hybrid	2026-09-18T13:58:12Z		local	http://mango.cels.anl.gov:8004/v1	1ef7e1b815ca590e
Staphylococcus aureus	gyrA	D87N	Fluoroquinolone resistance; Quinolone resistance	reported	9	2	merged_variants:Phenotype	DOI:10.1038/s41598-017-05621-5; [21]		50560bd7-9ee4-58b4-9c3c-9e622ea2aaf2;27da20b4-178d-5cf5-894e-12f91a572434	9;21	D87N	D87N	797761aa5749	mutation	2	84cd8501d39dfaa4	Qwen/Qwen3.6-35B-A3B	RefAMR	50	hybrid	2026-09-18T13:58:12Z		local	http://mango.cels.anl.gov:8004/v1	1ef7e1b815ca590e
Staphylococcus aureus	gyrA	D87G	Fluoroquinolone resistance	reported	9	1		DOI:10.1038/s41598-017-05621-5		50560bd7-9ee4-58b4-9c3c-9e622ea2aaf2	9			797761aa5749	mutation	2	84cd8501d39dfaa4	Qwen/Qwen3.6-35B-A3B	RefAMR	50	hybrid	2026-09-18T13:58:12Z		local	http://mango.cels.anl.gov:8004/v1	1ef7e1b815ca590e
Staphylococcus aureus	gyrA	Q106L	Fluoroquinolone resistance	reported	9	1		DOI:10.1038/s41598-017-05621-5		50560bd7-9ee4-58b4-9c3c-9e622ea2aaf2	9			797761aa5749	mutation	2	84cd8501d39dfaa4	Qwen/Qwen3.6-35B-A3B	RefAMR	50	hybrid	2026-09-18T13:58:12Z		local	http://mango.cels.anl.gov:8004/v1	1ef7e1b815ca590e
Staphylococcus aureus	gyrA	S83F	Quinolone resistance	reported	21	1		[21]		27da20b4-178d-5cf5-894e-12f91a572434	21	S83F	Ser83Phe	797761aa5749	mutation	2	84cd8501d39dfaa4	Qwen/Qwen3.6-35B-A3B	RefAMR	50	hybrid	2026-09-18T13:58:12Z		local	http://mango.cels.anl.gov:8004/v1	1ef7e1b815ca590e
Staphylococcus aureus	gyrA	S83Y	Quinolone resistance	reported	46	4		(2020) DOI:10.3390/antibiotics9120886		841084d2-984b-5d85-b12d-7f2ee25f4c01	46			797761aa5749	mutation	2	84cd8501d39dfaa4	Qwen/Qwen3.6-35B-A3B	RefAMR	50	hybrid	2026-09-18T13:58:12Z		local	http://mango.cels.anl.gov:8004/v1	1ef7e1b815ca590e
Staphylococcus pseudintermedius	gyrA	T83I	Fluoroquinolone resistance	reported	7	1		DOI:10.1038/s41598-017-05621-5		50560bd7-9ee4-58b4-9c3c-9e622ea2aaf2	7			9587b4c81c8f	mutation	2	84cd8501d39dfaa4	Qwen/Qwen3.6-35B-A3B	RefAMR	50	hybrid	2026-09-18T13:58:14Z		local	http://mango.cels.anl.gov:8004/v1	63c0483d0aa82a4d
Staphylococcus pseudintermedius	gyrA	T83A	Fluoroquinolone resistance	reported	7	1		DOI:10.1038/s41598-017-05621-5		50560bd7-9ee4-58b4-9c3c-9e622ea2aaf2	7			9587b4c81c8f	mutation	2	84cd8501d39dfaa4	Qwen/Qwen3.6-35B-A3B	RefAMR	50	hybrid	2026-09-18T13:58:14Z		local	http://mango.cels.anl.gov:8004/v1	63c0483d0aa82a4d
Staphylococcus pseudintermedius	gyrA	D87N	Fluoroquinolone resistance	reported	7	1		DOI:10.1038/s41598-017-05621-5		50560bd7-9ee4-58b4-9c3c-9e622ea2aaf2	7			9587b4c81c8f	mutation	2	84cd8501d39dfaa4	Qwen/Qwen3.6-35B-A3B	RefAMR	50	hybrid	2026-09-18T13:58:14Z		local	http://mango.cels.anl.gov:8004/v1	63c0483d0aa82a4d
Staphylococcus pseudintermedius	gyrA	D87G	Fluoroquinolone resistance	reported	7	1		DOI:10.1038/s41598-017-05621-5		50560bd7-9ee4-58b4-9c3c-9e622ea2aaf2	7			9587b4c81c8f	mutation	2	84cd8501d39dfaa4	Qwen/Qwen3.6-35B-A3B	RefAMR	50	hybrid	2026-09-18T13:58:14Z		local	http://mango.cels.anl.gov:8004/v1	63c0483d0aa82a4d
Staphylococcus pseudintermedius	gyrA	Q106L	Fluoroquinolone resistance	reported	7	1		DOI:10.1038/s41598-017-05621-5		50560bd7-9ee4-58b4-9c3c-9e622ea2aaf2	7			9587b4c81c8f	mutation	2	84cd8501d39dfaa4	Qwen/Qwen3.6-35B-A3B	RefAMR	50	hybrid	2026-09-18T13:58:14Z		local	http://mango.cels.anl.gov:8004/v1	63c0483d0aa82a4d
Pseudomonas aeruginosa	gyrA	T83I	Fluoroquinolone resistance	reported	7	4		(2019) DOI:10.2147/IDR.S182272; DOI:10.1038/s41598-017-05621-5; (2018) DOI:10.3389/fmicb.2018.00685		b86fd165-d095-5390-be5a-8808aab55371;a4496e47-4edc-50ca-b10d-5928007183d3;237d5a8b-3e9e-5c4a-8afc-24dc2d7fd151	7;31;39	T83I	T83I	7aad8ef4999c	mutation	2	84cd8501d39dfaa4	Qwen/Qwen3.6-35B-A3B	RefAMR	50	hybrid	2026-09-18T13:58:16Z		local	http://mango.cels.anl.gov:8004/v1	56f4567639ff5c73
Pseudomonas aeruginosa	gyrA	T83A	Fluoroquinolone resistance	reported	16	3		DOI:10.1038/s41598-017-05621-5; (2018) DOI:10.3389/fmicb.2018.00685		50560bd7-9ee4-58b4-9c3c-9e622ea2aaf2;a4496e47-4edc-50ca-b10d-5928007183d3;237d5a8b-3e9e-5c4a-8afc-24dc2d7fd151	16;31;39			7aad8ef4999c	mutation	2	84cd8501d39dfaa4	Qwen/Qwen3.6-35B-A3B	RefAMR	50	hybrid	2026-09-18T13:58:16Z		local	http://mango.cels.anl.gov:8004/v1	56f4567639ff5c73
Pseudomonas aeruginosa	gyrA	D87N	Fluoroquinolone resistance	reported	16	3		DOI:10.1038/s41598-017-05621-5; (2018) DOI:10.3389/fmicb.2018.00685		50560bd7-9ee4-58b4-9c3c-9e622ea2aaf2;a4496e47-4edc-50ca-b10d-5928007183d3;237d5a8b-3e9e-5c4a-8afc-24dc2d7fd151	16;31;39			7aad8ef4999c	mutation	2	84cd8501d39dfaa4	Qwen/Qwen3.6-35B-A3B	RefAMR	50	hybrid	2026-09-18T13:58:16Z		local	http://mango.cels.anl.gov:8004/v1	56f4567639ff5c73
Pseudomonas aeruginosa	gyrA	D87G	Fluoroquinolone resistance	reported	16	3		DOI:10.1038/s41598-017-05621-5; (2018) DOI:10.3389/fmicb.2018.00685		50560bd7-9ee4-58b4-9c3c-9e622ea2aaf2;a4496e47-4edc-50ca-b10d-5928007183d3;237d5a8b-3e9e-5c4a-8afc-24dc2d7fd151	16;31;39			7aad8ef4999c	mutation	2	84cd8501d39dfaa4	Qwen/Qwen3.6-35B-A3B	RefAMR	50	hybrid	2026-09-18T13:58:16Z		local	http://mango.cels.anl.gov:8004/v1	56f4567639ff5c73
Pseudomonas aeruginosa	gyrA	Q106L	Fluoroquinolone resistance	reported	16	3		DOI:10.1038/s41598-017-05621-5; (2018) DOI:10.3389/fmicb.2018.00685		50560bd7-9ee4-58b4-9c3c-9e622ea2aaf2;a4496e47-4edc-50ca-b10d-5928007183d3;237d5a8b-3e9e-5c4a-8afc-24dc2d7fd151	16;31;39			7aad8ef4999c	mutation	2	84cd8501d39dfaa4	Qwen/Qwen3.6-35B-A3B	RefAMR	50	hybrid	2026-09-18T13:58:16Z		local	http://mango.cels.anl.gov:8004/v1	56f4567639ff5c73
Pseudomonas aeruginosa	gyrA	G81D	Fluoroquinolone resistance	reported	31	1		(2018) DOI:10.3389/fmicb.2018.00685		237d5a8b-3e9e-5c4a-8afc-24dc2d7fd151	31			7aad8ef4999c	mutation	2	84cd8501d39dfaa4	Qwen/Qwen3.6-35B-A3B	RefAMR	50	hybrid	2026-09-18T13:58:16Z		local	http://mango.cels.anl.gov:8004/v1	56f4567639ff5c73
Pseudomonas aeruginosa	gyrA	Y86N	Fluoroquinolone resistance	reported	31	1		(2018) DOI:10.3389/fmicb.2018.00685		237d5a8b-3e9e-5c4a-8afc-24dc2d7fd151	31			7aad8ef4999c	mutation	2	84cd8501d39dfaa4	Qwen/Qwen3.6-35B-A3B	RefAMR	50	hybrid	2026-09-18T13:58:16Z		local	http://mango.cels.anl.gov:8004/v1	56f4567639ff5c73
Pseudomonas aeruginosa	gyrA	D87Y	Fluoroquinolone resistance	reported	31	1		(2018) DOI:10.3389/fmicb.2018.00685		237d5a8b-3e9e-5c4a-8afc-24dc2d7fd151	31			7aad8ef4999c	mutation	2	84cd8501d39dfaa4	Qwen/Qwen3.6-35B-A3B	RefAMR	50	hybrid	2026-09-18T13:58:16Z		local	http://mango.cels.anl.gov:8004/v1	56f4567639ff5c73
Pseudomonas aeruginosa	gyrB	S466F	Fluoroquinolone resistance	reported	16	8	off_target_gene;merged_variants:Assertion	DOI:10.1038/s41598-017-05621-5; (2018) DOI:10.3389/fmicb.2018.00685		50560bd7-9ee4-58b4-9c3c-9e622ea2aaf2;a4496e47-4edc-50ca-b10d-5928007183d3;d9e5084a-e156-5aa0-b1f0-5927bc9d7ec1;9c15281c-fb9c-5e48-b716-3ad38dce38fa;237d5a8b-3e9e-5c4a-8afc-24dc2d7fd151	16;31;39;48;50			7aad8ef4999c	mutation	2	84cd8501d39dfaa4	Qwen/Qwen3.6-35B-A3B	RefAMR	50	hybrid	2026-09-18T13:58:16Z		local	http://mango.cels.anl.gov:8004/v1	56f4567639ff5c73
Pseudomonas aeruginosa	gyrB	S466Y	Fluoroquinolone resistance	reported	31	2	off_target_gene	(2018) DOI:10.3389/fmicb.2018.00685		237d5a8b-3e9e-5c4a-8afc-24dc2d7fd151	31			7aad8ef4999c	mutation	2	84cd8501d39dfaa4	Qwen/Qwen3.6-35B-A3B	RefAMR	50	hybrid	2026-09-18T13:58:16Z		local	http://mango.cels.anl.gov:8004/v1	56f4567639ff5c73
Pseudomonas aeruginosa	gyrB	Q467R	Fluoroquinolone resistance	reported	31	2	off_target_gene	(2018) DOI:10.3389/fmicb.2018.00685		237d5a8b-3e9e-5c4a-8afc-24dc2d7fd151	31			7aad8ef4999c	mutation	2	84cd8501d39dfaa4	Qwen/Qwen3.6-35B-A3B	RefAMR	50	hybrid	2026-09-18T13:58:16Z		local	http://mango.cels.anl.gov:8004/v1	56f4567639ff5c73
Pseudomonas aeruginosa	gyrB	E468D	Fluoroquinolone resistance	reported	31	2	off_target_gene	(2018) DOI:10.3389/fmicb.2018.00685		237d5a8b-3e9e-5c4a-8afc-24dc2d7fd151	31			7aad8ef4999c	mutation	2	84cd8501d39dfaa4	Qwen/Qwen3.6-35B-A3B	RefAMR	50	hybrid	2026-09-18T13:58:16Z		local	http://mango.cels.anl.gov:8004/v1	56f4567639ff5c73
Pseudomonas aeruginosa	gyrB	Val72	Fluoroquinolone resistance	reported	11	1	off_target_gene	(2019) DOI:10.2147/IDR.S182272		319f3651-dba6-574d-8aeb-00a3bc237845	11			7aad8ef4999c	mutation	2	84cd8501d39dfaa4	Qwen/Qwen3.6-35B-A3B	RefAMR	50	hybrid	2026-09-18T13:58:16Z		local	http://mango.cels.anl.gov:8004/v1	56f4567639ff5c73
Pseudomonas aeruginosa	gyrB	I424L	Fluoroquinolone resistance	reported	11	1	off_target_gene	(2019) DOI:10.2147/IDR.S182272		319f3651-dba6-574d-8aeb-00a3bc237845	11	I424L	Ile424→Leu	7aad8ef4999c	mutation	2	84cd8501d39dfaa4	Qwen/Qwen3.6-35B-A3B	RefAMR	50	hybrid	2026-09-18T13:58:16Z		local	http://mango.cels.anl.gov:8004/v1	56f4567639ff5c73
Pseudomonas aeruginosa	gyrB	L464I	Fluoroquinolone resistance	reported	11	1	off_target_gene	(2019) DOI:10.2147/IDR.S182272		319f3651-dba6-574d-8aeb-00a3bc237845	11	L464I	Leu464→Ile	7aad8ef4999c	mutation	2	84cd8501d39dfaa4	Qwen/Qwen3.6-35B-A3B	RefAMR	50	hybrid	2026-09-18T13:58:16Z		local	http://mango.cels.anl.gov:8004/v1	56f4567639ff5c73
Pseudomonas aeruginosa	gyrB	E483D	Fluoroquinolone resistance	reported	11	1	off_target_gene	(2019) DOI:10.2147/IDR.S182272		319f3651-dba6-574d-8aeb-00a3bc237845	11	E483D	Glu483→Asp	7aad8ef4999c	mutation	2	84cd8501d39dfaa4	Qwen/Qwen3.6-35B-A3B	RefAMR	50	hybrid	2026-09-18T13:58:16Z		local	http://mango.cels.anl.gov:8004/v1	56f4567639ff5c73
Vibrio parahaemolyticus		gyrA	S83Y	reported	[38]	4	column_count_mismatch	(2020) DOI:10.3390/antibiotics9120886		841084d2-984b-5d85-b12d-7f2ee25f4c01	38			179648edab2f	mutation	2	84cd8501d39dfaa4	Qwen/Qwen3.6-35B-A3B	RefAMR	50	hybrid	2026-09-18T13:58:17Z		local	http://mango.cels.anl.gov:8004/v1	53b8640633c38ed4
Vibrio vulnificus	gyrA	Y77S	Fluoroquinolone resistance (ciprofloxacin); Fluoroquinolone resistance	reported	[28]	2	merged_variants:Phenotype	(2017); (2020) DOI:10.1016/j.ebiom.2020.103152		606f658b-c64b-50ad-a434-863eb741dcd8;3e1f16da-8ca8-5094-8a85-d9bda2c22b3b	28;35			68453ae3bc3e	mutation	2	84cd8501d39dfaa4	Qwen/Qwen3.6-35B-A3B	RefAMR	50	hybrid	2026-09-18T13:58:19Z		local	http://mango.cels.anl.gov:8004/v1	5450070e837cfaa0
Clostridioides difficile	gyrB	D426A	antimicrobial resistance	reported	[20]	2		(2019) DOI:10.1128/AAC		e03437d3-ab7c-5c02-a0e5-4b645f8e68db;05c277ff-a0ea-5127-8c53-ca5dfb9c2fad	7;20			e4b96b653999	mutation	2	84cd8501d39dfaa4	Qwen/Qwen3.6-35B-A3B	RefAMR	50	hybrid	2026-09-18T13:58:21Z		local	http://mango.cels.anl.gov:8004/v1	3c24d31315858538
Clostridioides difficile	gyrB	D426N	antimicrobial resistance	reported	[20]	2		(2019) DOI:10.1128/AAC		e03437d3-ab7c-5c02-a0e5-4b645f8e68db;05c277ff-a0ea-5127-8c53-ca5dfb9c2fad	7;20			e4b96b653999	mutation	2	84cd8501d39dfaa4	Qwen/Qwen3.6-35B-A3B	RefAMR	50	hybrid	2026-09-18T13:58:21Z		local	http://mango.cels.anl.gov:8004/v1	3c24d31315858538
Clostridioides difficile	gyrB	D426V	antimicrobial resistance	reported	[20]	2		(2019) DOI:10.1128/AAC		e03437d3-ab7c-5c02-a0e5-4b645f8e68db;05c277ff-a0ea-5127-8c53-ca5dfb9c2fad	7;20			e4b96b653999	mutation	2	84cd8501d39dfaa4	Qwen/Qwen3.6-35B-A3B	RefAMR	50	hybrid	2026-09-18T13:58:21Z		local	http://mango.cels.anl.gov:8004/v1	3c24d31315858538
Escherichia	gyrB	S466F	Fluoroquinolone resistance	reported	[33]	1		(2018) DOI:10.3389/fmicb.2018.00685		237d5a8b-3e9e-5c4a-8afc-24dc2d7fd151	33			d35fb2aa258f	mutation	2	84cd8501d39dfaa4	Qwen/Qwen3.6-35B-A3B	RefAMR	50	hybrid	2026-09-18T13:58:22Z		local	http://mango.cels.anl.gov:8004/v1	f5e51caf265b00d4
Escherichia	gyrB	S466Y	Fluoroquinolone resistance	reported	[33]	1		(2018) DOI:10.3389/fmicb.2018.00685		237d5a8b-3e9e-5c4a-8afc-24dc2d7fd151	33			d35fb2aa258f	mutation	2	84cd8501d39dfaa4	Qwen/Qwen3.6-35B-A3B	RefAMR	50	hybrid	2026-09-18T13:58:22Z		local	http://mango.cels.anl.gov:8004/v1	f5e51caf265b00d4
Escherichia	gyrB	Q467R	Fluoroquinolone resistance	reported	[33]	1		(2018) DOI:10.3389/fmicb.2018.00685		237d5a8b-3e9e-5c4a-8afc-24dc2d7fd151	33			d35fb2aa258f	mutation	2	84cd8501d39dfaa4	Qwen/Qwen3.6-35B-A3B	RefAMR	50	hybrid	2026-09-18T13:58:22Z		local	http://mango.cels.anl.gov:8004/v1	f5e51caf265b00d4
Escherichia	gyrB	E468D	Fluoroquinolone resistance	reported	[33]	1		(2018) DOI:10.3389/fmicb.2018.00685		237d5a8b-3e9e-5c4a-8afc-24dc2d7fd151	33			d35fb2aa258f	mutation	2	84cd8501d39dfaa4	Qwen/Qwen3.6-35B-A3B	RefAMR	50	hybrid	2026-09-18T13:58:22Z		local	http://mango.cels.anl.gov:8004/v1	f5e51caf265b00d4
Neisseria gonorrhoeae	gyrB	S466F	Fluoroquinolone resistance	measured	5	1		DOI:10.1038/s41598-017-05621-5		50560bd7-9ee4-58b4-9c3c-9e622ea2aaf2	5			e2875e918851	mutation	2	84cd8501d39dfaa4	Qwen/Qwen3.6-35B-A3B	RefAMR	50	hybrid	2026-09-18T13:58:23Z		local	http://mango.cels.anl.gov:8004/v1	b6726b5e8e018582
Vibrio cholerae	gyrA		antimicrobial resistance	reported	1	50	missing:Mutation	(2019) DOI:10.2147/IDR.S182272; DOI:10.1038/s41598-017-05621-5; (2023) DOI:10.1093/molbev/msae086; (2024) DOI:10.3390/idr16020014; (2024) DOI:10.3389/fmicb.2024.1439424; [12]; (2014) DOI:10.1371/journal.pone.0104986; (2011) DOI:10.1016/j.phrp.2011.11.040; (2020) DOI:10.3390/antibiotics9120886; (2020) DOI:10.3390/antibiotics9070404; (2023); (2018) DOI:10.3389/fmicb.2018.00685; (2019) DOI:10.1007/s10482-019-01353-w; (2017); (2019) DOI:10.1128/AAC; [31]; (2017); (2022); (2020) DOI:10.1016/j.ebiom.2020.103152; (2021) DOI:10.3389/fmicb.2021.663835; DOI:10.3201/eid2911.230921; (2022); (2022); (2019) DOI:10.1177/1178636119889629; (2021) DOI:10.1099/mgen.0.000702; (2018) DOI:10.2147/IDR.S179618; (2019) DOI:10.1371/journal.pcbi.1007562; (2023) DOI:10.1093/jac/dkae021; (2016) DOI:10.1038/srep32322; DOI:10.1038/s44259-023-00001-8		934e8310-471f-5fff-aa7e-c41c0d70fe14;efe083e0-acb2-5d6f-aa66-06954b5d442a;4fbefead-68e0-50bf-99c3-f02dc39db447;8f7f6f3e-2392-5b42-9dbb-f0d9008a93aa;6f538461-d4a9-5b92-b692-39e2ec87c9b3;55b5cc4d-d289-5638-86c3-8331e251db34;400bb993-498b-5f04-8fb7-d3174f38567e;a08a7514-f154-59f1-8c26-7d4e98b4e31f;cf6eed1a-6b6e-5e59-894d-c729577d64c2;50560bd7-9ee4-58b4-9c3c-9e622ea2aaf2;22d8a6ac-179e-5b5b-aa74-48202b52854f;35bfede4-0060-592c-80e2-bc705e05b9d1;890e95d4-6f5a-5895-a0af-f68a93120441;b3f60b34-3228-5305-b392-4ba76673eb36;5015956a-15b4-59d1-87fd-4ea2ffec65fe;ae703371-e9bf-5ab1-ab54-0a19c1de81d7;199c2e60-34b8-5af9-affb-5e2921d700ee;b90a650e-dfd6-50b9-95bf-eb511c9665b4;8b8e3b4e-8769-5db3-8df4-95d4e201f34d;27da20b4-178d-5cf5-894e-12f91a572434;55009be6-0260-5af5-a0d9-455adb18b875;f7e554c4-4cb7-5c47-80d1-a43e38439f1a;acd36aca-741c-522e-9d3b-900669e52e51;31fc3021-5acd-5799-a384-02f4d94514fc;f37021be-20fb-5310-ade9-97197412a02a;841084d2-984b-5d85-b12d-7f2ee25f4c01;e8c62929-380f-5c16-be42-9bb5cd91b604;0314efd7-3431-5623-9d0b-188764747c13;d5d0769f-de35-5bc5-9455-df98388d8fb0;237d5a8b-3e9e-5c4a-8afc-24dc2d7fd151;23d4d4d5-b3be-5fe7-9fb7-c49c47124707;1d23fd9f-a0d9-57bd-8d40-a241ae8748e3;05c277ff-a0ea-5127-8c53-ca5dfb9c2fad;ad9db328-c31b-50ff-8495-b94f38d8c54c;606f658b-c64b-50ad-a434-863eb741dcd8;94390dcf-323f-5bc7-9b60-259484dd642e;3e1f16da-8ca8-5094-8a85-d9bda2c22b3b;7a9c1e2f-6175-56a3-9f08-04a966fe6b98;4c85ea25-9730-5566-ab10-1cd2e77239d6;adc7c3d4-658c-5295-8588-f90a689660ca;1bd0c9b5-7b17-524a-a11e-b00897f2e547;f0a1ecda-0471-52a7-bfae-ec1b839966b7;59257181-fc2e-5b2d-b4ae-04d21b199c63;305af5ea-4396-5a23-848e-2a10009e8ff9;c21caea1-63cc-5cec-906a-9571753ac050;f114763d-19e0-5cd9-81d4-19b537e1e077;2b2d4984-60ca-507a-b73d-3fd60dd64e32;10e5d3f4-c12d-51dc-a2f3-b8a1887d04d8;6ea3403c-2ce5-576f-b552-54f473bbfeda;918a353d-f937-53c2-acb5-40cea2712865	1;2;3;4;5;6;7;8;9;10;11;12;13;14;15;16;17;18;19;20;21;22;23;24;25;26;27;28;29;30;31;32;33;34;35;36;37;38;39;40;41;42;43;44;45;46;47;48;49;50			fe80c746c02c	mutation	2	84cd8501d39dfaa4	Qwen/Qwen3.6-35B-A3B	RefAMR	50	hybrid	2026-09-18T13:58:25Z		local	http://mango.cels.anl.gov:8004/v1	0b5abd5cfd329df2
Salmonella enterica Typhimurium	gyrB	S464F	Fluoroquinolone resistance	reported	22	1		[22]		27da20b4-178d-5cf5-894e-12f91a572434	22			a7411cfab43a	mutation	2	84cd8501d39dfaa4	Qwen/Qwen3.6-35B-A3B	RefAMR	50	hybrid	2026-09-18T13:58:27Z		local	http://mango.cels.anl.gov:8004/v1	d2e2c34cc40b337e
Salmonella	gyrB	Asp426Ala/Asn/Val	Fluoroquinolone resistance	reported	29	1		(2019) DOI:10.1128/AAC		297dd8bd-920d-54e2-a4c4-76d87b78ee9b	29			a7411cfab43a	mutation	2	84cd8501d39dfaa4	Qwen/Qwen3.6-35B-A3B	RefAMR	50	hybrid	2026-09-18T13:58:27Z		local	http://mango.cels.anl.gov:8004/v1	d2e2c34cc40b337e
Salmonella	gyrB	S466F	Fluoroquinolone resistance	reported	31	1		(2018) DOI:10.3389/fmicb.2018.00685		237d5a8b-3e9e-5c4a-8afc-24dc2d7fd151	31			a7411cfab43a	mutation	2	84cd8501d39dfaa4	Qwen/Qwen3.6-35B-A3B	RefAMR	50	hybrid	2026-09-18T13:58:27Z		local	http://mango.cels.anl.gov:8004/v1	d2e2c34cc40b337e
Salmonella	gyrB	S466Y	Fluoroquinolone resistance	reported	31	1		(2018) DOI:10.3389/fmicb.2018.00685		237d5a8b-3e9e-5c4a-8afc-24dc2d7fd151	31			a7411cfab43a	mutation	2	84cd8501d39dfaa4	Qwen/Qwen3.6-35B-A3B	RefAMR	50	hybrid	2026-09-18T13:58:27Z		local	http://mango.cels.anl.gov:8004/v1	d2e2c34cc40b337e
Salmonella	gyrB	Q467R	Fluoroquinolone resistance	reported	31	1		(2018) DOI:10.3389/fmicb.2018.00685		237d5a8b-3e9e-5c4a-8afc-24dc2d7fd151	31			a7411cfab43a	mutation	2	84cd8501d39dfaa4	Qwen/Qwen3.6-35B-A3B	RefAMR	50	hybrid	2026-09-18T13:58:27Z		local	http://mango.cels.anl.gov:8004/v1	d2e2c34cc40b337e
Salmonella	gyrB	E468D	Fluoroquinolone resistance	reported	31	1		(2018) DOI:10.3389/fmicb.2018.00685		237d5a8b-3e9e-5c4a-8afc-24dc2d7fd151	31			a7411cfab43a	mutation	2	84cd8501d39dfaa4	Qwen/Qwen3.6-35B-A3B	RefAMR	50	hybrid	2026-09-18T13:58:27Z		local	http://mango.cels.anl.gov:8004/v1	d2e2c34cc40b337e
Staphylococcus aureus	gyrB	S466F	Fluoroquinolone resistance	reported	7	1		DOI:10.1038/s41598-017-05621-5		50560bd7-9ee4-58b4-9c3c-9e622ea2aaf2	7			36d780508b06	mutation	2	84cd8501d39dfaa4	Qwen/Qwen3.6-35B-A3B	RefAMR	50	hybrid	2026-09-18T13:58:27Z		local	http://mango.cels.anl.gov:8004/v1	991c7313d3a1fac4
Staphylococcus aureus	gyrB	S464F	Quinolone resistance	reported	13	1		[13]		27da20b4-178d-5cf5-894e-12f91a572434	13			36d780508b06	mutation	2	84cd8501d39dfaa4	Qwen/Qwen3.6-35B-A3B	RefAMR	50	hybrid	2026-09-18T13:58:27Z		local	http://mango.cels.anl.gov:8004/v1	991c7313d3a1fac4
Staphylococcus aureus	ileS		antimicrobial resistance	reported	18	1	missing:Mutation	(2015) DOI:10.3389/fmicb.2015.01544		ba404538-901f-5de4-88e9-cf21af4f581e	18			efee844f0405	mutation	2	84cd8501d39dfaa4	Qwen/Qwen3.6-35B-A3B	RefAMR	50	hybrid	2026-09-18T13:58:29Z		local	http://mango.cels.anl.gov:8004/v1	e09427f59ad40097
Klebsiella pneumoniae	lamB		ceftazidime-avibactam resistance	reported	1	10	missing:Mutation	(2021); (2021); (2021); (2021); (2021); (2021); (2021); (2021); (2021); (2021)		ebbcd926-bd9a-5877-b806-1b1a3d93351f;8a00d353-a2be-5d72-b220-c06c7c3799e6;f1a7568a-b38f-554a-8c13-2d12ed589a32;c4a17579-6af5-52e5-833f-50e4edaf8df9;c88d2911-387c-5db6-9533-ef1e9718e310;0d5c2cd3-1739-55cc-9070-e0933158a502;9178953d-7437-5178-a81a-4e696e991413;48d73d28-ad66-5255-8a8a-5dcc571dede3;75d26a07-d9d4-5859-bba5-3eb63049a286;7c9b0fa2-6c4d-50eb-80f6-35394fcc8c46	1;3;6;11;15;17;18;26;34;43			70b60e0c8e42	mutation	2	84cd8501d39dfaa4	Qwen/Qwen3.6-35B-A3B	RefAMR	50	hybrid	2026-09-18T13:58:31Z		local	http://mango.cels.anl.gov:8004/v1	0494bafbba91f688
Enterococcus faecalis	liaF	codon deletion	daptomycin bactericidal activity abolished	reported	[4]	1		(2018) DOI:10.1371/journal.pone.0209785		b1711e62-ee64-5c56-9e64-928327f2d3fe	4			f9be73439837	mutation	2	84cd8501d39dfaa4	Qwen/Qwen3.6-35B-A3B	RefAMR	50	hybrid	2026-09-18T13:58:32Z		local	http://mango.cels.anl.gov:8004/v1	8c05aad2727f677b
Enterococcus faecium	liaF	deletion	daptomycin resistance	measured	[7]	1		(2018) DOI:10.1371/journal.pone.0209785		b1711e62-ee64-5c56-9e64-928327f2d3fe	7			85d8dc6f64f6	mutation	2	84cd8501d39dfaa4	Qwen/Qwen3.6-35B-A3B	RefAMR	50	hybrid	2026-09-18T13:58:35Z		local	http://mango.cels.anl.gov:8004/v1	631e1a0cf27fb5e0
Enterococcus faecium	liaR	S19F	daptomycin resistance	reported	[9]	10	off_target_gene	(2021) DOI:10.3389/fmicb.2021.749935		0bfb3544-cff7-58fc-8033-d24869bb9cba;0b1b81ea-73c3-5080-98c5-751725fe6642;69a8568e-2021-54db-a1e7-47c86c3b96c6;d161eb8a-e561-55d0-b1da-d8df3a3aa506;dac7ec70-be3d-519c-b998-3ae489ce2bcc;39e359b2-551d-5341-a828-c0bbd459d235;980b2928-314b-5832-825c-113c6c54daea;5b80a7c9-4356-58ca-8889-4397ec5088fb;1ba70c24-3ab7-59d6-88ae-6ca14273f6a3	8;9;11;13;14;17;33;41;45			85d8dc6f64f6	mutation	2	84cd8501d39dfaa4	Qwen/Qwen3.6-35B-A3B	RefAMR	50	hybrid	2026-09-18T13:58:35Z		local	http://mango.cels.anl.gov:8004/v1	631e1a0cf27fb5e0
Enterococcus faecium	liaR	deletion	daptomycin susceptibility	reported	[5]	4	off_target_gene	(2018) DOI:10.1371/journal.pone.0209785		fd508c1b-7b00-5604-ae32-7ac96c6e73d4;f7bd079a-b3ad-571c-a21b-1a6528463d14	5;6			85d8dc6f64f6	mutation	2	84cd8501d39dfaa4	Qwen/Qwen3.6-35B-A3B	RefAMR	50	hybrid	2026-09-18T13:58:35Z		local	http://mango.cels.anl.gov:8004/v1	631e1a0cf27fb5e0
Enterococcus faecium	liaFSR	mutations	daptomycin resistance	reported	[1]	5	off_target_gene	(2018) DOI:10.1371/journal.pone.0209785		034cccdb-936b-57d1-af56-3f2347617f94;d2c01772-6fb0-5f52-89ba-98a326552f24;718629f7-1b38-57ad-aeba-e283bf95f79e;2ce6ed6b-7bab-5c72-8310-51913be70693;ee058ae5-2491-5657-ac87-3bd600d72b90	1;12;19;28;48			85d8dc6f64f6	mutation	2	84cd8501d39dfaa4	Qwen/Qwen3.6-35B-A3B	RefAMR	50	hybrid	2026-09-18T13:58:35Z		local	http://mango.cels.anl.gov:8004/v1	631e1a0cf27fb5e0
Enterococcus faecalis	liaR	deletion	antimicrobial resistance (daptomycin susceptibility restored); daptomycin susceptibility	reported	[2]	2	merged_variants:Phenotype;off_target_gene	(2018) DOI:10.1371/journal.pone.0209785		fd508c1b-7b00-5604-ae32-7ac96c6e73d4	2			1ef99d87a07a	mutation	2	84cd8501d39dfaa4	Qwen/Qwen3.6-35B-A3B	RefAMR	50	hybrid	2026-09-18T13:58:36Z		local	http://mango.cels.anl.gov:8004/v1	957b4a935be24481
Enterococcus faecalis	liaS	T120A	daptomycin resistance	reported	[1]	1		(2021) DOI:10.3389/fmicb.2021.749935		620d87d6-df0a-58f1-9918-7e9d001782ee	1			4f309fecd557	mutation	2	84cd8501d39dfaa4	Qwen/Qwen3.6-35B-A3B	RefAMR	50	hybrid	2026-09-18T13:58:40Z		local	http://mango.cels.anl.gov:8004/v1	d3422604f2c18162
Enterococcus faecalis	liaR	W73C	daptomycin resistance	reported	[1]	1	off_target_gene	(2021) DOI:10.3389/fmicb.2021.749935		620d87d6-df0a-58f1-9918-7e9d001782ee	1			4f309fecd557	mutation	2	84cd8501d39dfaa4	Qwen/Qwen3.6-35B-A3B	RefAMR	50	hybrid	2026-09-18T13:58:40Z		local	http://mango.cels.anl.gov:8004/v1	d3422604f2c18162
Enterococcus faecalis	liaF	deletion	daptomycin bactericidal activity abolished	reported	[8]	1	off_target_gene	(2018) DOI:10.1371/journal.pone.0209785		b1711e62-ee64-5c56-9e64-928327f2d3fe	8			4f309fecd557	mutation	2	84cd8501d39dfaa4	Qwen/Qwen3.6-35B-A3B	RefAMR	50	hybrid	2026-09-18T13:58:40Z		local	http://mango.cels.anl.gov:8004/v1	d3422604f2c18162
Escherichia	lon	P403L	tigecycline resistance	measured	[25]	3		(2018) DOI:10.2147/IDR.S179618		e8f6749e-5e3f-540f-8bc6-19edf46fd7f8;47ffd136-eb00-524b-a344-b31e89319b55;db9be182-9d06-5327-8cc8-3cab08c4cb68	25;32;34			aaac928ca49e	mutation	2	84cd8501d39dfaa4	Qwen/Qwen3.6-35B-A3B	RefAMR	50	hybrid	2026-09-18T13:58:43Z		local	http://mango.cels.anl.gov:8004/v1	fdf70f488a4a73bf
Escherichia	lon		antimicrobial resistance	inferred; reported	[2]	2	missing:Mutation;merged_variants:Assertion	(2018) DOI:10.2147/IDR.S179618		3c040894-b7b6-50f8-8196-a4c1782cc7f5;49a312dc-32a3-5f4c-85f5-76b5c00fca71	2;33			aaac928ca49e	mutation	2	84cd8501d39dfaa4	Qwen/Qwen3.6-35B-A3B	RefAMR	50	hybrid	2026-09-18T13:58:43Z		local	http://mango.cels.anl.gov:8004/v1	fdf70f488a4a73bf
Acinetobacter baumannii	lpxA	Insertional inactivation with ISAba11 element insertion	Loss of LPS-mediated colistin resistance (MIC >128 mg/L)	reported	[4]	1		(2014) DOI:10.3389/fmicb.2014.00643		c5728753-5b08-5fdc-bc4f-fb0736e6767c	4			30152ac712e5	mutation	2	84cd8501d39dfaa4	Qwen/Qwen3.6-35B-A3B	RefAMR	50	hybrid	2026-09-18T13:58:44Z		local	http://mango.cels.anl.gov:8004/v1	67e56692f3663a74
Acinetobacter baumannii	lpxC	Insertional inactivation with ISAba11 element	Loss of LPS-mediated colistin resistance	Reported	[4]	1		(2014) DOI:10.3389/fmicb.2014.00643		c5728753-5b08-5fdc-bc4f-fb0736e6767c	4			71473ad499db	mutation	2	84cd8501d39dfaa4	Qwen/Qwen3.6-35B-A3B	RefAMR	50	hybrid	2026-09-18T13:58:44Z		local	http://mango.cels.anl.gov:8004/v1	21c91f2c791db5c9
Acinetobacter baumannii	lpxC	Unique mutations	Colistin resistance	Reported	[22]	1		(2014) DOI:10.3389/fmicb.2014.00643		311c10c6-61c2-5fd9-814f-0858801d777e	22			71473ad499db	mutation	2	84cd8501d39dfaa4	Qwen/Qwen3.6-35B-A3B	RefAMR	50	hybrid	2026-09-18T13:58:44Z		local	http://mango.cels.anl.gov:8004/v1	21c91f2c791db5c9
Klebsiella pneumoniae	lpxM		Increased sensitivity to polymyxin B and colistin	measured	3	1	missing:Mutation	(2014) DOI:10.3389/fmicb.2014.00643		38b8b7cc-3ea6-5e67-8c49-6010416aef58	3			6aaef918a6fb	mutation	2	84cd8501d39dfaa4	Qwen/Qwen3.6-35B-A3B	RefAMR	50	hybrid	2026-09-18T13:58:45Z		local	http://mango.cels.anl.gov:8004/v1	e71af7b6d3eb004e
Staphylococcus aureus	mepR	A103V	multidrug resistance	measured	[1]	1		(2013) DOI:10.1128/mBio.00528-13		13c8c482-b79e-56a4-aa88-8de2868c2a6a	1			e72628007d05	mutation	2	84cd8501d39dfaa4	Qwen/Qwen3.6-35B-A3B	RefAMR	50	hybrid	2026-09-18T13:58:47Z		local	http://mango.cels.anl.gov:8004/v1	348e6d7caa48536a
Staphylococcus aureus	mepR	F27L	multidrug resistance	measured	[1]	1		(2013) DOI:10.1128/mBio.00528-13		13c8c482-b79e-56a4-aa88-8de2868c2a6a	1			e72628007d05	mutation	2	84cd8501d39dfaa4	Qwen/Qwen3.6-35B-A3B	RefAMR	50	hybrid	2026-09-18T13:58:47Z		local	http://mango.cels.anl.gov:8004/v1	348e6d7caa48536a
Staphylococcus aureus	mepR	Q18P	multidrug resistance	measured	[1]	1		(2013) DOI:10.1128/mBio.00528-13		13c8c482-b79e-56a4-aa88-8de2868c2a6a	1			e72628007d05	mutation	2	84cd8501d39dfaa4	Qwen/Qwen3.6-35B-A3B	RefAMR	50	hybrid	2026-09-18T13:58:47Z		local	http://mango.cels.anl.gov:8004/v1	348e6d7caa48536a
Escherichia	marR	Various inactivating mutations (deletions, insertions, frameshifts, nonsense)	Reduced susceptibility to ciprofloxacin and other antimicrobial drugs	reported	[1]	1		(2017)		6d940d73-db7c-598d-9f68-0329d659a06c	1			bd7972a5c7e0	mutation	2	84cd8501d39dfaa4	Qwen/Qwen3.6-35B-A3B	RefAMR	50	hybrid	2026-09-18T13:58:50Z		local	http://mango.cels.anl.gov:8004/v1	be9b23d89a166fb0
Escherichia	marR	Frameshift mutations resulting in truncation	Reduced susceptibility to fidaxomicin	reported	[3]	1		(2023) DOI:10.1093/jac/dkae101		9e343d0d-6f85-5cc7-beaa-ad517b8ae87a	3			bd7972a5c7e0	mutation	2	84cd8501d39dfaa4	Qwen/Qwen3.6-35B-A3B	RefAMR	50	hybrid	2026-09-18T13:58:50Z		local	http://mango.cels.anl.gov:8004/v1	be9b23d89a166fb0
Escherichia	marR	Fluoroquinolone resistance mutations	Increased ciprofloxacin resistance	reported	[6]	1		(2023) DOI:10.1093/molbev/msae086		92dec2f3-17ba-50d2-9f4a-3b70203a0ee1	6			bd7972a5c7e0	mutation	2	84cd8501d39dfaa4	Qwen/Qwen3.6-35B-A3B	RefAMR	50	hybrid	2026-09-18T13:58:50Z		local	http://mango.cels.anl.gov:8004/v1	be9b23d89a166fb0
Escherichia	marR	A133E	Increased MIC of ciprofloxacin	measured	[33]	1		(2017)		241b409a-f19b-50a3-aeb6-6b4ac3d3287d	33			bd7972a5c7e0	mutation	2	84cd8501d39dfaa4	Qwen/Qwen3.6-35B-A3B	RefAMR	50	hybrid	2026-09-18T13:58:50Z		local	http://mango.cels.anl.gov:8004/v1	be9b23d89a166fb0
Escherichia	marR	K62R	Increased MIC of ciprofloxacin	measured	[33]	1		(2017)		241b409a-f19b-50a3-aeb6-6b4ac3d3287d	33			bd7972a5c7e0	mutation	2	84cd8501d39dfaa4	Qwen/Qwen3.6-35B-A3B	RefAMR	50	hybrid	2026-09-18T13:58:50Z		local	http://mango.cels.anl.gov:8004/v1	be9b23d89a166fb0
Escherichia	marR	V79I	Increased MIC of ciprofloxacin	measured	[33]	1		(2017)		241b409a-f19b-50a3-aeb6-6b4ac3d3287d	33			bd7972a5c7e0	mutation	2	84cd8501d39dfaa4	Qwen/Qwen3.6-35B-A3B	RefAMR	50	hybrid	2026-09-18T13:58:50Z		local	http://mango.cels.anl.gov:8004/v1	be9b23d89a166fb0
Escherichia	marR	D76G	Increased MIC of ciprofloxacin	measured	[33]	1		(2017)		241b409a-f19b-50a3-aeb6-6b4ac3d3287d	33			bd7972a5c7e0	mutation	2	84cd8501d39dfaa4	Qwen/Qwen3.6-35B-A3B	RefAMR	50	hybrid	2026-09-18T13:58:50Z		local	http://mango.cels.anl.gov:8004/v1	be9b23d89a166fb0
Escherichia	marR	L78M	Increased MIC of ciprofloxacin	measured	[33]	1		(2017)		241b409a-f19b-50a3-aeb6-6b4ac3d3287d	33			bd7972a5c7e0	mutation	2	84cd8501d39dfaa4	Qwen/Qwen3.6-35B-A3B	RefAMR	50	hybrid	2026-09-18T13:58:50Z		local	http://mango.cels.anl.gov:8004/v1	be9b23d89a166fb0
Escherichia	marR	V84G	Increased MIC of ciprofloxacin	measured	[33]	1		(2017)		241b409a-f19b-50a3-aeb6-6b4ac3d3287d	33			bd7972a5c7e0	mutation	2	84cd8501d39dfaa4	Qwen/Qwen3.6-35B-A3B	RefAMR	50	hybrid	2026-09-18T13:58:50Z		local	http://mango.cels.anl.gov:8004/v1	be9b23d89a166fb0
Escherichia	marR	L64fs	Increased MIC of ciprofloxacin	measured	[33]	1		(2017)		241b409a-f19b-50a3-aeb6-6b4ac3d3287d	33			bd7972a5c7e0	mutation	2	84cd8501d39dfaa4	Qwen/Qwen3.6-35B-A3B	RefAMR	50	hybrid	2026-09-18T13:58:50Z		local	http://mango.cels.anl.gov:8004/v1	be9b23d89a166fb0
Escherichia	marR	T72P	Increased MIC of ciprofloxacin	measured	[33]	1		(2017)		241b409a-f19b-50a3-aeb6-6b4ac3d3287d	33			bd7972a5c7e0	mutation	2	84cd8501d39dfaa4	Qwen/Qwen3.6-35B-A3B	RefAMR	50	hybrid	2026-09-18T13:58:50Z		local	http://mango.cels.anl.gov:8004/v1	be9b23d89a166fb0
Escherichia	marR	V96E	Increased MIC of ciprofloxacin	measured	[33]	1		(2017)		241b409a-f19b-50a3-aeb6-6b4ac3d3287d	33			bd7972a5c7e0	mutation	2	84cd8501d39dfaa4	Qwen/Qwen3.6-35B-A3B	RefAMR	50	hybrid	2026-09-18T13:58:50Z		local	http://mango.cels.anl.gov:8004/v1	be9b23d89a166fb0
Escherichia	marR	G82fs	Increased MIC of ciprofloxacin	measured	[33]	1		(2017)		241b409a-f19b-50a3-aeb6-6b4ac3d3287d	33			bd7972a5c7e0	mutation	2	84cd8501d39dfaa4	Qwen/Qwen3.6-35B-A3B	RefAMR	50	hybrid	2026-09-18T13:58:50Z		local	http://mango.cels.anl.gov:8004/v1	be9b23d89a166fb0
Escherichia	marR	R94H	Increased MIC of ciprofloxacin	measured	[33]	1		(2017)		241b409a-f19b-50a3-aeb6-6b4ac3d3287d	33			bd7972a5c7e0	mutation	2	84cd8501d39dfaa4	Qwen/Qwen3.6-35B-A3B	RefAMR	50	hybrid	2026-09-18T13:58:50Z		local	http://mango.cels.anl.gov:8004/v1	be9b23d89a166fb0
Escherichia	marR	E136fs	Increased MIC of ciprofloxacin	measured	[33]	1		(2017)		241b409a-f19b-50a3-aeb6-6b4ac3d3287d	33			bd7972a5c7e0	mutation	2	84cd8501d39dfaa4	Qwen/Qwen3.6-35B-A3B	RefAMR	50	hybrid	2026-09-18T13:58:50Z		local	http://mango.cels.anl.gov:8004/v1	be9b23d89a166fb0
Escherichia	marR	R73G	Increased MIC of ciprofloxacin	measured	[33]	1		(2017)		241b409a-f19b-50a3-aeb6-6b4ac3d3287d	33			bd7972a5c7e0	mutation	2	84cd8501d39dfaa4	Qwen/Qwen3.6-35B-A3B	RefAMR	50	hybrid	2026-09-18T13:58:50Z		local	http://mango.cels.anl.gov:8004/v1	be9b23d89a166fb0
Escherichia	marR	Q110*	Increased MIC of ciprofloxacin	measured	[33]	1		(2017)		241b409a-f19b-50a3-aeb6-6b4ac3d3287d	33			bd7972a5c7e0	mutation	2	84cd8501d39dfaa4	Qwen/Qwen3.6-35B-A3B	RefAMR	50	hybrid	2026-09-18T13:58:50Z		local	http://mango.cels.anl.gov:8004/v1	be9b23d89a166fb0
Escherichia	marR	A52fs	Increased MIC of ciprofloxacin	measured	[33]	1		(2017)		241b409a-f19b-50a3-aeb6-6b4ac3d3287d	33			bd7972a5c7e0	mutation	2	84cd8501d39dfaa4	Qwen/Qwen3.6-35B-A3B	RefAMR	50	hybrid	2026-09-18T13:58:50Z		local	http://mango.cels.anl.gov:8004/v1	be9b23d89a166fb0
Pseudomonas aeruginosa	mexD		Antimicrobial resistance measured by RT-PCR	inferred	[20]	1	missing:Mutation	DOI:10.1038/s41598-017-05621-5		10731723-8c8e-5205-b5eb-a12e211ceb7e	20			9d947c054248	mutation	2	84cd8501d39dfaa4	Qwen/Qwen3.6-35B-A3B	RefAMR	50	hybrid	2026-09-18T13:58:51Z		local	http://mango.cels.anl.gov:8004/v1	efae14cf519a1247
Pseudomonas aeruginosa	mexB		Antimicrobial resistance; Aztreonam resistance	Reported	[1]	23	missing:Mutation;merged_variants:Phenotype	(2022) DOI:10.1128/spectrum.00247-22; [4]; (2021) DOI:10.3389/fmicb.2021.659808; (2021); (2019) DOI:10.1371/journal.pcbi.1007562; (2013) DOI:10.1128/mBio.00528-13; DOI:10.1038/s41598-017-05621-5; [20]; (2021); (2025) DOI:10.1186/s12866-025-03935-3; [36]; (2021); (2021); (2021); DOI:10.1128/aac.01657-25		3518ee6a-6759-58e8-a9a2-ee444eeb092a;be838628-568e-5e4c-9acb-9b2ed18ebd0b;eebc286c-5971-5aed-8394-603aa214f229;18c1de14-51b4-5d87-a290-e55e2da8b892;c61bde3d-8b86-5d98-b7b1-e82eb184b030;dad63fc8-b7c4-5a03-a9d4-63361804c9f0;e4b1262a-a8b1-554c-9093-d8e967b653b5;ca9cf79b-1bdb-5356-8424-8204c00aed28;9ea9fb5c-7fc2-5c4f-a984-4e7d2f2754d2;a78cfa29-2bab-58b0-af06-e015179a57f8;36b52679-7b0e-51f4-97a7-fd3d09ca37bf;37fc7035-5308-5324-95c5-5147a4dfd36f;1acd473c-c246-56ca-90ec-5ec1d33b84e3;10731723-8c8e-5205-b5eb-a12e211ceb7e;ba994a04-6cba-5279-87c9-a8fdfc6b5028;d9190870-ba7a-5de4-865c-2d792464a948;d5ed91be-8a86-5162-bdc4-6862811f5e36;fdd1f635-a896-5518-a7ab-fba7b3d671b9;8e98ed48-2e6b-5aa7-8476-b4da0da9d009;f56e94e1-e058-5318-9919-61b0864e1d48;c0a9db06-a7c6-567f-851c-b9cd763dece7;64465ce1-6cd9-597a-829d-83ea365d8d70;bec2feef-b2cc-5ccd-a7df-ba8172c4b255	1;4;5;6;8;9;14;19;20;22;23;24;25;27;28;36;39;40;41;45;46;48;49			71d20f569cc1	mutation	2	84cd8501d39dfaa4	Qwen/Qwen3.6-35B-A3B	RefAMR	50	hybrid	2026-09-18T13:58:53Z		local	http://mango.cels.anl.gov:8004/v1	925e7a93ec6873c0
Pseudomonas aeruginosa	mexR	R70Q	mexAB-oprM overexpression; aztreonam resistance	measured; reported	[1]	2	merged_variants:Phenotype;merged_variants:Assertion	(2021) DOI:10.3389/fmicb.2021.659808		eebc286c-5971-5aed-8394-603aa214f229;9b06e474-b1fc-5ecd-9e12-65f3e9bf78bb	1;42			9e6bbf8f7b38	mutation	2	84cd8501d39dfaa4	Qwen/Qwen3.6-35B-A3B	RefAMR	50	hybrid	2026-09-18T13:58:55Z		local	http://mango.cels.anl.gov:8004/v1	2a42e98b3b4ed8d7
Pseudomonas aeruginosa	mexR	L95F	mexAB-oprM overexpression	reported	[42]	1		(2021) DOI:10.3389/fmicb.2021.659808		9b06e474-b1fc-5ecd-9e12-65f3e9bf78bb	42			9e6bbf8f7b38	mutation	2	84cd8501d39dfaa4	Qwen/Qwen3.6-35B-A3B	RefAMR	50	hybrid	2026-09-18T13:58:55Z		local	http://mango.cels.anl.gov:8004/v1	2a42e98b3b4ed8d7
Pseudomonas aeruginosa	mexR	R21W	mexAB-oprM overexpression	reported	[42]	1		(2021) DOI:10.3389/fmicb.2021.659808		9b06e474-b1fc-5ecd-9e12-65f3e9bf78bb	42			9e6bbf8f7b38	mutation	2	84cd8501d39dfaa4	Qwen/Qwen3.6-35B-A3B	RefAMR	50	hybrid	2026-09-18T13:58:55Z		local	http://mango.cels.anl.gov:8004/v1	2a42e98b3b4ed8d7
Pseudomonas aeruginosa	mexR	R70W	mexAB-oprM overexpression	reported	[42]	1		(2021) DOI:10.3389/fmicb.2021.659808		9b06e474-b1fc-5ecd-9e12-65f3e9bf78bb	42			9e6bbf8f7b38	mutation	2	84cd8501d39dfaa4	Qwen/Qwen3.6-35B-A3B	RefAMR	50	hybrid	2026-09-18T13:58:55Z		local	http://mango.cels.anl.gov:8004/v1	2a42e98b3b4ed8d7
Pseudomonas aeruginosa	mexR	P37R	multidrug resistance	reported	[37]	1		(2025) DOI:10.1186/s12866-025-03935-3		8a17e39d-1b8a-5660-a73e-9becc11ed6e2	37			9e6bbf8f7b38	mutation	2	84cd8501d39dfaa4	Qwen/Qwen3.6-35B-A3B	RefAMR	50	hybrid	2026-09-18T13:58:55Z		local	http://mango.cels.anl.gov:8004/v1	2a42e98b3b4ed8d7
Pseudomonas aeruginosa	mexR	L54P	multidrug resistance	reported	[37]	1		(2025) DOI:10.1186/s12866-025-03935-3		8a17e39d-1b8a-5660-a73e-9becc11ed6e2	37			9e6bbf8f7b38	mutation	2	84cd8501d39dfaa4	Qwen/Qwen3.6-35B-A3B	RefAMR	50	hybrid	2026-09-18T13:58:55Z		local	http://mango.cels.anl.gov:8004/v1	2a42e98b3b4ed8d7
Pseudomonas aeruginosa	mexR	Q55R	multidrug resistance	reported	[37]	1		(2025) DOI:10.1186/s12866-025-03935-3		8a17e39d-1b8a-5660-a73e-9becc11ed6e2	37			9e6bbf8f7b38	mutation	2	84cd8501d39dfaa4	Qwen/Qwen3.6-35B-A3B	RefAMR	50	hybrid	2026-09-18T13:58:55Z		local	http://mango.cels.anl.gov:8004/v1	2a42e98b3b4ed8d7
Pseudomonas aeruginosa	mexR	V126E	multidrug resistance	reported	[37]	2		(2025) DOI:10.1186/s12866-025-03935-3		8a17e39d-1b8a-5660-a73e-9becc11ed6e2	37			9e6bbf8f7b38	mutation	2	84cd8501d39dfaa4	Qwen/Qwen3.6-35B-A3B	RefAMR	50	hybrid	2026-09-18T13:58:55Z		local	http://mango.cels.anl.gov:8004/v1	2a42e98b3b4ed8d7
Pseudomonas aeruginosa	mexR	Q137H	multidrug resistance	reported	[37]	1		(2025) DOI:10.1186/s12866-025-03935-3		8a17e39d-1b8a-5660-a73e-9becc11ed6e2	37			9e6bbf8f7b38	mutation	2	84cd8501d39dfaa4	Qwen/Qwen3.6-35B-A3B	RefAMR	50	hybrid	2026-09-18T13:58:55Z		local	http://mango.cels.anl.gov:8004/v1	2a42e98b3b4ed8d7
Pseudomonas aeruginosa	mexR	G137P	multidrug resistance	reported	[37]	1		(2025) DOI:10.1186/s12866-025-03935-3		8a17e39d-1b8a-5660-a73e-9becc11ed6e2	37			9e6bbf8f7b38	mutation	2	84cd8501d39dfaa4	Qwen/Qwen3.6-35B-A3B	RefAMR	50	hybrid	2026-09-18T13:58:55Z		local	http://mango.cels.anl.gov:8004/v1	2a42e98b3b4ed8d7
Pseudomonas aeruginosa	mexR	C138A	multidrug resistance	reported	[37]	1		(2025) DOI:10.1186/s12866-025-03935-3		8a17e39d-1b8a-5660-a73e-9becc11ed6e2	37			9e6bbf8f7b38	mutation	2	84cd8501d39dfaa4	Qwen/Qwen3.6-35B-A3B	RefAMR	50	hybrid	2026-09-18T13:58:55Z		local	http://mango.cels.anl.gov:8004/v1	2a42e98b3b4ed8d7
Pseudomonas aeruginosa	mexR	T130P	multidrug resistance	reported	[37]	1		(2025) DOI:10.1186/s12866-025-03935-3		8a17e39d-1b8a-5660-a73e-9becc11ed6e2	37			9e6bbf8f7b38	mutation	2	84cd8501d39dfaa4	Qwen/Qwen3.6-35B-A3B	RefAMR	50	hybrid	2026-09-18T13:58:55Z		local	http://mango.cels.anl.gov:8004/v1	2a42e98b3b4ed8d7
Pseudomonas aeruginosa	mexT	G257S	Multidrug resistance (MexEF-OprN hyperproduction)	reported	[25]	1		(2018) DOI:10.3389/fmicb.2018.00685		5eb39dc0-8eed-5c59-b9ec-54705f5a4675	25			273e2bd87f7f	mutation	2	84cd8501d39dfaa4	Qwen/Qwen3.6-35B-A3B	RefAMR	50	hybrid	2026-09-18T13:58:55Z		local	http://mango.cels.anl.gov:8004/v1	3093e2b0a54b067e
Pseudomonas aeruginosa	mexT	G257A	Multidrug resistance (MexEF-OprN hyperproduction)	reported	[25]	1		(2018) DOI:10.3389/fmicb.2018.00685		5eb39dc0-8eed-5c59-b9ec-54705f5a4675	25			273e2bd87f7f	mutation	2	84cd8501d39dfaa4	Qwen/Qwen3.6-35B-A3B	RefAMR	50	hybrid	2026-09-18T13:58:55Z		local	http://mango.cels.anl.gov:8004/v1	3093e2b0a54b067e
Pseudomonas aeruginosa	mexT	G258D	Multidrug resistance (MexEF-OprN hyperproduction)	reported	[35]	1		(2025) DOI:10.1186/s12866-025-03935-3		8a17e39d-1b8a-5660-a73e-9becc11ed6e2	35			273e2bd87f7f	mutation	2	84cd8501d39dfaa4	Qwen/Qwen3.6-35B-A3B	RefAMR	50	hybrid	2026-09-18T13:58:55Z		local	http://mango.cels.anl.gov:8004/v1	3093e2b0a54b067e
Pseudomonas aeruginosa	mexT	Y138D	Multidrug resistance (MexEF-OprN hyperproduction)	reported	[35]	1		(2025) DOI:10.1186/s12866-025-03935-3		8a17e39d-1b8a-5660-a73e-9becc11ed6e2	35			273e2bd87f7f	mutation	2	84cd8501d39dfaa4	Qwen/Qwen3.6-35B-A3B	RefAMR	50	hybrid	2026-09-18T13:58:55Z		local	http://mango.cels.anl.gov:8004/v1	3093e2b0a54b067e
Pseudomonas aeruginosa	mexT	P202A	Multidrug resistance (MexEF-OprN hyperproduction)	reported	[35]	1		(2025) DOI:10.1186/s12866-025-03935-3		8a17e39d-1b8a-5660-a73e-9becc11ed6e2	35			273e2bd87f7f	mutation	2	84cd8501d39dfaa4	Qwen/Qwen3.6-35B-A3B	RefAMR	50	hybrid	2026-09-18T13:58:55Z		local	http://mango.cels.anl.gov:8004/v1	3093e2b0a54b067e
Pseudomonas aeruginosa	mexT	I2	Multidrug resistance (MexEF-OprN hyperproduction)	reported	[35]	1		(2025) DOI:10.1186/s12866-025-03935-3		8a17e39d-1b8a-5660-a73e-9becc11ed6e2	35			273e2bd87f7f	mutation	2	84cd8501d39dfaa4	Qwen/Qwen3.6-35B-A3B	RefAMR	50	hybrid	2026-09-18T13:58:55Z		local	http://mango.cels.anl.gov:8004/v1	3093e2b0a54b067e
Pseudomonas aeruginosa	mexY	V121G	Aminoglycoside resistance (MexXY-OprM hyperproduction)	reported	[49]	1		(2018) DOI:10.3389/fmicb.2018.00685		40a2af0c-3848-5b0a-9e08-88348a368ceb	49			0b5b590ec32d	mutation	2	84cd8501d39dfaa4	Qwen/Qwen3.6-35B-A3B	RefAMR	50	hybrid	2026-09-18T13:58:57Z		local	http://mango.cels.anl.gov:8004/v1	1637f12e6e9f0aa5
Pseudomonas aeruginosa	mexY	R182C	Aminoglycoside resistance (MexXY-OprM hyperproduction)	reported	[49]	1		(2018) DOI:10.3389/fmicb.2018.00685		40a2af0c-3848-5b0a-9e08-88348a368ceb	49			0b5b590ec32d	mutation	2	84cd8501d39dfaa4	Qwen/Qwen3.6-35B-A3B	RefAMR	50	hybrid	2026-09-18T13:58:57Z		local	http://mango.cels.anl.gov:8004/v1	1637f12e6e9f0aa5
Pseudomonas aeruginosa	mexZ	V102_V105del	Antimicrobial resistance	measured	[43]	1		DOI:10.1128/aac.01657-25		bec2feef-b2cc-5ccd-a7df-ba8172c4b255	43			b17be73b9dd2	mutation	2	84cd8501d39dfaa4	Qwen/Qwen3.6-35B-A3B	RefAMR	50	hybrid	2026-09-18T13:58:58Z		local	http://mango.cels.anl.gov:8004/v1	37de5b3b11707c90
Pseudomonas aeruginosa	mexZ		Antimicrobial resistance	reported	[5]	6	missing:Mutation	(2016) DOI:10.1371/journal.pone.0172179; DOI:10.1038/s41598-017-05621-5; (2014); (2018) DOI:10.3389/fmicb.2018.00685		2955fdca-e93a-5175-b7ea-bc809f69657a;f8e7d718-cdd3-535d-bec5-e65b82bac823;2faf22d1-5220-5087-9178-8442b5565c3f;11e5549a-8154-5848-a918-4ca9d4e038b1;5474f36a-e4b2-58f8-af88-f8d99c71a96e;40a2af0c-3848-5b0a-9e08-88348a368ceb	5;8;9;22;28;49			b17be73b9dd2	mutation	2	84cd8501d39dfaa4	Qwen/Qwen3.6-35B-A3B	RefAMR	50	hybrid	2026-09-18T13:58:58Z		local	http://mango.cels.anl.gov:8004/v1	37de5b3b11707c90
Klebsiella pneumoniae	mgrB	Q30stop	colistin resistance	reported	7	1		(2021)		df798e26-82bc-5764-9a0b-d9ef136a8bad	7			e779d5b33880	mutation	2	84cd8501d39dfaa4	Qwen/Qwen3.6-35B-A3B	RefAMR	50	hybrid	2026-09-18T13:59:00Z		local	http://mango.cels.anl.gov:8004/v1	9a998ed983587f90
Klebsiella pneumoniae	mgrB	M27 K	colistin resistance	reported	7	1		(2021)		df798e26-82bc-5764-9a0b-d9ef136a8bad	7			e779d5b33880	mutation	2	84cd8501d39dfaa4	Qwen/Qwen3.6-35B-A3B	RefAMR	50	hybrid	2026-09-18T13:59:00Z		local	http://mango.cels.anl.gov:8004/v1	9a998ed983587f90
Klebsiella pneumoniae	mgrB	IS insertion at -60	colistin resistance	reported	47	1		(2017) DOI:10.3389/fmicb.2017.02470		b488fdb5-fa04-5fa3-92be-2f759ad6edb2	47			e779d5b33880	mutation	2	84cd8501d39dfaa4	Qwen/Qwen3.6-35B-A3B	RefAMR	50	hybrid	2026-09-18T13:59:00Z		local	http://mango.cels.anl.gov:8004/v1	9a998ed983587f90
Klebsiella pneumoniae	mgrB	IS insertion at +120	colistin resistance	reported	47	1		(2017) DOI:10.3389/fmicb.2017.02470		b488fdb5-fa04-5fa3-92be-2f759ad6edb2	47			e779d5b33880	mutation	2	84cd8501d39dfaa4	Qwen/Qwen3.6-35B-A3B	RefAMR	50	hybrid	2026-09-18T13:59:00Z		local	http://mango.cels.anl.gov:8004/v1	9a998ed983587f90
Klebsiella pneumoniae	mgrB	IS insertion at +70	colistin resistance	reported	47	1		(2017) DOI:10.3389/fmicb.2017.02470		b488fdb5-fa04-5fa3-92be-2f759ad6edb2	47			e779d5b33880	mutation	2	84cd8501d39dfaa4	Qwen/Qwen3.6-35B-A3B	RefAMR	50	hybrid	2026-09-18T13:59:00Z		local	http://mango.cels.anl.gov:8004/v1	9a998ed983587f90
Klebsiella pneumoniae	mgrB	C39stop	colistin resistance	reported	47	1		(2017) DOI:10.3389/fmicb.2017.02470		b488fdb5-fa04-5fa3-92be-2f759ad6edb2	47			e779d5b33880	mutation	2	84cd8501d39dfaa4	Qwen/Qwen3.6-35B-A3B	RefAMR	50	hybrid	2026-09-18T13:59:00Z		local	http://mango.cels.anl.gov:8004/v1	9a998ed983587f90
Klebsiella pneumoniae	mgrB	1g19 deletion	colistin resistance	reported	49	1		(2018) DOI:10.3389/fmicb.2018.01463		8e21f3ca-18b3-50be-aa53-9fcf35df9c5c	49			e779d5b33880	mutation	2	84cd8501d39dfaa4	Qwen/Qwen3.6-35B-A3B	RefAMR	50	hybrid	2026-09-18T13:59:00Z		local	http://mango.cels.anl.gov:8004/v1	9a998ed983587f90
Klebsiella pneumoniae	mgrB	n88T	colistin resistance	reported	49	1		(2018) DOI:10.3389/fmicb.2018.01463		8e21f3ca-18b3-50be-aa53-9fcf35df9c5c	49	n88T	c88t	e779d5b33880	mutation	2	84cd8501d39dfaa4	Qwen/Qwen3.6-35B-A3B	RefAMR	50	hybrid	2026-09-18T13:59:00Z		local	http://mango.cels.anl.gov:8004/v1	9a998ed983587f90
Escherichia	mrdA		High-level carbapenem resistance	reported	[4]	2	missing:Mutation	(2020) DOI:10.1186/s13073-019-0699-6		4a2b2790-2810-50b5-88a6-1328715e5be1;ad9d2812-de08-5e2c-bdf7-2ca1aed16909	4;32			3312bed376e8	mutation	2	84cd8501d39dfaa4	Qwen/Qwen3.6-35B-A3B	RefAMR	50	hybrid	2026-09-18T13:59:02Z		local	http://mango.cels.anl.gov:8004/v1	8dc8b3ab31eb79d8
Staphylococcus aureus	mprF	G61V	antimicrobial resistance	reported	[3]	1		(2018) DOI:10.3389/fmicb.2018.02705		fb361f2a-286d-59ab-b57e-9025ed80c373	3			3e7021e78d14	mutation	2	84cd8501d39dfaa4	Qwen/Qwen3.6-35B-A3B	RefAMR	50	hybrid	2026-09-18T13:59:03Z		local	http://mango.cels.anl.gov:8004/v1	6b7f5b71a1462d9b
Staphylococcus aureus	mprF	S829L	antimicrobial resistance	reported	[9]	1		(2018) DOI:10.3389/fmicb.2018.02705		5b66e855-10ad-5a97-b93e-5960678f3258	9			3e7021e78d14	mutation	2	84cd8501d39dfaa4	Qwen/Qwen3.6-35B-A3B	RefAMR	50	hybrid	2026-09-18T13:59:03Z		local	http://mango.cels.anl.gov:8004/v1	6b7f5b71a1462d9b
Staphylococcus aureus	mprF	L431F	antimicrobial resistance	measured	[7]	3		(2018) DOI:10.3389/fmicb.2018.01086		7e36a6ab-8c0f-5792-9549-fb89cc020260;fa85df7e-db98-55d6-ba9c-611ace4030b9;5f5d81c5-012d-5613-855a-1ae53d2ee920	7;16;44			3e7021e78d14	mutation	2	84cd8501d39dfaa4	Qwen/Qwen3.6-35B-A3B	RefAMR	50	hybrid	2026-09-18T13:59:03Z		local	http://mango.cels.anl.gov:8004/v1	6b7f5b71a1462d9b
Klebsiella pneumoniae	mrdA		High-level carbapenem resistance	Inferred	14	1	missing:Mutation	(2020) DOI:10.1186/s13073-019-0699-6		4a2b2790-2810-50b5-88a6-1328715e5be1	14			350cfa137f68	mutation	2	84cd8501d39dfaa4	Qwen/Qwen3.6-35B-A3B	RefAMR	50	hybrid	2026-09-18T13:59:03Z		local	http://mango.cels.anl.gov:8004/v1	01757e539776ce5f
Neisseria gonorrhoeae	mtrD	R714G	antimicrobial resistance	reported; measured	37	2	merged_variants:Assertion	(2022); (2020) DOI:10.1128/mBio.01509-20		758d664f-2cbc-50fc-af19-fd7d68a8df2e;6d272f78-767b-5ba5-a249-235d93b584b8	37;46			532fea9eef33	mutation	2	84cd8501d39dfaa4	Qwen/Qwen3.6-35B-A3B	RefAMR	50	hybrid	2026-09-18T13:59:05Z		local	http://mango.cels.anl.gov:8004/v1	9416f749e814de9d
Neisseria gonorrhoeae	mtrD	R714C	antimicrobial resistance	reported	37	1		(2022)		758d664f-2cbc-50fc-af19-fd7d68a8df2e	37			532fea9eef33	mutation	2	84cd8501d39dfaa4	Qwen/Qwen3.6-35B-A3B	RefAMR	50	hybrid	2026-09-18T13:59:05Z		local	http://mango.cels.anl.gov:8004/v1	9416f749e814de9d
Neisseria gonorrhoeae	mtrD	R714H	antimicrobial resistance	reported	37	1		(2022)		758d664f-2cbc-50fc-af19-fd7d68a8df2e	37			532fea9eef33	mutation	2	84cd8501d39dfaa4	Qwen/Qwen3.6-35B-A3B	RefAMR	50	hybrid	2026-09-18T13:59:05Z		local	http://mango.cels.anl.gov:8004/v1	9416f749e814de9d
Neisseria gonorrhoeae	mtrD	R714L	antimicrobial resistance	reported	37	1		(2022)		758d664f-2cbc-50fc-af19-fd7d68a8df2e	37			532fea9eef33	mutation	2	84cd8501d39dfaa4	Qwen/Qwen3.6-35B-A3B	RefAMR	50	hybrid	2026-09-18T13:59:05Z		local	http://mango.cels.anl.gov:8004/v1	9416f749e814de9d
Neisseria gonorrhoeae	mtrD	K823E	antimicrobial resistance	measured	46	1		(2020) DOI:10.1128/mBio.01509-20		6d272f78-767b-5ba5-a249-235d93b584b8	46			532fea9eef33	mutation	2	84cd8501d39dfaa4	Qwen/Qwen3.6-35B-A3B	RefAMR	50	hybrid	2026-09-18T13:59:05Z		local	http://mango.cels.anl.gov:8004/v1	9416f749e814de9d
Clostridioides difficile	mreE	V497L	cephalosporin resistance	measured	[7]	5		(2023) DOI:10.1101/2023.10.23.23297415		55062ddc-f078-56e3-a560-b4e7fe7542de;d6ed48df-b809-5dd8-ae46-fae37b16f026;88733dd2-e0b7-5628-ace4-7190fada79e5;b4f90dd4-9a78-593e-99fa-772549ad3449;e3916909-77a7-5ab9-b290-dc2260cfd15f	7;21;25;26;45			55aa85d7af3f	mutation	2	84cd8501d39dfaa4	Qwen/Qwen3.6-35B-A3B	RefAMR	50	hybrid	2026-09-18T13:59:05Z		local	http://mango.cels.anl.gov:8004/v1	a7ad11e888caff8a
Clostridioides difficile	mreE	A778V	cephalosporin resistance	measured	[25]	3		(2023) DOI:10.1101/2023.10.23.23297415		88733dd2-e0b7-5628-ace4-7190fada79e5;b4f90dd4-9a78-593e-99fa-772549ad3449;e3916909-77a7-5ab9-b290-dc2260cfd15f	25;26;45			55aa85d7af3f	mutation	2	84cd8501d39dfaa4	Qwen/Qwen3.6-35B-A3B	RefAMR	50	hybrid	2026-09-18T13:59:05Z		local	http://mango.cels.anl.gov:8004/v1	a7ad11e888caff8a
Escherichia	murA	C115D	Antimicrobial resistance (fosfomycin)	reported	[23]	1		(2017) DOI:10.3389/fmicb.2017.00914		57e05ef1-de88-5855-9f1d-bbca3a5caf44	23			e99714dbcc02	mutation	2	84cd8501d39dfaa4	Qwen/Qwen3.6-35B-A3B	RefAMR	50	hybrid	2026-09-18T13:59:06Z		local	http://mango.cels.anl.gov:8004/v1	3b820f4839ab55e2
Staphylococcus aureus	murA	T125A	Fosfomycin resistance	Reported	[5]	1		(2015) DOI:10.3389/fmicb.2015.01544		ba404538-901f-5de4-88e9-cf21af4f581e	5	T125A	T125A (Truncated to 41 aa)	fc17a34f532e	mutation	2	84cd8501d39dfaa4	Qwen/Qwen3.6-35B-A3B	RefAMR	50	hybrid	2026-09-18T13:59:09Z		local	http://mango.cels.anl.gov:8004/v1	38f7740eb5893a77
Staphylococcus aureus	murA	G193C	Fosfomycin resistance	Reported	[5]	1		(2015) DOI:10.3389/fmicb.2015.01544		ba404538-901f-5de4-88e9-cf21af4f581e	5	G193C	G193C (Val 65 Leu)	fc17a34f532e	mutation	2	84cd8501d39dfaa4	Qwen/Qwen3.6-35B-A3B	RefAMR	50	hybrid	2026-09-18T13:59:09Z		local	http://mango.cels.anl.gov:8004/v1	38f7740eb5893a77
Staphylococcus aureus	murA	G770A	Fosfomycin resistance	Reported	[5]	1		(2015) DOI:10.3389/fmicb.2015.01544		ba404538-901f-5de4-88e9-cf21af4f581e	5	G770A	G770A (Gly 257 Asp)	fc17a34f532e	mutation	2	84cd8501d39dfaa4	Qwen/Qwen3.6-35B-A3B	RefAMR	50	hybrid	2026-09-18T13:59:09Z		local	http://mango.cels.anl.gov:8004/v1	38f7740eb5893a77
Staphylococcus aureus	murA	C834A	Fosfomycin resistance	Reported	[5]	1		(2015) DOI:10.3389/fmicb.2015.01544		ba404538-901f-5de4-88e9-cf21af4f581e	5	C834A	C834A (Asp 278 Glu)	fc17a34f532e	mutation	2	84cd8501d39dfaa4	Qwen/Qwen3.6-35B-A3B	RefAMR	50	hybrid	2026-09-18T13:59:09Z		local	http://mango.cels.anl.gov:8004/v1	38f7740eb5893a77
Staphylococcus aureus	murA	A873T	Fosfomycin resistance	Reported	[5]	1		(2015) DOI:10.3389/fmicb.2015.01544		ba404538-901f-5de4-88e9-cf21af4f581e	5	A873T	A873T (Glu 291 Asp)	fc17a34f532e	mutation	2	84cd8501d39dfaa4	Qwen/Qwen3.6-35B-A3B	RefAMR	50	hybrid	2026-09-18T13:59:09Z		local	http://mango.cels.anl.gov:8004/v1	38f7740eb5893a77
Staphylococcus aureus	murA	A1085G	Fosfomycin resistance	Reported	[5]	1		(2015) DOI:10.3389/fmicb.2015.01544		ba404538-901f-5de4-88e9-cf21af4f581e	5	A1085G	A1085G (Gln 362 Arg)	fc17a34f532e	mutation	2	84cd8501d39dfaa4	Qwen/Qwen3.6-35B-A3B	RefAMR	50	hybrid	2026-09-18T13:59:09Z		local	http://mango.cels.anl.gov:8004/v1	38f7740eb5893a77
Staphylococcus aureus	murA	CG1187-1188AT (Thr 396 Asn)	Fosfomycin resistance	Reported	[5]	1		(2015) DOI:10.3389/fmicb.2015.01544		ba404538-901f-5de4-88e9-cf21af4f581e	5			fc17a34f532e	mutation	2	84cd8501d39dfaa4	Qwen/Qwen3.6-35B-A3B	RefAMR	50	hybrid	2026-09-18T13:59:09Z		local	http://mango.cels.anl.gov:8004/v1	38f7740eb5893a77
Clostridioides difficile	murG	P108L	reduced susceptibility to vancomycin	reported	5	1		(2023) DOI:10.1128/spectrum.03777-22		a5496e1e-8a9b-5289-856c-37bd54e373b4	5	P108L	Pro108Leu	8079fc6579a0	mutation	2	84cd8501d39dfaa4	Qwen/Qwen3.6-35B-A3B	RefAMR	50	hybrid	2026-09-18T13:59:10Z		local	http://mango.cels.anl.gov:8004/v1	c2a75ed23839efee
Neisseria gonorrhoeae	mtrR	Active site or frameshift mutations in the coding sequence	Increased macrolide resistance	reported	[5]	1		DOI:10.1038/s41467-020-19250-6		5ebf8e71-400f-5c87-baaf-609ba37929b2	5			bf1bbdd4a8d5	mutation	2	84cd8501d39dfaa4	Qwen/Qwen3.6-35B-A3B	RefAMR	50	hybrid	2026-09-18T13:59:11Z		local	http://mango.cels.anl.gov:8004/v1	d3f7d7cb1133d5b8
Neisseria gonorrhoeae	mtrR	Promoter mutations in the mtrR promoter	Increased macrolide resistance	reported	[5]	1		DOI:10.1038/s41467-020-19250-6		5ebf8e71-400f-5c87-baaf-609ba37929b2	5			bf1bbdd4a8d5	mutation	2	84cd8501d39dfaa4	Qwen/Qwen3.6-35B-A3B	RefAMR	50	hybrid	2026-09-18T13:59:11Z		local	http://mango.cels.anl.gov:8004/v1	d3f7d7cb1133d5b8
Neisseria gonorrhoeae	mtrR	mtrR mutations	Chromosomally-mediated gonococcal resistance to penicillin and tetracycline; Decreased azithromycin susceptibility; Reduced susceptibility to ceftriaxone; Reduced susceptibility to cefixime; High-level chromosomally mediated tetracycline resistance; Association with reduced susceptibility to cefixime and ceftriaxone	reported	[17]	12	merged_variants:Phenotype	DOI:10.1038/s41467-020-19250-6; (2016) DOI:10.3390/antibiotics5040035; (2010) DOI:10.1186/1471-2334-10-323; (2021) DOI:10.3389/fmicb.2021.663835; (2015) DOI:10.1371/journal.pone.0140489; (2019) DOI:10.7554/eLife.51407		45df85ac-33a1-5cee-b163-407b8f5934b0;6ea36055-097e-59d6-8a3d-2c9596591895;405df441-becd-5723-a487-8478c6fe260d;81836e8f-7c39-5829-8ab5-4c791330f1c0;8135b133-fd72-5b14-b312-15ada01fa4f7;ea19c266-34b7-554e-b184-1a0811798138;25afaea0-210b-5996-aa48-2b87bcebac94;d1070303-e83d-5379-86f1-7e5087755707;5b1f86d4-de29-54f5-bc93-35d04b6722bc;cd1a0c33-266d-59eb-9824-4c35daf02f6e;ca8346e6-33d6-511a-aee3-924dff6673c5;29b00280-de05-543b-9386-06edf7108ecb	1;2;3;7;8;14;17;22;24;38;44;47			bf1bbdd4a8d5	mutation	2	84cd8501d39dfaa4	Qwen/Qwen3.6-35B-A3B	RefAMR	50	hybrid	2026-09-18T13:59:11Z		local	http://mango.cels.anl.gov:8004/v1	d3f7d7cb1133d5b8
Neisseria gonorrhoeae	mtrR	mtrR promoter mutations	Chromosomally mediated penicillin resistance; Increased azithromycin MICs	reported	[29]	2	merged_variants:Phenotype	(2020) DOI:10.1128/mBio.01509-20; DOI:10.1038/s41467-020-19250-6		83e164db-b51c-5b54-aacf-a4ab2f464181;1bf05b57-7d2a-5c03-a36a-c968490493c7	13;29			bf1bbdd4a8d5	mutation	2	84cd8501d39dfaa4	Qwen/Qwen3.6-35B-A3B	RefAMR	50	hybrid	2026-09-18T13:59:11Z		local	http://mango.cels.anl.gov:8004/v1	d3f7d7cb1133d5b8
Neisseria gonorrhoeae	mtrR	1 bp deletion in the mtrR promoter	Acquired macrolide resistance	reported	[42]	1		DOI:10.1038/s41467-020-19250-6		0a5a5ab5-45a2-5d9b-91c1-a6adcc6da2dc	42			bf1bbdd4a8d5	mutation	2	84cd8501d39dfaa4	Qwen/Qwen3.6-35B-A3B	RefAMR	50	hybrid	2026-09-18T13:59:11Z		local	http://mango.cels.anl.gov:8004/v1	d3f7d7cb1133d5b8
Pseudomonas aeruginosa	nalC		Antimicrobial resistance	reported	[31]	8	missing:Mutation	[31]; (2022) DOI:10.1128/spectrum.00247-22; [38]; (2021); (2021); (2021) DOI:10.3389/fmicb.2021.659808		e594817f-ad3a-510c-badd-f36e8a166f3e;9818bdd7-2cc1-5bc1-84d3-8fc1b8383806;c552bd23-6f10-59b9-917f-d597c3f364aa;8e98ed48-2e6b-5aa7-8476-b4da0da9d009;cea7e46c-5db0-5eea-b9eb-df907d43a0cb;64465ce1-6cd9-597a-829d-83ea365d8d70;51544884-8b8d-53bf-add9-0a78f8d77064;acd10106-8d64-562f-8b29-01271e5a445e	31;35;38;43;45;47;48;50			e853a860e5df	mutation	2	84cd8501d39dfaa4	Qwen/Qwen3.6-35B-A3B	RefAMR	50	hybrid	2026-09-18T13:59:13Z		local	http://mango.cels.anl.gov:8004/v1	4fc1201f2d4ded64
Escherichia	gyrA	S83L	antimicrobial resistance	reported	[30]	177		(2017)		1d23fd9f-a0d9-57bd-8d40-a241ae8748e3	30			f158f189fe23	mutation	2	84cd8501d39dfaa4	Qwen/Qwen3.6-35B-A3B	RefAMR	50	hybrid	2026-09-18T13:59:18Z		local	http://mango.cels.anl.gov:8004/v1	5e8e4f58196a8cf1
Escherichia	gyrA	D87N	antimicrobial resistance	reported	[30]	177	column_count_mismatch;citation_not_in_sources	(2017)		1d23fd9f-a0d9-57bd-8d40-a241ae8748e3	30			f158f189fe23	mutation	2	84cd8501d39dfaa4	Qwen/Qwen3.6-35B-A3B	RefAMR	50	hybrid	2026-09-18T13:59:18Z		local	http://mango.cels.anl.gov:8004/v1	5e8e4f58196a8cf1
Escherichia	nfsA	W212R	reduced nitrofurantoin susceptibility	reported	[18]	2		(2021) DOI:10.1099/mgen.0.000702		4a8eda96-6432-57b7-b64a-bc2d9acb27c6;6d3b84a5-23de-5fc1-a50c-72b165587b4e	18;24			ee1f963a252c	mutation	2	84cd8501d39dfaa4	Qwen/Qwen3.6-35B-A3B	RefAMR	50	hybrid	2026-09-18T13:59:21Z		local	http://mango.cels.anl.gov:8004/v1	d84255238987964f
Escherichia	nfsB	G192D	reduced nitrofurantoin susceptibility	reported	[18]	4	off_target_gene;merged_variants:Phenotype	(2021) DOI:10.1099/mgen.0.000702		ecafe1f5-59bc-506e-868b-e5768de66ebe;4a8eda96-6432-57b7-b64a-bc2d9acb27c6;a9c93001-91d1-5306-bf5b-c65b921c877b;9079c62a-5ba5-5483-b96d-ca784367286f	7;18;29;39	G192D	G192D	ee1f963a252c	mutation	2	84cd8501d39dfaa4	Qwen/Qwen3.6-35B-A3B	RefAMR	50	hybrid	2026-09-18T13:59:21Z		local	http://mango.cels.anl.gov:8004/v1	d84255238987964f
Escherichia	nfsA	L101R	reduced nitrofurantoin susceptibility	reported	[29]	1		(2021) DOI:10.1099/mgen.0.000702		a9c93001-91d1-5306-bf5b-c65b921c877b	29			ee1f963a252c	mutation	2	84cd8501d39dfaa4	Qwen/Qwen3.6-35B-A3B	RefAMR	50	hybrid	2026-09-18T13:59:21Z		local	http://mango.cels.anl.gov:8004/v1	d84255238987964f
Escherichia	nfsA	M1T	reduced nitrofurantoin susceptibility	reported	[33]	1		(2021) DOI:10.1099/mgen.0.000702		be82fea8-8808-5fab-b67f-06891c8fb895	33			ee1f963a252c	mutation	2	84cd8501d39dfaa4	Qwen/Qwen3.6-35B-A3B	RefAMR	50	hybrid	2026-09-18T13:59:21Z		local	http://mango.cels.anl.gov:8004/v1	d84255238987964f
Escherichia	nfsA	M1I	reduced nitrofurantoin susceptibility	reported	[33]	1		(2021) DOI:10.1099/mgen.0.000702		be82fea8-8808-5fab-b67f-06891c8fb895	33			ee1f963a252c	mutation	2	84cd8501d39dfaa4	Qwen/Qwen3.6-35B-A3B	RefAMR	50	hybrid	2026-09-18T13:59:21Z		local	http://mango.cels.anl.gov:8004/v1	d84255238987964f
Escherichia	nfsA	693InsIS1R	reduced nitrofurantoin susceptibility	reported	[38]	1		(2021) DOI:10.1099/mgen.0.000702		9079c62a-5ba5-5483-b96d-ca784367286f	38			ee1f963a252c	mutation	2	84cd8501d39dfaa4	Qwen/Qwen3.6-35B-A3B	RefAMR	50	hybrid	2026-09-18T13:59:21Z		local	http://mango.cels.anl.gov:8004/v1	d84255238987964f
Escherichia	nfsB	575G>A	reduced nitrofurantoin susceptibility	reported	[38]	1	off_target_gene	(2021) DOI:10.1099/mgen.0.000702		9079c62a-5ba5-5483-b96d-ca784367286f	38			ee1f963a252c	mutation	2	84cd8501d39dfaa4	Qwen/Qwen3.6-35B-A3B	RefAMR	50	hybrid	2026-09-18T13:59:21Z		local	http://mango.cels.anl.gov:8004/v1	d84255238987964f
Escherichia	nfsA	634T>C	reduced nitrofurantoin susceptibility	reported	[38]	1		(2021) DOI:10.1099/mgen.0.000702		9079c62a-5ba5-5483-b96d-ca784367286f	38			ee1f963a252c	mutation	2	84cd8501d39dfaa4	Qwen/Qwen3.6-35B-A3B	RefAMR	50	hybrid	2026-09-18T13:59:21Z		local	http://mango.cels.anl.gov:8004/v1	d84255238987964f
Escherichia	nfsB	327InsIS10R-like	reduced nitrofurantoin susceptibility	reported	[38]	1	off_target_gene	(2021) DOI:10.1099/mgen.0.000702		9079c62a-5ba5-5483-b96d-ca784367286f	38			ee1f963a252c	mutation	2	84cd8501d39dfaa4	Qwen/Qwen3.6-35B-A3B	RefAMR	50	hybrid	2026-09-18T13:59:21Z		local	http://mango.cels.anl.gov:8004/v1	d84255238987964f
Escherichia	nfsA	302T>G	reduced nitrofurantoin susceptibility	reported	[38]	1		(2021) DOI:10.1099/mgen.0.000702		9079c62a-5ba5-5483-b96d-ca784367286f	38			ee1f963a252c	mutation	2	84cd8501d39dfaa4	Qwen/Qwen3.6-35B-A3B	RefAMR	50	hybrid	2026-09-18T13:59:21Z		local	http://mango.cels.anl.gov:8004/v1	d84255238987964f
Escherichia	nfsB	476:479delTGGA	reduced nitrofurantoin susceptibility	reported	[38]	1	off_target_gene	(2021) DOI:10.1099/mgen.0.000702		9079c62a-5ba5-5483-b96d-ca784367286f	38			ee1f963a252c	mutation	2	84cd8501d39dfaa4	Qwen/Qwen3.6-35B-A3B	RefAMR	50	hybrid	2026-09-18T13:59:21Z		local	http://mango.cels.anl.gov:8004/v1	d84255238987964f
Escherichia	nfsA	666delA	reduced nitrofurantoin susceptibility	reported	[38]	1		(2021) DOI:10.1099/mgen.0.000702		9079c62a-5ba5-5483-b96d-ca784367286f	38			ee1f963a252c	mutation	2	84cd8501d39dfaa4	Qwen/Qwen3.6-35B-A3B	RefAMR	50	hybrid	2026-09-18T13:59:21Z		local	http://mango.cels.anl.gov:8004/v1	d84255238987964f
Escherichia	nfsB	82G>T	reduced nitrofurantoin susceptibility	reported	[21]	1	off_target_gene	(2021) DOI:10.1099/mgen.0.000702		73802a52-50b4-5da9-9632-31c009b06641	21			ee1f963a252c	mutation	2	84cd8501d39dfaa4	Qwen/Qwen3.6-35B-A3B	RefAMR	50	hybrid	2026-09-18T13:59:21Z		local	http://mango.cels.anl.gov:8004/v1	d84255238987964f
Escherichia	nfsA	635G>A	reduced nitrofurantoin susceptibility	reported	[21]	2		(2021) DOI:10.1099/mgen.0.000702		73802a52-50b4-5da9-9632-31c009b06641	21			ee1f963a252c	mutation	2	84cd8501d39dfaa4	Qwen/Qwen3.6-35B-A3B	RefAMR	50	hybrid	2026-09-18T13:59:21Z		local	http://mango.cels.anl.gov:8004/v1	d84255238987964f
Escherichia	nfsB	281G>A	reduced nitrofurantoin susceptibility	reported	[21]	1	off_target_gene	(2021) DOI:10.1099/mgen.0.000702		73802a52-50b4-5da9-9632-31c009b06641	21			ee1f963a252c	mutation	2	84cd8501d39dfaa4	Qwen/Qwen3.6-35B-A3B	RefAMR	50	hybrid	2026-09-18T13:59:21Z		local	http://mango.cels.anl.gov:8004/v1	d84255238987964f
Escherichia	nfsB	137G>A	reduced nitrofurantoin susceptibility	reported	[21]	2	off_target_gene	(2021) DOI:10.1099/mgen.0.000702		73802a52-50b4-5da9-9632-31c009b06641	21			ee1f963a252c	mutation	2	84cd8501d39dfaa4	Qwen/Qwen3.6-35B-A3B	RefAMR	50	hybrid	2026-09-18T13:59:21Z		local	http://mango.cels.anl.gov:8004/v1	d84255238987964f
Escherichia	nfsA	121G>A	reduced nitrofurantoin susceptibility	reported	[21]	1		(2021) DOI:10.1099/mgen.0.000702		73802a52-50b4-5da9-9632-31c009b06641	21			ee1f963a252c	mutation	2	84cd8501d39dfaa4	Qwen/Qwen3.6-35B-A3B	RefAMR	50	hybrid	2026-09-18T13:59:21Z		local	http://mango.cels.anl.gov:8004/v1	d84255238987964f
Escherichia	nfsA	123delT	reduced nitrofurantoin susceptibility	reported	[21]	1		(2021) DOI:10.1099/mgen.0.000702		73802a52-50b4-5da9-9632-31c009b06641	21			ee1f963a252c	mutation	2	84cd8501d39dfaa4	Qwen/Qwen3.6-35B-A3B	RefAMR	50	hybrid	2026-09-18T13:59:21Z		local	http://mango.cels.anl.gov:8004/v1	d84255238987964f
Escherichia	nfsA	343T>G	reduced nitrofurantoin susceptibility	reported	[21]	1		(2021) DOI:10.1099/mgen.0.000702		73802a52-50b4-5da9-9632-31c009b06641	21			ee1f963a252c	mutation	2	84cd8501d39dfaa4	Qwen/Qwen3.6-35B-A3B	RefAMR	50	hybrid	2026-09-18T13:59:21Z		local	http://mango.cels.anl.gov:8004/v1	d84255238987964f
Escherichia	nfsA	350C>T	reduced nitrofurantoin susceptibility	reported	[21]	1		(2021) DOI:10.1099/mgen.0.000702		73802a52-50b4-5da9-9632-31c009b06641	21			ee1f963a252c	mutation	2	84cd8501d39dfaa4	Qwen/Qwen3.6-35B-A3B	RefAMR	50	hybrid	2026-09-18T13:59:21Z		local	http://mango.cels.anl.gov:8004/v1	d84255238987964f
Escherichia	nfsB	381G>A	reduced nitrofurantoin susceptibility	reported	[21]	1	off_target_gene	(2021) DOI:10.1099/mgen.0.000702		73802a52-50b4-5da9-9632-31c009b06641	21			ee1f963a252c	mutation	2	84cd8501d39dfaa4	Qwen/Qwen3.6-35B-A3B	RefAMR	50	hybrid	2026-09-18T13:59:21Z		local	http://mango.cels.anl.gov:8004/v1	d84255238987964f
Escherichia	nfsB	458G>A	reduced nitrofurantoin susceptibility	reported	[21]	1	off_target_gene	(2021) DOI:10.1099/mgen.0.000702		73802a52-50b4-5da9-9632-31c009b06641	21			ee1f963a252c	mutation	2	84cd8501d39dfaa4	Qwen/Qwen3.6-35B-A3B	RefAMR	50	hybrid	2026-09-18T13:59:21Z		local	http://mango.cels.anl.gov:8004/v1	d84255238987964f
Escherichia	nfsA	199C>T	reduced nitrofurantoin susceptibility	reported	[21]	1		(2021) DOI:10.1099/mgen.0.000702		73802a52-50b4-5da9-9632-31c009b06641	21			ee1f963a252c	mutation	2	84cd8501d39dfaa4	Qwen/Qwen3.6-35B-A3B	RefAMR	50	hybrid	2026-09-18T13:59:21Z		local	http://mango.cels.anl.gov:8004/v1	d84255238987964f
Escherichia	nfsB	46 substitution	reduced nitrofurantoin susceptibility	reported	[37]	1	off_target_gene	(2023) DOI:10.1128/msystems.00972-23		4cd27c48-8e99-5f26-97a2-aea6d9f7c0c7	37			ee1f963a252c	mutation	2	84cd8501d39dfaa4	Qwen/Qwen3.6-35B-A3B	RefAMR	50	hybrid	2026-09-18T13:59:21Z		local	http://mango.cels.anl.gov:8004/v1	d84255238987964f
Escherichia	nfsB	198 substitution	reduced nitrofurantoin susceptibility	reported	[37]	1	off_target_gene	(2023) DOI:10.1128/msystems.00972-23		4cd27c48-8e99-5f26-97a2-aea6d9f7c0c7	37			ee1f963a252c	mutation	2	84cd8501d39dfaa4	Qwen/Qwen3.6-35B-A3B	RefAMR	50	hybrid	2026-09-18T13:59:21Z		local	http://mango.cels.anl.gov:8004/v1	d84255238987964f
Escherichia	nfsB	G192A	reduced nitrofurantoin susceptibility	reported	[7]	1		(2021) DOI:10.1099/mgen.0.000702		ecafe1f5-59bc-506e-868b-e5768de66ebe	7			c6e9957c0917	mutation	2	84cd8501d39dfaa4	Qwen/Qwen3.6-35B-A3B	RefAMR	50	hybrid	2026-09-18T13:59:22Z		local	http://mango.cels.anl.gov:8004/v1	f3a80f6eb34f069b
Escherichia	nfsB	W46C	nitrofurantoin resistance	reported	[16]	1		(2023) DOI:10.1128/msystems.00972-23		98ae8b51-e0ed-5e00-8e46-dd16e4cf3248	16			c6e9957c0917	mutation	2	84cd8501d39dfaa4	Qwen/Qwen3.6-35B-A3B	RefAMR	50	hybrid	2026-09-18T13:59:22Z		local	http://mango.cels.anl.gov:8004/v1	f3a80f6eb34f069b
Escherichia	nfsB	D198Y	nitrofurantoin resistance	reported	[16]	1		(2023) DOI:10.1128/msystems.00972-23		98ae8b51-e0ed-5e00-8e46-dd16e4cf3248	16			c6e9957c0917	mutation	2	84cd8501d39dfaa4	Qwen/Qwen3.6-35B-A3B	RefAMR	50	hybrid	2026-09-18T13:59:22Z		local	http://mango.cels.anl.gov:8004/v1	f3a80f6eb34f069b
Escherichia	nfsB	82G>T (E28Stop)	nitrofurantoin resistance	reported	[22]	1		(2021) DOI:10.1099/mgen.0.000702		73802a52-50b4-5da9-9632-31c009b06641	22			c6e9957c0917	mutation	2	84cd8501d39dfaa4	Qwen/Qwen3.6-35B-A3B	RefAMR	50	hybrid	2026-09-18T13:59:22Z		local	http://mango.cels.anl.gov:8004/v1	f3a80f6eb34f069b
Escherichia	nfsB	281G>A (W94Stop)	nitrofurantoin resistance	reported	[22]	1		(2021) DOI:10.1099/mgen.0.000702		73802a52-50b4-5da9-9632-31c009b06641	22			c6e9957c0917	mutation	2	84cd8501d39dfaa4	Qwen/Qwen3.6-35B-A3B	RefAMR	50	hybrid	2026-09-18T13:59:22Z		local	http://mango.cels.anl.gov:8004/v1	f3a80f6eb34f069b
Escherichia	nfsB	137G>A (W46Stop)	nitrofurantoin resistance	reported	[22]	1		(2021) DOI:10.1099/mgen.0.000702		73802a52-50b4-5da9-9632-31c009b06641	22			c6e9957c0917	mutation	2	84cd8501d39dfaa4	Qwen/Qwen3.6-35B-A3B	RefAMR	50	hybrid	2026-09-18T13:59:22Z		local	http://mango.cels.anl.gov:8004/v1	f3a80f6eb34f069b
Escherichia	nfsB	M127I	nitrofurantoin resistance	reported	[22]	1		(2021) DOI:10.1099/mgen.0.000702		73802a52-50b4-5da9-9632-31c009b06641	22	M127I	381G>A (M127I)	c6e9957c0917	mutation	2	84cd8501d39dfaa4	Qwen/Qwen3.6-35B-A3B	RefAMR	50	hybrid	2026-09-18T13:59:22Z		local	http://mango.cels.anl.gov:8004/v1	f3a80f6eb34f069b
Escherichia	nfsB	G153D	nitrofurantoin resistance	reported	[22]	1		(2021) DOI:10.1099/mgen.0.000702		73802a52-50b4-5da9-9632-31c009b06641	22	G153D	458G>A (G153D)	c6e9957c0917	mutation	2	84cd8501d39dfaa4	Qwen/Qwen3.6-35B-A3B	RefAMR	50	hybrid	2026-09-18T13:59:22Z		local	http://mango.cels.anl.gov:8004/v1	f3a80f6eb34f069b
Escherichia	nfsB	476:479delTGGA (L159fs)	nitrofurantoin resistance	reported	[39]	1		(2021) DOI:10.1099/mgen.0.000702		9079c62a-5ba5-5483-b96d-ca784367286f	39			c6e9957c0917	mutation	2	84cd8501d39dfaa4	Qwen/Qwen3.6-35B-A3B	RefAMR	50	hybrid	2026-09-18T13:59:22Z		local	http://mango.cels.anl.gov:8004/v1	f3a80f6eb34f069b
Pseudomonas aeruginosa	nalD	F198L	aztreonam resistance	measured	[1]	11		(2019) DOI:10.1371/journal.pcbi.1007562		c175d668-e030-5938-90fd-88184ad41a06;6e402957-21ab-54ec-a2df-99b34180c982;405d5615-8cd3-521f-9d21-2da21fb6c84b;50a4d2ea-d0ff-5a21-993b-33ebc2f138f8;3ffa3b09-e6a8-51da-8d52-b467c19a91f3;6a1fedee-983a-5db7-bab9-1c31c146d214;37a88ad8-8c35-51f5-8084-2a6ee4686b0a;14765ff4-1831-5e9a-a1b9-775dc93b5115;fd14dd30-fede-50d6-a4b5-efc6f0b63b68;6b5664ad-c62b-56f9-94a4-4eccfc86a4e3;4425fabe-55d8-5f18-ae3e-f8e6bb9b71eb	1;5;8;10;12;19;21;22;32;38;50			e35d4149e39b	mutation	2	84cd8501d39dfaa4	Qwen/Qwen3.6-35B-A3B	RefAMR	50	hybrid	2026-09-18T13:59:23Z		local	http://mango.cels.anl.gov:8004/v1	038b48e3605d469e
Pseudomonas aeruginosa	nalD	T11N	aztreonam resistance	reported	[37]	1		(2019) DOI:10.1371/journal.pcbi.1007562		474e24d6-7b41-5dc0-b147-ea7d873f94f9	37			e35d4149e39b	mutation	2	84cd8501d39dfaa4	Qwen/Qwen3.6-35B-A3B	RefAMR	50	hybrid	2026-09-18T13:59:23Z		local	http://mango.cels.anl.gov:8004/v1	038b48e3605d469e
Pseudomonas aeruginosa	nalD	deletion of residues 1~134	aztreonam resistance	reported	[42]	1		(2019) DOI:10.1371/journal.pcbi.1007562		5ad4c32c-cb36-5731-ba83-852bac001e6a	42			e35d4149e39b	mutation	2	84cd8501d39dfaa4	Qwen/Qwen3.6-35B-A3B	RefAMR	50	hybrid	2026-09-18T13:59:23Z		local	http://mango.cels.anl.gov:8004/v1	038b48e3605d469e
Pseudomonas aeruginosa	nalD	mutations in the 10th alpha helix	aztreonam resistance	reported	[42]	1		(2019) DOI:10.1371/journal.pcbi.1007562		5ad4c32c-cb36-5731-ba83-852bac001e6a	42			e35d4149e39b	mutation	2	84cd8501d39dfaa4	Qwen/Qwen3.6-35B-A3B	RefAMR	50	hybrid	2026-09-18T13:59:23Z		local	http://mango.cels.anl.gov:8004/v1	038b48e3605d469e
Pseudomonas aeruginosa	nalD	point mutation close to the C-terminus	aztreonam resistance	reported	[42]	1		(2019) DOI:10.1371/journal.pcbi.1007562		5ad4c32c-cb36-5731-ba83-852bac001e6a	42			e35d4149e39b	mutation	2	84cd8501d39dfaa4	Qwen/Qwen3.6-35B-A3B	RefAMR	50	hybrid	2026-09-18T13:59:23Z		local	http://mango.cels.anl.gov:8004/v1	038b48e3605d469e
Pseudomonas aeruginosa	nalD	mutation	aztreonam resistance; multidrug resistance	reported	[1]	38	merged_variants:Phenotype	(2019) DOI:10.1371/journal.pcbi.1007562; (2021) DOI:10.3389/fmicb.2021.659808; [4]; (2021); (2022) DOI:10.1128/spectrum.00247-22; (2021); DOI:10.1038/s41598-017-05621-5; (2014) DOI:10.1002/mbo3.226; DOI:10.1093/jac/dkaa324; (2025) DOI:10.1186/s12866-025-03935-3		c175d668-e030-5938-90fd-88184ad41a06;7f2dda47-45bc-57d4-b750-47cf61321243;377edab5-6691-5b6f-8759-7b307c3054bc;bf4fb6d2-77fa-5cb1-a8c9-ba2a19b0ecef;4a9af69e-925f-5417-8174-182162299600;2927eb48-529e-514f-b24e-5cf61ea75d46;36b52679-7b0e-51f4-97a7-fd3d09ca37bf;62cdd908-c945-5281-9565-988d8b3c91ec;fac48ace-dcf9-57de-85b0-d5900d201857;b718cf11-f5b9-5a7a-9dab-3c0ff766594e;aaee1d57-68ff-5383-a9d1-07d770884cfb;8674d246-d8db-5c34-a913-3ec90f58fc2a;c4a9cbec-8759-51a6-a1d2-24619b785a5d;6b472acf-e6e5-5d65-a5ec-0b4cf2d69dea;5808ec4c-a544-5afc-86da-0a870c9f8f73;21f35880-292d-5775-a403-4b4ec1db1027;855d9ef2-a388-58ac-aeca-37b58850d0a8;23752896-ee74-5484-94d5-a51a459e47ea;37fc7035-5308-5324-95c5-5147a4dfd36f;12dbed35-baba-5ef0-89e7-ee627c22d9bb;4425fabe-55d8-5f18-ae3e-f8e6bb9b71eb;1fd3622a-82dc-5804-afdc-baecf1324e79;eebc286c-5971-5aed-8394-603aa214f229;38ec9940-67a2-5557-b864-7651a5dd8e46;3c078a76-4b6c-5f10-9af1-7c1e15fb0478;be838628-568e-5e4c-9acb-9b2ed18ebd0b;8e601500-b29e-58c2-aba0-d1038dec42c4;3518ee6a-6759-58e8-a9a2-ee444eeb092a;a78cfa29-2bab-58b0-af06-e015179a57f8;8c0e69d8-4d72-5e6b-ae7f-399de2430d7a;5a07c331-bdd3-51f6-bc15-ab9dec21592b;f47611f8-c2f1-555a-8fd1-43434e132845;aba030a1-3c24-57d5-a62e-92b68dcf991c;b71dd21e-ef31-5bce-ab22-f0d24d9eedf2;5ef64787-c1ba-59f2-b078-483b8348b5e5;70a42d11-9d33-5aa4-a495-e5b2ab87be7c;fdd1f635-a896-5518-a7ab-fba7b3d671b9;cfe41d64-961a-5ace-a39f-26426f9b41f4	1;2;4;6;7;9;11;13;14;15;16;17;18;20;23;24;25;26;27;28;29;30;31;33;34;35;36;39;40;41;43;44;45;46;47;48;49;50			e35d4149e39b	mutation	2	84cd8501d39dfaa4	Qwen/Qwen3.6-35B-A3B	RefAMR	50	hybrid	2026-09-18T13:59:23Z		local	http://mango.cels.anl.gov:8004/v1	038b48e3605d469e
Pseudomonas aeruginosa	nfxB		Antimicrobial resistance	reported	[5]	5	missing:Mutation	(2013) DOI:10.1128/mBio.00528-13; (2019) DOI:10.1371/journal.pcbi.1007562; (2016) DOI:10.1038/srep32322; DOI:10.1038/s41598-017-05621-5; (2021)		1acd473c-c246-56ca-90ec-5ec1d33b84e3;81af85d3-fb1f-530a-9022-28af80cd9b0c;ea210428-26bc-5c77-9910-d906d465464e;fd17569b-e3ff-5434-9e79-6b5ca2cdb18b;f56e94e1-e058-5318-9919-61b0864e1d48	5;8;13;19;36			12f5001c6447	mutation	2	84cd8501d39dfaa4	Qwen/Qwen3.6-35B-A3B	RefAMR	50	hybrid	2026-09-18T13:59:24Z		local	http://mango.cels.anl.gov:8004/v1	ff4e1cc9ea4f3b5b
Pseudomonas aeruginosa	nfxB	C199T	Antimicrobial resistance	reported	[34]	1		(2025) DOI:10.1186/s12866-025-03935-3		8a17e39d-1b8a-5660-a73e-9becc11ed6e2	34			12f5001c6447	mutation	2	84cd8501d39dfaa4	Qwen/Qwen3.6-35B-A3B	RefAMR	50	hybrid	2026-09-18T13:59:24Z		local	http://mango.cels.anl.gov:8004/v1	ff4e1cc9ea4f3b5b
Pseudomonas aeruginosa	nfxB	C113T	Antimicrobial resistance	reported	[34]	1		(2025) DOI:10.1186/s12866-025-03935-3		8a17e39d-1b8a-5660-a73e-9becc11ed6e2	34			12f5001c6447	mutation	2	84cd8501d39dfaa4	Qwen/Qwen3.6-35B-A3B	RefAMR	50	hybrid	2026-09-18T13:59:24Z		local	http://mango.cels.anl.gov:8004/v1	ff4e1cc9ea4f3b5b
Klebsiella pneumoniae	nfsB	W46C	antimicrobial resistance	reported	[2]	4		(2023) DOI:10.1128/msystems.00972-23		019fed12-c602-5425-9883-ab91e8787654;98ae8b51-e0ed-5e00-8e46-dd16e4cf3248;4cd27c48-8e99-5f26-97a2-aea6d9f7c0c7;f237bfc1-8d36-5b5d-97ed-03a719fe1511	2;7;26;35			8c1aba847e80	mutation	2	84cd8501d39dfaa4	Qwen/Qwen3.6-35B-A3B	RefAMR	50	hybrid	2026-09-18T13:59:25Z		local	http://mango.cels.anl.gov:8004/v1	6ea604c0e244ec5d
Klebsiella pneumoniae	nfsB	D198Y	antimicrobial resistance	reported	[2]	4		(2023) DOI:10.1128/msystems.00972-23		019fed12-c602-5425-9883-ab91e8787654;98ae8b51-e0ed-5e00-8e46-dd16e4cf3248;4cd27c48-8e99-5f26-97a2-aea6d9f7c0c7;f237bfc1-8d36-5b5d-97ed-03a719fe1511	2;7;26;35			8c1aba847e80	mutation	2	84cd8501d39dfaa4	Qwen/Qwen3.6-35B-A3B	RefAMR	50	hybrid	2026-09-18T13:59:25Z		local	http://mango.cels.anl.gov:8004/v1	6ea604c0e244ec5d
Klebsiella pneumoniae	nfsB	E28Stop	antimicrobial resistance	reported	[23]	1		(2021) DOI:10.1099/mgen.0.000702		73802a52-50b4-5da9-9632-31c009b06641	23			8c1aba847e80	mutation	2	84cd8501d39dfaa4	Qwen/Qwen3.6-35B-A3B	RefAMR	50	hybrid	2026-09-18T13:59:25Z		local	http://mango.cels.anl.gov:8004/v1	6ea604c0e244ec5d
Klebsiella pneumoniae	nfsB	W94Stop	antimicrobial resistance	reported	[23]	1		(2021) DOI:10.1099/mgen.0.000702		73802a52-50b4-5da9-9632-31c009b06641	23			8c1aba847e80	mutation	2	84cd8501d39dfaa4	Qwen/Qwen3.6-35B-A3B	RefAMR	50	hybrid	2026-09-18T13:59:25Z		local	http://mango.cels.anl.gov:8004/v1	6ea604c0e244ec5d
Klebsiella pneumoniae	nfsB	W46Stop	antimicrobial resistance	reported	[23]	1		(2021) DOI:10.1099/mgen.0.000702		73802a52-50b4-5da9-9632-31c009b06641	23			8c1aba847e80	mutation	2	84cd8501d39dfaa4	Qwen/Qwen3.6-35B-A3B	RefAMR	50	hybrid	2026-09-18T13:59:25Z		local	http://mango.cels.anl.gov:8004/v1	6ea604c0e244ec5d
Klebsiella pneumoniae	nfsB	M127I	antimicrobial resistance	reported	[23]	1		(2021) DOI:10.1099/mgen.0.000702		73802a52-50b4-5da9-9632-31c009b06641	23			8c1aba847e80	mutation	2	84cd8501d39dfaa4	Qwen/Qwen3.6-35B-A3B	RefAMR	50	hybrid	2026-09-18T13:59:25Z		local	http://mango.cels.anl.gov:8004/v1	6ea604c0e244ec5d
Klebsiella pneumoniae	nfsB	G153D	antimicrobial resistance	reported	[23]	1		(2021) DOI:10.1099/mgen.0.000702		73802a52-50b4-5da9-9632-31c009b06641	23			8c1aba847e80	mutation	2	84cd8501d39dfaa4	Qwen/Qwen3.6-35B-A3B	RefAMR	50	hybrid	2026-09-18T13:59:25Z		local	http://mango.cels.anl.gov:8004/v1	6ea604c0e244ec5d
Salmonella	gyrA	S315T		inferred	1	1		(2019) DOI:10.2147/IDR.S182272		934e8310-471f-5fff-aa7e-c41c0d70fe14	1			4410ce6225b0	mutation	2	84cd8501d39dfaa4	Qwen/Qwen3.6-35B-A3B	RefAMR	50	hybrid	2026-09-18T13:59:26Z		local	http://mango.cels.anl.gov:8004/v1	a6b750b76dae673b
Salmonella	gyrA	S83T	Fluoroquinolone resistance	reported	15	3		(2020) DOI:10.3390/antibiotics9120886		411c8b66-7b61-50cf-9a73-abe6f22f9b48;51c719ae-14aa-5cbc-8358-33150d4f7545;89e542da-8482-5292-886a-79adcf3a82c4	9;15;40			4410ce6225b0	mutation	2	84cd8501d39dfaa4	Qwen/Qwen3.6-35B-A3B	RefAMR	50	hybrid	2026-09-18T13:59:26Z		local	http://mango.cels.anl.gov:8004/v1	a6b750b76dae673b
Salmonella	gyrA	S83Y	Fluoroquinolone resistance	reported	18	106		(2020) DOI:10.3390/antibiotics9120886		28e44339-f978-5e31-822b-2f4330ba5d05;41be6a28-651c-5ca8-b6fe-dfda47e7b0a3;89e542da-8482-5292-886a-79adcf3a82c4;841084d2-984b-5d85-b12d-7f2ee25f4c01	18;39;40;42			4410ce6225b0	mutation	2	84cd8501d39dfaa4	Qwen/Qwen3.6-35B-A3B	RefAMR	50	hybrid	2026-09-18T13:59:26Z		local	http://mango.cels.anl.gov:8004/v1	a6b750b76dae673b
Salmonella	gyrA	T83I	Fluoroquinolone resistance	reported	4	3		[4]; DOI:10.1038/s41598-017-05621-5; (2019) DOI:10.2147/IDR.S182272		743a5042-07e0-53d6-bb8c-4b61098ad510;50560bd7-9ee4-58b4-9c3c-9e622ea2aaf2;68c8b9dc-d47d-59f4-bebc-5f0e886b750d	4;7;11			4410ce6225b0	mutation	2	84cd8501d39dfaa4	Qwen/Qwen3.6-35B-A3B	RefAMR	50	hybrid	2026-09-18T13:59:26Z		local	http://mango.cels.anl.gov:8004/v1	a6b750b76dae673b
Salmonella	gyrA	D87N	Fluoroquinolone resistance	reported	4	6		[4]; DOI:10.1038/s41598-017-05621-5; [21]; (2019) DOI:10.1371/journal.pntd.0007868; (2017)		743a5042-07e0-53d6-bb8c-4b61098ad510;50560bd7-9ee4-58b4-9c3c-9e622ea2aaf2;27da20b4-178d-5cf5-894e-12f91a572434;6d353d27-eff8-593a-a067-93345d91b80d;1d23fd9f-a0d9-57bd-8d40-a241ae8748e3	4;7;21;33;38			4410ce6225b0	mutation	2	84cd8501d39dfaa4	Qwen/Qwen3.6-35B-A3B	RefAMR	50	hybrid	2026-09-18T13:59:26Z		local	http://mango.cels.anl.gov:8004/v1	a6b750b76dae673b
Salmonella	gyrA	Q106L	Fluoroquinolone resistance	reported	7	1		DOI:10.1038/s41598-017-05621-5		50560bd7-9ee4-58b4-9c3c-9e622ea2aaf2	7			4410ce6225b0	mutation	2	84cd8501d39dfaa4	Qwen/Qwen3.6-35B-A3B	RefAMR	50	hybrid	2026-09-18T13:59:26Z		local	http://mango.cels.anl.gov:8004/v1	a6b750b76dae673b
Salmonella	gyrA	S83F	Fluoroquinolone resistance	reported	21	1		[21]		27da20b4-178d-5cf5-894e-12f91a572434	21			4410ce6225b0	mutation	2	84cd8501d39dfaa4	Qwen/Qwen3.6-35B-A3B	RefAMR	50	hybrid	2026-09-18T13:59:26Z		local	http://mango.cels.anl.gov:8004/v1	a6b750b76dae673b
Salmonella	gyrA	D87A	Fluoroquinolone resistance	reported	21	1		[21]		27da20b4-178d-5cf5-894e-12f91a572434	21			4410ce6225b0	mutation	2	84cd8501d39dfaa4	Qwen/Qwen3.6-35B-A3B	RefAMR	50	hybrid	2026-09-18T13:59:26Z		local	http://mango.cels.anl.gov:8004/v1	a6b750b76dae673b
Salmonella	gyrA	S83L	Fluoroquinolone resistance	reported	33	1		(2017)		1d23fd9f-a0d9-57bd-8d40-a241ae8748e3	33			4410ce6225b0	mutation	2	84cd8501d39dfaa4	Qwen/Qwen3.6-35B-A3B	RefAMR	50	hybrid	2026-09-18T13:59:26Z		local	http://mango.cels.anl.gov:8004/v1	a6b750b76dae673b
Salmonella	gyrA	S80I	Fluoroquinolone resistance	reported	33	1		(2017)		1d23fd9f-a0d9-57bd-8d40-a241ae8748e3	33			4410ce6225b0	mutation	2	84cd8501d39dfaa4	Qwen/Qwen3.6-35B-A3B	RefAMR	50	hybrid	2026-09-18T13:59:26Z		local	http://mango.cels.anl.gov:8004/v1	a6b750b76dae673b
Salmonella	gyrA	S80R	Fluoroquinolone resistance; Fluoroquinol	reported	40	106	merged_variants:Phenotype;column_count_mismatch;citation_not_in_sources	(2020) DOI:10.3390/antibiotics9120886; [21]		28e44339-f978-5e31-822b-2f4330ba5d05;41be6a28-651c-5ca8-b6fe-dfda47e7b0a3;89e542da-8482-5292-886a-79adcf3a82c4;841084d2-984b-5d85-b12d-7f2ee25f4c01;27da20b4-178d-5cf5-894e-12f91a572434	18;21;39;40;42			4410ce6225b0	mutation	2	84cd8501d39dfaa4	Qwen/Qwen3.6-35B-A3B	RefAMR	50	hybrid	2026-09-18T13:59:26Z		local	http://mango.cels.anl.gov:8004/v1	a6b750b76dae673b
Salmonella	gyrA	T57S	Fluoroquinolone resistance	reported	40	105		(2020) DOI:10.3390/antibiotics9120886		28e44339-f978-5e31-822b-2f4330ba5d05;89e542da-8482-5292-886a-79adcf3a82c4;841084d2-984b-5d85-b12d-7f2ee25f4c01	18;40;42			4410ce6225b0	mutation	2	84cd8501d39dfaa4	Qwen/Qwen3.6-35B-A3B	RefAMR	50	hybrid	2026-09-18T13:59:26Z		local	http://mango.cels.anl.gov:8004/v1	a6b750b76dae673b
Salmonella	gyrA	S466F	Fluoroquinolone resistance	reported	7	3		DOI:10.1038/s41598-017-05621-5		50560bd7-9ee4-58b4-9c3c-9e622ea2aaf2;890e95d4-6f5a-5895-a0af-f68a93120441;9c15281c-fb9c-5e48-b716-3ad38dce38fa	7;35;45			4410ce6225b0	mutation	2	84cd8501d39dfaa4	Qwen/Qwen3.6-35B-A3B	RefAMR	50	hybrid	2026-09-18T13:59:26Z		local	http://mango.cels.anl.gov:8004/v1	a6b750b76dae673b
Salmonella	gyrA	S464I	Fluoroquinolone resistance	reported	11	1		(2019) DOI:10.2147/IDR.S182272		68c8b9dc-d47d-59f4-bebc-5f0e886b750d	11			4410ce6225b0	mutation	2	84cd8501d39dfaa4	Qwen/Qwen3.6-35B-A3B	RefAMR	50	hybrid	2026-09-18T13:59:26Z		local	http://mango.cels.anl.gov:8004/v1	a6b750b76dae673b
Salmonella	gyrA	A372V	Fluoroquinolone resistance	reported	11	1		(2019) DOI:10.2147/IDR.S182272		68c8b9dc-d47d-59f4-bebc-5f0e886b750d	11			4410ce6225b0	mutation	2	84cd8501d39dfaa4	Qwen/Qwen3.6-35B-A3B	RefAMR	50	hybrid	2026-09-18T13:59:26Z		local	http://mango.cels.anl.gov:8004/v1	a6b750b76dae673b
Salmonella	gyrA	I424L	Fluoroquinolone resistance	reported	11	1		(2019) DOI:10.2147/IDR.S182272		68c8b9dc-d47d-59f4-bebc-5f0e886b750d	11			4410ce6225b0	mutation	2	84cd8501d39dfaa4	Qwen/Qwen3.6-35B-A3B	RefAMR	50	hybrid	2026-09-18T13:59:26Z		local	http://mango.cels.anl.gov:8004/v1	a6b750b76dae673b
Salmonella	gyrA	E483D	Fluoroquinolone resistance	reported	11	1		(2019) DOI:10.2147/IDR.S182272		68c8b9dc-d47d-59f4-bebc-5f0e886b750d	11			4410ce6225b0	mutation	2	84cd8501d39dfaa4	Qwen/Qwen3.6-35B-A3B	RefAMR	50	hybrid	2026-09-18T13:59:26Z		local	http://mango.cels.anl.gov:8004/v1	a6b750b76dae673b
Salmonella	gyrA	S467F	Fluoroquinolone resistance	reported	11	1		(2019) DOI:10.2147/IDR.S182272		68c8b9dc-d47d-59f4-bebc-5f0e886b750d	11			4410ce6225b0	mutation	2	84cd8501d39dfaa4	Qwen/Qwen3.6-35B-A3B	RefAMR	50	hybrid	2026-09-18T13:59:26Z		local	http://mango.cels.anl.gov:8004/v1	a6b750b76dae673b
Salmonella	gyrA	Q468H	Fluoroquinolone resistance	reported	11	1		(2019) DOI:10.2147/IDR.S182272		68c8b9dc-d47d-59f4-bebc-5f0e886b750d	11			4410ce6225b0	mutation	2	84cd8501d39dfaa4	Qwen/Qwen3.6-35B-A3B	RefAMR	50	hybrid	2026-09-18T13:59:26Z		local	http://mango.cels.anl.gov:8004/v1	a6b750b76dae673b
Salmonella	gyrA	S464F	Fluoroquinolone resistance	reported	21	1		[21]		27da20b4-178d-5cf5-894e-12f91a572434	21			4410ce6225b0	mutation	2	84cd8501d39dfaa4	Qwen/Qwen3.6-35B-A3B	RefAMR	50	hybrid	2026-09-18T13:59:26Z		local	http://mango.cels.anl.gov:8004/v1	a6b750b76dae673b
Salmonella	gyrA	E84K	Fluoroquinolone resistance	reported	21	2		[21]; (2011) DOI:10.1016/j.phrp.2011.11.040		27da20b4-178d-5cf5-894e-12f91a572434;dd1ee7e9-1c09-5e09-af5a-276bca1a116e	19;21			4410ce6225b0	mutation	2	84cd8501d39dfaa4	Qwen/Qwen3.6-35B-A3B	RefAMR	50	hybrid	2026-09-18T13:59:26Z		local	http://mango.cels.anl.gov:8004/v1	a6b750b76dae673b
Salmonella	gyrA	S80L	Fluoroquinolone resistance	reported	19	1		(2011) DOI:10.1016/j.phrp.2011.11.040		dd1ee7e9-1c09-5e09-af5a-276bca1a116e	19			4410ce6225b0	mutation	2	84cd8501d39dfaa4	Qwen/Qwen3.6-35B-A3B	RefAMR	50	hybrid	2026-09-18T13:59:26Z		local	http://mango.cels.anl.gov:8004/v1	a6b750b76dae673b
Salmonella	gyrA	S80W	Fluoroquinolone resistance	reported	19	1		(2011) DOI:10.1016/j.phrp.2011.11.040		dd1ee7e9-1c09-5e09-af5a-276bca1a116e	19			4410ce6225b0	mutation	2	84cd8501d39dfaa4	Qwen/Qwen3.6-35B-A3B	RefAMR	50	hybrid	2026-09-18T13:59:26Z		local	http://mango.cels.anl.gov:8004/v1	a6b750b76dae673b
Salmonella	gyrA	V164G	Colistin resistance	reported	18	2		(2020) DOI:10.3390/antibiotics9120886		28e44339-f978-5e31-822b-2f4330ba5d05;841084d2-984b-5d85-b12d-7f2ee25f4c01	18;42			4410ce6225b0	mutation	2	84cd8501d39dfaa4	Qwen/Qwen3.6-35B-A3B	RefAMR	50	hybrid	2026-09-18T13:59:26Z		local	http://mango.cels.anl.gov:8004/v1	a6b750b76dae673b
Salmonella	gyrA	V164M	Colistin resistance	reported	18	2		(2020) DOI:10.3390/antibiotics9120886		28e44339-f978-5e31-822b-2f4330ba5d05;841084d2-984b-5d85-b12d-7f2ee25f4c01	18;42			4410ce6225b0	mutation	2	84cd8501d39dfaa4	Qwen/Qwen3.6-35B-A3B	RefAMR	50	hybrid	2026-09-18T13:59:26Z		local	http://mango.cels.anl.gov:8004/v1	a6b750b76dae673b
Salmonella	gyrA	R92P	Colistin resistance	reported	18	2		(2020) DOI:10.3390/antibiotics9120886		28e44339-f978-5e31-822b-2f4330ba5d05;841084d2-984b-5d85-b12d-7f2ee25f4c01	18;42			4410ce6225b0	mutation	2	84cd8501d39dfaa4	Qwen/Qwen3.6-35B-A3B	RefAMR	50	hybrid	2026-09-18T13:59:26Z		local	http://mango.cels.anl.gov:8004/v1	a6b750b76dae673b
Escherichia	ompC	V270G	Antimicrobial resistance (temocillin)	measured; reported	[2]	2	merged_variants:Assertion;off_target_gene	(2023) DOI:10.1093/jac/dkae021		9be68a16-de48-5da5-9343-328ef479f739	2			ac2ffb382f38	mutation	2	84cd8501d39dfaa4	Qwen/Qwen3.6-35B-A3B	RefAMR	50	hybrid	2026-09-18T13:59:26Z		local	http://mango.cels.anl.gov:8004/v1	a3aee526ccbc14ca
Escherichia	ompC	R195L	Reduced susceptibility to β-lactams (carbapenems); antimicrobial resistance	measured; reported	[27]	4	merged_variants:Assertion;merged_variants:Phenotype;off_target_gene	(2020) DOI:10.1186/s13073-019-0699-6		fbd9ac50-47d2-59de-8687-cd16f71b73a9;44fcf4db-c0f0-57f6-ad80-2d92cc38c9b7;5bf710ba-30f3-52a7-bb75-9c1b61ed5e21	27;30;33			ac2ffb382f38	mutation	2	84cd8501d39dfaa4	Qwen/Qwen3.6-35B-A3B	RefAMR	50	hybrid	2026-09-18T13:59:26Z		local	http://mango.cels.anl.gov:8004/v1	a3aee526ccbc14ca
Escherichia	ompC	G137D	Reduced susceptibility to β-lactams (carbapenems)	measured; reported	[27]	3	merged_variants:Assertion	(2020) DOI:10.1186/s13073-019-0699-6		fbd9ac50-47d2-59de-8687-cd16f71b73a9;44fcf4db-c0f0-57f6-ad80-2d92cc38c9b7;5bf710ba-30f3-52a7-bb75-9c1b61ed5e21	27;30;33			ac2ffb382f38	mutation	2	84cd8501d39dfaa4	Qwen/Qwen3.6-35B-A3B	RefAMR	50	hybrid	2026-09-18T13:59:26Z		local	http://mango.cels.anl.gov:8004/v1	a3aee526ccbc14ca
Escherichia	ompF	D156N	Antimicrobial resistance (temocillin); antimicrobial resistance	reported	[2]	2	merged_variants:Phenotype;off_target_gene	(2023) DOI:10.1093/jac/dkae021		9be68a16-de48-5da5-9343-328ef479f739	2			6408e402d044	mutation	2	84cd8501d39dfaa4	Qwen/Qwen3.6-35B-A3B	RefAMR	50	hybrid	2026-09-18T13:59:27Z		local	http://mango.cels.anl.gov:8004/v1	c9f65cceaefdda2e
Escherichia	ompF	YRIN insertion	antimicrobial resistance	reported	[20]	1		(2020) DOI:10.1186/s13073-019-0699-6		927dc2bf-469d-59c0-9220-e19ecd7efb55	20			6408e402d044	mutation	2	84cd8501d39dfaa4	Qwen/Qwen3.6-35B-A3B	RefAMR	50	hybrid	2026-09-18T13:59:27Z		local	http://mango.cels.anl.gov:8004/v1	c9f65cceaefdda2e
Escherichia	ompF	C to T (F3 OmpR binding site)	antimicrobial resistance	reported	[33]	1		(2020) DOI:10.1186/s13073-019-0699-6		d7dc4266-3842-5468-b397-ea28826fe6af	33			6408e402d044	mutation	2	84cd8501d39dfaa4	Qwen/Qwen3.6-35B-A3B	RefAMR	50	hybrid	2026-09-18T13:59:27Z		local	http://mango.cels.anl.gov:8004/v1	c9f65cceaefdda2e
Pseudomonas aeruginosa	oprD	inactivating mutations in OprD	antimicrobial resistance (carbapenem)	reported	[1]	1		DOI:10.1128/aac.01657-25		dccb1f13-b4be-5659-a030-941111ecc6ce	1			5900965e91c9	mutation	2	84cd8501d39dfaa4	Qwen/Qwen3.6-35B-A3B	RefAMR	50	hybrid	2026-09-18T13:59:32Z		local	http://mango.cels.anl.gov:8004/v1	aa4ea537c5dcf2f5
Pseudomonas aeruginosa	oprD	insertion of IS256 element	antimicrobial resistance (carbapenem)	measured	[2]	1		(2025) DOI:10.1186/s12866-025-03935-3		38cd8888-bdd6-57d1-9862-dfb35fb17da7	2			5900965e91c9	mutation	2	84cd8501d39dfaa4	Qwen/Qwen3.6-35B-A3B	RefAMR	50	hybrid	2026-09-18T13:59:32Z		local	http://mango.cels.anl.gov:8004/v1	aa4ea537c5dcf2f5
Pseudomonas aeruginosa	oprD	amino acid substitution at codon 170	antimicrobial resistance (carbapenem)	reported	[4]	1		(2021)		36deb501-c096-555f-b7c1-d16056779840	4			5900965e91c9	mutation	2	84cd8501d39dfaa4	Qwen/Qwen3.6-35B-A3B	RefAMR	50	hybrid	2026-09-18T13:59:32Z		local	http://mango.cels.anl.gov:8004/v1	aa4ea537c5dcf2f5
Pseudomonas aeruginosa	oprD	OprD deficiency	antimicrobial resistance (carbapenem)	measured	[5]	1		DOI:10.1128/aac.01657-25		d940de40-ee06-56f5-8982-0da4ee1fb89e	5			5900965e91c9	mutation	2	84cd8501d39dfaa4	Qwen/Qwen3.6-35B-A3B	RefAMR	50	hybrid	2026-09-18T13:59:32Z		local	http://mango.cels.anl.gov:8004/v1	aa4ea537c5dcf2f5
Pseudomonas aeruginosa	oprD	loss of OprD function	antimicrobial resistance (carbapenem)	measured	[9]	1		(2025) DOI:10.1186/s12866-025-03935-3		4cbadbff-a705-5f51-be11-5731a241e12f	9			5900965e91c9	mutation	2	84cd8501d39dfaa4	Qwen/Qwen3.6-35B-A3B	RefAMR	50	hybrid	2026-09-18T13:59:32Z		local	http://mango.cels.anl.gov:8004/v1	aa4ea537c5dcf2f5
Pseudomonas aeruginosa	oprD	D43N	antimicrobial resistance (carbapenem)	reported	[12]	1		(2025) DOI:10.1186/s12866-025-03935-3		da822a6a-cd52-58f7-9eda-31b7089b6054	12			5900965e91c9	mutation	2	84cd8501d39dfaa4	Qwen/Qwen3.6-35B-A3B	RefAMR	50	hybrid	2026-09-18T13:59:32Z		local	http://mango.cels.anl.gov:8004/v1	aa4ea537c5dcf2f5
Pseudomonas aeruginosa	oprD	S57E	antimicrobial resistance (carbapenem)	reported	[12]	1		(2025) DOI:10.1186/s12866-025-03935-3		da822a6a-cd52-58f7-9eda-31b7089b6054	12			5900965e91c9	mutation	2	84cd8501d39dfaa4	Qwen/Qwen3.6-35B-A3B	RefAMR	50	hybrid	2026-09-18T13:59:32Z		local	http://mango.cels.anl.gov:8004/v1	aa4ea537c5dcf2f5
Pseudomonas aeruginosa	oprD	S59R	antimicrobial resistance (carbapenem)	reported	[12]	1		(2025) DOI:10.1186/s12866-025-03935-3		da822a6a-cd52-58f7-9eda-31b7089b6054	12			5900965e91c9	mutation	2	84cd8501d39dfaa4	Qwen/Qwen3.6-35B-A3B	RefAMR	50	hybrid	2026-09-18T13:59:32Z		local	http://mango.cels.anl.gov:8004/v1	aa4ea537c5dcf2f5
Pseudomonas aeruginosa	oprD	T103S	antimicrobial resistance (carbapenem)	reported	[12]	1		(2025) DOI:10.1186/s12866-025-03935-3		da822a6a-cd52-58f7-9eda-31b7089b6054	12			5900965e91c9	mutation	2	84cd8501d39dfaa4	Qwen/Qwen3.6-35B-A3B	RefAMR	50	hybrid	2026-09-18T13:59:32Z		local	http://mango.cels.anl.gov:8004/v1	aa4ea537c5dcf2f5
Pseudomonas aeruginosa	oprD	K115T	antimicrobial resistance (carbapenem)	reported	[12]	1		(2025) DOI:10.1186/s12866-025-03935-3		da822a6a-cd52-58f7-9eda-31b7089b6054	12			5900965e91c9	mutation	2	84cd8501d39dfaa4	Qwen/Qwen3.6-35B-A3B	RefAMR	50	hybrid	2026-09-18T13:59:32Z		local	http://mango.cels.anl.gov:8004/v1	aa4ea537c5dcf2f5
Pseudomonas aeruginosa	oprD	F170L	antimicrobial resistance (carbapenem)	reported	[12]	1		(2025) DOI:10.1186/s12866-025-03935-3		da822a6a-cd52-58f7-9eda-31b7089b6054	12			5900965e91c9	mutation	2	84cd8501d39dfaa4	Qwen/Qwen3.6-35B-A3B	RefAMR	50	hybrid	2026-09-18T13:59:32Z		local	http://mango.cels.anl.gov:8004/v1	aa4ea537c5dcf2f5
Pseudomonas aeruginosa	oprD	E185Q	antimicrobial resistance (carbapenem)	reported	[12]	1		(2025) DOI:10.1186/s12866-025-03935-3		da822a6a-cd52-58f7-9eda-31b7089b6054	12			5900965e91c9	mutation	2	84cd8501d39dfaa4	Qwen/Qwen3.6-35B-A3B	RefAMR	50	hybrid	2026-09-18T13:59:32Z		local	http://mango.cels.anl.gov:8004/v1	aa4ea537c5dcf2f5
Pseudomonas aeruginosa	oprD	P186G	antimicrobial resistance (carbapenem)	reported	[12]	1		(2025) DOI:10.1186/s12866-025-03935-3		da822a6a-cd52-58f7-9eda-31b7089b6054	12			5900965e91c9	mutation	2	84cd8501d39dfaa4	Qwen/Qwen3.6-35B-A3B	RefAMR	50	hybrid	2026-09-18T13:59:32Z		local	http://mango.cels.anl.gov:8004/v1	aa4ea537c5dcf2f5
Pseudomonas aeruginosa	oprD	V1	antimicrobial resistance (carbapenem)	reported	[12]	1		(2025) DOI:10.1186/s12866-025-03935-3		da822a6a-cd52-58f7-9eda-31b7089b6054	12			5900965e91c9	mutation	2	84cd8501d39dfaa4	Qwen/Qwen3.6-35B-A3B	RefAMR	50	hybrid	2026-09-18T13:59:32Z		local	http://mango.cels.anl.gov:8004/v1	aa4ea537c5dcf2f5
Pseudomonas aeruginosa	oprD	73STOP	antimicrobial resistance (carbapenem)	reported	[22]	1		(2025) DOI:10.1186/s12866-025-03935-3		3c430469-e481-5de8-92b0-f88bd7fddbe7	22			5900965e91c9	mutation	2	84cd8501d39dfaa4	Qwen/Qwen3.6-35B-A3B	RefAMR	50	hybrid	2026-09-18T13:59:32Z		local	http://mango.cels.anl.gov:8004/v1	aa4ea537c5dcf2f5
Pseudomonas aeruginosa	oprD	Q142X	antimicrobial resistance (carbapenem)	reported	[16]	1		(2018) DOI:10.3389/fmicb.2018.00685		30d37221-bc9c-5fb4-94e6-6a26e95dbe9f	16			5900965e91c9	mutation	2	84cd8501d39dfaa4	Qwen/Qwen3.6-35B-A3B	RefAMR	50	hybrid	2026-09-18T13:59:32Z		local	http://mango.cels.anl.gov:8004/v1	aa4ea537c5dcf2f5
Pseudomonas aeruginosa	oprD	V67X	antimicrobial resistance (carbapenem)	measured	[28]	1		DOI:10.1038/s41598-017-05621-5		e30c1c9f-2c78-5b6a-a350-aff4c8e6eccf	28			5900965e91c9	mutation	2	84cd8501d39dfaa4	Qwen/Qwen3.6-35B-A3B	RefAMR	50	hybrid	2026-09-18T13:59:32Z		local	http://mango.cels.anl.gov:8004/v1	aa4ea537c5dcf2f5
Klebsiella pneumoniae	oqxR	IS26 insertion	Antimicrobial resistance	reported	3	1		(2021)		b3e1848f-e7c9-5979-80d8-e9c4a40e4d00	3			5fac7aa5ead4	mutation	2	84cd8501d39dfaa4	Qwen/Qwen3.6-35B-A3B	RefAMR	50	hybrid	2026-09-18T13:59:34Z		local	http://mango.cels.anl.gov:8004/v1	fd783bed7e9f2715
Klebsiella pneumoniae	oqxR	ISKpn26 insertion	Antimicrobial resistance	measured	6	2		(2023) DOI:10.1128/msystems.00972-23		98ae8b51-e0ed-5e00-8e46-dd16e4cf3248;4cd27c48-8e99-5f26-97a2-aea6d9f7c0c7	6;11			5fac7aa5ead4	mutation	2	84cd8501d39dfaa4	Qwen/Qwen3.6-35B-A3B	RefAMR	50	hybrid	2026-09-18T13:59:34Z		local	http://mango.cels.anl.gov:8004/v1	fd783bed7e9f2715
Klebsiella pneumoniae	oqxR	N38K	Antimicrobial resistance	measured	6	1		(2023) DOI:10.1128/msystems.00972-23		98ae8b51-e0ed-5e00-8e46-dd16e4cf3248	6			5fac7aa5ead4	mutation	2	84cd8501d39dfaa4	Qwen/Qwen3.6-35B-A3B	RefAMR	50	hybrid	2026-09-18T13:59:34Z		local	http://mango.cels.anl.gov:8004/v1	fd783bed7e9f2715
Klebsiella pneumoniae	oqxR	Q286*	Antimicrobial resistance	measured	6	1		(2023) DOI:10.1128/msystems.00972-23		98ae8b51-e0ed-5e00-8e46-dd16e4cf3248	6			5fac7aa5ead4	mutation	2	84cd8501d39dfaa4	Qwen/Qwen3.6-35B-A3B	RefAMR	50	hybrid	2026-09-18T13:59:34Z		local	http://mango.cels.anl.gov:8004/v1	fd783bed7e9f2715
Klebsiella pneumoniae	oqxR	K4*	Antimicrobial resistance	measured	6	1		(2023) DOI:10.1128/msystems.00972-23		98ae8b51-e0ed-5e00-8e46-dd16e4cf3248	6			5fac7aa5ead4	mutation	2	84cd8501d39dfaa4	Qwen/Qwen3.6-35B-A3B	RefAMR	50	hybrid	2026-09-18T13:59:34Z		local	http://mango.cels.anl.gov:8004/v1	fd783bed7e9f2715
Acinetobacter baumannii	parC	S80L	antimicrobial resistance	reported; measured	2	4	merged_variants:Assertion	(2011) DOI:10.1016/j.phrp.2011.11.040		97a6651e-f4a4-5041-8cb5-ed1929c8e853;7b2e2ca2-d8c8-5f22-b1f0-5f34bc88feb6;dd1ee7e9-1c09-5e09-af5a-276bca1a116e;861a71ac-59b4-5676-8b08-3123c1bfa077	2;3;4;13			c6320786d452	mutation	2	84cd8501d39dfaa4	Qwen/Qwen3.6-35B-A3B	RefAMR	50	hybrid	2026-09-18T13:59:37Z		local	http://mango.cels.anl.gov:8004/v1	91d892047b522ce2
Acinetobacter baumannii	parC	E84K	antimicrobial resistance	reported; measured	2	4	merged_variants:Assertion	(2011) DOI:10.1016/j.phrp.2011.11.040		97a6651e-f4a4-5041-8cb5-ed1929c8e853;7b2e2ca2-d8c8-5f22-b1f0-5f34bc88feb6;dd1ee7e9-1c09-5e09-af5a-276bca1a116e;861a71ac-59b4-5676-8b08-3123c1bfa077	2;3;4;13			c6320786d452	mutation	2	84cd8501d39dfaa4	Qwen/Qwen3.6-35B-A3B	RefAMR	50	hybrid	2026-09-18T13:59:37Z		local	http://mango.cels.anl.gov:8004/v1	91d892047b522ce2
Acinetobacter baumannii	parC	S80W	antimicrobial resistance	measured; reported	3	3	merged_variants:Assertion	(2011) DOI:10.1016/j.phrp.2011.11.040		7b2e2ca2-d8c8-5f22-b1f0-5f34bc88feb6;dd1ee7e9-1c09-5e09-af5a-276bca1a116e;861a71ac-59b4-5676-8b08-3123c1bfa077	3;4;13			c6320786d452	mutation	2	84cd8501d39dfaa4	Qwen/Qwen3.6-35B-A3B	RefAMR	50	hybrid	2026-09-18T13:59:37Z		local	http://mango.cels.anl.gov:8004/v1	91d892047b522ce2
Acinetobacter baumannii	parC	T57S	antimicrobial resistance	reported	49	1		(2020) DOI:10.3390/antibiotics9120886		841084d2-984b-5d85-b12d-7f2ee25f4c01	49			c6320786d452	mutation	2	84cd8501d39dfaa4	Qwen/Qwen3.6-35B-A3B	RefAMR	50	hybrid	2026-09-18T13:59:37Z		local	http://mango.cels.anl.gov:8004/v1	91d892047b522ce2
Acinetobacter baumannii	parC	S80R	antimicrobial resistance	reported	49	1		(2020) DOI:10.3390/antibiotics9120886		841084d2-984b-5d85-b12d-7f2ee25f4c01	49			c6320786d452	mutation	2	84cd8501d39dfaa4	Qwen/Qwen3.6-35B-A3B	RefAMR	50	hybrid	2026-09-18T13:59:37Z		local	http://mango.cels.anl.gov:8004/v1	91d892047b522ce2
Klebsiella pneumoniae	ompK35	truncation	antimicrobial resistance	reported	[8]	1		(2022) DOI:10.1371/journal.ppat.1010334		e767f83d-d3e2-580a-98d6-78b74493d95b	8			0c9912bbbe9d	mutation	2	84cd8501d39dfaa4	Qwen/Qwen3.6-35B-A3B	RefAMR	50	hybrid	2026-09-18T13:59:38Z		local	http://mango.cels.anl.gov:8004/v1	639f811526ebb8e9
Klebsiella pneumoniae	ompK35	deletion	antimicrobial resistance	reported	[11]	3		(2018) DOI:10.1371/journal.ppat.1007218		8cf6ae60-5e31-54a6-a76d-4d8db379b813;c5eb2327-86b9-5659-97cc-3c1703b10c98;2843981b-382a-5259-839c-e55837f2ae4c	11;18;26			0c9912bbbe9d	mutation	2	84cd8501d39dfaa4	Qwen/Qwen3.6-35B-A3B	RefAMR	50	hybrid	2026-09-18T13:59:38Z		local	http://mango.cels.anl.gov:8004/v1	639f811526ebb8e9
Klebsiella pneumoniae	ompK35	1 to 11 nucleotide deletions	antimicrobial resistance	reported	[37]	1		(2025) DOI:10.1128/aac.00107-25		7360fb6a-133b-54f6-801f-162364bcd4e9	37			0c9912bbbe9d	mutation	2	84cd8501d39dfaa4	Qwen/Qwen3.6-35B-A3B	RefAMR	50	hybrid	2026-09-18T13:59:38Z		local	http://mango.cels.anl.gov:8004/v1	639f811526ebb8e9
Klebsiella pneumoniae	ompK35	alterations	antimicrobial resistance	reported	[37]	1		(2025) DOI:10.1128/aac.00107-25		7360fb6a-133b-54f6-801f-162364bcd4e9	37			0c9912bbbe9d	mutation	2	84cd8501d39dfaa4	Qwen/Qwen3.6-35B-A3B	RefAMR	50	hybrid	2026-09-18T13:59:38Z		local	http://mango.cels.anl.gov:8004/v1	639f811526ebb8e9
Klebsiella pneumoniae	ompK35	alteration	antimicrobial resistance	reported	[15]	46		(2025) DOI:10.1128/aac.00107-25; (2025) DOI:10.3389/fphar.2025.1570278; (2018) DOI:10.1371/journal.ppat.1007218; DOI:10.3201/eid2911.230921; (2022) DOI:10.1371/journal.ppat.1010334; DOI:10.1038/s41467-019-11756-y; (2025) DOI:10.1128/aac.01824-25; (2023) DOI:10.1128/msystems.00972-23; (2021); (2018) DOI:10.3389/fmicb.2018.01463; (2021); (2017) DOI:10.3389/fmicb.2017.02470; (2018) DOI:10.2147/IDR.S179618		7e0e6f77-7490-53c2-9461-e8f044070869;cdab60a8-b07e-5084-a98f-23a03d89a9e8;d19baa00-ba9d-587f-9a5b-c9a3c05a49ba;88a2ee7d-d41e-5c63-8d29-a236c7a099f1;92612bb1-a2f6-54cb-baa0-0d0c461b7905;b0c6b82d-916f-5576-a4df-3ed754047ae3;29205cb5-3c8a-5124-a1d9-f2b762326a89;afe88b56-fcc8-56de-9b5e-203e27b94b20;eb0b4498-b0d5-556d-980b-2c865c863ae5;900e1bae-7e4c-58c2-9034-2035d830d631;5feb3c47-54b5-51c3-9e7a-c04b64235e48;e21bcd7c-13a9-5707-91c1-21a802f8912c;684fceb5-2d27-55c9-b02e-7b2128fb2949;ff977549-72b6-530f-b325-499783314c29;f81edf77-d54f-587d-8ab2-2c10fdb6490e;ffe84ee9-ef30-5121-a1e9-8ed09c2eeff5;5e06c475-aba9-5a85-aebd-042ec59e9573;a59d4650-a178-543d-8ad2-c68f371b4ec1;56dbdc26-ece2-5ecd-b449-618a1620cb30;adc7c3d4-658c-5295-8588-f90a689660ca;42ea214a-4be0-5d6c-98d5-5f41d8df277e;f647ddba-8aa9-57f6-be08-999fdc117b0a;b02ee16d-3535-5a4d-b84f-2a96a0c801bb;1be2bf2a-85ce-5e8a-b011-ef8d3d3d7d2e;f09e5616-df05-5202-837c-8c0216de06d0;685bff9f-869d-5468-8d78-b0a553ad01d4;1d008ced-b1d4-5efb-a435-cb6c3454bd14;c60a4a14-1bf2-5e6b-85cf-cc2bb212394a;7480be6a-0ac2-58fc-9de8-b0d5412474c4;4dcb4268-32d5-5d20-800a-200cb8e4d8df;9cd37585-012c-50d7-be9d-f19fe10f7fe3;58b66d50-d0bb-5118-b027-a77beeee9289;0d5b9550-0a98-5945-9fd9-b69ccd6cd154;cc76c282-2294-5bb6-9ea8-91c502c39c57;aa51c6df-27fe-5de5-94bd-77d3a57afad5;021ca055-eaca-5ac6-b198-25515f984567;bfdb1209-e0e1-58b4-9e8f-8367be7584ea;96067d1d-40c6-5918-91b3-d4ccf367e6b6;b1dcbfeb-7de2-5971-92f4-a283f90b72c9;1dad98a0-cd0a-57f8-93a0-7eafaea22802;0092cb0f-5744-580b-bc0b-1109d462c853;3425b0b8-ad81-5932-bdd4-f41f7688dede;ce9fc218-2e13-5f1b-bf81-2c199e154c8c;0549bc19-86a1-521e-984c-9ba1d39db36d;198f7ac9-132e-5dc2-a276-1c6f908e0fbd	1;2;3;4;5;6;7;9;10;12;13;14;15;16;17;19;20;21;22;23;24;25;27;28;29;30;31;32;33;34;35;36;38;39;40;41;42;43;44;45;46;47;48;49;50			0c9912bbbe9d	mutation	2	84cd8501d39dfaa4	Qwen/Qwen3.6-35B-A3B	RefAMR	50	hybrid	2026-09-18T13:59:38Z		local	http://mango.cels.anl.gov:8004/v1	639f811526ebb8e9
Enterococcus faecalis	parC	S80L	antimicrobial resistance	reported	32	1		(2011) DOI:10.1016/j.phrp.2011.11.040		c474c893-6629-588a-a2d0-3d579d752823	32			352e420e0729	mutation	2	84cd8501d39dfaa4	Qwen/Qwen3.6-35B-A3B	RefAMR	50	hybrid	2026-09-18T13:59:39Z		local	http://mango.cels.anl.gov:8004/v1	64eb04ba5c056f5c
Enterococcus faecalis	parC	E84K	antimicrobial resistance	reported	32	1		(2011) DOI:10.1016/j.phrp.2011.11.040		c474c893-6629-588a-a2d0-3d579d752823	32			352e420e0729	mutation	2	84cd8501d39dfaa4	Qwen/Qwen3.6-35B-A3B	RefAMR	50	hybrid	2026-09-18T13:59:39Z		local	http://mango.cels.anl.gov:8004/v1	64eb04ba5c056f5c
Enterococcus faecalis	parC	S80W	antimicrobial resistance	reported	32	1		(2011) DOI:10.1016/j.phrp.2011.11.040		c474c893-6629-588a-a2d0-3d579d752823	32			352e420e0729	mutation	2	84cd8501d39dfaa4	Qwen/Qwen3.6-35B-A3B	RefAMR	50	hybrid	2026-09-18T13:59:39Z		local	http://mango.cels.anl.gov:8004/v1	64eb04ba5c056f5c
Klebsiella pneumoniae	ompK36	GD insertion (Gly115-Asp116)	Carbapenem resistance (upregulation of blaKPC via RpoS); Carbapenem resistance (increased imipenem MIC)	measured; reported	[7]	3	merged_variants:Phenotype;merged_variants:Assertion	(2025) DOI:10.1128/aac.01824-25		84a7bac6-daae-544f-b89f-5f55091ffdea;b00f0c7d-30e7-5d7f-acf4-e9b77df47617;854de79b-0bdd-50c4-b455-b43445af80ea	7;8;13			cc26761f9d45	mutation	2	84cd8501d39dfaa4	Qwen/Qwen3.6-35B-A3B	RefAMR	50	hybrid	2026-09-18T13:59:40Z		local	http://mango.cels.anl.gov:8004/v1	de2ce55de1768f4c
Klebsiella pneumoniae	ompK36	L3 insertions (D and TD)	Increased meropenem resistance (4-fold MIC increase)	measured	[12]	1		(2022) DOI:10.1371/journal.ppat.1010334		ae2edac4-c2ae-5a94-bacb-18ebe2f5bc7f	12			cc26761f9d45	mutation	2	84cd8501d39dfaa4	Qwen/Qwen3.6-35B-A3B	RefAMR	50	hybrid	2026-09-18T13:59:40Z		local	http://mango.cels.anl.gov:8004/v1	de2ce55de1768f4c
Klebsiella pneumoniae	ompK36	L3 insertions	Increased meropenem resistance (4-fold MIC increase)	reported	[22]	1		(2022) DOI:10.1371/journal.ppat.1010334		1dac5992-6d51-52c3-be86-8464ea317b43	22			cc26761f9d45	mutation	2	84cd8501d39dfaa4	Qwen/Qwen3.6-35B-A3B	RefAMR	50	hybrid	2026-09-18T13:59:40Z		local	http://mango.cels.anl.gov:8004/v1	de2ce55de1768f4c
Klebsiella pneumoniae	ompK36	GD insertion	Increased meropenem resistance	reported	[39]	1		(2018) DOI:10.1371/journal.ppat.1007218		03a150d3-87d3-5ea9-9569-d7f0a3886e5a	39			cc26761f9d45	mutation	2	84cd8501d39dfaa4	Qwen/Qwen3.6-35B-A3B	RefAMR	50	hybrid	2026-09-18T13:59:40Z		local	http://mango.cels.anl.gov:8004/v1	de2ce55de1768f4c
Klebsiella pneumoniae	ompK36	Deletion	Carbapenem resistance	reported	[37]	2		(2025) DOI:10.1128/aac.00107-25		cb2571b6-f50f-54ca-9df6-98e5a8cbdab0;88a2ee7d-d41e-5c63-8d29-a236c7a099f1	4;37			cc26761f9d45	mutation	2	84cd8501d39dfaa4	Qwen/Qwen3.6-35B-A3B	RefAMR	50	hybrid	2026-09-18T13:59:40Z		local	http://mango.cels.anl.gov:8004/v1	de2ce55de1768f4c
Klebsiella pneumoniae	ompK36	Mutation	Antimicrobial resistance	reported	[2]	42		DOI:10.1038/s41467-019-11756-y; (2022) DOI:10.1371/journal.ppat.1010334; (2018) DOI:10.1371/journal.ppat.1007218; (2025) DOI:10.1128/aac.00107-25; (2025) DOI:10.3389/fphar.2025.1570278; (2023) DOI:10.1128/msystems.00972-23; (2025) DOI:10.1128/aac.01824-25; DOI:10.3201/eid2911.230921; (2018) DOI:10.3389/fmicb.2018.01463; (2021)		9cd37585-012c-50d7-be9d-f19fe10f7fe3;58b66d50-d0bb-5118-b027-a77beeee9289;0d5b9550-0a98-5945-9fd9-b69ccd6cd154;873d5d53-be75-51fb-893d-6403ff12b353;f647ddba-8aa9-57f6-be08-999fdc117b0a;f09e5616-df05-5202-837c-8c0216de06d0;b02ee16d-3535-5a4d-b84f-2a96a0c801bb;685bff9f-869d-5468-8d78-b0a553ad01d4;9ab1b906-5ad6-5d64-a57f-20390e88fcfd;1d008ced-b1d4-5efb-a435-cb6c3454bd14;c60a4a14-1bf2-5e6b-85cf-cc2bb212394a;a0afce62-0264-5eaa-bb6a-02465eb3dd33;7480be6a-0ac2-58fc-9de8-b0d5412474c4;4b5ac2ad-dc33-538f-9bda-3fa1374e583b;4dcb4268-32d5-5d20-800a-200cb8e4d8df;eb0b4498-b0d5-556d-980b-2c865c863ae5;8cf6ae60-5e31-54a6-a76d-4d8db379b813;5feb3c47-54b5-51c3-9e7a-c04b64235e48;2843981b-382a-5259-839c-e55837f2ae4c;c5765b17-2e29-587a-a561-cc4d9c391961;900e1bae-7e4c-58c2-9034-2035d830d631;e21bcd7c-13a9-5707-91c1-21a802f8912c;ff977549-72b6-530f-b325-499783314c29;c5eb2327-86b9-5659-97cc-3c1703b10c98;7e0e6f77-7490-53c2-9461-e8f044070869;d19baa00-ba9d-587f-9a5b-c9a3c05a49ba;92612bb1-a2f6-54cb-baa0-0d0c461b7905;3f227e89-0089-5be0-bc79-a4d7dc8a8bbe;48abc996-c8b3-5b3c-aa05-ce3824ae4594;021ca055-eaca-5ac6-b198-25515f984567;cc76c282-2294-5bb6-9ea8-91c502c39c57;439c6b5a-70c5-58dc-85e3-1783967e17a5;aa51c6df-27fe-5de5-94bd-77d3a57afad5;bfdb1209-e0e1-58b4-9e8f-8367be7584ea;52417b6a-4adf-5db7-94c6-fc29c1d74797;5e06c475-aba9-5a85-aebd-042ec59e9573;56dbdc26-ece2-5ecd-b449-618a1620cb30;a59d4650-a178-543d-8ad2-c68f371b4ec1;92c0a48b-2ea4-5875-a1cb-842b5924a0dd;42ea214a-4be0-5d6c-98d5-5f41d8df277e;0092cb0f-5744-580b-bc0b-1109d462c853;ce9fc218-2e13-5f1b-bf81-2c199e154c8c	1;2;3;5;6;9;10;11;14;15;16;17;18;19;20;21;23;24;25;26;27;28;29;30;31;32;33;34;35;36;38;40;41;42;43;44;45;46;47;48;49;50			cc26761f9d45	mutation	2	84cd8501d39dfaa4	Qwen/Qwen3.6-35B-A3B	RefAMR	50	hybrid	2026-09-18T13:59:40Z		local	http://mango.cels.anl.gov:8004/v1	de2ce55de1768f4c
Enterobacter cloacae	parC	V48A	Fluoroquinolone resistance	reported	[23]	1		(2016) DOI:10.1371/journal.pone.0172179		a4b92bab-76cf-5ba7-94f9-113c6e03c8ef	23			8377b8519028	mutation	2	84cd8501d39dfaa4	Qwen/Qwen3.6-35B-A3B	RefAMR	50	hybrid	2026-09-18T13:59:40Z		local	http://mango.cels.anl.gov:8004/v1	e6e925c67880cff0
Enterobacter cloacae	parC	E84K	Fluoroquinolone resistance	reported	[26]	1		[26]		27da20b4-178d-5cf5-894e-12f91a572434	26			8377b8519028	mutation	2	84cd8501d39dfaa4	Qwen/Qwen3.6-35B-A3B	RefAMR	50	hybrid	2026-09-18T13:59:40Z		local	http://mango.cels.anl.gov:8004/v1	e6e925c67880cff0
Enterobacter cloacae	parC	S80R	Fluoroquinolone resistance	reported	[26]	2		[26]; (2020) DOI:10.3390/antibiotics9120886		27da20b4-178d-5cf5-894e-12f91a572434;841084d2-984b-5d85-b12d-7f2ee25f4c01	26;44			8377b8519028	mutation	2	84cd8501d39dfaa4	Qwen/Qwen3.6-35B-A3B	RefAMR	50	hybrid	2026-09-18T13:59:40Z		local	http://mango.cels.anl.gov:8004/v1	e6e925c67880cff0
Enterobacter cloacae	parC	T57S	Fluoroquinolone resistance	reported	[44]	1		(2020) DOI:10.3390/antibiotics9120886		841084d2-984b-5d85-b12d-7f2ee25f4c01	44			8377b8519028	mutation	2	84cd8501d39dfaa4	Qwen/Qwen3.6-35B-A3B	RefAMR	50	hybrid	2026-09-18T13:59:40Z		local	http://mango.cels.anl.gov:8004/v1	e6e925c67880cff0
Enterococcus faecium	parC	S80L	Fluoroquinolone resistance	reported	35	1		(2011) DOI:10.1016/j.phrp.2011.11.040		c474c893-6629-588a-a2d0-3d579d752823	35			4ea0f45c33c8	mutation	2	84cd8501d39dfaa4	Qwen/Qwen3.6-35B-A3B	RefAMR	50	hybrid	2026-09-18T13:59:42Z		local	http://mango.cels.anl.gov:8004/v1	ef242cfad216d060
Enterococcus faecium	parC	E84K	Fluoroquinolone resistance	reported	35	1		(2011) DOI:10.1016/j.phrp.2011.11.040		c474c893-6629-588a-a2d0-3d579d752823	35			4ea0f45c33c8	mutation	2	84cd8501d39dfaa4	Qwen/Qwen3.6-35B-A3B	RefAMR	50	hybrid	2026-09-18T13:59:42Z		local	http://mango.cels.anl.gov:8004/v1	ef242cfad216d060
Enterococcus faecium	parC	S80W	Fluoroquinolone resistance	reported	35	1		(2011) DOI:10.1016/j.phrp.2011.11.040		c474c893-6629-588a-a2d0-3d579d752823	35			4ea0f45c33c8	mutation	2	84cd8501d39dfaa4	Qwen/Qwen3.6-35B-A3B	RefAMR	50	hybrid	2026-09-18T13:59:42Z		local	http://mango.cels.anl.gov:8004/v1	ef242cfad216d060
Enterococcus faecium	parC	T57S	Fluoroquinolone resistance	reported	49	1		(2020) DOI:10.3390/antibiotics9120886		841084d2-984b-5d85-b12d-7f2ee25f4c01	49			4ea0f45c33c8	mutation	2	84cd8501d39dfaa4	Qwen/Qwen3.6-35B-A3B	RefAMR	50	hybrid	2026-09-18T13:59:42Z		local	http://mango.cels.anl.gov:8004/v1	ef242cfad216d060
Enterococcus faecium	parC	S80R	Fluoroquinolone resistance	reported	49	1		(2020) DOI:10.3390/antibiotics9120886		841084d2-984b-5d85-b12d-7f2ee25f4c01	49			4ea0f45c33c8	mutation	2	84cd8501d39dfaa4	Qwen/Qwen3.6-35B-A3B	RefAMR	50	hybrid	2026-09-18T13:59:42Z		local	http://mango.cels.anl.gov:8004/v1	ef242cfad216d060
Haemophilus influenzae	parC	S80L	antimicrobial resistance	reported	1	2		(2023) DOI:10.1099/acmi.0.000649.v3; (2011) DOI:10.1016/j.phrp.2011.11.040		001f5b47-059f-592e-ae82-17dd5be0bf42;c474c893-6629-588a-a2d0-3d579d752823	1;23			42dace028ba4	mutation	2	84cd8501d39dfaa4	Qwen/Qwen3.6-35B-A3B	RefAMR	50	hybrid	2026-09-18T13:59:42Z		local	http://mango.cels.anl.gov:8004/v1	77862444d6192215
Haemophilus influenzae	parC	E84K	antimicrobial resistance	reported	1	2		(2023) DOI:10.1099/acmi.0.000649.v3; (2011) DOI:10.1016/j.phrp.2011.11.040		001f5b47-059f-592e-ae82-17dd5be0bf42;c474c893-6629-588a-a2d0-3d579d752823	1;23			42dace028ba4	mutation	2	84cd8501d39dfaa4	Qwen/Qwen3.6-35B-A3B	RefAMR	50	hybrid	2026-09-18T13:59:42Z		local	http://mango.cels.anl.gov:8004/v1	77862444d6192215
Haemophilus influenzae	parC	E84L	antimicrobial resistance	reported	25	1		[25]		27da20b4-178d-5cf5-894e-12f91a572434	25			42dace028ba4	mutation	2	84cd8501d39dfaa4	Qwen/Qwen3.6-35B-A3B	RefAMR	50	hybrid	2026-09-18T13:59:42Z		local	http://mango.cels.anl.gov:8004/v1	77862444d6192215
Haemophilus influenzae	parC	S80R	antimicrobial resistance	reported	25	2		[25]; (2020) DOI:10.3390/antibiotics9120886		27da20b4-178d-5cf5-894e-12f91a572434;841084d2-984b-5d85-b12d-7f2ee25f4c01	25;47			42dace028ba4	mutation	2	84cd8501d39dfaa4	Qwen/Qwen3.6-35B-A3B	RefAMR	50	hybrid	2026-09-18T13:59:42Z		local	http://mango.cels.anl.gov:8004/v1	77862444d6192215
Haemophilus influenzae	parC	T57S	antimicrobial resistance	reported	47	1		(2020) DOI:10.3390/antibiotics9120886		841084d2-984b-5d85-b12d-7f2ee25f4c01	47			42dace028ba4	mutation	2	84cd8501d39dfaa4	Qwen/Qwen3.6-35B-A3B	RefAMR	50	hybrid	2026-09-18T13:59:42Z		local	http://mango.cels.anl.gov:8004/v1	77862444d6192215
Escherichia	parC	S80L	antimicrobial resistance	reported	[5]	2		(2017); (2017)		2136dd61-d5b4-5ded-87f3-d1c4c02efc7d;1d23fd9f-a0d9-57bd-8d40-a241ae8748e3	5;29			01334333d511	mutation	2	84cd8501d39dfaa4	Qwen/Qwen3.6-35B-A3B	RefAMR	50	hybrid	2026-09-18T13:59:43Z		local	http://mango.cels.anl.gov:8004/v1	02d37bee83733a44
Escherichia	parC	S80I	antimicrobial resistance	reported	[29]	2		(2017)		1d23fd9f-a0d9-57bd-8d40-a241ae8748e3	29			01334333d511	mutation	2	84cd8501d39dfaa4	Qwen/Qwen3.6-35B-A3B	RefAMR	50	hybrid	2026-09-18T13:59:43Z		local	http://mango.cels.anl.gov:8004/v1	02d37bee83733a44
Escherichia	parC	S80R	antimicrobial resistance	reported	[37]	2		(2020) DOI:10.3390/antibiotics9120886		89e542da-8482-5292-886a-79adcf3a82c4;841084d2-984b-5d85-b12d-7f2ee25f4c01	37;45			01334333d511	mutation	2	84cd8501d39dfaa4	Qwen/Qwen3.6-35B-A3B	RefAMR	50	hybrid	2026-09-18T13:59:43Z		local	http://mango.cels.anl.gov:8004/v1	02d37bee83733a44
Escherichia	parC	T57S	antimicrobial resistance	reported	[37]	2		(2020) DOI:10.3390/antibiotics9120886		89e542da-8482-5292-886a-79adcf3a82c4;841084d2-984b-5d85-b12d-7f2ee25f4c01	37;45			01334333d511	mutation	2	84cd8501d39dfaa4	Qwen/Qwen3.6-35B-A3B	RefAMR	50	hybrid	2026-09-18T13:59:43Z		local	http://mango.cels.anl.gov:8004/v1	02d37bee83733a44
Escherichia	parC	S87L	antimicrobial resistance	reported	[46]	1		(2018) DOI:10.3389/fmicb.2018.00685		0c18c33a-42c2-5c3b-9bed-9a6887cc7334	46			01334333d511	mutation	2	84cd8501d39dfaa4	Qwen/Qwen3.6-35B-A3B	RefAMR	50	hybrid	2026-09-18T13:59:43Z		local	http://mango.cels.anl.gov:8004/v1	02d37bee83733a44
Escherichia	parC	S87W	antimicrobial resistance	reported	[46]	1		(2018) DOI:10.3389/fmicb.2018.00685		0c18c33a-42c2-5c3b-9bed-9a6887cc7334	46			01334333d511	mutation	2	84cd8501d39dfaa4	Qwen/Qwen3.6-35B-A3B	RefAMR	50	hybrid	2026-09-18T13:59:43Z		local	http://mango.cels.anl.gov:8004/v1	02d37bee83733a44
Klebsiella oxytoca	parC	T57S	antimicrobial resistance	reported	[48]	1		(2020) DOI:10.3390/antibiotics9120886		841084d2-984b-5d85-b12d-7f2ee25f4c01	48			cdfdfc4a1d0d	mutation	2	84cd8501d39dfaa4	Qwen/Qwen3.6-35B-A3B	RefAMR	50	hybrid	2026-09-18T13:59:43Z		local	http://mango.cels.anl.gov:8004/v1	15ab20411dd043bd
Klebsiella oxytoca	parC	S80R	antimicrobial resistance	reported	[48]	1		(2020) DOI:10.3390/antibiotics9120886		841084d2-984b-5d85-b12d-7f2ee25f4c01	48			cdfdfc4a1d0d	mutation	2	84cd8501d39dfaa4	Qwen/Qwen3.6-35B-A3B	RefAMR	50	hybrid	2026-09-18T13:59:43Z		local	http://mango.cels.anl.gov:8004/v1	15ab20411dd043bd
Neisseria gonorrhoeae	parC	ParC-87	antimicrobial resistance	reported	22	1		[22]		82b73ba7-c74e-57a9-96eb-7bc810938bf5	22			0ab21e25b228	mutation	2	84cd8501d39dfaa4	Qwen/Qwen3.6-35B-A3B	RefAMR	50	hybrid	2026-09-18T13:59:45Z		local	http://mango.cels.anl.gov:8004/v1	a2c04eb353276dc7
Neisseria meningitidis	parC	S80L	antimicrobial resistance	reported	6	1		(2022)		bf218cfe-e7e9-5fe0-94c6-12001c069c28	6			f0aa19be4c28	mutation	2	84cd8501d39dfaa4	Qwen/Qwen3.6-35B-A3B	RefAMR	50	hybrid	2026-09-18T13:59:45Z		local	http://mango.cels.anl.gov:8004/v1	6665beaadf285dda
Neisseria meningitidis	parC	E84K	antimicrobial resistance	reported	6	1		(2022)		bf218cfe-e7e9-5fe0-94c6-12001c069c28	6			f0aa19be4c28	mutation	2	84cd8501d39dfaa4	Qwen/Qwen3.6-35B-A3B	RefAMR	50	hybrid	2026-09-18T13:59:45Z		local	http://mango.cels.anl.gov:8004/v1	6665beaadf285dda
Neisseria meningitidis	parC	S80W	antimicrobial resistance	reported	6	1		(2022)		bf218cfe-e7e9-5fe0-94c6-12001c069c28	6			f0aa19be4c28	mutation	2	84cd8501d39dfaa4	Qwen/Qwen3.6-35B-A3B	RefAMR	50	hybrid	2026-09-18T13:59:45Z		local	http://mango.cels.anl.gov:8004/v1	6665beaadf285dda
Klebsiella pneumoniae	parC	S80I	quinolone resistance	reported	[3]	1		DOI:10.3201/eid2911.230921		3bcd1a86-da68-5657-8d3c-61d4c3978d6c	3			bef4caad57e0	mutation	2	84cd8501d39dfaa4	Qwen/Qwen3.6-35B-A3B	RefAMR	50	hybrid	2026-09-18T13:59:45Z		local	http://mango.cels.anl.gov:8004/v1	b163cac297f90992
Klebsiella pneumoniae	parC	S80L	fluoroquinolone resistance	reported	[28]	1		(2011) DOI:10.1016/j.phrp.2011.11.040		7b2e2ca2-d8c8-5f22-b1f0-5f34bc88feb6	28			bef4caad57e0	mutation	2	84cd8501d39dfaa4	Qwen/Qwen3.6-35B-A3B	RefAMR	50	hybrid	2026-09-18T13:59:45Z		local	http://mango.cels.anl.gov:8004/v1	b163cac297f90992
Klebsiella pneumoniae	parC	E84K	fluoroquinolone resistance	reported	[28]	1		(2011) DOI:10.1016/j.phrp.2011.11.040		7b2e2ca2-d8c8-5f22-b1f0-5f34bc88feb6	28			bef4caad57e0	mutation	2	84cd8501d39dfaa4	Qwen/Qwen3.6-35B-A3B	RefAMR	50	hybrid	2026-09-18T13:59:45Z		local	http://mango.cels.anl.gov:8004/v1	b163cac297f90992
Klebsiella pneumoniae	parC	S80W	fluoroquinolone resistance	reported	[28]	1		(2011) DOI:10.1016/j.phrp.2011.11.040		7b2e2ca2-d8c8-5f22-b1f0-5f34bc88feb6	28			bef4caad57e0	mutation	2	84cd8501d39dfaa4	Qwen/Qwen3.6-35B-A3B	RefAMR	50	hybrid	2026-09-18T13:59:45Z		local	http://mango.cels.anl.gov:8004/v1	b163cac297f90992
Klebsiella pneumoniae	parC	T57S	antimicrobial resistance	reported	[46]	1		(2020) DOI:10.3390/antibiotics9120886		841084d2-984b-5d85-b12d-7f2ee25f4c01	46			bef4caad57e0	mutation	2	84cd8501d39dfaa4	Qwen/Qwen3.6-35B-A3B	RefAMR	50	hybrid	2026-09-18T13:59:45Z		local	http://mango.cels.anl.gov:8004/v1	b163cac297f90992
Klebsiella pneumoniae	parC	S80R	antimicrobial resistance	reported	[46]	1		(2020) DOI:10.3390/antibiotics9120886		841084d2-984b-5d85-b12d-7f2ee25f4c01	46			bef4caad57e0	mutation	2	84cd8501d39dfaa4	Qwen/Qwen3.6-35B-A3B	RefAMR	50	hybrid	2026-09-18T13:59:45Z		local	http://mango.cels.anl.gov:8004/v1	b163cac297f90992
Staphylococcus aureus	parC	S80L	Fluoroquinolone resistance	reported	11	1		(2011) DOI:10.1016/j.phrp.2011.11.040		7b2e2ca2-d8c8-5f22-b1f0-5f34bc88feb6	11			15b5c806215a	mutation	2	84cd8501d39dfaa4	Qwen/Qwen3.6-35B-A3B	RefAMR	50	hybrid	2026-09-18T13:59:47Z		local	http://mango.cels.anl.gov:8004/v1	d17595418662146d
Staphylococcus aureus	parC	E84K	Fluoroquinolone resistance	reported	11	1		(2011) DOI:10.1016/j.phrp.2011.11.040		7b2e2ca2-d8c8-5f22-b1f0-5f34bc88feb6	11			15b5c806215a	mutation	2	84cd8501d39dfaa4	Qwen/Qwen3.6-35B-A3B	RefAMR	50	hybrid	2026-09-18T13:59:47Z		local	http://mango.cels.anl.gov:8004/v1	d17595418662146d
Staphylococcus aureus	parC	S80W	Fluoroquinolone resistance	reported	11	1		(2011) DOI:10.1016/j.phrp.2011.11.040		7b2e2ca2-d8c8-5f22-b1f0-5f34bc88feb6	11			15b5c806215a	mutation	2	84cd8501d39dfaa4	Qwen/Qwen3.6-35B-A3B	RefAMR	50	hybrid	2026-09-18T13:59:47Z		local	http://mango.cels.anl.gov:8004/v1	d17595418662146d
Streptococcus pneumoniae	parC	T57S	Fluoroquinolone resistance	reported	[13]	2		(2020) DOI:10.3390/antibiotics9120886		89e542da-8482-5292-886a-79adcf3a82c4;841084d2-984b-5d85-b12d-7f2ee25f4c01	13;34			48c63ff91924	mutation	2	84cd8501d39dfaa4	Qwen/Qwen3.6-35B-A3B	RefAMR	50	hybrid	2026-09-18T13:59:49Z		local	http://mango.cels.anl.gov:8004/v1	ed9550889e723aa5
Streptococcus pneumoniae	parC	S80R	Fluoroquinolone resistance	reported	[13]	2		(2020) DOI:10.3390/antibiotics9120886		89e542da-8482-5292-886a-79adcf3a82c4;841084d2-984b-5d85-b12d-7f2ee25f4c01	13;34			48c63ff91924	mutation	2	84cd8501d39dfaa4	Qwen/Qwen3.6-35B-A3B	RefAMR	50	hybrid	2026-09-18T13:59:49Z		local	http://mango.cels.anl.gov:8004/v1	ed9550889e723aa5
Pseudomonas aeruginosa	parC	S80L	Fluoroquinolone resistance	reported	[21]	4		(2011) DOI:10.1016/j.phrp.2011.11.040		7b2e2ca2-d8c8-5f22-b1f0-5f34bc88feb6;c474c893-6629-588a-a2d0-3d579d752823;d2048a26-83cc-589d-b81e-5f4244d0504e	21;34;48			8f703aa80a03	mutation	2	84cd8501d39dfaa4	Qwen/Qwen3.6-35B-A3B	RefAMR	50	hybrid	2026-09-18T13:59:49Z		local	http://mango.cels.anl.gov:8004/v1	ac4e87663a29de44
Pseudomonas aeruginosa	parC	E84K	Fluoroquinolone resistance	reported	[21]	3		(2011) DOI:10.1016/j.phrp.2011.11.040		7b2e2ca2-d8c8-5f22-b1f0-5f34bc88feb6;c474c893-6629-588a-a2d0-3d579d752823;d2048a26-83cc-589d-b81e-5f4244d0504e	21;34;48			8f703aa80a03	mutation	2	84cd8501d39dfaa4	Qwen/Qwen3.6-35B-A3B	RefAMR	50	hybrid	2026-09-18T13:59:49Z		local	http://mango.cels.anl.gov:8004/v1	ac4e87663a29de44
Pseudomonas aeruginosa	parC	S80W	Fluoroquinolone resistance	reported	[21]	3		(2011) DOI:10.1016/j.phrp.2011.11.040		7b2e2ca2-d8c8-5f22-b1f0-5f34bc88feb6;c474c893-6629-588a-a2d0-3d579d752823;d2048a26-83cc-589d-b81e-5f4244d0504e	21;34;48			8f703aa80a03	mutation	2	84cd8501d39dfaa4	Qwen/Qwen3.6-35B-A3B	RefAMR	50	hybrid	2026-09-18T13:59:49Z		local	http://mango.cels.anl.gov:8004/v1	ac4e87663a29de44
Pseudomonas aeruginosa	parC	G78C	Fluoroquinolone resistance	reported	[48]	1		(2011) DOI:10.1016/j.phrp.2011.11.040		d2048a26-83cc-589d-b81e-5f4244d0504e	48			8f703aa80a03	mutation	2	84cd8501d39dfaa4	Qwen/Qwen3.6-35B-A3B	RefAMR	50	hybrid	2026-09-18T13:59:49Z		local	http://mango.cels.anl.gov:8004/v1	ac4e87663a29de44
Salmonella	parC	S80L	antimicrobial resistance	reported	7	2		(2011) DOI:10.1016/j.phrp.2011.11.040		7b2e2ca2-d8c8-5f22-b1f0-5f34bc88feb6;c474c893-6629-588a-a2d0-3d579d752823	7;16			169c81e1881e	mutation	2	84cd8501d39dfaa4	Qwen/Qwen3.6-35B-A3B	RefAMR	50	hybrid	2026-09-18T13:59:50Z		local	http://mango.cels.anl.gov:8004/v1	27b15d71921bab25
Salmonella	parC	E84K	antimicrobial resistance	reported	7	2		(2011) DOI:10.1016/j.phrp.2011.11.040		7b2e2ca2-d8c8-5f22-b1f0-5f34bc88feb6;c474c893-6629-588a-a2d0-3d579d752823	7;16			169c81e1881e	mutation	2	84cd8501d39dfaa4	Qwen/Qwen3.6-35B-A3B	RefAMR	50	hybrid	2026-09-18T13:59:50Z		local	http://mango.cels.anl.gov:8004/v1	27b15d71921bab25
Salmonella	parC	S80W	antimicrobial resistance	reported	7	1		(2011) DOI:10.1016/j.phrp.2011.11.040		7b2e2ca2-d8c8-5f22-b1f0-5f34bc88feb6	7			169c81e1881e	mutation	2	84cd8501d39dfaa4	Qwen/Qwen3.6-35B-A3B	RefAMR	50	hybrid	2026-09-18T13:59:50Z		local	http://mango.cels.anl.gov:8004/v1	27b15d71921bab25
Salmonella	parC	E84L	antimicrobial resistance	reported	24	1		[24]		27da20b4-178d-5cf5-894e-12f91a572434	24			169c81e1881e	mutation	2	84cd8501d39dfaa4	Qwen/Qwen3.6-35B-A3B	RefAMR	50	hybrid	2026-09-18T13:59:50Z		local	http://mango.cels.anl.gov:8004/v1	27b15d71921bab25
Salmonella	parC	S80R	antimicrobial resistance	reported	24	6		[24]; (2020) DOI:10.3390/antibiotics9120886		27da20b4-178d-5cf5-894e-12f91a572434;41be6a28-651c-5ca8-b6fe-dfda47e7b0a3;89e542da-8482-5292-886a-79adcf3a82c4;841084d2-984b-5d85-b12d-7f2ee25f4c01	24;33;39;42			169c81e1881e	mutation	2	84cd8501d39dfaa4	Qwen/Qwen3.6-35B-A3B	RefAMR	50	hybrid	2026-09-18T13:59:50Z		local	http://mango.cels.anl.gov:8004/v1	27b15d71921bab25
Salmonella	parC	T57S	antimicrobial resistance	reported	39	6		(2020) DOI:10.3390/antibiotics9120886		89e542da-8482-5292-886a-79adcf3a82c4;841084d2-984b-5d85-b12d-7f2ee25f4c01	39;42			169c81e1881e	mutation	2	84cd8501d39dfaa4	Qwen/Qwen3.6-35B-A3B	RefAMR	50	hybrid	2026-09-18T13:59:50Z		local	http://mango.cels.anl.gov:8004/v1	27b15d71921bab25
Vibrio parahaemolyticus	parC	T57S	antimicrobial resistance	reported	[27]	1		(2020) DOI:10.3390/antibiotics9120886		89e542da-8482-5292-886a-79adcf3a82c4	27			5ed1c8168da4	mutation	2	84cd8501d39dfaa4	Qwen/Qwen3.6-35B-A3B	RefAMR	50	hybrid	2026-09-18T13:59:50Z		local	http://mango.cels.anl.gov:8004/v1	2e74683f1e207eb6
Vibrio parahaemolyticus	parC	S80R	antimicrobial resistance	reported	[27]	1		(2020) DOI:10.3390/antibiotics9120886		89e542da-8482-5292-886a-79adcf3a82c4	27			5ed1c8168da4	mutation	2	84cd8501d39dfaa4	Qwen/Qwen3.6-35B-A3B	RefAMR	50	hybrid	2026-09-18T13:59:50Z		local	http://mango.cels.anl.gov:8004/v1	2e74683f1e207eb6
Vibrio cholerae	parC	T57S	antimicrobial resistance	reported	[22]	2		(2020) DOI:10.3390/antibiotics9120886		89e542da-8482-5292-886a-79adcf3a82c4;841084d2-984b-5d85-b12d-7f2ee25f4c01	22;29			0c84c5057d95	mutation	2	84cd8501d39dfaa4	Qwen/Qwen3.6-35B-A3B	RefAMR	50	hybrid	2026-09-18T13:59:51Z		local	http://mango.cels.anl.gov:8004/v1	808e0f94870e74c9
Vibrio cholerae	parC	S80R	antimicrobial resistance	reported	[22]	2		(2020) DOI:10.3390/antibiotics9120886		89e542da-8482-5292-886a-79adcf3a82c4;841084d2-984b-5d85-b12d-7f2ee25f4c01	22;29			0c84c5057d95	mutation	2	84cd8501d39dfaa4	Qwen/Qwen3.6-35B-A3B	RefAMR	50	hybrid	2026-09-18T13:59:51Z		local	http://mango.cels.anl.gov:8004/v1	808e0f94870e74c9
Vibrio vulnificus	parC		antimicrobial resistance	measured	1	1	missing:Mutation	DOI:10.3201/eid2706.204407		60805ff6-757c-5678-bc31-640476720ece	1			28fe3a4d80fe	mutation	2	84cd8501d39dfaa4	Qwen/Qwen3.6-35B-A3B	RefAMR	50	hybrid	2026-09-18T13:59:51Z		local	http://mango.cels.anl.gov:8004/v1	f9c3bc1059efd1b2
Haemophilus influenzae	parE		antimicrobial resistance	reported	5	1	missing:Mutation	(2023) DOI:10.1099/acmi.0.000649.v3		001f5b47-059f-592e-ae82-17dd5be0bf42	5			ea625dfdec47	mutation	2	84cd8501d39dfaa4	Qwen/Qwen3.6-35B-A3B	RefAMR	50	hybrid	2026-09-18T13:59:52Z		local	http://mango.cels.anl.gov:8004/v1	6aaea0997759464f
Neisseria gonorrhoeae	parE		antimicrobial resistance	reported	1	1	missing:Mutation	(2019) DOI:10.7554/eLife.51407		e75d13b6-c39b-5994-a77e-b414e82051ce	1			bbe83a0f5310	mutation	2	84cd8501d39dfaa4	Qwen/Qwen3.6-35B-A3B	RefAMR	50	hybrid	2026-09-18T13:59:52Z		local	http://mango.cels.anl.gov:8004/v1	178fbde4d0b087e3
Escherichia	parE		Antimicrobial resistance	reported	4	4	missing:Mutation	(2019) DOI:10.2147/IDR.S182272; (2016) DOI:10.1371/journal.pone.0172179; (2017); (2017)		efe083e0-acb2-5d6f-aa66-06954b5d442a;a71d851d-6db3-5d64-b6a0-646d00595f65;41977535-b3e5-5ebc-ab34-238eeb775dc0;1d23fd9f-a0d9-57bd-8d40-a241ae8748e3	4;5;13;30			3e023b5e9c7d	mutation	2	84cd8501d39dfaa4	Qwen/Qwen3.6-35B-A3B	RefAMR	50	hybrid	2026-09-18T13:59:53Z		local	http://mango.cels.anl.gov:8004/v1	cd0c3cf77487afda
Escherichia	parE	S457G	Fluoroquinolone resistance	reported	50	1		(2018) DOI:10.3389/fmicb.2018.00685		0c18c33a-42c2-5c3b-9bed-9a6887cc7334	50			3e023b5e9c7d	mutation	2	84cd8501d39dfaa4	Qwen/Qwen3.6-35B-A3B	RefAMR	50	hybrid	2026-09-18T13:59:53Z		local	http://mango.cels.anl.gov:8004/v1	cd0c3cf77487afda
Escherichia	parE	S457T	Fluoroquinolone resistance	reported	50	1		(2018) DOI:10.3389/fmicb.2018.00685		0c18c33a-42c2-5c3b-9bed-9a6887cc7334	50			3e023b5e9c7d	mutation	2	84cd8501d39dfaa4	Qwen/Qwen3.6-35B-A3B	RefAMR	50	hybrid	2026-09-18T13:59:53Z		local	http://mango.cels.anl.gov:8004/v1	cd0c3cf77487afda
Escherichia	parE	E459D	Fluoroquinolone resistance	reported	50	1		(2018) DOI:10.3389/fmicb.2018.00685		0c18c33a-42c2-5c3b-9bed-9a6887cc7334	50			3e023b5e9c7d	mutation	2	84cd8501d39dfaa4	Qwen/Qwen3.6-35B-A3B	RefAMR	50	hybrid	2026-09-18T13:59:53Z		local	http://mango.cels.anl.gov:8004/v1	cd0c3cf77487afda
Escherichia	parE	E459K	Fluoroquinolone resistance	reported	50	1		(2018) DOI:10.3389/fmicb.2018.00685		0c18c33a-42c2-5c3b-9bed-9a6887cc7334	50			3e023b5e9c7d	mutation	2	84cd8501d39dfaa4	Qwen/Qwen3.6-35B-A3B	RefAMR	50	hybrid	2026-09-18T13:59:53Z		local	http://mango.cels.anl.gov:8004/v1	cd0c3cf77487afda
Neisseria meningitidis	parE	H553Y	rifampin resistance	inferred	[27]	1		(2017)		d95d6d96-44e8-532f-96f8-83566371420c	27			55f92a41f5c1	mutation	2	84cd8501d39dfaa4	Qwen/Qwen3.6-35B-A3B	RefAMR	50	hybrid	2026-09-18T13:59:54Z		local	http://mango.cels.anl.gov:8004/v1	c025f78521099b1a
Pseudomonas aeruginosa	parE		Fluoroquinolone resistance	Reported	1	4	missing:Mutation	(2019) DOI:10.2147/IDR.S182272; (2011) DOI:10.1016/j.phrp.2011.11.040		efe083e0-acb2-5d6f-aa66-06954b5d442a;efd087c4-bf4b-5f4e-82e5-50898e348b28;aa92dc15-05c7-5262-b7db-1449b3c06673;d2048a26-83cc-589d-b81e-5f4244d0504e	1;5;29;50			019e5737a5b6	mutation	2	84cd8501d39dfaa4	Qwen/Qwen3.6-35B-A3B	RefAMR	50	hybrid	2026-09-18T13:59:55Z		local	http://mango.cels.anl.gov:8004/v1	c673bdc55753ed1b
Staphylococcus aureus	parE		antimicrobial resistance	reported	1	1	missing:Mutation	(2025) DOI:10.1128/spectrum.00095-25		e292d707-d4dc-5f7a-9661-c2134abdd74f	1			3b0de4178eaf	mutation	2	84cd8501d39dfaa4	Qwen/Qwen3.6-35B-A3B	RefAMR	50	hybrid	2026-09-18T13:59:55Z		local	http://mango.cels.anl.gov:8004/v1	1d6ef75d28cf1cbd
Salmonella	parE		antimicrobial resistance	reported	4	3	missing:Mutation	(2019) DOI:10.2147/IDR.S182272; (2017); (2017)		efe083e0-acb2-5d6f-aa66-06954b5d442a;41977535-b3e5-5ebc-ab34-238eeb775dc0;1d23fd9f-a0d9-57bd-8d40-a241ae8748e3	4;20;34			f2187ba5bef6	mutation	2	84cd8501d39dfaa4	Qwen/Qwen3.6-35B-A3B	RefAMR	50	hybrid	2026-09-18T13:59:55Z		local	http://mango.cels.anl.gov:8004/v1	eae116266d6152f2
Salmonella	parE	S457G	antimicrobial resistance	reported	44	1		(2018) DOI:10.3389/fmicb.2018.00685		0c18c33a-42c2-5c3b-9bed-9a6887cc7334	44			f2187ba5bef6	mutation	2	84cd8501d39dfaa4	Qwen/Qwen3.6-35B-A3B	RefAMR	50	hybrid	2026-09-18T13:59:55Z		local	http://mango.cels.anl.gov:8004/v1	eae116266d6152f2
Salmonella	parE	S457T	antimicrobial resistance	reported	44	1		(2018) DOI:10.3389/fmicb.2018.00685		0c18c33a-42c2-5c3b-9bed-9a6887cc7334	44			f2187ba5bef6	mutation	2	84cd8501d39dfaa4	Qwen/Qwen3.6-35B-A3B	RefAMR	50	hybrid	2026-09-18T13:59:55Z		local	http://mango.cels.anl.gov:8004/v1	eae116266d6152f2
Salmonella	parE	E459D	antimicrobial resistance	reported	44	1		(2018) DOI:10.3389/fmicb.2018.00685		0c18c33a-42c2-5c3b-9bed-9a6887cc7334	44			f2187ba5bef6	mutation	2	84cd8501d39dfaa4	Qwen/Qwen3.6-35B-A3B	RefAMR	50	hybrid	2026-09-18T13:59:55Z		local	http://mango.cels.anl.gov:8004/v1	eae116266d6152f2
Salmonella	parE	E459K	antimicrobial resistance	reported	44	1		(2018) DOI:10.3389/fmicb.2018.00685		0c18c33a-42c2-5c3b-9bed-9a6887cc7334	44			f2187ba5bef6	mutation	2	84cd8501d39dfaa4	Qwen/Qwen3.6-35B-A3B	RefAMR	50	hybrid	2026-09-18T13:59:55Z		local	http://mango.cels.anl.gov:8004/v1	eae116266d6152f2
Pseudomonas aeruginosa	parS		Polymyxin resistance	reported	[13]	2	missing:Mutation	(2014) DOI:10.3389/fmicb.2014.00643		0ea61bcf-3c66-5779-a17a-6cf0069432ac;3319c912-5d03-5c40-981b-aa1b546ab386	13;42			d0d104074db7	mutation	2	84cd8501d39dfaa4	Qwen/Qwen3.6-35B-A3B	RefAMR	50	hybrid	2026-09-18T13:59:57Z		local	http://mango.cels.anl.gov:8004/v1	6601d7d403a86c89
Vibrio cholerae	parE		antimicrobial resistance	reported	1	4	missing:Mutation	(2019) DOI:10.2147/IDR.S182272; (2017); (2017); (2017)		efe083e0-acb2-5d6f-aa66-06954b5d442a;f0ba00c4-b17e-50fb-8b8c-c44392d0e1f6;a0310a69-3e8e-54e5-b88a-cd155aa93f34;1d23fd9f-a0d9-57bd-8d40-a241ae8748e3	1;3;8;16			3f8bd9252274	mutation	2	84cd8501d39dfaa4	Qwen/Qwen3.6-35B-A3B	RefAMR	50	hybrid	2026-09-18T13:59:57Z		local	http://mango.cels.anl.gov:8004/v1	197280cc64afd9c4
Pseudomonas aeruginosa	parR		Constitutive expression of arnBCADTEF operon; Polymyxin resistance; Colistin resistance; Adaptive resistance to polymyxins	reported	[9]	5	missing:Mutation;merged_variants:Phenotype	(2014) DOI:10.3389/fmicb.2014.00643; DOI:10.1038/s41598-017-05621-5		0ea61bcf-3c66-5779-a17a-6cf0069432ac;fa7b82b5-5335-54eb-9c34-1310b07950d5;508ea2ed-8bc9-5d04-ab0f-ae69c9d992b9;3319c912-5d03-5c40-981b-aa1b546ab386;ebd3a1d8-b865-58b4-a697-ae8416633fd5	5;9;12;19;39			257c34c0ed05	mutation	2	84cd8501d39dfaa4	Qwen/Qwen3.6-35B-A3B	RefAMR	50	hybrid	2026-09-18T13:59:57Z		local	http://mango.cels.anl.gov:8004/v1	d69a7d550d6eaede
Helicobacter pylori	pbp1a	T556S	antimicrobial resistance	measured	[1]	1		(2024) DOI:10.3390/idr16020014		cc6c2610-8255-5aa7-a135-0a262de8dd5d	1			2c17e8e236c4	mutation	2	84cd8501d39dfaa4	Qwen/Qwen3.6-35B-A3B	RefAMR	50	hybrid	2026-09-18T13:59:59Z		local	http://mango.cels.anl.gov:8004/v1	13ad66e6993cae9f
Streptococcus pneumoniae	pbp2b	V361A	penicillin resistance	reported	[3]	2		(2020) DOI:10.1186/s13073-020-00805-7		b91ecdbf-ca69-5955-b8a4-d41257d4a067;08fd7114-fd61-551d-8202-557fcf94a03d	3;25			689d991e3beb	mutation	2	84cd8501d39dfaa4	Qwen/Qwen3.6-35B-A3B	RefAMR	50	hybrid	2026-09-18T13:59:59Z		local	http://mango.cels.anl.gov:8004/v1	c197ac4daa63a245
Streptococcus pneumoniae	pbp1a	E161G	Antimicrobial resistance	reported	4	2		DOI:10.1038/s41598-017-05621-5		9c15281c-fb9c-5e48-b716-3ad38dce38fa;82d1ead9-4828-51c7-bcfb-15f94a2c3edf	4;5			688a2a640d19	mutation	2	84cd8501d39dfaa4	Qwen/Qwen3.6-35B-A3B	RefAMR	50	hybrid	2026-09-18T13:59:59Z		local	http://mango.cels.anl.gov:8004/v1	f855d651a87b9a38
Streptococcus pneumoniae	pbp1a	R407S	Antimicrobial resistance	reported	4	1		DOI:10.1038/s41598-017-05621-5		9c15281c-fb9c-5e48-b716-3ad38dce38fa	4			688a2a640d19	mutation	2	84cd8501d39dfaa4	Qwen/Qwen3.6-35B-A3B	RefAMR	50	hybrid	2026-09-18T13:59:59Z		local	http://mango.cels.anl.gov:8004/v1	f855d651a87b9a38
Staphylococcus aureus	pbp2	V516M	antimicrobial resistance	reported	4	1		(2026) DOI:10.1128/aac.00346-26		7c344deb-79d8-5018-acda-3990be2f2251	4			ffcdadfe35a3	mutation	2	84cd8501d39dfaa4	Qwen/Qwen3.6-35B-A3B	RefAMR	50	hybrid	2026-09-18T14:00:00Z		local	http://mango.cels.anl.gov:8004/v1	4e90f50e7edda3f8
Streptococcus agalactiae	pbp2x	V516M	Increased zidebactam MIC (4 to 128 µg/mL)	measured	[1]	1		(2026) DOI:10.1128/aac.00346-26		0652b484-0808-5b8d-b9e4-76ec03e4c905	1			42d4c8a37235	mutation	2	84cd8501d39dfaa4	Qwen/Qwen3.6-35B-A3B	RefAMR	50	hybrid	2026-09-18T14:00:00Z		local	http://mango.cels.anl.gov:8004/v1	26e4a055498884fe
Neisseria gonorrhoeae	pbp2	G542S	antimicrobial resistance	reported	[37]	1		(2016) DOI:10.3390/antibiotics5040035		7965f93b-c951-5a11-916c-55d2c9961e32	37			7e8e25e04d57	mutation	2	84cd8501d39dfaa4	Qwen/Qwen3.6-35B-A3B	RefAMR	50	hybrid	2026-09-18T14:00:02Z		local	http://mango.cels.anl.gov:8004/v1	f3892f30e1bdddc2
Neisseria gonorrhoeae	pbp2	P551S	antimicrobial resistance	reported	[37]	1		(2016) DOI:10.3390/antibiotics5040035		7965f93b-c951-5a11-916c-55d2c9961e32	37			7e8e25e04d57	mutation	2	84cd8501d39dfaa4	Qwen/Qwen3.6-35B-A3B	RefAMR	50	hybrid	2026-09-18T14:00:02Z		local	http://mango.cels.anl.gov:8004/v1	f3892f30e1bdddc2
Neisseria gonorrhoeae	pbp2	P551L	antimicrobial resistance	reported	[37]	1		(2016) DOI:10.3390/antibiotics5040035		7965f93b-c951-5a11-916c-55d2c9961e32	37			7e8e25e04d57	mutation	2	84cd8501d39dfaa4	Qwen/Qwen3.6-35B-A3B	RefAMR	50	hybrid	2026-09-18T14:00:02Z		local	http://mango.cels.anl.gov:8004/v1	f3892f30e1bdddc2
Neisseria gonorrhoeae	pbp2	A501P	antimicrobial resistance	reported	[35]	1		(2016) DOI:10.3390/antibiotics5040035		12cf3744-4988-52fb-950c-c320998851d5	35			7e8e25e04d57	mutation	2	84cd8501d39dfaa4	Qwen/Qwen3.6-35B-A3B	RefAMR	50	hybrid	2026-09-18T14:00:02Z		local	http://mango.cels.anl.gov:8004/v1	f3892f30e1bdddc2
Neisseria gonorrhoeae	pbp2	D346a	antimicrobial resistance	reported	[29]	1		(2016) DOI:10.3390/antibiotics5040035		eea3f19c-c2eb-5091-97ba-6d23091bc0e5	29			7e8e25e04d57	mutation	2	84cd8501d39dfaa4	Qwen/Qwen3.6-35B-A3B	RefAMR	50	hybrid	2026-09-18T14:00:02Z		local	http://mango.cels.anl.gov:8004/v1	f3892f30e1bdddc2
Streptococcus pneumoniae	pbp2x	M339F	antimicrobial resistance	reported	[8]	2		(2016) DOI:10.3390/antibiotics5040035		4f99b7af-1dc0-5bf9-8693-86ce22f6508f;5c5d7dcc-5931-58ce-afc3-deef007f8b29	8;15			f2435e165ab1	mutation	2	84cd8501d39dfaa4	Qwen/Qwen3.6-35B-A3B	RefAMR	50	hybrid	2026-09-18T14:00:02Z		local	http://mango.cels.anl.gov:8004/v1	0b8d16c3838e4c8a
Streptococcus pyogenes	pbp2x	F504L	Reduced acylation efficiency; drop in thermal stability	reported	[1]	1		(2016) DOI:10.3390/antibiotics5040035		30f30e7f-bce7-56bd-aa0f-a7704103f6a3	1			c0f7cfd3df00	mutation	2	84cd8501d39dfaa4	Qwen/Qwen3.6-35B-A3B	RefAMR	50	hybrid	2026-09-18T14:00:02Z		local	http://mango.cels.anl.gov:8004/v1	d9677937752fa988
Streptococcus pyogenes	pbp2x	P551S	Reduced acylation efficiency; drop in thermal stability	reported	[1]	1		(2016) DOI:10.3390/antibiotics5040035		30f30e7f-bce7-56bd-aa0f-a7704103f6a3	1			c0f7cfd3df00	mutation	2	84cd8501d39dfaa4	Qwen/Qwen3.6-35B-A3B	RefAMR	50	hybrid	2026-09-18T14:00:02Z		local	http://mango.cels.anl.gov:8004/v1	d9677937752fa988
Staphylococcus aureus	pbp4	PBP4 mutation	high level (clinical) β-lactam resistance	reported	[1]	1		(2008) DOI:10.1371/journal.ppat.1000353		308af0ee-92d6-5eed-922c-d19f1481037b	1			b525682760a8	mutation	2	84cd8501d39dfaa4	Qwen/Qwen3.6-35B-A3B	RefAMR	50	hybrid	2026-09-18T14:00:03Z		local	http://mango.cels.anl.gov:8004/v1	2d467d796bf15d2b
Pseudomonas aeruginosa	pbpA	V516M	antimicrobial resistance (zidebactam)	measured; reported	[1]	2	merged_variants:Assertion	(2026) DOI:10.1128/aac.00346-26; (2022)		7c344deb-79d8-5018-acda-3990be2f2251;3f0664c3-1500-567f-b48b-6de344d9f424	1;18			cbf1621e6ac9	mutation	2	84cd8501d39dfaa4	Qwen/Qwen3.6-35B-A3B	RefAMR	50	hybrid	2026-09-18T14:00:04Z		local	http://mango.cels.anl.gov:8004/v1	e182eedfc8494de4
Pseudomonas aeruginosa	pbpA	A481T	antimicrobial resistance	reported	[44]	1		DOI:10.1128/aac.01657-25		bec2feef-b2cc-5ccd-a7df-ba8172c4b255	44			cbf1621e6ac9	mutation	2	84cd8501d39dfaa4	Qwen/Qwen3.6-35B-A3B	RefAMR	50	hybrid	2026-09-18T14:00:04Z		local	http://mango.cels.anl.gov:8004/v1	e182eedfc8494de4
Enterococcus faecium	pbp5	D434A	ampicillin resistance; VRE evolution; antibiotic fitness	measured; reported	[9]	3	merged_variants:Phenotype;merged_variants:Assertion	DOI:10.1128/IAI.0010		c948f915-c263-52df-a678-a21392313d94;defe7377-1c7a-5673-aaec-b8279139f406;5fa8d44a-2163-5702-bdd6-efe471206b07	9;19;29			dbf948404f7d	mutation	2	84cd8501d39dfaa4	Qwen/Qwen3.6-35B-A3B	RefAMR	50	hybrid	2026-09-18T14:00:05Z		local	http://mango.cels.anl.gov:8004/v1	28aef1d32bf0c519
Enterococcus faecium	pbp5		beta-lactam resistance; sequence variation; penicillin resistance; clonal interference	reported	[1]	4	missing:Mutation;merged_variants:Phenotype	DOI:10.1128/IAI.0010		cd371aa4-ece4-5fc4-96df-59d1dd4968a7;07b76c0a-f71c-59d1-a02e-79c8595c942b;698fee7c-4671-51bb-86c0-628d3575a9b0;16e03264-87e1-5119-97d6-f25b4cbed1a4	1;4;6;27			dbf948404f7d	mutation	2	84cd8501d39dfaa4	Qwen/Qwen3.6-35B-A3B	RefAMR	50	hybrid	2026-09-18T14:00:05Z		local	http://mango.cels.anl.gov:8004/v1	28aef1d32bf0c519
Neisseria gonorrhoeae	penA	mosaic	antimicrobial resistance	reported	[1]	11		(2016) DOI:10.3390/antibiotics5040035; (2010) DOI:10.1186/1471-2334-10-323; (2023) DOI:10.1099/mgen.0.001189; [42]		09897ba3-706f-5048-a62d-b78e0c4b4594;2aa3c58a-61a6-57f2-9b48-b1094686d945;cbfc2ea5-bbb5-509e-a77e-92e591fe1c2e;fd0ffefb-7c8d-5223-8294-6a0e6d75654a;abd408cb-29df-5638-b753-2d1fa2bb65d2;3f1e6efe-dfab-5e40-ac9b-d8d264cb1710;ee74ac0e-5edb-58be-abba-ff9a974cd790;f1cca133-2a09-5f7b-91cb-bd4e4183a505;2924b432-670c-5157-87e1-d5eafcb5bc3d;8dcd41e0-dbc7-5ff9-89bf-0e629c39ad0d;cf9cef6c-145b-555a-a8a8-dfe8d9bf0243	1;2;3;4;12;14;21;35;40;42;44			fd3714019624	mutation	2	84cd8501d39dfaa4	Qwen/Qwen3.6-35B-A3B	RefAMR	50	hybrid	2026-09-18T14:00:07Z		local	http://mango.cels.anl.gov:8004/v1	be00dcc9822c6026
Neisseria gonorrhoeae	penA	mutation	antimicrobial resistance	reported	[5]	2		(2019) DOI:10.7554/eLife.51407; (2016) DOI:10.3390/antibiotics5040035		de8deb5b-edc9-53eb-9ffa-c371ff2a4f4d;81836e8f-7c39-5829-8ab5-4c791330f1c0	5;13			fd3714019624	mutation	2	84cd8501d39dfaa4	Qwen/Qwen3.6-35B-A3B	RefAMR	50	hybrid	2026-09-18T14:00:07Z		local	http://mango.cels.anl.gov:8004/v1	be00dcc9822c6026
Burkholderia cepacia	PenR	E151V	Carbapenem-sensitive	reported	[1]	5		(2023); (2023); (2023); (2023); (2023)		4a7220d6-cc1b-5ff8-b04c-d6933317ce59;6debdf2c-0b6f-58f2-a1f8-f970f48f4d73;3af9208b-7268-5420-866b-c2c429743f09;1168e8e2-0e14-539e-b205-96c402dc1a03;84837cb0-f4a0-5d6d-b52c-d69f0fe70ed7	1;2;3;15;27			b27d72206a40	mutation	2	84cd8501d39dfaa4	Qwen/Qwen3.6-35B-A3B	RefAMR	50	hybrid	2026-09-18T14:00:07Z		local	http://mango.cels.anl.gov:8004/v1	6871a381674fa72a
Burkholderia cepacia	PenR	V151E	Carbapenem-resistant	reported	[1]	3		(2023); (2023); (2023)		4a7220d6-cc1b-5ff8-b04c-d6933317ce59;e8bd9404-ebba-5861-957e-87e726cb2eb6;405e5dd8-9356-5d0a-9004-fae725b5249e	1;19;40			b27d72206a40	mutation	2	84cd8501d39dfaa4	Qwen/Qwen3.6-35B-A3B	RefAMR	50	hybrid	2026-09-18T14:00:07Z		local	http://mango.cels.anl.gov:8004/v1	6871a381674fa72a
Neisseria meningitidis	penA	mosaic	Reduced susceptibility to penicillin G	reported	1	3		(2015); (2015); (2015)		9f360b24-da98-5d72-a201-cbf61830ad82;d0c538c3-db65-5987-80ec-09c48dead698;fcd621a6-ed8b-5335-9aa4-c251b9335baa	1;4;16			53b5b61366c6	mutation	2	84cd8501d39dfaa4	Qwen/Qwen3.6-35B-A3B	RefAMR	50	hybrid	2026-09-18T14:00:07Z		local	http://mango.cels.anl.gov:8004/v1	85ab6025167d16d0
Neisseria meningitidis	penA	A434T	Reduced susceptibility to penicillin G	measured	3	1		(2015)		0ca3a76c-23cd-5e64-9081-31fd28fbe54f	3			53b5b61366c6	mutation	2	84cd8501d39dfaa4	Qwen/Qwen3.6-35B-A3B	RefAMR	50	hybrid	2026-09-18T14:00:07Z		local	http://mango.cels.anl.gov:8004/v1	85ab6025167d16d0
Neisseria meningitidis	penA	F504L	Reduced susceptibility to penicillin G	reported	31	1		(2015)		02bd0ff4-88bf-5721-8d62-eeb5063bb4d4	31			53b5b61366c6	mutation	2	84cd8501d39dfaa4	Qwen/Qwen3.6-35B-A3B	RefAMR	50	hybrid	2026-09-18T14:00:07Z		local	http://mango.cels.anl.gov:8004/v1	85ab6025167d16d0
Neisseria meningitidis	penA	A510V	Reduced susceptibility to penicillin G	reported	31	1		(2015)		02bd0ff4-88bf-5721-8d62-eeb5063bb4d4	31			53b5b61366c6	mutation	2	84cd8501d39dfaa4	Qwen/Qwen3.6-35B-A3B	RefAMR	50	hybrid	2026-09-18T14:00:07Z		local	http://mango.cels.anl.gov:8004/v1	85ab6025167d16d0
Neisseria meningitidis	penA	I515V	Reduced susceptibility to penicillin G	reported	31	1		(2015)		02bd0ff4-88bf-5721-8d62-eeb5063bb4d4	31			53b5b61366c6	mutation	2	84cd8501d39dfaa4	Qwen/Qwen3.6-35B-A3B	RefAMR	50	hybrid	2026-09-18T14:00:07Z		local	http://mango.cels.anl.gov:8004/v1	85ab6025167d16d0
Neisseria meningitidis	penA	G541N	Reduced susceptibility to penicillin G	reported	31	1		(2015)		02bd0ff4-88bf-5721-8d62-eeb5063bb4d4	31			53b5b61366c6	mutation	2	84cd8501d39dfaa4	Qwen/Qwen3.6-35B-A3B	RefAMR	50	hybrid	2026-09-18T14:00:07Z		local	http://mango.cels.anl.gov:8004/v1	85ab6025167d16d0
Neisseria meningitidis	penA	I566V	Reduced susceptibility to penicillin G	reported	31	1		(2015)		02bd0ff4-88bf-5721-8d62-eeb5063bb4d4	31			53b5b61366c6	mutation	2	84cd8501d39dfaa4	Qwen/Qwen3.6-35B-A3B	RefAMR	50	hybrid	2026-09-18T14:00:07Z		local	http://mango.cels.anl.gov:8004/v1	85ab6025167d16d0
Neisseria meningitidis	penA	H541N	Reduced susceptibility to penicillin G	reported	34	1		(2016) DOI:10.3390/antibiotics5040035		eea3f19c-c2eb-5091-97ba-6d23091bc0e5	34			53b5b61366c6	mutation	2	84cd8501d39dfaa4	Qwen/Qwen3.6-35B-A3B	RefAMR	50	hybrid	2026-09-18T14:00:07Z		local	http://mango.cels.anl.gov:8004/v1	85ab6025167d16d0
Neisseria meningitidis	penA	D346a	Reduced susceptibility to penicillin G	reported	34	1		(2016) DOI:10.3390/antibiotics5040035		eea3f19c-c2eb-5091-97ba-6d23091bc0e5	34			53b5b61366c6	mutation	2	84cd8501d39dfaa4	Qwen/Qwen3.6-35B-A3B	RefAMR	50	hybrid	2026-09-18T14:00:07Z		local	http://mango.cels.anl.gov:8004/v1	85ab6025167d16d0
Staphylococcus aureus	pgsA		Daptomycin resistance (putative association)	reported	[24]	1	missing:Mutation	(2021) DOI:10.3389/fmicb.2021.637656		c658c664-bcfb-5476-aa4b-91b48ae3685f	24			a0cd620fcd4e	mutation	2	84cd8501d39dfaa4	Qwen/Qwen3.6-35B-A3B	RefAMR	50	hybrid	2026-09-18T14:00:09Z		local	http://mango.cels.anl.gov:8004/v1	13e5e67adbf4a13e
Klebsiella pneumoniae	phoP	G385S	colistin resistance	reported	[40]	1		(2014) DOI:10.3389/fmicb.2014.00643		dfb36906-5621-56a8-b42f-0a7b2a37656e	40			cc0abdfdb2ce	mutation	2	84cd8501d39dfaa4	Qwen/Qwen3.6-35B-A3B	RefAMR	50	hybrid	2026-09-18T14:00:10Z		local	http://mango.cels.anl.gov:8004/v1	f85f2a99d7a23b93
Klebsiella pneumoniae	phoQ	L96P	colistin resistance	reported	[40]	2	off_target_gene	(2014) DOI:10.3389/fmicb.2014.00643		dfb36906-5621-56a8-b42f-0a7b2a37656e	40			cc0abdfdb2ce	mutation	2	84cd8501d39dfaa4	Qwen/Qwen3.6-35B-A3B	RefAMR	50	hybrid	2026-09-18T14:00:10Z		local	http://mango.cels.anl.gov:8004/v1	f85f2a99d7a23b93
Klebsiella pneumoniae	phoQ	L348Q	colistin resistance	reported	[40]	2	off_target_gene	(2014) DOI:10.3389/fmicb.2014.00643		dfb36906-5621-56a8-b42f-0a7b2a37656e	40			cc0abdfdb2ce	mutation	2	84cd8501d39dfaa4	Qwen/Qwen3.6-35B-A3B	RefAMR	50	hybrid	2026-09-18T14:00:10Z		local	http://mango.cels.anl.gov:8004/v1	f85f2a99d7a23b93
Klebsiella pneumoniae	phoQ	S174N	colistin resistance	reported	[40]	2	off_target_gene	(2014) DOI:10.3389/fmicb.2014.00643		dfb36906-5621-56a8-b42f-0a7b2a37656e	40			cc0abdfdb2ce	mutation	2	84cd8501d39dfaa4	Qwen/Qwen3.6-35B-A3B	RefAMR	50	hybrid	2026-09-18T14:00:10Z		local	http://mango.cels.anl.gov:8004/v1	f85f2a99d7a23b93
Klebsiella pneumoniae	phoQ	D150G	colistin resistance	reported	[26]	2	off_target_gene	(2021); (2021)		df798e26-82bc-5764-9a0b-d9ef136a8bad;d645caf8-65b9-5d04-8a60-f44914b57c4d	4;26			cc0abdfdb2ce	mutation	2	84cd8501d39dfaa4	Qwen/Qwen3.6-35B-A3B	RefAMR	50	hybrid	2026-09-18T14:00:10Z		local	http://mango.cels.anl.gov:8004/v1	f85f2a99d7a23b93
Klebsiella pneumoniae	phoQ	L26P	colistin resistance	reported	4	1		(2021)		d645caf8-65b9-5d04-8a60-f44914b57c4d	4			dbce02083f69	mutation	2	84cd8501d39dfaa4	Qwen/Qwen3.6-35B-A3B	RefAMR	50	hybrid	2026-09-18T14:00:12Z		local	http://mango.cels.anl.gov:8004/v1	2fa72f84e37f1521
Klebsiella pneumoniae	phoQ	D191Y	colistin resistance	reported	4	1		(2021)		d645caf8-65b9-5d04-8a60-f44914b57c4d	4			dbce02083f69	mutation	2	84cd8501d39dfaa4	Qwen/Qwen3.6-35B-A3B	RefAMR	50	hybrid	2026-09-18T14:00:12Z		local	http://mango.cels.anl.gov:8004/v1	2fa72f84e37f1521
Klebsiella pneumoniae	phoQ	W215G	colistin resistance	reported	21	1		(2018) DOI:10.3389/fmicb.2018.01463		eb16a6ce-21c1-53fe-9335-b790ee0b0869	21			dbce02083f69	mutation	2	84cd8501d39dfaa4	Qwen/Qwen3.6-35B-A3B	RefAMR	50	hybrid	2026-09-18T14:00:12Z		local	http://mango.cels.anl.gov:8004/v1	2fa72f84e37f1521
Klebsiella pneumoniae	phoQ	S56R	colistin resistance	reported	43	1		(2020) DOI:10.3390/antibiotics9050246		1e518101-d78e-521e-84d2-671edc87b7ee	43			dbce02083f69	mutation	2	84cd8501d39dfaa4	Qwen/Qwen3.6-35B-A3B	RefAMR	50	hybrid	2026-09-18T14:00:12Z		local	http://mango.cels.anl.gov:8004/v1	2fa72f84e37f1521
Klebsiella pneumoniae	phoQ	L87P	colistin resistance	reported	43	1		(2020) DOI:10.3390/antibiotics9050246		1e518101-d78e-521e-84d2-671edc87b7ee	43			dbce02083f69	mutation	2	84cd8501d39dfaa4	Qwen/Qwen3.6-35B-A3B	RefAMR	50	hybrid	2026-09-18T14:00:12Z		local	http://mango.cels.anl.gov:8004/v1	2fa72f84e37f1521
Klebsiella pneumoniae	phoQ	Q457E	colistin resistance	reported	43	1		(2020) DOI:10.3390/antibiotics9050246		1e518101-d78e-521e-84d2-671edc87b7ee	43			dbce02083f69	mutation	2	84cd8501d39dfaa4	Qwen/Qwen3.6-35B-A3B	RefAMR	50	hybrid	2026-09-18T14:00:12Z		local	http://mango.cels.anl.gov:8004/v1	2fa72f84e37f1521
Pseudomonas aeruginosa	phoQ	V260G	Polymyxin resistance	reported	[40]	2	off_target_gene	(2014) DOI:10.3389/fmicb.2014.00643		dfb36906-5621-56a8-b42f-0a7b2a37656e	40			7dcd13b49a7d	mutation	2	84cd8501d39dfaa4	Qwen/Qwen3.6-35B-A3B	RefAMR	50	hybrid	2026-09-18T14:00:12Z		local	http://mango.cels.anl.gov:8004/v1	66a90532f77ea822
Pseudomonas aeruginosa	phoQ	H223R	Polymyxin resistance	reported	[40]	2	off_target_gene	(2014) DOI:10.3389/fmicb.2014.00643		dfb36906-5621-56a8-b42f-0a7b2a37656e	40			7dcd13b49a7d	mutation	2	84cd8501d39dfaa4	Qwen/Qwen3.6-35B-A3B	RefAMR	50	hybrid	2026-09-18T14:00:12Z		local	http://mango.cels.anl.gov:8004/v1	66a90532f77ea822
Pseudomonas aeruginosa	phoQ	V152 trunc.	Polymyxin resistance	reported	[40]	2	off_target_gene	(2014) DOI:10.3389/fmicb.2014.00643		dfb36906-5621-56a8-b42f-0a7b2a37656e	40			7dcd13b49a7d	mutation	2	84cd8501d39dfaa4	Qwen/Qwen3.6-35B-A3B	RefAMR	50	hybrid	2026-09-18T14:00:12Z		local	http://mango.cels.anl.gov:8004/v1	66a90532f77ea822
Pseudomonas aeruginosa	phoQ	A143V	Polymyxin resistance	reported	[40]	2	off_target_gene	(2014) DOI:10.3389/fmicb.2014.00643		dfb36906-5621-56a8-b42f-0a7b2a37656e	40			7dcd13b49a7d	mutation	2	84cd8501d39dfaa4	Qwen/Qwen3.6-35B-A3B	RefAMR	50	hybrid	2026-09-18T14:00:12Z		local	http://mango.cels.anl.gov:8004/v1	66a90532f77ea822
Pseudomonas aeruginosa	phoQ	K123Q	Polymyxin resistance	reported	[40]	2	off_target_gene	(2014) DOI:10.3389/fmicb.2014.00643		dfb36906-5621-56a8-b42f-0a7b2a37656e	40			7dcd13b49a7d	mutation	2	84cd8501d39dfaa4	Qwen/Qwen3.6-35B-A3B	RefAMR	50	hybrid	2026-09-18T14:00:12Z		local	http://mango.cels.anl.gov:8004/v1	66a90532f77ea822
Pseudomonas aeruginosa	piuA	aa30Δ2	Antimicrobial resistance (Cefiderocol); cefiderocol resistance	measured	[32]	2	merged_variants:Phenotype;off_target_gene	(2024) DOI:10.1128/aac.01942-24		7a4a0a49-98e4-541e-8f63-06c928a05100	32			4c2967627054	mutation	2	84cd8501d39dfaa4	Qwen/Qwen3.6-35B-A3B	RefAMR	50	hybrid	2026-09-18T14:00:14Z		local	http://mango.cels.anl.gov:8004/v1	882dea8a02f351dc
Pseudomonas aeruginosa	piuA	aa665Δ2	Antimicrobial resistance (Cefiderocol); cefiderocol resistance	measured	[32]	2	merged_variants:Phenotype;off_target_gene	(2024) DOI:10.1128/aac.01942-24		7a4a0a49-98e4-541e-8f63-06c928a05100	32			4c2967627054	mutation	2	84cd8501d39dfaa4	Qwen/Qwen3.6-35B-A3B	RefAMR	50	hybrid	2026-09-18T14:00:14Z		local	http://mango.cels.anl.gov:8004/v1	882dea8a02f351dc
Pseudomonas aeruginosa	piuA	Q685X	Antimicrobial resistance (Cefiderocol); cefiderocol resistance	measured	[32]	3	merged_variants:Phenotype;off_target_gene	(2024) DOI:10.1128/aac.01942-24		7a4a0a49-98e4-541e-8f63-06c928a05100	32			4c2967627054	mutation	2	84cd8501d39dfaa4	Qwen/Qwen3.6-35B-A3B	RefAMR	50	hybrid	2026-09-18T14:00:14Z		local	http://mango.cels.anl.gov:8004/v1	882dea8a02f351dc
Pseudomonas aeruginosa	piuA	Q548X	Antimicrobial resistance (Cefiderocol); cefiderocol resistance	measured	[32]	2	merged_variants:Phenotype;off_target_gene	(2024) DOI:10.1128/aac.01942-24		7a4a0a49-98e4-541e-8f63-06c928a05100	32			4c2967627054	mutation	2	84cd8501d39dfaa4	Qwen/Qwen3.6-35B-A3B	RefAMR	50	hybrid	2026-09-18T14:00:14Z		local	http://mango.cels.anl.gov:8004/v1	882dea8a02f351dc
Pseudomonas aeruginosa	piuD	G354V	cefiderocol resistance	measured	[43]	1		(2024) DOI:10.1128/aac.01942-24		3a93d1ca-1f41-5126-b49f-53e3eb061ea5	43			c46b00cbb691	mutation	2	84cd8501d39dfaa4	Qwen/Qwen3.6-35B-A3B	RefAMR	50	hybrid	2026-09-18T14:00:15Z		local	http://mango.cels.anl.gov:8004/v1	11e78da3ce1745ab
Pseudomonas aeruginosa	piuD	Y720X	cefiderocol resistance	measured	[43]	1		(2024) DOI:10.1128/aac.01942-24		3a93d1ca-1f41-5126-b49f-53e3eb061ea5	43			c46b00cbb691	mutation	2	84cd8501d39dfaa4	Qwen/Qwen3.6-35B-A3B	RefAMR	50	hybrid	2026-09-18T14:00:15Z		local	http://mango.cels.anl.gov:8004/v1	11e78da3ce1745ab
Pseudomonas aeruginosa	piuD	Q604X	cefiderocol resistance	measured	[43]	1		(2024) DOI:10.1128/aac.01942-24		3a93d1ca-1f41-5126-b49f-53e3eb061ea5	43			c46b00cbb691	mutation	2	84cd8501d39dfaa4	Qwen/Qwen3.6-35B-A3B	RefAMR	50	hybrid	2026-09-18T14:00:15Z		local	http://mango.cels.anl.gov:8004/v1	11e78da3ce1745ab
Pseudomonas aeruginosa	piuD	nt1772Δ13	cefiderocol resistance	measured	[43]	1		(2024) DOI:10.1128/aac.01942-24		3a93d1ca-1f41-5126-b49f-53e3eb061ea5	43			c46b00cbb691	mutation	2	84cd8501d39dfaa4	Qwen/Qwen3.6-35B-A3B	RefAMR	50	hybrid	2026-09-18T14:00:15Z		local	http://mango.cels.anl.gov:8004/v1	11e78da3ce1745ab
Pseudomonas aeruginosa	phoQ	F237L	polymyxin resistance	reported	[36]	1	off_target_gene	(2014) DOI:10.3389/fmicb.2014.00643		dfb36906-5621-56a8-b42f-0a7b2a37656e	36			05a7e3e593ec	mutation	2	84cd8501d39dfaa4	Qwen/Qwen3.6-35B-A3B	RefAMR	50	hybrid	2026-09-18T14:00:16Z		local	http://mango.cels.anl.gov:8004/v1	946eae5fe2b86276
Pseudomonas aeruginosa	phoQ	R57H	polymyxin resistance	reported	[36]	1	off_target_gene	(2014) DOI:10.3389/fmicb.2014.00643		dfb36906-5621-56a8-b42f-0a7b2a37656e	36			05a7e3e593ec	mutation	2	84cd8501d39dfaa4	Qwen/Qwen3.6-35B-A3B	RefAMR	50	hybrid	2026-09-18T14:00:16Z		local	http://mango.cels.anl.gov:8004/v1	946eae5fe2b86276
Pseudomonas aeruginosa	phoQ	R79H	polymyxin resistance	reported	[36]	1	off_target_gene	(2014) DOI:10.3389/fmicb.2014.00643		dfb36906-5621-56a8-b42f-0a7b2a37656e	36			05a7e3e593ec	mutation	2	84cd8501d39dfaa4	Qwen/Qwen3.6-35B-A3B	RefAMR	50	hybrid	2026-09-18T14:00:16Z		local	http://mango.cels.anl.gov:8004/v1	946eae5fe2b86276
Pseudomonas aeruginosa	phoQ	R135Q	polymyxin resistance	reported	[36]	1	off_target_gene	(2014) DOI:10.3389/fmicb.2014.00643		dfb36906-5621-56a8-b42f-0a7b2a37656e	36			05a7e3e593ec	mutation	2	84cd8501d39dfaa4	Qwen/Qwen3.6-35B-A3B	RefAMR	50	hybrid	2026-09-18T14:00:16Z		local	http://mango.cels.anl.gov:8004/v1	946eae5fe2b86276
Pseudomonas aeruginosa	phoQ	G188D	polymyxin resistance	reported	[36]	1	off_target_gene	(2014) DOI:10.3389/fmicb.2014.00643		dfb36906-5621-56a8-b42f-0a7b2a37656e	36			05a7e3e593ec	mutation	2	84cd8501d39dfaa4	Qwen/Qwen3.6-35B-A3B	RefAMR	50	hybrid	2026-09-18T14:00:16Z		local	http://mango.cels.anl.gov:8004/v1	946eae5fe2b86276
Pseudomonas aeruginosa	phoQ	A248T	polymyxin resistance	reported	[36]	1	off_target_gene	(2014) DOI:10.3389/fmicb.2014.00643		dfb36906-5621-56a8-b42f-0a7b2a37656e	36			05a7e3e593ec	mutation	2	84cd8501d39dfaa4	Qwen/Qwen3.6-35B-A3B	RefAMR	50	hybrid	2026-09-18T14:00:16Z		local	http://mango.cels.anl.gov:8004/v1	946eae5fe2b86276
Pseudomonas aeruginosa	phoQ	S257N	polymyxin resistance	reported	[36]	1	off_target_gene	(2014) DOI:10.3389/fmicb.2014.00643		dfb36906-5621-56a8-b42f-0a7b2a37656e	36			05a7e3e593ec	mutation	2	84cd8501d39dfaa4	Qwen/Qwen3.6-35B-A3B	RefAMR	50	hybrid	2026-09-18T14:00:16Z		local	http://mango.cels.anl.gov:8004/v1	946eae5fe2b86276
Pseudomonas aeruginosa	phoQ	R259H	polymyxin resistance	reported	[36]	1	off_target_gene	(2014) DOI:10.3389/fmicb.2014.00643		dfb36906-5621-56a8-b42f-0a7b2a37656e	36			05a7e3e593ec	mutation	2	84cd8501d39dfaa4	Qwen/Qwen3.6-35B-A3B	RefAMR	50	hybrid	2026-09-18T14:00:16Z		local	http://mango.cels.anl.gov:8004/v1	946eae5fe2b86276
Pseudomonas aeruginosa	phoQ	M292I	polymyxin resistance	reported	[36]	1	off_target_gene	(2014) DOI:10.3389/fmicb.2014.00643		dfb36906-5621-56a8-b42f-0a7b2a37656e	36			05a7e3e593ec	mutation	2	84cd8501d39dfaa4	Qwen/Qwen3.6-35B-A3B	RefAMR	50	hybrid	2026-09-18T14:00:16Z		local	http://mango.cels.anl.gov:8004/v1	946eae5fe2b86276
Pseudomonas aeruginosa	phoQ	P456S	polymyxin resistance	reported	[36]	1	off_target_gene	(2014) DOI:10.3389/fmicb.2014.00643		dfb36906-5621-56a8-b42f-0a7b2a37656e	36			05a7e3e593ec	mutation	2	84cd8501d39dfaa4	Qwen/Qwen3.6-35B-A3B	RefAMR	50	hybrid	2026-09-18T14:00:16Z		local	http://mango.cels.anl.gov:8004/v1	946eae5fe2b86276
Pseudomonas aeruginosa	phoQ	V15I	polymyxin resistance	reported	[36]	1	off_target_gene	(2014) DOI:10.3389/fmicb.2014.00643		dfb36906-5621-56a8-b42f-0a7b2a37656e	36			05a7e3e593ec	mutation	2	84cd8501d39dfaa4	Qwen/Qwen3.6-35B-A3B	RefAMR	50	hybrid	2026-09-18T14:00:16Z		local	http://mango.cels.anl.gov:8004/v1	946eae5fe2b86276
Pseudomonas aeruginosa	phoQ	M48L	polymyxin resistance	reported	[36]	1	off_target_gene	(2014) DOI:10.3389/fmicb.2014.00643		dfb36906-5621-56a8-b42f-0a7b2a37656e	36			05a7e3e593ec	mutation	2	84cd8501d39dfaa4	Qwen/Qwen3.6-35B-A3B	RefAMR	50	hybrid	2026-09-18T14:00:16Z		local	http://mango.cels.anl.gov:8004/v1	946eae5fe2b86276
Pseudomonas aeruginosa	phoQ	A67T	polymyxin resistance	reported	[36]	1	off_target_gene	(2014) DOI:10.3389/fmicb.2014.00643		dfb36906-5621-56a8-b42f-0a7b2a37656e	36			05a7e3e593ec	mutation	2	84cd8501d39dfaa4	Qwen/Qwen3.6-35B-A3B	RefAMR	50	hybrid	2026-09-18T14:00:16Z		local	http://mango.cels.anl.gov:8004/v1	946eae5fe2b86276
Pseudomonas aeruginosa	phoQ	D70N	polymyxin resistance	reported	[36]	1	off_target_gene	(2014) DOI:10.3389/fmicb.2014.00643		dfb36906-5621-56a8-b42f-0a7b2a37656e	36			05a7e3e593ec	mutation	2	84cd8501d39dfaa4	Qwen/Qwen3.6-35B-A3B	RefAMR	50	hybrid	2026-09-18T14:00:16Z		local	http://mango.cels.anl.gov:8004/v1	946eae5fe2b86276
Pseudomonas aeruginosa	phoQ	L167P	polymyxin resistance	reported	[36]	1	off_target_gene	(2014) DOI:10.3389/fmicb.2014.00643		dfb36906-5621-56a8-b42f-0a7b2a37656e	36			05a7e3e593ec	mutation	2	84cd8501d39dfaa4	Qwen/Qwen3.6-35B-A3B	RefAMR	50	hybrid	2026-09-18T14:00:16Z		local	http://mango.cels.anl.gov:8004/v1	946eae5fe2b86276
Pseudomonas aeruginosa	phoQ	H340R	polymyxin resistance	reported	[36]	1	off_target_gene	(2014) DOI:10.3389/fmicb.2014.00643		dfb36906-5621-56a8-b42f-0a7b2a37656e	36			05a7e3e593ec	mutation	2	84cd8501d39dfaa4	Qwen/Qwen3.6-35B-A3B	RefAMR	50	hybrid	2026-09-18T14:00:16Z		local	http://mango.cels.anl.gov:8004/v1	946eae5fe2b86276
Pseudomonas aeruginosa	phoQ	T343A	polymyxin resistance	reported	[36]	1	off_target_gene	(2014) DOI:10.3389/fmicb.2014.00643		dfb36906-5621-56a8-b42f-0a7b2a37656e	36			05a7e3e593ec	mutation	2	84cd8501d39dfaa4	Qwen/Qwen3.6-35B-A3B	RefAMR	50	hybrid	2026-09-18T14:00:16Z		local	http://mango.cels.anl.gov:8004/v1	946eae5fe2b86276
Pseudomonas aeruginosa	phoQ	A247T	polymyxin resistance	reported	[36]	1	off_target_gene	(2014) DOI:10.3389/fmicb.2014.00643		dfb36906-5621-56a8-b42f-0a7b2a37656e	36			05a7e3e593ec	mutation	2	84cd8501d39dfaa4	Qwen/Qwen3.6-35B-A3B	RefAMR	50	hybrid	2026-09-18T14:00:16Z		local	http://mango.cels.anl.gov:8004/v1	946eae5fe2b86276
Pseudomonas aeruginosa	phoQ	M292T	polymyxin resistance	reported	[36]	1	off_target_gene	(2014) DOI:10.3389/fmicb.2014.00643		dfb36906-5621-56a8-b42f-0a7b2a37656e	36			05a7e3e593ec	mutation	2	84cd8501d39dfaa4	Qwen/Qwen3.6-35B-A3B	RefAMR	50	hybrid	2026-09-18T14:00:16Z		local	http://mango.cels.anl.gov:8004/v1	946eae5fe2b86276
Pseudomonas aeruginosa	phoQ	Y345H	polymyxin resistance	reported	[36]	1	off_target_gene	(2014) DOI:10.3389/fmicb.2014.00643		dfb36906-5621-56a8-b42f-0a7b2a37656e	36			05a7e3e593ec	mutation	2	84cd8501d39dfaa4	Qwen/Qwen3.6-35B-A3B	RefAMR	50	hybrid	2026-09-18T14:00:16Z		local	http://mango.cels.anl.gov:8004/v1	946eae5fe2b86276
Pseudomonas aeruginosa	phoQ	V281I	polymyxin resistance	reported	[36]	1	off_target_gene	(2014) DOI:10.3389/fmicb.2014.00643		dfb36906-5621-56a8-b42f-0a7b2a37656e	36			05a7e3e593ec	mutation	2	84cd8501d39dfaa4	Qwen/Qwen3.6-35B-A3B	RefAMR	50	hybrid	2026-09-18T14:00:16Z		local	http://mango.cels.anl.gov:8004/v1	946eae5fe2b86276
Pseudomonas aeruginosa	pmrA	L157Q	colistin resistance	reported	[16]	2		(2014) DOI:10.3389/fmicb.2014.00643		508ea2ed-8bc9-5d04-ab0f-ae69c9d992b9;826adc92-de02-5402-80c2-c68d5336c2f7	16;40			434869fc0f57	mutation	2	84cd8501d39dfaa4	Qwen/Qwen3.6-35B-A3B	RefAMR	50	hybrid	2026-09-18T14:00:17Z		local	http://mango.cels.anl.gov:8004/v1	c7082978f7c3bf85
Klebsiella pneumoniae	pmrA	A217V	antimicrobial resistance	reported	24	1		(2018) DOI:10.3389/fmicb.2018.01463		f3d62e77-df95-5d41-9fb5-9c2a6be5ff24	24			4f6dba7f94a3	mutation	2	84cd8501d39dfaa4	Qwen/Qwen3.6-35B-A3B	RefAMR	50	hybrid	2026-09-18T14:00:17Z		local	http://mango.cels.anl.gov:8004/v1	ac01c0eb7ca9cefd
Klebsiella pneumoniae	pmrA	G53C	antimicrobial resistance	reported	33	1		(2014) DOI:10.3389/fmicb.2014.00643		81434dc8-2cc6-5089-83ef-90b06b7ef245	33			4f6dba7f94a3	mutation	2	84cd8501d39dfaa4	Qwen/Qwen3.6-35B-A3B	RefAMR	50	hybrid	2026-09-18T14:00:17Z		local	http://mango.cels.anl.gov:8004/v1	ac01c0eb7ca9cefd
Klebsiella pneumoniae	pmrB	D313N	antimicrobial resistance; colistin resistance	measured	40	5	off_target_gene;merged_variants:Phenotype;merged_variants:Assertion	(2021); (2021); (2021); (2021)		d791d4eb-bfcf-5426-81b8-d0cf60143232;e9149ec5-58b9-542e-a715-990b18120829;f1127457-30a8-5078-b460-a7e9d34f65f2	16;35;40;46			4f6dba7f94a3	mutation	2	84cd8501d39dfaa4	Qwen/Qwen3.6-35B-A3B	RefAMR	50	hybrid	2026-09-18T14:00:17Z		local	http://mango.cels.anl.gov:8004/v1	ac01c0eb7ca9cefd
Klebsiella pneumoniae	pmrB	L82R	antimicrobial resistance	reported	33	1	off_target_gene	(2014) DOI:10.3389/fmicb.2014.00643		81434dc8-2cc6-5089-83ef-90b06b7ef245	33			4f6dba7f94a3	mutation	2	84cd8501d39dfaa4	Qwen/Qwen3.6-35B-A3B	RefAMR	50	hybrid	2026-09-18T14:00:17Z		local	http://mango.cels.anl.gov:8004/v1	ac01c0eb7ca9cefd
Klebsiella pneumoniae	pmrB	S85R	antimicrobial resistance	reported	33	1	off_target_gene	(2014) DOI:10.3389/fmicb.2014.00643		81434dc8-2cc6-5089-83ef-90b06b7ef245	33			4f6dba7f94a3	mutation	2	84cd8501d39dfaa4	Qwen/Qwen3.6-35B-A3B	RefAMR	50	hybrid	2026-09-18T14:00:17Z		local	http://mango.cels.anl.gov:8004/v1	ac01c0eb7ca9cefd
Klebsiella pneumoniae	pmrB	T157P	antimicrobial resistance	reported	33	1	off_target_gene	(2014) DOI:10.3389/fmicb.2014.00643		81434dc8-2cc6-5089-83ef-90b06b7ef245	33			4f6dba7f94a3	mutation	2	84cd8501d39dfaa4	Qwen/Qwen3.6-35B-A3B	RefAMR	50	hybrid	2026-09-18T14:00:17Z		local	http://mango.cels.anl.gov:8004/v1	ac01c0eb7ca9cefd
Salmonella	pmrA	R81H	polymyxin resistance	reported	[20]	3		(2014) DOI:10.3389/fmicb.2014.00643		bbc95dde-e65d-50b2-a49d-ec2ef05acd05;a10b25ef-a39f-5205-a941-4e9daa72a5e9;81434dc8-2cc6-5089-83ef-90b06b7ef245	20;35;44			d23a35bd0d0d	mutation	2	84cd8501d39dfaa4	Qwen/Qwen3.6-35B-A3B	RefAMR	50	hybrid	2026-09-18T14:00:21Z		local	http://mango.cels.anl.gov:8004/v1	d12bb9d3ea802345
Salmonella	pmrA	R81C	polymyxin resistance	reported	[20]	3		(2014) DOI:10.3389/fmicb.2014.00643		bbc95dde-e65d-50b2-a49d-ec2ef05acd05;a10b25ef-a39f-5205-a941-4e9daa72a5e9;81434dc8-2cc6-5089-83ef-90b06b7ef245	20;35;44			d23a35bd0d0d	mutation	2	84cd8501d39dfaa4	Qwen/Qwen3.6-35B-A3B	RefAMR	50	hybrid	2026-09-18T14:00:21Z		local	http://mango.cels.anl.gov:8004/v1	d12bb9d3ea802345
Salmonella	pmrA	G15R	polymyxin resistance	reported	[20]	3		(2014) DOI:10.3389/fmicb.2014.00643		bbc95dde-e65d-50b2-a49d-ec2ef05acd05;a10b25ef-a39f-5205-a941-4e9daa72a5e9;81434dc8-2cc6-5089-83ef-90b06b7ef245	20;35;44			d23a35bd0d0d	mutation	2	84cd8501d39dfaa4	Qwen/Qwen3.6-35B-A3B	RefAMR	50	hybrid	2026-09-18T14:00:21Z		local	http://mango.cels.anl.gov:8004/v1	d12bb9d3ea802345
Salmonella	pmrA	G53E	polymyxin resistance	reported	[20]	3		(2014) DOI:10.3389/fmicb.2014.00643		bbc95dde-e65d-50b2-a49d-ec2ef05acd05;a10b25ef-a39f-5205-a941-4e9daa72a5e9;81434dc8-2cc6-5089-83ef-90b06b7ef245	20;35;44			d23a35bd0d0d	mutation	2	84cd8501d39dfaa4	Qwen/Qwen3.6-35B-A3B	RefAMR	50	hybrid	2026-09-18T14:00:21Z		local	http://mango.cels.anl.gov:8004/v1	d12bb9d3ea802345
Salmonella	pmrA	G53R	polymyxin resistance	reported	[20]	3		(2014) DOI:10.3389/fmicb.2014.00643		bbc95dde-e65d-50b2-a49d-ec2ef05acd05;a10b25ef-a39f-5205-a941-4e9daa72a5e9;81434dc8-2cc6-5089-83ef-90b06b7ef245	20;35;44			d23a35bd0d0d	mutation	2	84cd8501d39dfaa4	Qwen/Qwen3.6-35B-A3B	RefAMR	50	hybrid	2026-09-18T14:00:21Z		local	http://mango.cels.anl.gov:8004/v1	d12bb9d3ea802345
Acinetobacter baumannii	pmrA	M12I	Polymyxin resistance; colistin resistance	reported	[26]	2	merged_variants:Phenotype;off_target_gene	(2014) DOI:10.3389/fmicb.2014.00643		fa78104f-1c5c-5285-bacd-4c9aee267796	26			4e152b2d0107	mutation	2	84cd8501d39dfaa4	Qwen/Qwen3.6-35B-A3B	RefAMR	50	hybrid	2026-09-18T14:00:25Z		local	http://mango.cels.anl.gov:8004/v1	e83841ebc7fae19a
Acinetobacter baumannii	pmrA	S119T	Polymyxin resistance; colistin resistance	reported	[26]	2	merged_variants:Phenotype;off_target_gene	(2014) DOI:10.3389/fmicb.2014.00643		fa78104f-1c5c-5285-bacd-4c9aee267796	26			4e152b2d0107	mutation	2	84cd8501d39dfaa4	Qwen/Qwen3.6-35B-A3B	RefAMR	50	hybrid	2026-09-18T14:00:25Z		local	http://mango.cels.anl.gov:8004/v1	e83841ebc7fae19a
Acinetobacter baumannii	pmrA	E8D	Polymyxin resistance; colistin resistance	reported	[26]	2	merged_variants:Phenotype;off_target_gene	(2014) DOI:10.3389/fmicb.2014.00643		fa78104f-1c5c-5285-bacd-4c9aee267796	26			4e152b2d0107	mutation	2	84cd8501d39dfaa4	Qwen/Qwen3.6-35B-A3B	RefAMR	50	hybrid	2026-09-18T14:00:25Z		local	http://mango.cels.anl.gov:8004/v1	e83841ebc7fae19a
Acinetobacter baumannii	pmrA	P102H	Polymyxin resistance; colistin resistance	reported	[26]	2	merged_variants:Phenotype;off_target_gene	(2014) DOI:10.3389/fmicb.2014.00643		fa78104f-1c5c-5285-bacd-4c9aee267796	26			4e152b2d0107	mutation	2	84cd8501d39dfaa4	Qwen/Qwen3.6-35B-A3B	RefAMR	50	hybrid	2026-09-18T14:00:25Z		local	http://mango.cels.anl.gov:8004/v1	e83841ebc7fae19a
Acinetobacter baumannii	pmrB	T13N	Polymyxin resistance; colistin resistance	reported	[26]	3	off_target_gene;merged_variants:Phenotype	(2014) DOI:10.3389/fmicb.2014.00643		fa78104f-1c5c-5285-bacd-4c9aee267796	26			4e152b2d0107	mutation	2	84cd8501d39dfaa4	Qwen/Qwen3.6-35B-A3B	RefAMR	50	hybrid	2026-09-18T14:00:25Z		local	http://mango.cels.anl.gov:8004/v1	e83841ebc7fae19a
Acinetobacter baumannii	pmrB	A227V	Polymyxin resistance; colistin resistance	reported	[26]	5	off_target_gene;merged_variants:Phenotype	(2014) DOI:10.3389/fmicb.2014.00643		fa78104f-1c5c-5285-bacd-4c9aee267796	26			4e152b2d0107	mutation	2	84cd8501d39dfaa4	Qwen/Qwen3.6-35B-A3B	RefAMR	50	hybrid	2026-09-18T14:00:25Z		local	http://mango.cels.anl.gov:8004/v1	e83841ebc7fae19a
Acinetobacter baumannii	pmrB	P233S	Polymyxin resistance; colistin resistance	reported	[26]	6	off_target_gene;merged_variants:Phenotype	(2014) DOI:10.3389/fmicb.2014.00643		fa78104f-1c5c-5285-bacd-4c9aee267796	26			4e152b2d0107	mutation	2	84cd8501d39dfaa4	Qwen/Qwen3.6-35B-A3B	RefAMR	50	hybrid	2026-09-18T14:00:25Z		local	http://mango.cels.anl.gov:8004/v1	e83841ebc7fae19a
Acinetobacter baumannii	pmrB	P233T	Polymyxin resistance; colistin resistance	reported	[26]	3	off_target_gene;merged_variants:Phenotype	(2014) DOI:10.3389/fmicb.2014.00643		fa78104f-1c5c-5285-bacd-4c9aee267796	26			4e152b2d0107	mutation	2	84cd8501d39dfaa4	Qwen/Qwen3.6-35B-A3B	RefAMR	50	hybrid	2026-09-18T14:00:25Z		local	http://mango.cels.anl.gov:8004/v1	e83841ebc7fae19a
Acinetobacter baumannii	pmrB	A262P	Polymyxin resistance; colistin resistance	reported	[26]	3	off_target_gene;merged_variants:Phenotype	(2014) DOI:10.3389/fmicb.2014.00643		fa78104f-1c5c-5285-bacd-4c9aee267796	26			4e152b2d0107	mutation	2	84cd8501d39dfaa4	Qwen/Qwen3.6-35B-A3B	RefAMR	50	hybrid	2026-09-18T14:00:25Z		local	http://mango.cels.anl.gov:8004/v1	e83841ebc7fae19a
Acinetobacter baumannii	pmrB	I121F	Polymyxin resistance; colistin resistance	reported	[26]	3	off_target_gene;merged_variants:Phenotype	(2014) DOI:10.3389/fmicb.2014.00643		fa78104f-1c5c-5285-bacd-4c9aee267796	26			4e152b2d0107	mutation	2	84cd8501d39dfaa4	Qwen/Qwen3.6-35B-A3B	RefAMR	50	hybrid	2026-09-18T14:00:25Z		local	http://mango.cels.anl.gov:8004/v1	e83841ebc7fae19a
Acinetobacter baumannii	pmrB	A183T	Polymyxin resistance; colistin resistance	reported	[26]	3	off_target_gene;merged_variants:Phenotype	(2014) DOI:10.3389/fmicb.2014.00643		fa78104f-1c5c-5285-bacd-4c9aee267796	26			4e152b2d0107	mutation	2	84cd8501d39dfaa4	Qwen/Qwen3.6-35B-A3B	RefAMR	50	hybrid	2026-09-18T14:00:25Z		local	http://mango.cels.anl.gov:8004/v1	e83841ebc7fae19a
Acinetobacter baumannii	pmrB	A184V	Polymyxin resistance; colistin resistance	reported	[26]	3	off_target_gene;merged_variants:Phenotype	(2014) DOI:10.3389/fmicb.2014.00643		fa78104f-1c5c-5285-bacd-4c9aee267796	26			4e152b2d0107	mutation	2	84cd8501d39dfaa4	Qwen/Qwen3.6-35B-A3B	RefAMR	50	hybrid	2026-09-18T14:00:25Z		local	http://mango.cels.anl.gov:8004/v1	e83841ebc7fae19a
Acinetobacter baumannii	pmrB	P190S	Polymyxin resistance; colistin resistance	reported	[26]	3	off_target_gene;merged_variants:Phenotype	(2014) DOI:10.3389/fmicb.2014.00643		fa78104f-1c5c-5285-bacd-4c9aee267796	26			4e152b2d0107	mutation	2	84cd8501d39dfaa4	Qwen/Qwen3.6-35B-A3B	RefAMR	50	hybrid	2026-09-18T14:00:25Z		local	http://mango.cels.anl.gov:8004/v1	e83841ebc7fae19a
Acinetobacter baumannii	pmrB	T192I	Polymyxin resistance; colistin resistance	reported	[26]	3	off_target_gene;merged_variants:Phenotype	(2014) DOI:10.3389/fmicb.2014.00643		fa78104f-1c5c-5285-bacd-4c9aee267796	26			4e152b2d0107	mutation	2	84cd8501d39dfaa4	Qwen/Qwen3.6-35B-A3B	RefAMR	50	hybrid	2026-09-18T14:00:25Z		local	http://mango.cels.anl.gov:8004/v1	e83841ebc7fae19a
Acinetobacter baumannii	pmrB	Q228P	Polymyxin resistance; colistin resistance	reported	[26]	3	off_target_gene;merged_variants:Phenotype	(2014) DOI:10.3389/fmicb.2014.00643		fa78104f-1c5c-5285-bacd-4c9aee267796	26			4e152b2d0107	mutation	2	84cd8501d39dfaa4	Qwen/Qwen3.6-35B-A3B	RefAMR	50	hybrid	2026-09-18T14:00:25Z		local	http://mango.cels.anl.gov:8004/v1	e83841ebc7fae19a
Acinetobacter baumannii	pmrB	S14L	Polymyxin resistance; colistin resistance	reported	[26]	3	off_target_gene;merged_variants:Phenotype	(2014) DOI:10.3389/fmicb.2014.00643		fa78104f-1c5c-5285-bacd-4c9aee267796	26			4e152b2d0107	mutation	2	84cd8501d39dfaa4	Qwen/Qwen3.6-35B-A3B	RefAMR	50	hybrid	2026-09-18T14:00:25Z		local	http://mango.cels.anl.gov:8004/v1	e83841ebc7fae19a
Acinetobacter baumannii	pmrB	L87F	Polymyxin resistance; colistin resistance	reported	[26]	3	off_target_gene;merged_variants:Phenotype	(2014) DOI:10.3389/fmicb.2014.00643		fa78104f-1c5c-5285-bacd-4c9aee267796	26			4e152b2d0107	mutation	2	84cd8501d39dfaa4	Qwen/Qwen3.6-35B-A3B	RefAMR	50	hybrid	2026-09-18T14:00:25Z		local	http://mango.cels.anl.gov:8004/v1	e83841ebc7fae19a
Acinetobacter baumannii	pmrB	M145K	Polymyxin resistance; colistin resistance	reported	[26]	3	off_target_gene;merged_variants:Phenotype	(2014) DOI:10.3389/fmicb.2014.00643		fa78104f-1c5c-5285-bacd-4c9aee267796	26			4e152b2d0107	mutation	2	84cd8501d39dfaa4	Qwen/Qwen3.6-35B-A3B	RefAMR	50	hybrid	2026-09-18T14:00:25Z		local	http://mango.cels.anl.gov:8004/v1	e83841ebc7fae19a
Acinetobacter baumannii	pmrB	N353Y	Polymyxin resistance; colistin resistance	reported	[26]	3	off_target_gene;merged_variants:Phenotype	(2014) DOI:10.3389/fmicb.2014.00643		fa78104f-1c5c-5285-bacd-4c9aee267796	26			4e152b2d0107	mutation	2	84cd8501d39dfaa4	Qwen/Qwen3.6-35B-A3B	RefAMR	50	hybrid	2026-09-18T14:00:25Z		local	http://mango.cels.anl.gov:8004/v1	e83841ebc7fae19a
Acinetobacter baumannii	pmrB	F387Y	Polymyxin resistance; colistin resistance	reported	[26]	3	off_target_gene;merged_variants:Phenotype	(2014) DOI:10.3389/fmicb.2014.00643		fa78104f-1c5c-5285-bacd-4c9aee267796	26			4e152b2d0107	mutation	2	84cd8501d39dfaa4	Qwen/Qwen3.6-35B-A3B	RefAMR	50	hybrid	2026-09-18T14:00:25Z		local	http://mango.cels.anl.gov:8004/v1	e83841ebc7fae19a
Acinetobacter baumannii	pmrB	S403F	Polymyxin resistance; colistin resistance	reported	[26]	3	off_target_gene;merged_variants:Phenotype	(2014) DOI:10.3389/fmicb.2014.00643		fa78104f-1c5c-5285-bacd-4c9aee267796	26			4e152b2d0107	mutation	2	84cd8501d39dfaa4	Qwen/Qwen3.6-35B-A3B	RefAMR	50	hybrid	2026-09-18T14:00:25Z		local	http://mango.cels.anl.gov:8004/v1	e83841ebc7fae19a
Acinetobacter baumannii	pmrB	P170L	Polymyxin resistance; colistin resistance	reported	[26]	6	off_target_gene;merged_variants:Phenotype	(2014) DOI:10.3389/fmicb.2014.00643		fa78104f-1c5c-5285-bacd-4c9aee267796	26			4e152b2d0107	mutation	2	84cd8501d39dfaa4	Qwen/Qwen3.6-35B-A3B	RefAMR	50	hybrid	2026-09-18T14:00:25Z		local	http://mango.cels.anl.gov:8004/v1	e83841ebc7fae19a
Acinetobacter baumannii	pmrB	P170Q	Polymyxin resistance; colistin resistance	reported	[26]	3	off_target_gene;merged_variants:Phenotype	(2014) DOI:10.3389/fmicb.2014.00643		fa78104f-1c5c-5285-bacd-4c9aee267796	26			4e152b2d0107	mutation	2	84cd8501d39dfaa4	Qwen/Qwen3.6-35B-A3B	RefAMR	50	hybrid	2026-09-18T14:00:25Z		local	http://mango.cels.anl.gov:8004/v1	e83841ebc7fae19a
Acinetobacter baumannii	pmrB	L208F	Polymyxin resistance; colistin resistance	reported	[26]	3	off_target_gene;merged_variants:Phenotype	(2014) DOI:10.3389/fmicb.2014.00643		fa78104f-1c5c-5285-bacd-4c9aee267796	26			4e152b2d0107	mutation	2	84cd8501d39dfaa4	Qwen/Qwen3.6-35B-A3B	RefAMR	50	hybrid	2026-09-18T14:00:25Z		local	http://mango.cels.anl.gov:8004/v1	e83841ebc7fae19a
Acinetobacter baumannii	pmrB	A226V	Polymyxin resistance; colistin resistance	reported	[26]	3	off_target_gene;merged_variants:Phenotype	(2014) DOI:10.3389/fmicb.2014.00643		fa78104f-1c5c-5285-bacd-4c9aee267796	26			4e152b2d0107	mutation	2	84cd8501d39dfaa4	Qwen/Qwen3.6-35B-A3B	RefAMR	50	hybrid	2026-09-18T14:00:25Z		local	http://mango.cels.anl.gov:8004/v1	e83841ebc7fae19a
Acinetobacter baumannii	pmrB	R231L	Polymyxin resistance; colistin resistance	reported	[26]	3	off_target_gene;merged_variants:Phenotype	(2014) DOI:10.3389/fmicb.2014.00643		fa78104f-1c5c-5285-bacd-4c9aee267796	26			4e152b2d0107	mutation	2	84cd8501d39dfaa4	Qwen/Qwen3.6-35B-A3B	RefAMR	50	hybrid	2026-09-18T14:00:25Z		local	http://mango.cels.anl.gov:8004/v1	e83841ebc7fae19a
Acinetobacter baumannii	pmrB	T235I	Polymyxin resistance; colistin resistance	reported	[26]	3	off_target_gene;merged_variants:Phenotype	(2014) DOI:10.3389/fmicb.2014.00643		fa78104f-1c5c-5285-bacd-4c9aee267796	26			4e152b2d0107	mutation	2	84cd8501d39dfaa4	Qwen/Qwen3.6-35B-A3B	RefAMR	50	hybrid	2026-09-18T14:00:25Z		local	http://mango.cels.anl.gov:8004/v1	e83841ebc7fae19a
Acinetobacter baumannii	pmrB	N256I	Polymyxin resistance; colistin resistance	reported	[26]	3	off_target_gene;merged_variants:Phenotype	(2014) DOI:10.3389/fmicb.2014.00643		fa78104f-1c5c-5285-bacd-4c9aee267796	26			4e152b2d0107	mutation	2	84cd8501d39dfaa4	Qwen/Qwen3.6-35B-A3B	RefAMR	50	hybrid	2026-09-18T14:00:25Z		local	http://mango.cels.anl.gov:8004/v1	e83841ebc7fae19a
Acinetobacter baumannii	pmrB	R263P	Polymyxin resistance; colistin resistance	reported	[26]	3	off_target_gene;merged_variants:Phenotype	(2014) DOI:10.3389/fmicb.2014.00643		fa78104f-1c5c-5285-bacd-4c9aee267796	26			4e152b2d0107	mutation	2	84cd8501d39dfaa4	Qwen/Qwen3.6-35B-A3B	RefAMR	50	hybrid	2026-09-18T14:00:25Z		local	http://mango.cels.anl.gov:8004/v1	e83841ebc7fae19a
Acinetobacter baumannii	pmrB	R263C	Polymyxin resistance; colistin resistance	reported	[26]	3	off_target_gene;merged_variants:Phenotype	(2014) DOI:10.3389/fmicb.2014.00643		fa78104f-1c5c-5285-bacd-4c9aee267796	26			4e152b2d0107	mutation	2	84cd8501d39dfaa4	Qwen/Qwen3.6-35B-A3B	RefAMR	50	hybrid	2026-09-18T14:00:25Z		local	http://mango.cels.anl.gov:8004/v1	e83841ebc7fae19a
Acinetobacter baumannii	pmrB	Q277H	Polymyxin resistance; colistin resistance	reported	[26]	3	off_target_gene;merged_variants:Phenotype	(2014) DOI:10.3389/fmicb.2014.00643		fa78104f-1c5c-5285-bacd-4c9aee267796	26			4e152b2d0107	mutation	2	84cd8501d39dfaa4	Qwen/Qwen3.6-35B-A3B	RefAMR	50	hybrid	2026-09-18T14:00:25Z		local	http://mango.cels.anl.gov:8004/v1	e83841ebc7fae19a
Acinetobacter baumannii	pmrB	G315D	Polymyxin resistance; colistin resistance	reported	[26]	3	off_target_gene;merged_variants:Phenotype	(2014) DOI:10.3389/fmicb.2014.00643		fa78104f-1c5c-5285-bacd-4c9aee267796	26			4e152b2d0107	mutation	2	84cd8501d39dfaa4	Qwen/Qwen3.6-35B-A3B	RefAMR	50	hybrid	2026-09-18T14:00:25Z		local	http://mango.cels.anl.gov:8004/v1	e83841ebc7fae19a
Acinetobacter baumannii	pmrB	P377L	Polymyxin resistance; colistin resistance	reported	[26]	3	off_target_gene;merged_variants:Phenotype	(2014) DOI:10.3389/fmicb.2014.00643		fa78104f-1c5c-5285-bacd-4c9aee267796	26			4e152b2d0107	mutation	2	84cd8501d39dfaa4	Qwen/Qwen3.6-35B-A3B	RefAMR	50	hybrid	2026-09-18T14:00:25Z		local	http://mango.cels.anl.gov:8004/v1	e83841ebc7fae19a
Acinetobacter baumannii	pmrB	S17R	Polymyxin resistance; colistin resistance	reported	[26]	3	off_target_gene;merged_variants:Phenotype	(2014) DOI:10.3389/fmicb.2014.00643		fa78104f-1c5c-5285-bacd-4c9aee267796	26			4e152b2d0107	mutation	2	84cd8501d39dfaa4	Qwen/Qwen3.6-35B-A3B	RefAMR	50	hybrid	2026-09-18T14:00:25Z		local	http://mango.cels.anl.gov:8004/v1	e83841ebc7fae19a
Acinetobacter baumannii	pmrB	Y116H	Polymyxin resistance; colistin resistance	reported	[26]	3	off_target_gene;merged_variants:Phenotype	(2014) DOI:10.3389/fmicb.2014.00643		fa78104f-1c5c-5285-bacd-4c9aee267796	26			4e152b2d0107	mutation	2	84cd8501d39dfaa4	Qwen/Qwen3.6-35B-A3B	RefAMR	50	hybrid	2026-09-18T14:00:25Z		local	http://mango.cels.anl.gov:8004/v1	e83841ebc7fae19a
Acinetobacter baumannii	pmrB	T232I	Polymyxin resistance; colistin resistance	reported	[26]	3	off_target_gene;merged_variants:Phenotype	(2014) DOI:10.3389/fmicb.2014.00643		fa78104f-1c5c-5285-bacd-4c9aee267796	26			4e152b2d0107	mutation	2	84cd8501d39dfaa4	Qwen/Qwen3.6-35B-A3B	RefAMR	50	hybrid	2026-09-18T14:00:25Z		local	http://mango.cels.anl.gov:8004/v1	e83841ebc7fae19a
Acinetobacter baumannii	pmrB	R263L	Polymyxin resistance; colistin resistance	reported	[26]	3	off_target_gene;merged_variants:Phenotype	(2014) DOI:10.3389/fmicb.2014.00643		fa78104f-1c5c-5285-bacd-4c9aee267796	26			4e152b2d0107	mutation	2	84cd8501d39dfaa4	Qwen/Qwen3.6-35B-A3B	RefAMR	50	hybrid	2026-09-18T14:00:25Z		local	http://mango.cels.anl.gov:8004/v1	e83841ebc7fae19a
Acinetobacter baumannii	pmrB	FrF26	Polymyxin resistance; colistin resistance	reported	[26]	2	off_target_gene;merged_variants:Phenotype	(2014) DOI:10.3389/fmicb.2014.00643		fa78104f-1c5c-5285-bacd-4c9aee267796	26			4e152b2d0107	mutation	2	84cd8501d39dfaa4	Qwen/Qwen3.6-35B-A3B	RefAMR	50	hybrid	2026-09-18T14:00:25Z		local	http://mango.cels.anl.gov:8004/v1	e83841ebc7fae19a
Acinetobacter baumannii	pmrA	D313N	colistin resistance	reported	[14]	1		(2021)		e9149ec5-58b9-542e-a715-990b18120829	14			4e152b2d0107	mutation	2	84cd8501d39dfaa4	Qwen/Qwen3.6-35B-A3B	RefAMR	50	hybrid	2026-09-18T14:00:25Z		local	http://mango.cels.anl.gov:8004/v1	e83841ebc7fae19a
Acinetobacter baumannii	pmrA	M285L	colistin resistance	reported	[14]	1		(2021)		e9149ec5-58b9-542e-a715-990b18120829	14			4e152b2d0107	mutation	2	84cd8501d39dfaa4	Qwen/Qwen3.6-35B-A3B	RefAMR	50	hybrid	2026-09-18T14:00:25Z		local	http://mango.cels.anl.gov:8004/v1	e83841ebc7fae19a
Acinetobacter baumannii	pmrB	D313N	colistin resistance	reported	[12]	1		(2021)		e9149ec5-58b9-542e-a715-990b18120829	12			5797f9b21bb9	mutation	2	84cd8501d39dfaa4	Qwen/Qwen3.6-35B-A3B	RefAMR	50	hybrid	2026-09-18T14:00:27Z		local	http://mango.cels.anl.gov:8004/v1	190d89fce59d22ea
Acinetobacter baumannii	pmrB	M285L	colistin resistance	reported	[12]	1		(2021)		e9149ec5-58b9-542e-a715-990b18120829	12			5797f9b21bb9	mutation	2	84cd8501d39dfaa4	Qwen/Qwen3.6-35B-A3B	RefAMR	50	hybrid	2026-09-18T14:00:27Z		local	http://mango.cels.anl.gov:8004/v1	190d89fce59d22ea
Acinetobacter baumannii	pmrB	Δ32-35	colistin resistance	reported	[30]	1		(2014) DOI:10.3389/fmicb.2014.00643		fa78104f-1c5c-5285-bacd-4c9aee267796	30			5797f9b21bb9	mutation	2	84cd8501d39dfaa4	Qwen/Qwen3.6-35B-A3B	RefAMR	50	hybrid	2026-09-18T14:00:27Z		local	http://mango.cels.anl.gov:8004/v1	190d89fce59d22ea
Acinetobacter baumannii	pmrB	D64V	Polymyxin resistance; colistin resistance	reported	[30]	2	merged_variants:Phenotype;off_target_gene	(2014) DOI:10.3389/fmicb.2014.00643		fa78104f-1c5c-5285-bacd-4c9aee267796	30			5797f9b21bb9	mutation	2	84cd8501d39dfaa4	Qwen/Qwen3.6-35B-A3B	RefAMR	50	hybrid	2026-09-18T14:00:27Z		local	http://mango.cels.anl.gov:8004/v1	190d89fce59d22ea
Acinetobacter baumannii	pmrB	A80V	Polymyxin resistance; colistin resistance	reported	[30]	2	merged_variants:Phenotype;off_target_gene	(2014) DOI:10.3389/fmicb.2014.00643		fa78104f-1c5c-5285-bacd-4c9aee267796	30			5797f9b21bb9	mutation	2	84cd8501d39dfaa4	Qwen/Qwen3.6-35B-A3B	RefAMR	50	hybrid	2026-09-18T14:00:27Z		local	http://mango.cels.anl.gov:8004/v1	190d89fce59d22ea
Acinetobacter baumannii	pmrB	Δ160	colistin resistance	reported	[30]	1		(2014) DOI:10.3389/fmicb.2014.00643		fa78104f-1c5c-5285-bacd-4c9aee267796	30			5797f9b21bb9	mutation	2	84cd8501d39dfaa4	Qwen/Qwen3.6-35B-A3B	RefAMR	50	hybrid	2026-09-18T14:00:27Z		local	http://mango.cels.anl.gov:8004/v1	190d89fce59d22ea
Acinetobacter baumannii	pmrB	F26	colistin resistance	reported	[30]	1		(2014) DOI:10.3389/fmicb.2014.00643		fa78104f-1c5c-5285-bacd-4c9aee267796	30			5797f9b21bb9	mutation	2	84cd8501d39dfaa4	Qwen/Qwen3.6-35B-A3B	RefAMR	50	hybrid	2026-09-18T14:00:27Z		local	http://mango.cels.anl.gov:8004/v1	190d89fce59d22ea
Klebsiella pneumoniae	pmrB	A246T	colistin resistance	reported	[12]	3		(2017) DOI:10.3389/fmicb.2017.02470		b2852c3c-97f6-53c9-bb97-0792b85ac209;f50cd85a-fcaa-5ae5-9c6d-057b92010134;b488fdb5-fa04-5fa3-92be-2f759ad6edb2	12;26;44			44aea3ffc258	mutation	2	84cd8501d39dfaa4	Qwen/Qwen3.6-35B-A3B	RefAMR	50	hybrid	2026-09-18T14:00:28Z		local	http://mango.cels.anl.gov:8004/v1	846455a0b2dc8a02
Klebsiella pneumoniae	pmrB	L213M	colistin resistance	reported	[26]	2		(2017) DOI:10.3389/fmicb.2017.02470		f50cd85a-fcaa-5ae5-9c6d-057b92010134;b488fdb5-fa04-5fa3-92be-2f759ad6edb2	26;44			44aea3ffc258	mutation	2	84cd8501d39dfaa4	Qwen/Qwen3.6-35B-A3B	RefAMR	50	hybrid	2026-09-18T14:00:28Z		local	http://mango.cels.anl.gov:8004/v1	846455a0b2dc8a02
Klebsiella pneumoniae	pmrB	R256G	colistin resistance	reported	[26]	3		(2017) DOI:10.3389/fmicb.2017.02470		f50cd85a-fcaa-5ae5-9c6d-057b92010134;9d370cef-c776-5c22-b914-ef6181b0933f;b488fdb5-fa04-5fa3-92be-2f759ad6edb2	26;29;44			44aea3ffc258	mutation	2	84cd8501d39dfaa4	Qwen/Qwen3.6-35B-A3B	RefAMR	50	hybrid	2026-09-18T14:00:28Z		local	http://mango.cels.anl.gov:8004/v1	846455a0b2dc8a02
Klebsiella pneumoniae	pmrB	M285L	colistin resistance	predicted	[16]	1		(2021)		e9149ec5-58b9-542e-a715-990b18120829	16			44aea3ffc258	mutation	2	84cd8501d39dfaa4	Qwen/Qwen3.6-35B-A3B	RefAMR	50	hybrid	2026-09-18T14:00:28Z		local	http://mango.cels.anl.gov:8004/v1	846455a0b2dc8a02
Klebsiella pneumoniae	pmrB	V164G	colistin resistance	reported	[47]	1		(2020) DOI:10.3390/antibiotics9120886		841084d2-984b-5d85-b12d-7f2ee25f4c01	47			44aea3ffc258	mutation	2	84cd8501d39dfaa4	Qwen/Qwen3.6-35B-A3B	RefAMR	50	hybrid	2026-09-18T14:00:28Z		local	http://mango.cels.anl.gov:8004/v1	846455a0b2dc8a02
Klebsiella pneumoniae	pmrB	V164M	colistin resistance	reported	[47]	1		(2020) DOI:10.3390/antibiotics9120886		841084d2-984b-5d85-b12d-7f2ee25f4c01	47			44aea3ffc258	mutation	2	84cd8501d39dfaa4	Qwen/Qwen3.6-35B-A3B	RefAMR	50	hybrid	2026-09-18T14:00:28Z		local	http://mango.cels.anl.gov:8004/v1	846455a0b2dc8a02
Klebsiella pneumoniae	pmrB	R92P	colistin resistance	reported	[47]	1		(2020) DOI:10.3390/antibiotics9120886		841084d2-984b-5d85-b12d-7f2ee25f4c01	47			44aea3ffc258	mutation	2	84cd8501d39dfaa4	Qwen/Qwen3.6-35B-A3B	RefAMR	50	hybrid	2026-09-18T14:00:28Z		local	http://mango.cels.anl.gov:8004/v1	846455a0b2dc8a02
Escherichia	pmrB	D313N	colistin resistance	measured	2	1		(2021)		0be6997e-6c95-54e0-9caf-782ace1a5ee4	2			0827db97d390	mutation	2	84cd8501d39dfaa4	Qwen/Qwen3.6-35B-A3B	RefAMR	50	hybrid	2026-09-18T14:00:29Z		local	http://mango.cels.anl.gov:8004/v1	3fbe10db1ad018db
Escherichia	pmrB	M285L	colistin resistance	inferred	2	1		(2021)		0be6997e-6c95-54e0-9caf-782ace1a5ee4	2			0827db97d390	mutation	2	84cd8501d39dfaa4	Qwen/Qwen3.6-35B-A3B	RefAMR	50	hybrid	2026-09-18T14:00:29Z		local	http://mango.cels.anl.gov:8004/v1	3fbe10db1ad018db
Escherichia	pmrB	P94L	colistin resistance	reported	3	3		(2020) DOI:10.2147/IDR.S260766		53678f3f-9b5f-551b-b836-e05aabe526cf;ec7d6685-1a99-5739-b009-1d51c94b44cc;df846b2c-aa72-5666-8fdf-d79acbf38634	3;24;30			0827db97d390	mutation	2	84cd8501d39dfaa4	Qwen/Qwen3.6-35B-A3B	RefAMR	50	hybrid	2026-09-18T14:00:29Z		local	http://mango.cels.anl.gov:8004/v1	3fbe10db1ad018db
Escherichia	pmrB	D283G	colistin resistance	reported	3	3		(2020) DOI:10.2147/IDR.S260766		53678f3f-9b5f-551b-b836-e05aabe526cf;df846b2c-aa72-5666-8fdf-d79acbf38634	3;30			0827db97d390	mutation	2	84cd8501d39dfaa4	Qwen/Qwen3.6-35B-A3B	RefAMR	50	hybrid	2026-09-18T14:00:29Z		local	http://mango.cels.anl.gov:8004/v1	3fbe10db1ad018db
Escherichia	pmrB	L14Q	colistin resistance	predicted; reported	4	7	merged_variants:Assertion	(2020) DOI:10.2147/IDR.S260766		b1e1afe3-083d-5f0f-8f0a-2165b5e3859c;68b2457a-dd90-560d-a2d1-de3953362a92;15a41053-3b6b-5468-b5be-be778a502245	4;22;42			0827db97d390	mutation	2	84cd8501d39dfaa4	Qwen/Qwen3.6-35B-A3B	RefAMR	50	hybrid	2026-09-18T14:00:29Z		local	http://mango.cels.anl.gov:8004/v1	3fbe10db1ad018db
Escherichia	pmrB	T92P	colistin resistance	predicted; reported	4	3	merged_variants:Assertion	(2020) DOI:10.2147/IDR.S260766		b1e1afe3-083d-5f0f-8f0a-2165b5e3859c;68b2457a-dd90-560d-a2d1-de3953362a92;15a41053-3b6b-5468-b5be-be778a502245	4;22;42			0827db97d390	mutation	2	84cd8501d39dfaa4	Qwen/Qwen3.6-35B-A3B	RefAMR	50	hybrid	2026-09-18T14:00:29Z		local	http://mango.cels.anl.gov:8004/v1	3fbe10db1ad018db
Escherichia	pmrB	L10P	colistin resistance	reported	6	2		(2020) DOI:10.2147/IDR.S260766		8a89cdec-3380-5f6f-b2ac-166173440a9f;ec7d6685-1a99-5739-b009-1d51c94b44cc	6;24			0827db97d390	mutation	2	84cd8501d39dfaa4	Qwen/Qwen3.6-35B-A3B	RefAMR	50	hybrid	2026-09-18T14:00:29Z		local	http://mango.cels.anl.gov:8004/v1	3fbe10db1ad018db
Escherichia	pmrB	A118T	colistin resistance	reported	6	1		(2020) DOI:10.2147/IDR.S260766		8a89cdec-3380-5f6f-b2ac-166173440a9f	6			0827db97d390	mutation	2	84cd8501d39dfaa4	Qwen/Qwen3.6-35B-A3B	RefAMR	50	hybrid	2026-09-18T14:00:29Z		local	http://mango.cels.anl.gov:8004/v1	3fbe10db1ad018db
Escherichia	pmrB	E123D	colistin resistance	reported	6	2		(2020) DOI:10.2147/IDR.S260766		8a89cdec-3380-5f6f-b2ac-166173440a9f;df846b2c-aa72-5666-8fdf-d79acbf38634	6;30			0827db97d390	mutation	2	84cd8501d39dfaa4	Qwen/Qwen3.6-35B-A3B	RefAMR	50	hybrid	2026-09-18T14:00:29Z		local	http://mango.cels.anl.gov:8004/v1	3fbe10db1ad018db
Escherichia	pmrB	Y315F	colistin resistance	reported	6	1		(2020) DOI:10.2147/IDR.S260766		8a89cdec-3380-5f6f-b2ac-166173440a9f	6			0827db97d390	mutation	2	84cd8501d39dfaa4	Qwen/Qwen3.6-35B-A3B	RefAMR	50	hybrid	2026-09-18T14:00:29Z		local	http://mango.cels.anl.gov:8004/v1	3fbe10db1ad018db
Escherichia	pmrB	Y358N	colistin resistance	reported	6	2		(2020) DOI:10.2147/IDR.S260766		8a89cdec-3380-5f6f-b2ac-166173440a9f;df846b2c-aa72-5666-8fdf-d79acbf38634	6;30			0827db97d390	mutation	2	84cd8501d39dfaa4	Qwen/Qwen3.6-35B-A3B	RefAMR	50	hybrid	2026-09-18T14:00:29Z		local	http://mango.cels.anl.gov:8004/v1	3fbe10db1ad018db
Escherichia	pmrB	L10R	colistin resistance	reported	24	1		(2020) DOI:10.2147/IDR.S260766		ec7d6685-1a99-5739-b009-1d51c94b44cc	24			0827db97d390	mutation	2	84cd8501d39dfaa4	Qwen/Qwen3.6-35B-A3B	RefAMR	50	hybrid	2026-09-18T14:00:29Z		local	http://mango.cels.anl.gov:8004/v1	3fbe10db1ad018db
Escherichia	pmrB	C84R	colistin resistance	reported	24	1		(2020) DOI:10.2147/IDR.S260766		ec7d6685-1a99-5739-b009-1d51c94b44cc	24			0827db97d390	mutation	2	84cd8501d39dfaa4	Qwen/Qwen3.6-35B-A3B	RefAMR	50	hybrid	2026-09-18T14:00:29Z		local	http://mango.cels.anl.gov:8004/v1	3fbe10db1ad018db
Escherichia	pmrB	C84Y	colistin resistance	reported	24	1		(2020) DOI:10.2147/IDR.S260766		ec7d6685-1a99-5739-b009-1d51c94b44cc	24			0827db97d390	mutation	2	84cd8501d39dfaa4	Qwen/Qwen3.6-35B-A3B	RefAMR	50	hybrid	2026-09-18T14:00:29Z		local	http://mango.cels.anl.gov:8004/v1	3fbe10db1ad018db
Escherichia	pmrB	P94A	colistin resistance	reported	24	1		(2020) DOI:10.2147/IDR.S260766		ec7d6685-1a99-5739-b009-1d51c94b44cc	24			0827db97d390	mutation	2	84cd8501d39dfaa4	Qwen/Qwen3.6-35B-A3B	RefAMR	50	hybrid	2026-09-18T14:00:29Z		local	http://mango.cels.anl.gov:8004/v1	3fbe10db1ad018db
Escherichia	pmrB	P94Q	colistin resistance	reported	24	1		(2020) DOI:10.2147/IDR.S260766		ec7d6685-1a99-5739-b009-1d51c94b44cc	24			0827db97d390	mutation	2	84cd8501d39dfaa4	Qwen/Qwen3.6-35B-A3B	RefAMR	50	hybrid	2026-09-18T14:00:29Z		local	http://mango.cels.anl.gov:8004/v1	3fbe10db1ad018db
Escherichia	pmrB	E121K	colistin resistance	reported	24	1		(2020) DOI:10.2147/IDR.S260766		ec7d6685-1a99-5739-b009-1d51c94b44cc	24			0827db97d390	mutation	2	84cd8501d39dfaa4	Qwen/Qwen3.6-35B-A3B	RefAMR	50	hybrid	2026-09-18T14:00:29Z		local	http://mango.cels.anl.gov:8004/v1	3fbe10db1ad018db
Escherichia	pmrB	E121Q	colistin resistance	reported	24	1		(2020) DOI:10.2147/IDR.S260766		ec7d6685-1a99-5739-b009-1d51c94b44cc	24			0827db97d390	mutation	2	84cd8501d39dfaa4	Qwen/Qwen3.6-35B-A3B	RefAMR	50	hybrid	2026-09-18T14:00:29Z		local	http://mango.cels.anl.gov:8004/v1	3fbe10db1ad018db
Escherichia	pmrB	A159P	colistin resistance	reported	24	1		(2020) DOI:10.2147/IDR.S260766		ec7d6685-1a99-5739-b009-1d51c94b44cc	24			0827db97d390	mutation	2	84cd8501d39dfaa4	Qwen/Qwen3.6-35B-A3B	RefAMR	50	hybrid	2026-09-18T14:00:29Z		local	http://mango.cels.anl.gov:8004/v1	3fbe10db1ad018db
Escherichia	pmrB	A159V	colistin resistance	reported	24	1		(2020) DOI:10.2147/IDR.S260766		ec7d6685-1a99-5739-b009-1d51c94b44cc	24			0827db97d390	mutation	2	84cd8501d39dfaa4	Qwen/Qwen3.6-35B-A3B	RefAMR	50	hybrid	2026-09-18T14:00:29Z		local	http://mango.cels.anl.gov:8004/v1	3fbe10db1ad018db
Escherichia	pmrB	S138N	colistin resistance	reported	30	1		(2020) DOI:10.2147/IDR.S260766		df846b2c-aa72-5666-8fdf-d79acbf38634	30			0827db97d390	mutation	2	84cd8501d39dfaa4	Qwen/Qwen3.6-35B-A3B	RefAMR	50	hybrid	2026-09-18T14:00:29Z		local	http://mango.cels.anl.gov:8004/v1	3fbe10db1ad018db
Escherichia	pmrB	T156A	colistin resistance	reported	30	1		(2020) DOI:10.2147/IDR.S260766		df846b2c-aa72-5666-8fdf-d79acbf38634	30			0827db97d390	mutation	2	84cd8501d39dfaa4	Qwen/Qwen3.6-35B-A3B	RefAMR	50	hybrid	2026-09-18T14:00:29Z		local	http://mango.cels.anl.gov:8004/v1	3fbe10db1ad018db
Escherichia	pmrB	G160E	colistin resistance	reported	30	1		(2020) DOI:10.2147/IDR.S260766		df846b2c-aa72-5666-8fdf-d79acbf38634	30			0827db97d390	mutation	2	84cd8501d39dfaa4	Qwen/Qwen3.6-35B-A3B	RefAMR	50	hybrid	2026-09-18T14:00:29Z		local	http://mango.cels.anl.gov:8004/v1	3fbe10db1ad018db
Escherichia	pmrB	V161G	colistin resistance	reported	30	1		(2020) DOI:10.2147/IDR.S260766		df846b2c-aa72-5666-8fdf-d79acbf38634	30			0827db97d390	mutation	2	84cd8501d39dfaa4	Qwen/Qwen3.6-35B-A3B	RefAMR	50	hybrid	2026-09-18T14:00:29Z		local	http://mango.cels.anl.gov:8004/v1	3fbe10db1ad018db
Escherichia	pmrB	V351I	colistin resistance	reported	30	1		(2020) DOI:10.2147/IDR.S260766		df846b2c-aa72-5666-8fdf-d79acbf38634	30			0827db97d390	mutation	2	84cd8501d39dfaa4	Qwen/Qwen3.6-35B-A3B	RefAMR	50	hybrid	2026-09-18T14:00:29Z		local	http://mango.cels.anl.gov:8004/v1	3fbe10db1ad018db
Pseudomonas aeruginosa	pmrB	D313N	colistin resistance	reported	[15]	1		(2021)		e9149ec5-58b9-542e-a715-990b18120829	15			9383b51e6733	mutation	2	84cd8501d39dfaa4	Qwen/Qwen3.6-35B-A3B	RefAMR	50	hybrid	2026-09-18T14:00:30Z		local	http://mango.cels.anl.gov:8004/v1	afa8039347515734
Pseudomonas aeruginosa	pmrB	M285L	colistin resistance	reported	[15]	1		(2021)		e9149ec5-58b9-542e-a715-990b18120829	15			9383b51e6733	mutation	2	84cd8501d39dfaa4	Qwen/Qwen3.6-35B-A3B	RefAMR	50	hybrid	2026-09-18T14:00:30Z		local	http://mango.cels.anl.gov:8004/v1	afa8039347515734
Pseudomonas aeruginosa	pmrB	L14P	polymyxin resistance	reported	[41]	1		(2014) DOI:10.3389/fmicb.2014.00643		826adc92-de02-5402-80c2-c68d5336c2f7	41			9383b51e6733	mutation	2	84cd8501d39dfaa4	Qwen/Qwen3.6-35B-A3B	RefAMR	50	hybrid	2026-09-18T14:00:30Z		local	http://mango.cels.anl.gov:8004/v1	afa8039347515734
Pseudomonas aeruginosa	pmrB	A54V	polymyxin resistance	reported	[41]	1		(2014) DOI:10.3389/fmicb.2014.00643		826adc92-de02-5402-80c2-c68d5336c2f7	41			9383b51e6733	mutation	2	84cd8501d39dfaa4	Qwen/Qwen3.6-35B-A3B	RefAMR	50	hybrid	2026-09-18T14:00:30Z		local	http://mango.cels.anl.gov:8004/v1	afa8039347515734
Pseudomonas aeruginosa	pmrB	L243Q	polymyxin resistance	reported	[41]	1		(2014) DOI:10.3389/fmicb.2014.00643		826adc92-de02-5402-80c2-c68d5336c2f7	41			9383b51e6733	mutation	2	84cd8501d39dfaa4	Qwen/Qwen3.6-35B-A3B	RefAMR	50	hybrid	2026-09-18T14:00:30Z		local	http://mango.cels.anl.gov:8004/v1	afa8039347515734
Pseudomonas aeruginosa	pmrB	A248V	polymyxin resistance	reported	[41]	1		(2014) DOI:10.3389/fmicb.2014.00643		826adc92-de02-5402-80c2-c68d5336c2f7	41			9383b51e6733	mutation	2	84cd8501d39dfaa4	Qwen/Qwen3.6-35B-A3B	RefAMR	50	hybrid	2026-09-18T14:00:30Z		local	http://mango.cels.anl.gov:8004/v1	afa8039347515734
Pseudomonas aeruginosa	pmrB	M292T	polymyxin resistance	reported	[41]	1		(2014) DOI:10.3389/fmicb.2014.00643		826adc92-de02-5402-80c2-c68d5336c2f7	41			9383b51e6733	mutation	2	84cd8501d39dfaa4	Qwen/Qwen3.6-35B-A3B	RefAMR	50	hybrid	2026-09-18T14:00:30Z		local	http://mango.cels.anl.gov:8004/v1	afa8039347515734
Salmonella	pmrB	D313N	colistin resistance	measured; reported	3	2	merged_variants:Assertion	(2021); (2021)		0be6997e-6c95-54e0-9caf-782ace1a5ee4;e9149ec5-58b9-542e-a715-990b18120829	3;6			37caf77b9435	mutation	2	84cd8501d39dfaa4	Qwen/Qwen3.6-35B-A3B	RefAMR	50	hybrid	2026-09-18T14:00:31Z		local	http://mango.cels.anl.gov:8004/v1	68fcf898bd88051e
Salmonella	pmrB	V164G	colistin resistance	reported	17	2		(2020) DOI:10.3390/antibiotics9120886		28e44339-f978-5e31-822b-2f4330ba5d05;e8c62929-380f-5c16-be42-9bb5cd91b604	17;32			37caf77b9435	mutation	2	84cd8501d39dfaa4	Qwen/Qwen3.6-35B-A3B	RefAMR	50	hybrid	2026-09-18T14:00:31Z		local	http://mango.cels.anl.gov:8004/v1	68fcf898bd88051e
Salmonella	pmrB	V164M	colistin resistance	reported	17	2		(2020) DOI:10.3390/antibiotics9120886		28e44339-f978-5e31-822b-2f4330ba5d05;e8c62929-380f-5c16-be42-9bb5cd91b604	17;32			37caf77b9435	mutation	2	84cd8501d39dfaa4	Qwen/Qwen3.6-35B-A3B	RefAMR	50	hybrid	2026-09-18T14:00:31Z		local	http://mango.cels.anl.gov:8004/v1	68fcf898bd88051e
Salmonella	pmrB	R92P	colistin resistance	reported	17	2		(2020) DOI:10.3390/antibiotics9120886		28e44339-f978-5e31-822b-2f4330ba5d05;e8c62929-380f-5c16-be42-9bb5cd91b604	17;32			37caf77b9435	mutation	2	84cd8501d39dfaa4	Qwen/Qwen3.6-35B-A3B	RefAMR	50	hybrid	2026-09-18T14:00:31Z		local	http://mango.cels.anl.gov:8004/v1	68fcf898bd88051e
Campylobacter	porA	G167D	Carbapenem resistance (ertapenem/meropenem)	measured	[27]	1		(2023)		eb5690ff-e313-50de-ba4a-ae119f323921	27			7fc1a7cf8a25	mutation	2	84cd8501d39dfaa4	Qwen/Qwen3.6-35B-A3B	RefAMR	50	hybrid	2026-09-18T14:00:32Z		local	http://mango.cels.anl.gov:8004/v1	e588f2704bb7abe1
Campylobacter	porA	Insertion of Asp at position 139	Carbapenem resistance (ertapenem/meropenem)	measured	[41]	1		(2023)		82a945b3-e677-5774-a31e-4175eae1171e	41			7fc1a7cf8a25	mutation	2	84cd8501d39dfaa4	Qwen/Qwen3.6-35B-A3B	RefAMR	50	hybrid	2026-09-18T14:00:32Z		local	http://mango.cels.anl.gov:8004/v1	e588f2704bb7abe1
Neisseria gonorrhoeae	ponA	L421P	High-level chromosomally mediated penicillin resistance	reported	[1]	3		(2016) DOI:10.3390/antibiotics5040035; (2010) DOI:10.1186/1471-2334-10-323		09897ba3-706f-5048-a62d-b78e0c4b4594;bf5a5cfc-44ba-5c5c-953b-11e74b45bc8b;2924b432-670c-5157-87e1-d5eafcb5bc3d	1;3;27			1fd63e795fbc	mutation	2	84cd8501d39dfaa4	Qwen/Qwen3.6-35B-A3B	RefAMR	50	hybrid	2026-09-18T14:00:34Z		local	http://mango.cels.anl.gov:8004/v1	df0794a8b3d701fb
Neisseria gonorrhoeae	ponA		Chromosomally-mediated gonococcal resistance to penicillin and tetracycline; Reduced susceptibility to cefixime and ceftriaxone	reported	[15]	6	missing:Mutation;merged_variants:Phenotype	(2010) DOI:10.1186/1471-2334-10-323; (2016) DOI:10.3390/antibiotics5040035; (2019) DOI:10.7554/eLife.51407		d1070303-e83d-5379-86f1-7e5087755707;5b1f86d4-de29-54f5-bc93-35d04b6722bc;81836e8f-7c39-5829-8ab5-4c791330f1c0;8135b133-fd72-5b14-b312-15ada01fa4f7;ea19c266-34b7-554e-b184-1a0811798138;29b00280-de05-543b-9386-06edf7108ecb	2;15;23;40;43;45			1fd63e795fbc	mutation	2	84cd8501d39dfaa4	Qwen/Qwen3.6-35B-A3B	RefAMR	50	hybrid	2026-09-18T14:00:34Z		local	http://mango.cels.anl.gov:8004/v1	df0794a8b3d701fb
Escherichia	ptsI		Antimicrobial resistance (fosfomycin)	reported	[20]	2	missing:Mutation	(2022) DOI:10.1093/jac/dkac236		fb9f7c91-1d03-5dac-926e-ebf41d118cbd;c22c15ec-21af-5ec7-824e-5c235a73a55c	20;24			ead5e0f40940	mutation	2	84cd8501d39dfaa4	Qwen/Qwen3.6-35B-A3B	RefAMR	50	hybrid	2026-09-18T14:00:35Z		local	http://mango.cels.anl.gov:8004/v1	19845f68213770d3
Acinetobacter baumannii	pmrC		Polymyxin resistance mediated by phosphoethanolamine modification of lipid A	reported	[4]	1	missing:Mutation	(2014) DOI:10.3389/fmicb.2014.00643		4b5e434e-f49d-5722-8282-b3ff1c02fea2	4			36e21ac8d8ef	mutation	2	84cd8501d39dfaa4	Qwen/Qwen3.6-35B-A3B	RefAMR	50	hybrid	2026-09-18T14:00:42Z		local	http://mango.cels.anl.gov:8004/v1	b84dbb04244a8efd
Acinetobacter baumannii	pmrB	ΔA32-E35	Polymyxin resistance	reported	[26]	1	off_target_gene	(2014) DOI:10.3389/fmicb.2014.00643		fa78104f-1c5c-5285-bacd-4c9aee267796	26			36e21ac8d8ef	mutation	2	84cd8501d39dfaa4	Qwen/Qwen3.6-35B-A3B	RefAMR	50	hybrid	2026-09-18T14:00:42Z		local	http://mango.cels.anl.gov:8004/v1	b84dbb04244a8efd
Acinetobacter baumannii	pmrB	ΔL160	Polymyxin resistance	reported	[26]	1	off_target_gene	(2014) DOI:10.3389/fmicb.2014.00643		fa78104f-1c5c-5285-bacd-4c9aee267796	26			36e21ac8d8ef	mutation	2	84cd8501d39dfaa4	Qwen/Qwen3.6-35B-A3B	RefAMR	50	hybrid	2026-09-18T14:00:42Z		local	http://mango.cels.anl.gov:8004/v1	b84dbb04244a8efd
Acinetobacter baumannii	pmrB	V164G	Polymyxin resistance	reported	[47]	1	off_target_gene	(2020) DOI:10.3390/antibiotics9120886		841084d2-984b-5d85-b12d-7f2ee25f4c01	47			36e21ac8d8ef	mutation	2	84cd8501d39dfaa4	Qwen/Qwen3.6-35B-A3B	RefAMR	50	hybrid	2026-09-18T14:00:42Z		local	http://mango.cels.anl.gov:8004/v1	b84dbb04244a8efd
Acinetobacter baumannii	pmrB	V164M	Polymyxin resistance	reported	[47]	1	off_target_gene	(2020) DOI:10.3390/antibiotics9120886		841084d2-984b-5d85-b12d-7f2ee25f4c01	47			36e21ac8d8ef	mutation	2	84cd8501d39dfaa4	Qwen/Qwen3.6-35B-A3B	RefAMR	50	hybrid	2026-09-18T14:00:42Z		local	http://mango.cels.anl.gov:8004/v1	b84dbb04244a8efd
Acinetobacter baumannii	pmrB	R92P	Polymyxin resistance	reported	[47]	1	off_target_gene	(2020) DOI:10.3390/antibiotics9120886		841084d2-984b-5d85-b12d-7f2ee25f4c01	47			36e21ac8d8ef	mutation	2	84cd8501d39dfaa4	Qwen/Qwen3.6-35B-A3B	RefAMR	50	hybrid	2026-09-18T14:00:42Z		local	http://mango.cels.anl.gov:8004/v1	b84dbb04244a8efd
Acinetobacter baumannii	pmrB	R256G	Polymyxin resistance	reported	[48]	1	off_target_gene	(2021)		a8c83aab-76e2-5334-99ea-1dbd19d5f06b	48			36e21ac8d8ef	mutation	2	84cd8501d39dfaa4	Qwen/Qwen3.6-35B-A3B	RefAMR	50	hybrid	2026-09-18T14:00:42Z		local	http://mango.cels.anl.gov:8004/v1	b84dbb04244a8efd
Acinetobacter baumannii	pmrB	A246T	Polymyxin resistance	reported	[48]	1	off_target_gene	(2021)		a8c83aab-76e2-5334-99ea-1dbd19d5f06b	48			36e21ac8d8ef	mutation	2	84cd8501d39dfaa4	Qwen/Qwen3.6-35B-A3B	RefAMR	50	hybrid	2026-09-18T14:00:42Z		local	http://mango.cels.anl.gov:8004/v1	b84dbb04244a8efd
Salmonella	ramR	T18P	Increased MIC of azithromycin, chloramphenicol, nalidixic acid, and tetracycline; increased expression of acrB and ramA	measured	[18]	1		DOI:10.1038/s44259-023-00001-8		4a521b73-ff00-506e-9ed7-ec79a384af5f	18			a2a2abf39c4e	mutation	2	84cd8501d39dfaa4	Qwen/Qwen3.6-35B-A3B	RefAMR	50	hybrid	2026-09-18T14:00:43Z		local	http://mango.cels.anl.gov:8004/v1	233d5ba750411d14
Salmonella	ramR	D152Y	Reduced susceptibility to antimicrobial agents; increased tolerance to biliary salts; overexpression of ramA and romA; increased growth rate in presence of erythromycin and biliary salts	measured	[25]	1		(2024) DOI:10.1128/msphere.00704-24		bfa0326c-fbc5-5109-adfc-2cc49c5de722	25			a2a2abf39c4e	mutation	2	84cd8501d39dfaa4	Qwen/Qwen3.6-35B-A3B	RefAMR	50	hybrid	2026-09-18T14:00:43Z		local	http://mango.cels.anl.gov:8004/v1	233d5ba750411d14
Klebsiella pneumoniae	ramR	Y152D	Tigecycline resistance, quinolone resistance, chloramphenicol resistance, reduced susceptibility to antimicrobial agents, decreased tolerance to biliary salts	measured	[8]	12		(2024) DOI:10.1128/msphere.00704-24		44eee0ac-5888-5cba-b3d4-8cf5d12da9d4;5afe4596-91e7-5382-9705-d5386b6cf933;2a86de5c-a191-50d5-b9ea-0c63780d6f7e;8a00712d-9e1d-53dc-b38c-2993a1644d27;04c736f7-2e1b-5ec4-b56a-ca10b775dc4c;7a4547ab-f549-5610-9e31-1a392d041137;bfa0326c-fbc5-5109-adfc-2cc49c5de722;4c823d81-580c-54e7-8198-92e26fc64cc1;4a0772f5-72f3-5dde-a890-a0fbc1a85ebe;53228d0b-8a9e-5594-b9b4-8c29b03026a3;116b92a9-e788-5977-80b1-f7a1018a16b0;fafbf417-67fc-566d-8ff9-dc7b70cc3dd3	8;11;15;20;25;30;33;38;42;43;44;46			038e361a7464	mutation	2	84cd8501d39dfaa4	Qwen/Qwen3.6-35B-A3B	RefAMR	50	hybrid	2026-09-18T14:00:44Z		local	http://mango.cels.anl.gov:8004/v1	83539d34dd3ba3a2
Klebsiella pneumoniae	ramR		Fluoroquinolone resistance; Tigecycline resistance; Multidrug resistance	reported	[1]	13	missing:Mutation;merged_variants:Phenotype	(2015) DOI:10.1371/journal.pone.0140489; (2025) DOI:10.3389/fphar.2025.1570278; (2021) DOI:10.3389/fmicb.2021.663835; (2018) DOI:10.2147/IDR.S179618; (2024) DOI:10.1128/msphere.00704-24; (2021); (2021); (2021)		f071d20e-d2f7-5cee-952f-66724d60561b;5eb9d0ab-8a4c-5e0f-88df-2ae189763380;96ac5c18-c45e-542d-99f8-3904fda2fafc;d876575a-3068-5586-a1f4-6795b1be99a5;9cfbc219-abf8-5277-a40d-0addd0d24692;df464e4c-90f5-58ae-b023-dcf9c6a37aa0;06743d1d-5d52-5526-994a-61426344eb78;d027d1cb-aba6-523a-9abb-7f352f746341;f8781820-9775-511a-8292-eb91a40bd0b2;0a11c559-5c95-5491-8916-52b0d2a78dca;254e9bc4-d1b5-506b-a315-fe0df27353aa;b3e1848f-e7c9-5979-80d8-e9c4a40e4d00;55252ff2-89a0-50ea-9fc4-2fee5ea8d636	1;2;3;6;13;17;26;29;32;37;40;48;50			038e361a7464	mutation	2	84cd8501d39dfaa4	Qwen/Qwen3.6-35B-A3B	RefAMR	50	hybrid	2026-09-18T14:00:44Z		local	http://mango.cels.anl.gov:8004/v1	83539d34dd3ba3a2
Pseudomonas aeruginosa	rplB	V516M	penicillin-binding protein 2 (PBP2) mutation causing zidebactam resistance	reported	[1]	1		(2026) DOI:10.1128/aac.00346-26		7c344deb-79d8-5018-acda-3990be2f2251	1			98314678c2ad	mutation	2	84cd8501d39dfaa4	Qwen/Qwen3.6-35B-A3B	RefAMR	50	hybrid	2026-09-18T14:00:45Z		local	http://mango.cels.anl.gov:8004/v1	9da898b8dd880b1a
Enterococcus faecium	rplC	N130K	Linezolid resistance	reported	4	2		(2020) DOI:10.3390/microorganisms8111839		8cacc701-7e58-5bd7-a635-88eb8d8d817e;ae64e820-d8ca-53bf-ae08-189224d48c70	4;27			c61819fb345b	mutation	2	84cd8501d39dfaa4	Qwen/Qwen3.6-35B-A3B	RefAMR	50	hybrid	2026-09-18T14:00:45Z		local	http://mango.cels.anl.gov:8004/v1	8f948dcc0bfdc4ef
Enterococcus faecium	rplD	N130K	Linezolid resistance	reported	[3]	2		(2020) DOI:10.3390/microorganisms8111839		8cacc701-7e58-5bd7-a635-88eb8d8d817e;ae64e820-d8ca-53bf-ae08-189224d48c70	3;30			07d0a705711c	mutation	2	84cd8501d39dfaa4	Qwen/Qwen3.6-35B-A3B	RefAMR	50	hybrid	2026-09-18T14:00:48Z		local	http://mango.cels.anl.gov:8004/v1	6e14f3a1d9d468f9
Enterococcus faecium	rplD	G212G	Linezolid resistance	reported	[27]	1		(2016) DOI:10.1371/journal.pone.0167042		21938982-0020-5b81-a340-49f22e7bc275	27			07d0a705711c	mutation	2	84cd8501d39dfaa4	Qwen/Qwen3.6-35B-A3B	RefAMR	50	hybrid	2026-09-18T14:00:48Z		local	http://mango.cels.anl.gov:8004/v1	6e14f3a1d9d468f9
Campylobacter	rplD	G70D	Antimicrobial resistance (macrolide/azithromycin)	measured; reported	[5]	8	merged_variants:Assertion	DOI:10.1038/s41467-020-19250-6		57ec9d17-30b2-55aa-a4af-2cd3da3448ba;37058e82-b8c1-5cf4-b2cb-c8ecdf77c05c;5fb69ea2-f561-5405-b431-3445c26b2019;b63d6d08-176a-5176-b64f-04a72edb745e;f5fec2f7-8976-542f-90b4-9a71d360c4b5;40518c9a-fb8d-5024-b80f-522cb74ffac4;b7b861e6-58e7-52b1-9d63-c464dae59791;f9a54507-63be-5f60-a379-42472c60a062	5;6;7;12;13;17;19;31			2464aefb1241	mutation	2	84cd8501d39dfaa4	Qwen/Qwen3.6-35B-A3B	RefAMR	50	hybrid	2026-09-18T14:00:49Z		local	http://mango.cels.anl.gov:8004/v1	e8879432a8a4b3b4
Campylobacter	rplD	G70S	Antimicrobial resistance (macrolide/azithromycin)	reported	[26]	1		(2020) DOI:10.1128/mBio.01509-20		fd2c8ef0-382d-54bb-830c-fc5e85e5f351	26			2464aefb1241	mutation	2	84cd8501d39dfaa4	Qwen/Qwen3.6-35B-A3B	RefAMR	50	hybrid	2026-09-18T14:00:49Z		local	http://mango.cels.anl.gov:8004/v1	e8879432a8a4b3b4
Neisseria gonorrhoeae	rplD	G70D	azithromycin resistance	measured; reported	[1]	3	merged_variants:Assertion	DOI:10.1038/s41467-020-19250-6		f5fec2f7-8976-542f-90b4-9a71d360c4b5;c444f49f-ef5b-59a9-8b8b-a637392e0c5d;2cff554c-a594-5dca-98c9-26f0663f99eb	1;34;40			6fe487efac71	mutation	2	84cd8501d39dfaa4	Qwen/Qwen3.6-35B-A3B	RefAMR	50	hybrid	2026-09-18T14:00:50Z		local	http://mango.cels.anl.gov:8004/v1	c2bf47b0e06be1cb
Neisseria gonorrhoeae	rplD	G68D	azithromycin resistance	reported	[40]	1		DOI:10.1038/s41467-020-19250-6		2cff554c-a594-5dca-98c9-26f0663f99eb	40			6fe487efac71	mutation	2	84cd8501d39dfaa4	Qwen/Qwen3.6-35B-A3B	RefAMR	50	hybrid	2026-09-18T14:00:50Z		local	http://mango.cels.anl.gov:8004/v1	c2bf47b0e06be1cb
Escherichia	ompR	S167I	Antimicrobial resistance (temocillin)	reported	[2]	1		(2023) DOI:10.1093/jac/dkae021		9be68a16-de48-5da5-9343-328ef479f739	2			4fc87ac1f254	mutation	2	84cd8501d39dfaa4	Qwen/Qwen3.6-35B-A3B	RefAMR	50	hybrid	2026-09-18T14:00:51Z		local	http://mango.cels.anl.gov:8004/v1	29cccc08975cec3e
Escherichia	ompW	S167I	Antimicrobial resistance (temocillin)	reported	[2]	1	off_target_gene	(2023) DOI:10.1093/jac/dkae021		9be68a16-de48-5da5-9343-328ef479f739	2			4fc87ac1f254	mutation	2	84cd8501d39dfaa4	Qwen/Qwen3.6-35B-A3B	RefAMR	50	hybrid	2026-09-18T14:00:51Z		local	http://mango.cels.anl.gov:8004/v1	29cccc08975cec3e
Escherichia	ompX	Δ6 bp (positions 2156469-2156476)	Antimicrobial resistance (temocillin)	reported	[2]	1	off_target_gene	(2023) DOI:10.1093/jac/dkae021		9be68a16-de48-5da5-9343-328ef479f739	2			4fc87ac1f254	mutation	2	84cd8501d39dfaa4	Qwen/Qwen3.6-35B-A3B	RefAMR	50	hybrid	2026-09-18T14:00:51Z		local	http://mango.cels.anl.gov:8004/v1	29cccc08975cec3e
Escherichia	ompR	ΔompR	Antimicrobial resistance (temocillin)	measured	[6]	289	column_count_mismatch;citation_not_in_sources	(2023) DOI:10.1093/jac/dkae021		9be68a16-de48-5da5-9343-328ef479f739;8d956c1e-e332-5be6-8a2d-c8beca292c59;758fc2f2-f16e-5ceb-b7aa-cb04c306e89b;df26315a-1671-58ce-976c-837a357dadb2;8d8c7eb0-4eac-5fd1-8d53-7601a10d8f05;868af013-8ff3-5b2e-9284-712ea0e0a637;09d6df18-707d-5df8-adfa-a50dbf6c9659;0965a1a5-1f0c-526a-bdbf-696286b3f9b6;10e5d3f4-c12d-51dc-a2f3-b8a1887d04d8	2;4;6;19;21;23;27;35;50			4fc87ac1f254	mutation	2	84cd8501d39dfaa4	Qwen/Qwen3.6-35B-A3B	RefAMR	50	hybrid	2026-09-18T14:00:51Z		local	http://mango.cels.anl.gov:8004/v1	29cccc08975cec3e
Streptococcus pneumoniae	rplD	G70D	azithromycin resistance	measured; reported	[2]	4	merged_variants:Assertion	DOI:10.1038/s41467-020-19250-6		37058e82-b8c1-5cf4-b2cb-c8ecdf77c05c;5fb69ea2-f561-5405-b431-3445c26b2019;b63d6d08-176a-5176-b64f-04a72edb745e;b7b861e6-58e7-52b1-9d63-c464dae59791	2;5;6;9			f4971f8f4355	mutation	2	84cd8501d39dfaa4	Qwen/Qwen3.6-35B-A3B	RefAMR	50	hybrid	2026-09-18T14:00:51Z		local	http://mango.cels.anl.gov:8004/v1	a2eb5a31460b0f3d
Enterococcus faecium	rplV	N130K	antimicrobial resistance	reported	[24]	1		(2020) DOI:10.3390/microorganisms8111839		ae64e820-d8ca-53bf-ae08-189224d48c70	24			27689813318b	mutation	2	84cd8501d39dfaa4	Qwen/Qwen3.6-35B-A3B	RefAMR	50	hybrid	2026-09-18T14:00:52Z		local	http://mango.cels.anl.gov:8004/v1	f03606ed7965610d
Neisseria gonorrhoeae	rplV	Mutations in ribosomal protein L22 (rplV)	yield macrolide resistance	inferred	8	1		[8]		2594147d-8e18-57e8-b926-2998267440f1	8			932fbcf03551	mutation	2	84cd8501d39dfaa4	Qwen/Qwen3.6-35B-A3B	RefAMR	50	hybrid	2026-09-18T14:00:52Z		local	http://mango.cels.anl.gov:8004/v1	a20b5196ef8ce1d9
Campylobacter	rplV	23S rRNA mutations	Reduced azithromycin susceptibility	Inferred	6	1		[6]		09464b1a-3e2c-5ef9-a1ed-738bdc3bff64	6			0eb7bb641c3c	mutation	2	84cd8501d39dfaa4	Qwen/Qwen3.6-35B-A3B	RefAMR	50	hybrid	2026-09-18T14:00:52Z		local	http://mango.cels.anl.gov:8004/v1	74980e816cd219d3
Campylobacter	rplV	mtr locus mosaics	Reduced azithromycin susceptibility	Inferred	6	1		[6]		09464b1a-3e2c-5ef9-a1ed-738bdc3bff64	6			0eb7bb641c3c	mutation	2	84cd8501d39dfaa4	Qwen/Qwen3.6-35B-A3B	RefAMR	50	hybrid	2026-09-18T14:00:52Z		local	http://mango.cels.anl.gov:8004/v1	74980e816cd219d3
Campylobacter	rplV	and rplV variants	Reduced azithromycin susceptibility	Inferred	6	1		[6]		09464b1a-3e2c-5ef9-a1ed-738bdc3bff64	6			0eb7bb641c3c	mutation	2	84cd8501d39dfaa4	Qwen/Qwen3.6-35B-A3B	RefAMR	50	hybrid	2026-09-18T14:00:52Z		local	http://mango.cels.anl.gov:8004/v1	74980e816cd219d3
Campylobacter	rplV	6 amino acid tandem duplications in the 3′ end	Predicted to interact with azithromycin binding site (macrolide resistance)	Predicted	14	1		[14]		eff5df1a-f9f9-5a1a-aceb-7aed02e77446	14			0eb7bb641c3c	mutation	2	84cd8501d39dfaa4	Qwen/Qwen3.6-35B-A3B	RefAMR	50	hybrid	2026-09-18T14:00:52Z		local	http://mango.cels.anl.gov:8004/v1	74980e816cd219d3
Campylobacter	rplV	4 amino acid tandem duplications in the 3′ end	Predicted to interact with azithromycin binding site (macrolide resistance)	Predicted	14	1		[14]		eff5df1a-f9f9-5a1a-aceb-7aed02e77446	14			0eb7bb641c3c	mutation	2	84cd8501d39dfaa4	Qwen/Qwen3.6-35B-A3B	RefAMR	50	hybrid	2026-09-18T14:00:52Z		local	http://mango.cels.anl.gov:8004/v1	74980e816cd219d3
Campylobacter	rplV	Mutations in ribosomal protein L22	Macrolide resistance	Inferred; Reported	22	2	merged_variants:Assertion	[22]; (2016) DOI:10.1371/journal.pone.0167042		2594147d-8e18-57e8-b926-2998267440f1;b65328ed-acb8-5116-a574-36352641a2e6	22;27			0eb7bb641c3c	mutation	2	84cd8501d39dfaa4	Qwen/Qwen3.6-35B-A3B	RefAMR	50	hybrid	2026-09-18T14:00:52Z		local	http://mango.cels.anl.gov:8004/v1	74980e816cd219d3
Corynebacterium diphtheriae	rpoB		antimicrobial resistance	reported	1	1	missing:Mutation	(2024) DOI:10.1093/jac/dkaf035		96ff4d92-77ef-5e95-8e06-ddeefb0ae5c4	1			9d35a1b03340	mutation	2	84cd8501d39dfaa4	Qwen/Qwen3.6-35B-A3B	RefAMR	50	hybrid	2026-09-18T14:00:54Z		local	http://mango.cels.anl.gov:8004/v1	881e43b109a37af8
Enterococcus faecium	rpoB	S77T	Linezolid resistance	reported	7	1		(2022)		80491ebc-b620-5668-a9a6-311b860b9ad0	7			3e6520e19ee0	mutation	2	84cd8501d39dfaa4	Qwen/Qwen3.6-35B-A3B	RefAMR	50	hybrid	2026-09-18T14:00:55Z		local	http://mango.cels.anl.gov:8004/v1	db088edb18a17ce3
Enterococcus faecium	rpoB	S494F	Daptomycin resistance	reported	32	1		(2021) DOI:10.3389/fmicb.2021.749935		1ba70c24-3ab7-59d6-88ae-6ca14273f6a3	32			3e6520e19ee0	mutation	2	84cd8501d39dfaa4	Qwen/Qwen3.6-35B-A3B	RefAMR	50	hybrid	2026-09-18T14:00:55Z		local	http://mango.cels.anl.gov:8004/v1	db088edb18a17ce3
Escherichia	rpoB	R505K	antimicrobial resistance	reported	9	1		(2023) DOI:10.1128/spectrum.03777-22		2d11530e-5ad6-58df-bd54-9751d225b226	9	R505K	Arg505Lys	e91199208ff8	mutation	2	84cd8501d39dfaa4	Qwen/Qwen3.6-35B-A3B	RefAMR	50	hybrid	2026-09-18T14:00:56Z		local	http://mango.cels.anl.gov:8004/v1	d06980dbce307190
Escherichia	rpoB	I548M	antimicrobial resistance	reported	9	1		(2023) DOI:10.1128/spectrum.03777-22		2d11530e-5ad6-58df-bd54-9751d225b226	9	I548M	Ile548Met	e91199208ff8	mutation	2	84cd8501d39dfaa4	Qwen/Qwen3.6-35B-A3B	RefAMR	50	hybrid	2026-09-18T14:00:56Z		local	http://mango.cels.anl.gov:8004/v1	d06980dbce307190
Haemophilus influenzae	rpoB	A1131T	rifampicin resistance	reported; measured	[2]	2	merged_variants:Assertion	[2]; [8]		0075937b-0046-5f90-8734-16472eaefa48;ff1d308a-97be-5905-b73e-cbbc506fa12d	2;8	A1131T	RpoB-A1131T	9ec437583408	mutation	2	84cd8501d39dfaa4	Qwen/Qwen3.6-35B-A3B	RefAMR	50	hybrid	2026-09-18T14:00:57Z		local	http://mango.cels.anl.gov:8004/v1	7e295fd68e9f3d45
Neisseria gonorrhoeae	rpoB	C1657A	antimicrobial resistance	reported	[4]	1		(2022)		d1d6d27d-0475-57fd-973d-f7ca07716385	4			44e9de89fda2	mutation	2	84cd8501d39dfaa4	Qwen/Qwen3.6-35B-A3B	RefAMR	50	hybrid	2026-09-18T14:00:58Z		local	http://mango.cels.anl.gov:8004/v1	23a223673967e6c1
Neisseria gonorrhoeae	rpoB	T1679C	antimicrobial resistance	reported	[4]	1		(2022)		d1d6d27d-0475-57fd-973d-f7ca07716385	4			44e9de89fda2	mutation	2	84cd8501d39dfaa4	Qwen/Qwen3.6-35B-A3B	RefAMR	50	hybrid	2026-09-18T14:00:58Z		local	http://mango.cels.anl.gov:8004/v1	23a223673967e6c1
Neisseria meningitidis	rpoB	H553Y	rifampin resistance	measured	19	1		(2017)		d95d6d96-44e8-532f-96f8-83566371420c	19			857fcf40796c	mutation	2	84cd8501d39dfaa4	Qwen/Qwen3.6-35B-A3B	RefAMR	50	hybrid	2026-09-18T14:01:00Z		local	http://mango.cels.anl.gov:8004/v1	0a8632f5fed7fcf5
Neisseria meningitidis	rpoB	R201H	cephalosporin resistance	predicted	39	1		(2019) DOI:10.7554/eLife.51407		09f05c6a-adfc-563f-a300-8fd429ce768c	39			857fcf40796c	mutation	2	84cd8501d39dfaa4	Qwen/Qwen3.6-35B-A3B	RefAMR	50	hybrid	2026-09-18T14:01:00Z		local	http://mango.cels.anl.gov:8004/v1	0a8632f5fed7fcf5
Clostridioides difficile	rpoB	R505K	reduced susceptibility to fidaxomicin	reported	3	3		(2023) DOI:10.1128/spectrum.03777-22; (2019) DOI:10.1128/AAC		2d11530e-5ad6-58df-bd54-9751d225b226;d7cfd02d-e093-584c-9a17-81c58af6fde6;fbcc6a59-0019-5d66-970a-b4fd3562b729	3;6;21	R505K	Arg505Lys	6d9f78337c6f	mutation	2	84cd8501d39dfaa4	Qwen/Qwen3.6-35B-A3B	RefAMR	50	hybrid	2026-09-18T14:01:01Z		local	http://mango.cels.anl.gov:8004/v1	0859c42d923b073a
Clostridioides difficile	rpoB	I548M	reduced susceptibility to fidaxomicin	reported	3	3		(2023) DOI:10.1128/spectrum.03777-22; (2019) DOI:10.1128/AAC		2d11530e-5ad6-58df-bd54-9751d225b226;d7cfd02d-e093-584c-9a17-81c58af6fde6;fbcc6a59-0019-5d66-970a-b4fd3562b729	3;6;21	I548M	Ile548Met	6d9f78337c6f	mutation	2	84cd8501d39dfaa4	Qwen/Qwen3.6-35B-A3B	RefAMR	50	hybrid	2026-09-18T14:01:01Z		local	http://mango.cels.anl.gov:8004/v1	0859c42d923b073a
Clostridioides difficile	rpoB	V1143D	reduced susceptibility to fidaxomicin	reported	5	3		(2023) DOI:10.1093/jac/dkae101; (2019) DOI:10.1128/AAC		9b7f255e-a37b-51df-967b-b5e605c1ac1f;c7606e25-13d8-5320-9a37-719f32e025d4;6c13b9f2-16ed-5ba8-839b-4a0900021bf9	5;8;29	V1143D	Val1143Asp	6d9f78337c6f	mutation	2	84cd8501d39dfaa4	Qwen/Qwen3.6-35B-A3B	RefAMR	50	hybrid	2026-09-18T14:01:01Z		local	http://mango.cels.anl.gov:8004/v1	0859c42d923b073a
Clostridioides difficile	rpoB	V1143L	reduced susceptibility to fidaxomicin	reported	14	2		(2019) DOI:10.1128/AAC; (2023) DOI:10.1093/jac/dkae101		7b9d6ae5-7ff0-5059-93f6-ce73a0b0c991;c7606e25-13d8-5320-9a37-719f32e025d4	14;29	V1143L	Val1143Leu	6d9f78337c6f	mutation	2	84cd8501d39dfaa4	Qwen/Qwen3.6-35B-A3B	RefAMR	50	hybrid	2026-09-18T14:01:01Z		local	http://mango.cels.anl.gov:8004/v1	0859c42d923b073a
Clostridioides difficile	rpoB	V1143G	reduced susceptibility to fidaxomicin	reported	14	2		(2019) DOI:10.1128/AAC; (2023) DOI:10.1093/jac/dkae101		7b9d6ae5-7ff0-5059-93f6-ce73a0b0c991;c7606e25-13d8-5320-9a37-719f32e025d4	14;29	V1143G	Val1143Gly	6d9f78337c6f	mutation	2	84cd8501d39dfaa4	Qwen/Qwen3.6-35B-A3B	RefAMR	50	hybrid	2026-09-18T14:01:01Z		local	http://mango.cels.anl.gov:8004/v1	0859c42d923b073a
Clostridioides difficile	rpoB	Q1149P	reduced susceptibility to fidaxomicin	reported	14	2		(2019) DOI:10.1128/AAC; (2023) DOI:10.1093/jac/dkae101		7b9d6ae5-7ff0-5059-93f6-ce73a0b0c991;c7606e25-13d8-5320-9a37-719f32e025d4	14;29	Q1149P	Gln1149Pro	6d9f78337c6f	mutation	2	84cd8501d39dfaa4	Qwen/Qwen3.6-35B-A3B	RefAMR	50	hybrid	2026-09-18T14:01:01Z		local	http://mango.cels.anl.gov:8004/v1	0859c42d923b073a
Clostridioides difficile	rpoB	D492V	reduced susceptibility to fidaxomicin	reported	21	1		(2019) DOI:10.1128/AAC		fbcc6a59-0019-5d66-970a-b4fd3562b729	21	D492V	Asp492Val	6d9f78337c6f	mutation	2	84cd8501d39dfaa4	Qwen/Qwen3.6-35B-A3B	RefAMR	50	hybrid	2026-09-18T14:01:01Z		local	http://mango.cels.anl.gov:8004/v1	0859c42d923b073a
Clostridioides difficile	rpoB	H502N	reduced susceptibility to fidaxomicin	reported	21	1		(2019) DOI:10.1128/AAC		fbcc6a59-0019-5d66-970a-b4fd3562b729	21	H502N	His502Asn	6d9f78337c6f	mutation	2	84cd8501d39dfaa4	Qwen/Qwen3.6-35B-A3B	RefAMR	50	hybrid	2026-09-18T14:01:01Z		local	http://mango.cels.anl.gov:8004/v1	0859c42d923b073a
Clostridioides difficile	rpoB	I750M	reduced susceptibility to fidaxomicin	reported	21	1		(2019) DOI:10.1128/AAC		fbcc6a59-0019-5d66-970a-b4fd3562b729	21	I750M	Ile750Met	6d9f78337c6f	mutation	2	84cd8501d39dfaa4	Qwen/Qwen3.6-35B-A3B	RefAMR	50	hybrid	2026-09-18T14:01:01Z		local	http://mango.cels.anl.gov:8004/v1	0859c42d923b073a
Clostridioides difficile	rpoB	I750V	reduced susceptibility to fidaxomicin	reported	21	1		(2019) DOI:10.1128/AAC		fbcc6a59-0019-5d66-970a-b4fd3562b729	21	I750V	Ile750Val	6d9f78337c6f	mutation	2	84cd8501d39dfaa4	Qwen/Qwen3.6-35B-A3B	RefAMR	50	hybrid	2026-09-18T14:01:01Z		local	http://mango.cels.anl.gov:8004/v1	0859c42d923b073a
Clostridioides difficile	rpoB	E1037Q	reduced susceptibility to fidaxomicin	reported	21	1		(2019) DOI:10.1128/AAC		fbcc6a59-0019-5d66-970a-b4fd3562b729	21	E1037Q	Glu1037Gln	6d9f78337c6f	mutation	2	84cd8501d39dfaa4	Qwen/Qwen3.6-35B-A3B	RefAMR	50	hybrid	2026-09-18T14:01:01Z		local	http://mango.cels.anl.gov:8004/v1	0859c42d923b073a
Clostridioides difficile	rpoB	D1160E	reduced susceptibility to fidaxomicin	reported	21	1		(2019) DOI:10.1128/AAC		fbcc6a59-0019-5d66-970a-b4fd3562b729	21	D1160E	Asp1160Glu	6d9f78337c6f	mutation	2	84cd8501d39dfaa4	Qwen/Qwen3.6-35B-A3B	RefAMR	50	hybrid	2026-09-18T14:01:01Z		local	http://mango.cels.anl.gov:8004/v1	0859c42d923b073a
Clostridioides difficile	rpoB	A1205V	reduced susceptibility to fidaxomicin	reported	21	1		(2019) DOI:10.1128/AAC		fbcc6a59-0019-5d66-970a-b4fd3562b729	21	A1205V	Ala1205Val	6d9f78337c6f	mutation	2	84cd8501d39dfaa4	Qwen/Qwen3.6-35B-A3B	RefAMR	50	hybrid	2026-09-18T14:01:01Z		local	http://mango.cels.anl.gov:8004/v1	0859c42d923b073a
Clostridioides difficile	rpoB	N1207A	reduced susceptibility to fidaxomicin	reported	21	1		(2019) DOI:10.1128/AAC		fbcc6a59-0019-5d66-970a-b4fd3562b729	21	N1207A	Asn1207Ala	6d9f78337c6f	mutation	2	84cd8501d39dfaa4	Qwen/Qwen3.6-35B-A3B	RefAMR	50	hybrid	2026-09-18T14:01:01Z		local	http://mango.cels.anl.gov:8004/v1	0859c42d923b073a
Clostridioides difficile	rpoB	A1208T	reduced susceptibility to fidaxomicin	reported	21	1		(2019) DOI:10.1128/AAC		fbcc6a59-0019-5d66-970a-b4fd3562b729	21	A1208T	Ala1208Thr	6d9f78337c6f	mutation	2	84cd8501d39dfaa4	Qwen/Qwen3.6-35B-A3B	RefAMR	50	hybrid	2026-09-18T14:01:01Z		local	http://mango.cels.anl.gov:8004/v1	0859c42d923b073a
Clostridioides difficile	rpoB	D1232E	reduced susceptibility to fidaxomicin	reported	21	1		(2019) DOI:10.1128/AAC		fbcc6a59-0019-5d66-970a-b4fd3562b729	21	D1232E	Asp1232Glu	6d9f78337c6f	mutation	2	84cd8501d39dfaa4	Qwen/Qwen3.6-35B-A3B	RefAMR	50	hybrid	2026-09-18T14:01:01Z		local	http://mango.cels.anl.gov:8004/v1	0859c42d923b073a
Clostridioides difficile	rpoB	V1143F	reduced susceptibility to fidaxomicin	reported	29	1		(2023) DOI:10.1093/jac/dkae101		c7606e25-13d8-5320-9a37-719f32e025d4	29	V1143F	Val1143Phe	6d9f78337c6f	mutation	2	84cd8501d39dfaa4	Qwen/Qwen3.6-35B-A3B	RefAMR	50	hybrid	2026-09-18T14:01:01Z		local	http://mango.cels.anl.gov:8004/v1	0859c42d923b073a
Clostridioides difficile	rpoB	Q1074R	reduced susceptibility to fidaxomicin	reported	29	1		(2023) DOI:10.1093/jac/dkae101		c7606e25-13d8-5320-9a37-719f32e025d4	29	Q1074R	Gln1074Arg	6d9f78337c6f	mutation	2	84cd8501d39dfaa4	Qwen/Qwen3.6-35B-A3B	RefAMR	50	hybrid	2026-09-18T14:01:01Z		local	http://mango.cels.anl.gov:8004/v1	0859c42d923b073a
Clostridioides difficile	rpoB	Q1074H	reduced susceptibility to fidaxomicin	reported	29	1		(2023) DOI:10.1093/jac/dkae101		c7606e25-13d8-5320-9a37-719f32e025d4	29	Q1074H	Gln1074His	6d9f78337c6f	mutation	2	84cd8501d39dfaa4	Qwen/Qwen3.6-35B-A3B	RefAMR	50	hybrid	2026-09-18T14:01:01Z		local	http://mango.cels.anl.gov:8004/v1	0859c42d923b073a
Clostridioides difficile	rpoB	Q1074K	reduced susceptibility to fidaxomicin	reported	29	1		(2023) DOI:10.1093/jac/dkae101		c7606e25-13d8-5320-9a37-719f32e025d4	29	Q1074K	Gln1074Lys	6d9f78337c6f	mutation	2	84cd8501d39dfaa4	Qwen/Qwen3.6-35B-A3B	RefAMR	50	hybrid	2026-09-18T14:01:01Z		local	http://mango.cels.anl.gov:8004/v1	0859c42d923b073a
Staphylococcus pseudintermedius	rpoB		Rifampicin resistance	reported	[1]	6	missing:Mutation	(2024) DOI:10.1093/jac/dkaf035		96ff4d92-77ef-5e95-8e06-ddeefb0ae5c4;5557d7df-424b-5e4d-ac9b-ba4b29be0c94;42224b34-effa-5afb-b4e6-52e63e4dd832;dfc90948-f168-5ca5-a677-f638cef245d8;9388c5f1-9071-5790-94ee-22dab509883c;7e49ba25-7dc5-5346-aa7c-746b2c5cde29	1;6;12;16;17;31			a5002d86908a	mutation	2	84cd8501d39dfaa4	Qwen/Qwen3.6-35B-A3B	RefAMR	50	hybrid	2026-09-18T14:01:03Z		local	http://mango.cels.anl.gov:8004/v1	7ed6a1460cc1dbac
Staphylococcus aureus	rpoB	H481N	heterogeneous population of SCV and NCV; rifampin resistance	reported	[17]	2	merged_variants:Phenotype	(2017); (2017)		e34a5d60-1191-5bcf-bc12-5ff8e8a1d468;c854990a-08d0-5e7f-9c9d-ed1f937ce8e2	13;17			cf79a9ac8cbf	mutation	2	84cd8501d39dfaa4	Qwen/Qwen3.6-35B-A3B	RefAMR	50	hybrid	2026-09-18T14:01:04Z		local	http://mango.cels.anl.gov:8004/v1	b65f15b94f230e39
Staphylococcus aureus	rpoB	H481Y	reduced virulence and increased resistance to innate immune responses; rifampin resistance; intermediate resistance to vancomycin	reported	[15]	3	merged_variants:Phenotype	(2017); (2019) DOI:10.1371/journal.ppat.1008672; (2021) DOI:10.3389/fmicb.2021.637656		bb8995f9-310c-5bb9-b433-f1aa897f9b71;0f98eebd-0b50-518a-a646-2103815d1590;e0c93aeb-d875-51f7-af61-491b60e4dd61	14;15;25			cf79a9ac8cbf	mutation	2	84cd8501d39dfaa4	Qwen/Qwen3.6-35B-A3B	RefAMR	50	hybrid	2026-09-18T14:01:04Z		local	http://mango.cels.anl.gov:8004/v1	b65f15b94f230e39
Staphylococcus aureus	rpoB	A477D	persistent infection	reported	[15]	1		(2017)		bb8995f9-310c-5bb9-b433-f1aa897f9b71	15			cf79a9ac8cbf	mutation	2	84cd8501d39dfaa4	Qwen/Qwen3.6-35B-A3B	RefAMR	50	hybrid	2026-09-18T14:01:04Z		local	http://mango.cels.anl.gov:8004/v1	b65f15b94f230e39
Staphylococcus aureus	rpoB	S464P	persistent infection	reported	[15]	1		(2017)		bb8995f9-310c-5bb9-b433-f1aa897f9b71	15			cf79a9ac8cbf	mutation	2	84cd8501d39dfaa4	Qwen/Qwen3.6-35B-A3B	RefAMR	50	hybrid	2026-09-18T14:01:04Z		local	http://mango.cels.anl.gov:8004/v1	b65f15b94f230e39
Staphylococcus aureus	rpoB	N967I	methicillin resistance	reported	[25]	1		(2019) DOI:10.1371/journal.ppat.1008672		0f98eebd-0b50-518a-a646-2103815d1590	25			cf79a9ac8cbf	mutation	2	84cd8501d39dfaa4	Qwen/Qwen3.6-35B-A3B	RefAMR	50	hybrid	2026-09-18T14:01:04Z		local	http://mango.cels.anl.gov:8004/v1	b65f15b94f230e39
Staphylococcus aureus	rpoB	R644H	methicillin resistance	reported	[25]	1		(2019) DOI:10.1371/journal.ppat.1008672		0f98eebd-0b50-518a-a646-2103815d1590	25			cf79a9ac8cbf	mutation	2	84cd8501d39dfaa4	Qwen/Qwen3.6-35B-A3B	RefAMR	50	hybrid	2026-09-18T14:01:04Z		local	http://mango.cels.anl.gov:8004/v1	b65f15b94f230e39
Staphylococcus aureus	rpoB	H929Q	oxacillin resistance	reported	[31]	1		(2019) DOI:10.1371/journal.ppat.1008672		664a00e8-7483-5d91-8322-51ef0b310f45	31			cf79a9ac8cbf	mutation	2	84cd8501d39dfaa4	Qwen/Qwen3.6-35B-A3B	RefAMR	50	hybrid	2026-09-18T14:01:04Z		local	http://mango.cels.anl.gov:8004/v1	b65f15b94f230e39
Staphylococcus aureus	rpoB	A798V	oxacillin sensitivity (when replaced)	reported	[18]	1		(2019) DOI:10.1371/journal.ppat.1008672		ca624cae-ed2b-5fa1-aa54-a569fc61f824	18			cf79a9ac8cbf	mutation	2	84cd8501d39dfaa4	Qwen/Qwen3.6-35B-A3B	RefAMR	50	hybrid	2026-09-18T14:01:04Z		local	http://mango.cels.anl.gov:8004/v1	b65f15b94f230e39
Staphylococcus aureus	rpoB	S875L	oxacillin sensitivity (when replaced)	reported	[18]	1		(2019) DOI:10.1371/journal.ppat.1008672		ca624cae-ed2b-5fa1-aa54-a569fc61f824	18			cf79a9ac8cbf	mutation	2	84cd8501d39dfaa4	Qwen/Qwen3.6-35B-A3B	RefAMR	50	hybrid	2026-09-18T14:01:04Z		local	http://mango.cels.anl.gov:8004/v1	b65f15b94f230e39
Staphylococcus aureus	rpoB		heterogeneous-to-homogeneous conversion of β-lactam resistance; dual heteroresistance to daptomycin and vancomycin; reduced vancomycin susceptibility; hVISA-to-VISA phenotypic conversion; oxacillin resistance	reported	[2]	5	missing:Mutation;merged_variants:Phenotype	(2021) DOI:10.3389/fmicb.2021.749935; (2017); (2017); (2019) DOI:10.1371/journal.ppat.1008672		db468c18-c981-5ee8-b05c-3f542b0397e5;65304403-bec8-5910-81f4-1033cb3ae46c;c5d79fe8-5116-5ec8-814f-03cee81b62ac;9c2e1073-bb6c-5d42-beac-d1155116418c;11f838fe-ae3e-50e5-b7d3-abe752efa979	2;5;10;22;40			cf79a9ac8cbf	mutation	2	84cd8501d39dfaa4	Qwen/Qwen3.6-35B-A3B	RefAMR	50	hybrid	2026-09-18T14:01:04Z		local	http://mango.cels.anl.gov:8004/v1	b65f15b94f230e39
Enterococcus faecium	rpoC	T641K	daptomycin resistance	reported	[18]	3		(2021) DOI:10.3389/fmicb.2021.749935		295740c8-2619-59f1-b1d0-8fd1574f62ae;39e359b2-551d-5341-a828-c0bbd459d235;1ba70c24-3ab7-59d6-88ae-6ca14273f6a3	18;28;34			37c68f20b7a5	mutation	2	84cd8501d39dfaa4	Qwen/Qwen3.6-35B-A3B	RefAMR	50	hybrid	2026-09-18T14:01:06Z		local	http://mango.cels.anl.gov:8004/v1	551a847354ec2feb
Enterococcus faecium	rpoC	R89K	fidaxomicin resistance	reported	[22]	1		(2026) DOI:10.1128/aac.00130-26		e7340e81-4817-5338-a876-39d19dc47d25	22			37c68f20b7a5	mutation	2	84cd8501d39dfaa4	Qwen/Qwen3.6-35B-A3B	RefAMR	50	hybrid	2026-09-18T14:01:06Z		local	http://mango.cels.anl.gov:8004/v1	551a847354ec2feb
Clostridioides difficile	rpoC	R89K	reduced fidaxomicin susceptibility	measured	20	1		(2026) DOI:10.1128/aac.00130-26		d2f3f41a-c53b-58b0-9b32-b914f261035c	20			17a33096b869	mutation	2	84cd8501d39dfaa4	Qwen/Qwen3.6-35B-A3B	RefAMR	50	hybrid	2026-09-18T14:01:07Z		local	http://mango.cels.anl.gov:8004/v1	82eb16099493fc6e
Clostridioides difficile	rpoC	R89G	reduced fidaxomicin susceptibility	reported	36	2		(2026) DOI:10.1128/aac.00130-26; (2019) DOI:10.1128/AAC		e7340e81-4817-5338-a876-39d19dc47d25;7b9d6ae5-7ff0-5059-93f6-ce73a0b0c991	13;36	R89G	R89G	17a33096b869	mutation	2	84cd8501d39dfaa4	Qwen/Qwen3.6-35B-A3B	RefAMR	50	hybrid	2026-09-18T14:01:07Z		local	http://mango.cels.anl.gov:8004/v1	82eb16099493fc6e
Clostridioides difficile	rpoC	R326C	putative reduced fidaxomicin susceptibility	reported	13	1		(2019) DOI:10.1128/AAC		7b9d6ae5-7ff0-5059-93f6-ce73a0b0c991	13	R326C	Arg326Cys	17a33096b869	mutation	2	84cd8501d39dfaa4	Qwen/Qwen3.6-35B-A3B	RefAMR	50	hybrid	2026-09-18T14:01:07Z		local	http://mango.cels.anl.gov:8004/v1	82eb16099493fc6e
Clostridioides difficile	rpoC	T543I		reported	19	1		(2019) DOI:10.1128/AAC		fbcc6a59-0019-5d66-970a-b4fd3562b729	19	T543I	Thr543Ile	17a33096b869	mutation	2	84cd8501d39dfaa4	Qwen/Qwen3.6-35B-A3B	RefAMR	50	hybrid	2026-09-18T14:01:07Z		local	http://mango.cels.anl.gov:8004/v1	82eb16099493fc6e
Clostridioides difficile	rpoC	N564K		reported	19	1		(2019) DOI:10.1128/AAC		fbcc6a59-0019-5d66-970a-b4fd3562b729	19	N564K	Asn564Lys	17a33096b869	mutation	2	84cd8501d39dfaa4	Qwen/Qwen3.6-35B-A3B	RefAMR	50	hybrid	2026-09-18T14:01:07Z		local	http://mango.cels.anl.gov:8004/v1	82eb16099493fc6e
Clostridioides difficile	rpoC	A617S		reported	19	1		(2019) DOI:10.1128/AAC		fbcc6a59-0019-5d66-970a-b4fd3562b729	19	A617S	Ala617Ser	17a33096b869	mutation	2	84cd8501d39dfaa4	Qwen/Qwen3.6-35B-A3B	RefAMR	50	hybrid	2026-09-18T14:01:07Z		local	http://mango.cels.anl.gov:8004/v1	82eb16099493fc6e
Clostridioides difficile	rpoC	I788V		reported	19	1		(2019) DOI:10.1128/AAC		fbcc6a59-0019-5d66-970a-b4fd3562b729	19	I788V	Ile788Val	17a33096b869	mutation	2	84cd8501d39dfaa4	Qwen/Qwen3.6-35B-A3B	RefAMR	50	hybrid	2026-09-18T14:01:07Z		local	http://mango.cels.anl.gov:8004/v1	82eb16099493fc6e
Clostridioides difficile	rpoC	I833L		reported	19	1		(2019) DOI:10.1128/AAC		fbcc6a59-0019-5d66-970a-b4fd3562b729	19	I833L	Ile833Leu	17a33096b869	mutation	2	84cd8501d39dfaa4	Qwen/Qwen3.6-35B-A3B	RefAMR	50	hybrid	2026-09-18T14:01:07Z		local	http://mango.cels.anl.gov:8004/v1	82eb16099493fc6e
Clostridioides difficile	rpoC	P1084T		reported	19	1		(2019) DOI:10.1128/AAC		fbcc6a59-0019-5d66-970a-b4fd3562b729	19	P1084T	Pro1084Thr	17a33096b869	mutation	2	84cd8501d39dfaa4	Qwen/Qwen3.6-35B-A3B	RefAMR	50	hybrid	2026-09-18T14:01:07Z		local	http://mango.cels.anl.gov:8004/v1	82eb16099493fc6e
Clostridioides difficile	rpoC	G733T		reported	6	1		(2023) DOI:10.1128/spectrum.03777-22		a5496e1e-8a9b-5289-856c-37bd54e373b4	6			17a33096b869	mutation	2	84cd8501d39dfaa4	Qwen/Qwen3.6-35B-A3B	RefAMR	50	hybrid	2026-09-18T14:01:07Z		local	http://mango.cels.anl.gov:8004/v1	82eb16099493fc6e
Neisseria gonorrhoeae	rpoD		antimicrobial resistance	reported	[4]	1	missing:Mutation	(2019) DOI:10.7554/eLife.51407		7886c5e0-66b1-5ef3-b61c-b3afb508115c	4			1a8d1eb946d2	mutation	2	84cd8501d39dfaa4	Qwen/Qwen3.6-35B-A3B	RefAMR	50	hybrid	2026-09-18T14:01:08Z		local	http://mango.cels.anl.gov:8004/v1	5b2aa8784df9ea1b
Staphylococcus epidermidis	rpoB	D471E	reduced susceptibility to teicoplanin; rifampicin resistance; reduced susceptibility to vancomycin	reported	[5]	4	merged_variants:Phenotype	(2021) DOI:10.3389/fmicb.2021.637656; (2024) DOI:10.1093/jac/dkaf035		c56a5954-f289-5082-99b4-8eede009f73b;6220c599-2000-5503-93f6-477c16f6b193	5;10			66c086b6692e	mutation	2	84cd8501d39dfaa4	Qwen/Qwen3.6-35B-A3B	RefAMR	50	hybrid	2026-09-18T14:01:08Z		local	http://mango.cels.anl.gov:8004/v1	ec4926fbf06e797b
Staphylococcus epidermidis	rpoB	I527M	reduced susceptibility to teicoplanin; rifampicin resistance; reduced susceptibility to vancomycin	reported	[5]	4	merged_variants:Phenotype	(2021) DOI:10.3389/fmicb.2021.637656; (2024) DOI:10.1093/jac/dkaf035		c56a5954-f289-5082-99b4-8eede009f73b;6220c599-2000-5503-93f6-477c16f6b193	5;10			66c086b6692e	mutation	2	84cd8501d39dfaa4	Qwen/Qwen3.6-35B-A3B	RefAMR	50	hybrid	2026-09-18T14:01:08Z		local	http://mango.cels.anl.gov:8004/v1	ec4926fbf06e797b
Staphylococcus epidermidis	rpoB	H481Y	rifampicin resistance	reported	[10]	3		(2024) DOI:10.1093/jac/dkaf035		7e3c1ada-251e-5df8-b06e-4948f00659b1;6220c599-2000-5503-93f6-477c16f6b193	8;10			66c086b6692e	mutation	2	84cd8501d39dfaa4	Qwen/Qwen3.6-35B-A3B	RefAMR	50	hybrid	2026-09-18T14:01:08Z		local	http://mango.cels.anl.gov:8004/v1	ec4926fbf06e797b
Staphylococcus epidermidis	rpoB	D471Y	rifampicin resistance	reported	[8]	2		(2024) DOI:10.1093/jac/dkaf035		7e3c1ada-251e-5df8-b06e-4948f00659b1;3df2cecb-58d3-5d58-aafa-d6d184a526f6	8;42			66c086b6692e	mutation	2	84cd8501d39dfaa4	Qwen/Qwen3.6-35B-A3B	RefAMR	50	hybrid	2026-09-18T14:01:08Z		local	http://mango.cels.anl.gov:8004/v1	ec4926fbf06e797b
Staphylococcus epidermidis	rpoB	Q468K	rifampicin resistance	reported	[8]	2		(2024) DOI:10.1093/jac/dkaf035		7e3c1ada-251e-5df8-b06e-4948f00659b1;3df2cecb-58d3-5d58-aafa-d6d184a526f6	8;42			66c086b6692e	mutation	2	84cd8501d39dfaa4	Qwen/Qwen3.6-35B-A3B	RefAMR	50	hybrid	2026-09-18T14:01:08Z		local	http://mango.cels.anl.gov:8004/v1	ec4926fbf06e797b
Staphylococcus epidermidis	rpoB	H481N	rifampicin resistance	reported	[8]	2		(2024) DOI:10.1093/jac/dkaf035		7e3c1ada-251e-5df8-b06e-4948f00659b1;3df2cecb-58d3-5d58-aafa-d6d184a526f6	8;42			66c086b6692e	mutation	2	84cd8501d39dfaa4	Qwen/Qwen3.6-35B-A3B	RefAMR	50	hybrid	2026-09-18T14:01:08Z		local	http://mango.cels.anl.gov:8004/v1	ec4926fbf06e797b
Staphylococcus epidermidis	rpoB	H481Y/L466S	rifampicin resistance	reported	[8]	1		(2024) DOI:10.1093/jac/dkaf035		7e3c1ada-251e-5df8-b06e-4948f00659b1	8			66c086b6692e	mutation	2	84cd8501d39dfaa4	Qwen/Qwen3.6-35B-A3B	RefAMR	50	hybrid	2026-09-18T14:01:08Z		local	http://mango.cels.anl.gov:8004/v1	ec4926fbf06e797b
Staphylococcus epidermidis	rpoB	H481N/L466S	rifampicin resistance	reported	[8]	1		(2024) DOI:10.1093/jac/dkaf035		7e3c1ada-251e-5df8-b06e-4948f00659b1	8			66c086b6692e	mutation	2	84cd8501d39dfaa4	Qwen/Qwen3.6-35B-A3B	RefAMR	50	hybrid	2026-09-18T14:01:08Z		local	http://mango.cels.anl.gov:8004/v1	ec4926fbf06e797b
Staphylococcus epidermidis	rpoB	Q468L	rifampicin resistance	reported	[22]	2		(2024) DOI:10.1093/jac/dkaf035		467922eb-7e94-5342-9df2-b3227ddc7b59;3df2cecb-58d3-5d58-aafa-d6d184a526f6	22;42			66c086b6692e	mutation	2	84cd8501d39dfaa4	Qwen/Qwen3.6-35B-A3B	RefAMR	50	hybrid	2026-09-18T14:01:08Z		local	http://mango.cels.anl.gov:8004/v1	ec4926fbf06e797b
Staphylococcus epidermidis	rpoB	H481C	rifampicin resistance	reported	[22]	2		(2024) DOI:10.1093/jac/dkaf035		467922eb-7e94-5342-9df2-b3227ddc7b59;3df2cecb-58d3-5d58-aafa-d6d184a526f6	22;42			66c086b6692e	mutation	2	84cd8501d39dfaa4	Qwen/Qwen3.6-35B-A3B	RefAMR	50	hybrid	2026-09-18T14:01:08Z		local	http://mango.cels.anl.gov:8004/v1	ec4926fbf06e797b
Staphylococcus epidermidis	rpoB	H481N/S529L	rifampicin resistance	reported	[22]	1		(2024) DOI:10.1093/jac/dkaf035		467922eb-7e94-5342-9df2-b3227ddc7b59	22			66c086b6692e	mutation	2	84cd8501d39dfaa4	Qwen/Qwen3.6-35B-A3B	RefAMR	50	hybrid	2026-09-18T14:01:08Z		local	http://mango.cels.anl.gov:8004/v1	ec4926fbf06e797b
Staphylococcus aureus	rpoC	G740R	Conversion of hVISA to slow VISA; Increased oxacillin resistance	reported	[5]	2	merged_variants:Phenotype	(2019) DOI:10.1371/journal.ppat.1008672		9c2e1073-bb6c-5d42-beac-d1155116418c;0717c405-aab8-50bf-8c94-ff2e4fe2d93a	5;8			533b6dc9d83b	mutation	2	84cd8501d39dfaa4	Qwen/Qwen3.6-35B-A3B	RefAMR	50	hybrid	2026-09-18T14:01:08Z		local	http://mango.cels.anl.gov:8004/v1	6ac6cc4c8a3b6a8f
Staphylococcus aureus	rpoC	T641K	Daptomycin resistance	reported	[26]	2		(2021) DOI:10.3389/fmicb.2021.749935		295740c8-2619-59f1-b1d0-8fd1574f62ae;39e359b2-551d-5341-a828-c0bbd459d235	26;39			533b6dc9d83b	mutation	2	84cd8501d39dfaa4	Qwen/Qwen3.6-35B-A3B	RefAMR	50	hybrid	2026-09-18T14:01:08Z		local	http://mango.cels.anl.gov:8004/v1	6ac6cc4c8a3b6a8f
Acinetobacter baumannii	rpsJ		tigecycline resistance	reported	[3]	2	missing:Mutation	(2015) DOI:10.1371/journal.pone.0140489		fba02b79-326d-5c3a-9882-eda66c5112a9;8cde6fe7-cfea-5a12-b73a-afb9cb1e4619	3;10			473a1e9a36e7	mutation	2	84cd8501d39dfaa4	Qwen/Qwen3.6-35B-A3B	RefAMR	50	hybrid	2026-09-18T14:01:09Z		local	http://mango.cels.anl.gov:8004/v1	496bf11585c95ef0
Enterococcus faecalis	rpsJ		tigecycline resistance	reported	[2]	5	missing:Mutation	(2023) DOI:10.1093/jac/dkad174; (2021) DOI:10.3389/fmicb.2021.663835		737a369c-9a69-5034-90f0-c5b402343853;7e82d210-4781-55f7-806d-5290e14b16da;96ac5c18-c45e-542d-99f8-3904fda2fafc;b6b57e95-10cb-52a9-9c5c-6f917f0872c9;40b00985-5715-5413-9651-05c6eda88e03	2;4;6;20;40			03a234b6b8a1	mutation	2	84cd8501d39dfaa4	Qwen/Qwen3.6-35B-A3B	RefAMR	50	hybrid	2026-09-18T14:01:11Z		local	http://mango.cels.anl.gov:8004/v1	1fc8f9ea05db19ec
Enterococcus faecium	rpsJ		Tigecycline resistance	reported	[3]	4	missing:Mutation	(2023) DOI:10.1093/jac/dkad174; (2015) DOI:10.1371/journal.pone.0140489; (2021) DOI:10.3389/fmicb.2021.663835		737a369c-9a69-5034-90f0-c5b402343853;7e82d210-4781-55f7-806d-5290e14b16da;91910222-cf44-5e2d-b065-4fdf18a2892d;40b00985-5715-5413-9651-05c6eda88e03	3;7;11;40			16c0c8d46e22	mutation	2	84cd8501d39dfaa4	Qwen/Qwen3.6-35B-A3B	RefAMR	50	hybrid	2026-09-18T14:01:11Z		local	http://mango.cels.anl.gov:8004/v1	d4074e86459564b3
Neisseria gonorrhoeae	rpsJ	point mutation	High-level chromosomally mediated tetracycline resistance	reported	[1]	4		(2010) DOI:10.1186/1471-2334-10-323; (2021) DOI:10.3389/fmicb.2021.663835; (2015) DOI:10.1371/journal.pone.0140489		25afaea0-210b-5996-aa48-2b87bcebac94;cd1a0c33-266d-59eb-9824-4c35daf02f6e;b6b57e95-10cb-52a9-9c5c-6f917f0872c9;ca8346e6-33d6-511a-aee3-924dff6673c5	1;2;3;9			224ce9e293c7	mutation	2	84cd8501d39dfaa4	Qwen/Qwen3.6-35B-A3B	RefAMR	50	hybrid	2026-09-18T14:01:13Z		local	http://mango.cels.anl.gov:8004/v1	944a4a6620a24470
Klebsiella pneumoniae	rpsJ		tigecycline resistance	reported	[1]	5	missing:Mutation	(2021) DOI:10.3389/fmicb.2021.663835; (2023) DOI:10.1093/jac/dkad174; (2015) DOI:10.1371/journal.pone.0140489		96ac5c18-c45e-542d-99f8-3904fda2fafc;b6b57e95-10cb-52a9-9c5c-6f917f0872c9;d8b183d9-7f8f-51f8-a9fd-23118b3569f6;7e82d210-4781-55f7-806d-5290e14b16da;91910222-cf44-5e2d-b065-4fdf18a2892d	1;4;6;16;26			97c191a1e860	mutation	2	84cd8501d39dfaa4	Qwen/Qwen3.6-35B-A3B	RefAMR	50	hybrid	2026-09-18T14:01:13Z		local	http://mango.cels.anl.gov:8004/v1	4218357d537702fd
Escherichia	rpsJ	V57I	tigecycline resistance	reported	[29]	2		(2025) DOI:10.3389/fphar.2025.1570278; (2021) DOI:10.3389/fmicb.2021.663835		64bdc89a-30fe-5548-ad89-ccd47d5001cf;1ea34322-db8a-56c6-9072-023693e330d8	21;29			52ef17553834	mutation	2	84cd8501d39dfaa4	Qwen/Qwen3.6-35B-A3B	RefAMR	50	hybrid	2026-09-18T14:01:13Z		local	http://mango.cels.anl.gov:8004/v1	18f30687dec5fd5c
Escherichia	rpsJ	Y58D	tetracycline resistance	reported	[13]	1		(2023) DOI:10.1093/jac/dkad174		e5eb4f74-6adc-5c52-9669-7696227a7339	13			52ef17553834	mutation	2	84cd8501d39dfaa4	Qwen/Qwen3.6-35B-A3B	RefAMR	50	hybrid	2026-09-18T14:01:13Z		local	http://mango.cels.anl.gov:8004/v1	18f30687dec5fd5c
Escherichia	rpsJ		tigecycline resistance	reported	[12]	10	missing:Mutation	(2021) DOI:10.3389/fmicb.2021.663835; (2015) DOI:10.1371/journal.pone.0140489; (2023) DOI:10.1093/jac/dkad174; (2020) DOI:10.1099/mgen.0.000553		d8b183d9-7f8f-51f8-a9fd-23118b3569f6;b6b57e95-10cb-52a9-9c5c-6f917f0872c9;fba02b79-326d-5c3a-9882-eda66c5112a9;91910222-cf44-5e2d-b065-4fdf18a2892d;7e82d210-4781-55f7-806d-5290e14b16da;eadba168-97ff-5d0c-987e-553cd251f39c;737a369c-9a69-5034-90f0-c5b402343853;c7340c90-77b6-5542-a6d5-a1d9fe5f22e3;38916404-5079-5d4a-8fde-a3a9cf111036;7c3278fe-de4a-5f49-8481-97d8efc5e5e0	1;6;8;10;12;15;16;20;25;26			52ef17553834	mutation	2	84cd8501d39dfaa4	Qwen/Qwen3.6-35B-A3B	RefAMR	50	hybrid	2026-09-18T14:01:13Z		local	http://mango.cels.anl.gov:8004/v1	18f30687dec5fd5c
Escherichia	rpsL	K43R	streptomycin resistance	reported	[3]	3		(2023) DOI:10.1093/molbev/msae086		92dec2f3-17ba-50d2-9f4a-3b70203a0ee1;7c2af565-790a-5207-af0a-ac285860353b;06b77226-b62d-5c11-ae6b-ec12f4fea1f8	3;4;7			ee1df31318c1	mutation	2	84cd8501d39dfaa4	Qwen/Qwen3.6-35B-A3B	RefAMR	50	hybrid	2026-09-18T14:01:14Z		local	http://mango.cels.anl.gov:8004/v1	dc3fd5eeefd6f4c7
Campylobacter	rpsL	K43R	streptomycin resistance	measured	[3]	3		(2023) DOI:10.1093/molbev/msae086		7c2af565-790a-5207-af0a-ac285860353b;92dec2f3-17ba-50d2-9f4a-3b70203a0ee1;06b77226-b62d-5c11-ae6b-ec12f4fea1f8	3;5;9			652a9ed0bda1	mutation	2	84cd8501d39dfaa4	Qwen/Qwen3.6-35B-A3B	RefAMR	50	hybrid	2026-09-18T14:01:14Z		local	http://mango.cels.anl.gov:8004/v1	9ff754eef85daa67
Staphylococcus aureus	rpsJ		tigecycline resistance	reported	[3]	4	missing:Mutation	(2021) DOI:10.3389/fmicb.2021.663835; (2023) DOI:10.1093/jac/dkad174; (2015) DOI:10.1371/journal.pone.0140489		61d96934-9333-5b3f-8528-c1f5be75bc1d;7e82d210-4781-55f7-806d-5290e14b16da;737a369c-9a69-5034-90f0-c5b402343853;91910222-cf44-5e2d-b065-4fdf18a2892d	3;10;14;18			f0dccddf5d80	mutation	2	84cd8501d39dfaa4	Qwen/Qwen3.6-35B-A3B	RefAMR	50	hybrid	2026-09-18T14:01:15Z		local	http://mango.cels.anl.gov:8004/v1	b349b4ec926f3419
Salmonella enterica	soxR	soxRS-constitutive	multiple antibiotic resistance	reported	[8]	1		(2019) DOI:10.1371/journal.pntd.0007868		f6e7f6e7-feda-5b4a-a3a5-db75e05b70fe	8			4df0821a0a8e	mutation	2	84cd8501d39dfaa4	Qwen/Qwen3.6-35B-A3B	RefAMR	50	hybrid	2026-09-18T14:01:16Z		local	http://mango.cels.anl.gov:8004/v1	3fc58ebbc9bd261d
Escherichia	soxR	soxRS-constitutive	multiple antibiotic resistance	reported	[7]	1		[7]		91e8ea70-a694-5e64-93f2-fd6f9a116d77	7			79c787b8c155	mutation	2	84cd8501d39dfaa4	Qwen/Qwen3.6-35B-A3B	RefAMR	50	hybrid	2026-09-18T14:01:16Z		local	http://mango.cels.anl.gov:8004/v1	fcdeb9bda0b736c6
Klebsiella pneumoniae	cirA	CirAY253CfsTer5	cefiderocol resistance	reported	30	1	off_target_gene	(2022) DOI:10.2807/1560-7917.ES.2022.27.43.2200795		c846e13f-94b1-5b34-9668-5f7d44dbba86	30			eba0b30f1aea	mutation	2	84cd8501d39dfaa4	Qwen/Qwen3.6-35B-A3B	RefAMR	50	hybrid	2026-09-18T14:01:17Z		local	http://mango.cels.anl.gov:8004/v1	94e53a29b930a8c7
Salmonella	soxS	soxRS-constitutive mutation	multiple antibiotic resistance	reported	[2]	1		[2]		91e8ea70-a694-5e64-93f2-fd6f9a116d77	2			be81a37d064b	mutation	2	84cd8501d39dfaa4	Qwen/Qwen3.6-35B-A3B	RefAMR	50	hybrid	2026-09-18T14:01:17Z		local	http://mango.cels.anl.gov:8004/v1	918e40f18616958f
Escherichia	soxS		Antimicrobial resistance	Reported	[2]	4	missing:Mutation	(2018) DOI:10.2147/IDR.S179618; (2020) DOI:10.1099/mgen.0.000553		3c040894-b7b6-50f8-8196-a4c1782cc7f5;9cfbc219-abf8-5277-a40d-0addd0d24692;f8d9e74d-41e8-522f-a14c-6bdc0dfdc445;ac40c28c-4a85-5b2a-967e-7afb6ac4e2af	2;10;14;32			0398e9985162	mutation	2	84cd8501d39dfaa4	Qwen/Qwen3.6-35B-A3B	RefAMR	50	hybrid	2026-09-18T14:01:18Z		local	http://mango.cels.anl.gov:8004/v1	cb0253d1282567ae
Escherichia	tufA		antimicrobial resistance	reported	1	1	missing:Mutation	(2020) DOI:10.1099/mgen.0.000553		7c3278fe-de4a-5f49-8481-97d8efc5e5e0	1			148c73653569	mutation	2	84cd8501d39dfaa4	Qwen/Qwen3.6-35B-A3B	RefAMR	50	hybrid	2026-09-18T14:01:18Z		local	http://mango.cels.anl.gov:8004/v1	96c1ba887016a96e
Escherichia	uhpT		Antimicrobial resistance (fosfomycin); antimicrobial resistance	reported	1	10	missing:Mutation;merged_variants:Phenotype;off_target_gene	(2020) DOI:10.1099/mgen.0.000553; (2021) DOI:10.1099/mgen.0.000702; (2022) DOI:10.1093/jac/dkac236; (2020) DOI:10.1186/s13756-020-00790-x; (2015) DOI:10.3389/fmicb.2015.01544; (2017) DOI:10.3389/fmicb.2017.00914		7c3278fe-de4a-5f49-8481-97d8efc5e5e0;7d928271-9217-54e5-8fb2-cff296171699;6b54ddd0-d8de-5069-95e1-0c4cbb92dde8;107e0f9d-beed-5644-8ab8-84e7ae788e84;29f44462-01ba-5d58-9da4-a158d4f1a158;20221a26-cdc0-5f0f-b85e-100b56671645;93f660f8-819f-5bee-9b0d-68e012f0ae71;cbe02c4d-f49c-5076-95cb-3d2cd566be6e;12aea5e1-60b7-581d-8e95-0c3d86fc25fb;b4bc0b5c-40a5-5e7e-accd-02e00bb7918e	1;3;21;22;31;33;34;38;39;44			7945eca3fc53	mutation	2	84cd8501d39dfaa4	Qwen/Qwen3.6-35B-A3B	RefAMR	50	hybrid	2026-09-18T14:01:20Z		local	http://mango.cels.anl.gov:8004/v1	68a52d5e07eb0253
Clostridioides difficile	vanR	T115A	Reduced vancomycin susceptibility	reported	[4]	5	off_target_gene;merged_variants:Assertion	(2023) DOI:10.1093/jac/dkae101		be9ee7ea-9a04-5d34-890f-376e340f5b9d;d87b094e-2cad-5d59-aa2b-23e856bb999f;a6beb7a9-e62e-5d9b-9415-3da1b5c3ccb7;8445a6e2-6c64-54ba-8ca6-7324aca0a9e5;dcc2bee2-2a9a-50d1-9213-9644cf239ab7	4;8;27;42;45	T115A	p.T115A	21bf354d0134	mutation	2	84cd8501d39dfaa4	Qwen/Qwen3.6-35B-A3B	RefAMR	50	hybrid	2026-09-18T14:01:21Z		local	http://mango.cels.anl.gov:8004/v1	7a4019ecab875d6a
Clostridioides difficile	vanS	T349I	reduced vancomycin susceptibility	reported	[14]	3	off_target_gene	(2023) DOI:10.1093/jac/dkae101		58e65a14-e70d-56d3-b35e-d7f751a49bfc;480a93cc-c3d5-5a13-9e27-351a63eb3bba;8445a6e2-6c64-54ba-8ca6-7324aca0a9e5	14;28;42	T349I	vanS-p.T349I	243c508cb317	mutation	2	84cd8501d39dfaa4	Qwen/Qwen3.6-35B-A3B	RefAMR	50	hybrid	2026-09-18T14:01:24Z		local	http://mango.cels.anl.gov:8004/v1	3233dccb1a42caca
Clostridioides difficile	vanS	R314L	reduced vancomycin susceptibility	reported	[42]	1	off_target_gene	(2023) DOI:10.1093/jac/dkae101		8445a6e2-6c64-54ba-8ca6-7324aca0a9e5	42	R314L	vanS-p.R314L	243c508cb317	mutation	2	84cd8501d39dfaa4	Qwen/Qwen3.6-35B-A3B	RefAMR	50	hybrid	2026-09-18T14:01:24Z		local	http://mango.cels.anl.gov:8004/v1	3233dccb1a42caca
Clostridioides difficile	vanS	R314H	reduced vancomycin susceptibility	reported; measured	[42]	2	off_target_gene;merged_variants:Assertion	(2023) DOI:10.1093/jac/dkae101		8445a6e2-6c64-54ba-8ca6-7324aca0a9e5;dcc2bee2-2a9a-50d1-9213-9644cf239ab7	42;45	R314H	vanS-p.R314H	243c508cb317	mutation	2	84cd8501d39dfaa4	Qwen/Qwen3.6-35B-A3B	RefAMR	50	hybrid	2026-09-18T14:01:24Z		local	http://mango.cels.anl.gov:8004/v1	3233dccb1a42caca
Clostridioides difficile	vanS	S313F	reduced vancomycin susceptibility	reported	[42]	1	off_target_gene	(2023) DOI:10.1093/jac/dkae101		8445a6e2-6c64-54ba-8ca6-7324aca0a9e5	42	S313F	vanS-p.S313F	243c508cb317	mutation	2	84cd8501d39dfaa4	Qwen/Qwen3.6-35B-A3B	RefAMR	50	hybrid	2026-09-18T14:01:24Z		local	http://mango.cels.anl.gov:8004/v1	3233dccb1a42caca
Clostridioides difficile	vanS	G319D	reduced vancomycin susceptibility	reported; measured	[42]	2	off_target_gene;merged_variants:Assertion	(2023) DOI:10.1093/jac/dkae101		8445a6e2-6c64-54ba-8ca6-7324aca0a9e5;dcc2bee2-2a9a-50d1-9213-9644cf239ab7	42;45	G319D	vanS-p.G319D	243c508cb317	mutation	2	84cd8501d39dfaa4	Qwen/Qwen3.6-35B-A3B	RefAMR	50	hybrid	2026-09-18T14:01:24Z		local	http://mango.cels.anl.gov:8004/v1	3233dccb1a42caca
Staphylococcus aureus	uhpT	deletion of 27T	fosfomycin resistance	reported	[8]	1		(2022) DOI:10.1093/jac/dkac236		12b84385-4fc0-59cd-b31c-29c292cfd943	8			4e495aad086c	mutation	2	84cd8501d39dfaa4	Qwen/Qwen3.6-35B-A3B	RefAMR	50	hybrid	2026-09-18T14:01:25Z		local	http://mango.cels.anl.gov:8004/v1	853c3dbccc246abe
Staphylococcus aureus	uhpT	TypeAuhpT	fosfomycin resistance	reported	[12]	1		(2015) DOI:10.3389/fmicb.2015.01544		cfe0ea62-62ea-574e-979a-80f8f8995ce9	12			4e495aad086c	mutation	2	84cd8501d39dfaa4	Qwen/Qwen3.6-35B-A3B	RefAMR	50	hybrid	2026-09-18T14:01:25Z		local	http://mango.cels.anl.gov:8004/v1	853c3dbccc246abe
Staphylococcus aureus	uhpT	TypeBuhpT	fosfomycin resistance	reported	[12]	1		(2015) DOI:10.3389/fmicb.2015.01544		cfe0ea62-62ea-574e-979a-80f8f8995ce9	12			4e495aad086c	mutation	2	84cd8501d39dfaa4	Qwen/Qwen3.6-35B-A3B	RefAMR	50	hybrid	2026-09-18T14:01:25Z		local	http://mango.cels.anl.gov:8004/v1	853c3dbccc246abe
Staphylococcus aureus	uhpT	TypeCuhpT	fosfomycin resistance	reported	[12]	2		(2015) DOI:10.3389/fmicb.2015.01544		cfe0ea62-62ea-574e-979a-80f8f8995ce9;12aea5e1-60b7-581d-8e95-0c3d86fc25fb	12;45			4e495aad086c	mutation	2	84cd8501d39dfaa4	Qwen/Qwen3.6-35B-A3B	RefAMR	50	hybrid	2026-09-18T14:01:25Z		local	http://mango.cels.anl.gov:8004/v1	853c3dbccc246abe
Staphylococcus aureus	uhpT	TypeDuhpT	fosfomycin resistance	reported	[12]	2		(2015) DOI:10.3389/fmicb.2015.01544		cfe0ea62-62ea-574e-979a-80f8f8995ce9;12aea5e1-60b7-581d-8e95-0c3d86fc25fb	12;45			4e495aad086c	mutation	2	84cd8501d39dfaa4	Qwen/Qwen3.6-35B-A3B	RefAMR	50	hybrid	2026-09-18T14:01:25Z		local	http://mango.cels.anl.gov:8004/v1	853c3dbccc246abe
Staphylococcus aureus	uhpT	TypeEuhpT	fosfomycin resistance	reported	[12]	1		(2015) DOI:10.3389/fmicb.2015.01544		cfe0ea62-62ea-574e-979a-80f8f8995ce9	12			4e495aad086c	mutation	2	84cd8501d39dfaa4	Qwen/Qwen3.6-35B-A3B	RefAMR	50	hybrid	2026-09-18T14:01:25Z		local	http://mango.cels.anl.gov:8004/v1	853c3dbccc246abe
Staphylococcus aureus	uhpT	TypeFuhpT	fosfomycin resistance	reported	[12]	1		(2015) DOI:10.3389/fmicb.2015.01544		cfe0ea62-62ea-574e-979a-80f8f8995ce9	12			4e495aad086c	mutation	2	84cd8501d39dfaa4	Qwen/Qwen3.6-35B-A3B	RefAMR	50	hybrid	2026-09-18T14:01:25Z		local	http://mango.cels.anl.gov:8004/v1	853c3dbccc246abe
Staphylococcus aureus	uhpT	TypeGuhpT	fosfomycin resistance	reported	[12]	2		(2015) DOI:10.3389/fmicb.2015.01544		cfe0ea62-62ea-574e-979a-80f8f8995ce9;12aea5e1-60b7-581d-8e95-0c3d86fc25fb	12;45			4e495aad086c	mutation	2	84cd8501d39dfaa4	Qwen/Qwen3.6-35B-A3B	RefAMR	50	hybrid	2026-09-18T14:01:25Z		local	http://mango.cels.anl.gov:8004/v1	853c3dbccc246abe
Staphylococcus aureus	uhpT	TypeHuhpT	fosfomycin resistance	reported	[12]	2		(2015) DOI:10.3389/fmicb.2015.01544		cfe0ea62-62ea-574e-979a-80f8f8995ce9;12aea5e1-60b7-581d-8e95-0c3d86fc25fb	12;45			4e495aad086c	mutation	2	84cd8501d39dfaa4	Qwen/Qwen3.6-35B-A3B	RefAMR	50	hybrid	2026-09-18T14:01:25Z		local	http://mango.cels.anl.gov:8004/v1	853c3dbccc246abe
Staphylococcus aureus	uhpT	TypeIuhpT	fosfomycin resistance	reported	[21]	2		(2020) DOI:10.1186/s13756-020-00790-x		93f660f8-819f-5bee-9b0d-68e012f0ae71	21			4e495aad086c	mutation	2	84cd8501d39dfaa4	Qwen/Qwen3.6-35B-A3B	RefAMR	50	hybrid	2026-09-18T14:01:25Z		local	http://mango.cels.anl.gov:8004/v1	853c3dbccc246abe
Staphylococcus aureus	uhpT	deletion	fosfomycin resistance	measured	[5]	11		(2017) DOI:10.3389/fmicb.2017.00914; (2022) DOI:10.1093/jac/dkac236		723893b2-3aa9-5842-a8b5-da7a425311bf;fbeaafb3-67d0-513b-b757-5c4b16e0de03;0873189d-b7b6-5fd0-b0ac-f558ffd569c6;63195b67-edd0-583c-a08f-f4c7195fecaa;a3dc111a-92ec-5165-a6df-f5999ac36af1;f93280e2-40a4-5419-9ae6-c24a6fcb25dc;78e193f9-9df7-578d-8114-5eab0cbd43b6;aa0d5e65-3419-51d5-9eaf-ae11bd0aec84;107e0f9d-beed-5644-8ab8-84e7ae788e84;9ea26da2-4136-530c-8fdb-d2fcbe1d703d;29f44462-01ba-5d58-9da4-a158d4f1a158	5;14;16;23;29;41;43;44;46;47;50			4e495aad086c	mutation	2	84cd8501d39dfaa4	Qwen/Qwen3.6-35B-A3B	RefAMR	50	hybrid	2026-09-18T14:01:25Z		local	http://mango.cels.anl.gov:8004/v1	853c3dbccc246abe
Staphylococcus aureus	walK		Antimicrobial resistance	reported	6	5	missing:Mutation	(2021) DOI:10.3389/fmicb.2021.637656; (2018) DOI:10.3389/fmicb.2018.01086; (2018) DOI:10.3389/fmicb.2018.02705; (2025) DOI:10.1186/s12866-025-03935-3		ca086d01-387d-5268-acd6-1fd6446f79d0;681355fb-22a6-5a2c-bb0b-576cd749333f;21661aae-a01e-5970-81b4-9bfe08ee5288;453a9a0e-9130-5c2a-a96c-c6a96bdb7479;57510552-06ae-5620-baad-5e6fd3fbdc52	6;14;29;32;39			45de9e16b39d	mutation	2	84cd8501d39dfaa4	Qwen/Qwen3.6-35B-A3B	RefAMR	50	hybrid	2026-09-18T14:01:26Z		local	http://mango.cels.anl.gov:8004/v1	ceb74e443b922c5e
Staphylococcus aureus	vraS		Antimicrobial resistance	reported	[4]	10	missing:Mutation	(2025) DOI:10.1128/spectrum.00095-25; (2021) DOI:10.3389/fmicb.2021.637656; (2018) DOI:10.3389/fmicb.2018.02705		0fc1e7d4-67a2-5bec-a8f8-35d185dd8aa4;7988b061-4d7f-5293-b0d5-325b4ba4a272;e28b345d-50a3-5f2a-843b-a05de42d8e25;730337ff-402e-5b1f-80c1-adbcfbf0c5c4;81fa5010-22bb-5cd1-beae-6a6f242d327e;ab0dbd22-a91e-54e6-b9fa-2d9937194c2d;e51a226b-8e25-5233-bfe3-07f5aa82f7a2;da8ff725-15d3-5ea0-b738-5f2460783c80;71888bb5-aed6-53a6-9d8d-518d589b5723;1ddd4203-0ce9-5527-bcfd-27ecf0e4faba	4;8;12;14;21;22;28;44;46;48			b45c010fd503	mutation	2	84cd8501d39dfaa4	Qwen/Qwen3.6-35B-A3B	RefAMR	50	hybrid	2026-09-18T14:01:26Z		local	http://mango.cels.anl.gov:8004/v1	2c83b8ae787134c3
Neisseria gonorrhoeae	porB1b	G120K	resistance to penicillin and tetracycline	measured	[1]	41		(2010) DOI:10.1186/1471-2334-10-323		1a360a2a-b5fc-5217-b4d5-25f31969e946;629e6dfd-6108-5a80-936c-512f5feec982;120a5014-dcc7-5d18-b071-d22626b7c7b6;309c0365-0922-55e6-aade-526f0bf9dd3e	1;8;17;33			11d16e6db94c	mutation	2	84cd8501d39dfaa4	Qwen/Qwen3.6-35B-A3B	RefAMR	50	hybrid	2026-09-18T14:01:40Z		local	http://mango.cels.anl.gov:8004/v1	e9e85ae96d2c573a
Neisseria gonorrhoeae	porB1b	A121D	resistance to penicillin and tetracycline	measured	[1]	77		(2010) DOI:10.1186/1471-2334-10-323		1a360a2a-b5fc-5217-b4d5-25f31969e946;629e6dfd-6108-5a80-936c-512f5feec982;120a5014-dcc7-5d18-b071-d22626b7c7b6;309c0365-0922-55e6-aade-526f0bf9dd3e	1;8;17;33			11d16e6db94c	mutation	2	84cd8501d39dfaa4	Qwen/Qwen3.6-35B-A3B	RefAMR	50	hybrid	2026-09-18T14:01:40Z		local	http://mango.cels.anl.gov:8004/v1	e9e85ae96d2c573a
Neisseria gonorrhoeae	porB1b	A121G	resistance to penicillin and tetracycline	measured	[8]	39		(2010) DOI:10.1186/1471-2334-10-323		629e6dfd-6108-5a80-936c-512f5feec982;120a5014-dcc7-5d18-b071-d22626b7c7b6	8;17			11d16e6db94c	mutation	2	84cd8501d39dfaa4	Qwen/Qwen3.6-35B-A3B	RefAMR	50	hybrid	2026-09-18T14:01:40Z		local	http://mango.cels.anl.gov:8004/v1	e9e85ae96d2c573a
Neisseria gonorrhoeae	porB1b	G120N	resistance to penicillin and tetracycline	measured	[8]	38		(2010) DOI:10.1186/1471-2334-10-323		629e6dfd-6108-5a80-936c-512f5feec982;120a5014-dcc7-5d18-b071-d22626b7c7b6	8;17			11d16e6db94c	mutation	2	84cd8501d39dfaa4	Qwen/Qwen3.6-35B-A3B	RefAMR	50	hybrid	2026-09-18T14:01:40Z		local	http://mango.cels.anl.gov:8004/v1	e9e85ae96d2c573a
Neisseria gonorrhoeae	porB1b	A121 deletion	resistance to penicillin and tetracycline	measured	[2]	2		(2010) DOI:10.1186/1471-2334-10-323		e0105aa6-beef-55ca-af3d-8fea8e84a72b;321810e8-8b46-51f8-a39e-f140b420752b	2;22			11d16e6db94c	mutation	2	84cd8501d39dfaa4	Qwen/Qwen3.6-35B-A3B	RefAMR	50	hybrid	2026-09-18T14:01:40Z		local	http://mango.cels.anl.gov:8004/v1	e9e85ae96d2c573a
Neisseria gonorrhoeae	porB1b	N122 deletion	resistance to penicillin and tetracycline	measured	[2]	2		(2010) DOI:10.1186/1471-2334-10-323		e0105aa6-beef-55ca-af3d-8fea8e84a72b;321810e8-8b46-51f8-a39e-f140b420752b	2;22			11d16e6db94c	mutation	2	84cd8501d39dfaa4	Qwen/Qwen3.6-35B-A3B	RefAMR	50	hybrid	2026-09-18T14:01:40Z		local	http://mango.cels.anl.gov:8004/v1	e9e85ae96d2c573a
Neisseria gonorrhoeae	porB1b	G120D	resistance to penicillin and tetracycline	measured	[17]	37		(2010) DOI:10.1186/1471-2334-10-323		120a5014-dcc7-5d18-b071-d22626b7c7b6	17			11d16e6db94c	mutation	2	84cd8501d39dfaa4	Qwen/Qwen3.6-35B-A3B	RefAMR	50	hybrid	2026-09-18T14:01:40Z		local	http://mango.cels.anl.gov:8004/v1	e9e85ae96d2c573a
